# https://github.com/mikedh/trimesh
v -0.030152 0.053771 0.071432
v -0.030152 0.050478 0.073703
v -0.029312 0.054052 0.071838
v -0.029312 0.050759 0.074109
v 0.042081 0.047932 0.070010
v 0.042081 0.051225 0.067739
v 0.041309 0.048269 0.070499
v 0.041309 0.051562 0.068228
v -0.015174 -0.014043 -0.012801
v -0.015174 -0.010750 -0.015072
v -0.015092 -0.013903 -0.012599
v -0.015092 -0.010611 -0.014870
v -0.014898 -0.013806 -0.012458
v -0.014898 -0.010513 -0.014729
v -0.014644 -0.013777 -0.012416
v -0.014644 -0.010484 -0.014687
v -0.014399 -0.013824 -0.012484
v -0.014399 -0.010531 -0.014755
v -0.014227 -0.013934 -0.012644
v -0.014227 -0.010641 -0.014915
v -0.014176 -0.014078 -0.012852
v -0.014176 -0.010785 -0.015123
v -0.014548 -0.017478 -0.017782
v -0.014548 -0.014185 -0.020053
v -0.014630 -0.017617 -0.017984
v -0.014630 -0.014324 -0.020255
v -0.014824 -0.017715 -0.018125
v -0.014824 -0.014422 -0.020396
v -0.015078 -0.017744 -0.018167
v -0.015078 -0.014451 -0.020438
v -0.015323 -0.017697 -0.018100
v -0.015323 -0.014404 -0.020371
v -0.015494 -0.017587 -0.017940
v -0.015494 -0.014294 -0.020211
v -0.015546 -0.017443 -0.017731
v -0.015546 -0.014150 -0.020002
v -0.013110 -0.001867 -0.000431
v -0.012112 -0.001902 -0.000482
v -0.013193 -0.002006 -0.000633
v -0.012359 -0.002320 -0.001088
v -0.013387 -0.002103 -0.000774
v -0.012941 -0.002612 -0.001511
v -0.013640 -0.002133 -0.000817
v -0.013702 -0.002699 -0.001638
v -0.013886 -0.002086 -0.000749
v -0.014439 -0.002559 -0.001435
v -0.014057 -0.001976 -0.000589
v -0.014952 -0.002228 -0.000956
v -0.014108 -0.001832 -0.000380
v -0.015107 -0.001796 -0.000329
v -0.013737 0.001568 0.004549
v -0.014735 0.001604 0.004600
v -0.013654 0.001708 0.004751
v -0.014488 0.002022 0.005206
v -0.013460 0.001805 0.004892
v -0.013906 0.002313 0.005629
v -0.013207 0.001834 0.004935
v -0.013145 0.002401 0.005756
v -0.012961 0.001787 0.004867
v -0.012408 0.002261 0.005553
v -0.012790 0.001677 0.004707
v -0.011895 0.001930 0.005074
v -0.012739 0.001533 0.004498
v -0.011740 0.001498 0.004447
v -0.026571 0.050353 0.073521
v -0.026571 0.053646 0.071250
v -0.027090 0.053978 0.071731
v -0.027090 0.050685 0.074002
v -0.027793 0.054172 0.072012
v -0.027793 0.050879 0.074283
v -0.028574 0.054198 0.072050
v -0.028574 0.050905 0.074321
v -0.030877 0.053353 0.070825
v -0.030877 0.050060 0.073096
v -0.031138 0.052786 0.070002
v -0.031138 0.049493 0.072273
v -0.030865 0.052220 0.069182
v -0.030865 0.048927 0.071453
v -0.017913 0.036340 0.053203
v -0.017913 0.039632 0.050932
v 0.042451 0.049635 0.065434
v 0.042451 0.046342 0.067705
v 0.026856 0.038054 0.048643
v 0.026856 0.034761 0.050914
v 0.042845 0.050177 0.066221
v 0.042845 0.046884 0.068492
v 0.042710 0.050759 0.067064
v 0.042710 0.047466 0.069335
v 0.040608 0.051759 0.068513
v 0.040608 0.048466 0.070784
v 0.039828 0.051788 0.068556
v 0.039828 0.048495 0.070827
v 0.039088 0.051645 0.068348
v 0.039088 0.048352 0.070619
v 0.038501 0.051352 0.067923
v 0.038501 0.048059 0.070194
v 0.023746 0.037101 0.054307
v 0.023746 0.040394 0.052036
v -0.014317 0.041736 0.053982
v -0.014317 0.038443 0.056253
v 0.014722 -0.000288 0.001857
v 0.014722 0.003828 -0.000981
v 0.013986 -0.000148 0.002061
v 0.013986 0.003968 -0.000778
v 0.013472 0.000183 0.002540
v 0.013472 0.004298 -0.000299
v 0.013318 0.000615 0.003166
v 0.013318 0.004731 0.000328
v 0.013565 0.001033 0.003772
v 0.013565 0.005148 0.000934
v 0.014147 0.001324 0.004195
v 0.014147 0.005440 0.001357
v 0.014908 0.001412 0.004322
v 0.014908 0.005528 0.001483
v 0.015644 0.001272 0.004119
v 0.015644 0.005388 0.001280
v 0.016158 0.000941 0.003640
v 0.016158 0.005057 0.000801
v 0.016312 0.000509 0.003013
v 0.016312 0.004625 0.000175
v 0.016065 0.000091 0.002407
v 0.016065 0.004207 -0.000431
v 0.015483 -0.000201 0.001984
v 0.015483 0.003915 -0.000854
v 0.014350 -0.003688 -0.003072
v 0.014350 0.000428 -0.005911
v 0.013614 -0.003548 -0.002869
v 0.013614 0.000568 -0.005708
v 0.013100 -0.003217 -0.002390
v 0.013100 0.000898 -0.005229
v 0.012946 -0.002785 -0.001763
v 0.012946 0.001331 -0.004602
v 0.013193 -0.002367 -0.001157
v 0.013193 0.001748 -0.003996
v 0.013775 -0.002076 -0.000734
v 0.013775 0.002040 -0.003573
v 0.014536 -0.001988 -0.000607
v 0.014536 0.002128 -0.003446
v 0.015272 -0.002128 -0.000811
v 0.015272 0.001988 -0.003650
v 0.015786 -0.002459 -0.001290
v 0.015786 0.001657 -0.004129
v 0.015940 -0.002891 -0.001916
v 0.015940 0.001225 -0.004755
v 0.015693 -0.003309 -0.002522
v 0.015693 0.000807 -0.005361
v 0.015111 -0.003601 -0.002945
v 0.015111 0.000515 -0.005784
v -0.013178 -0.010820 -0.015174
v -0.013178 -0.014113 -0.012903
v -0.013550 -0.017513 -0.017833
v -0.013550 -0.014220 -0.020104
v -0.015673 -0.014025 -0.012776
v -0.015673 -0.010732 -0.015047
v -0.016045 -0.014132 -0.019977
v -0.016045 -0.017425 -0.017706
v 0.012137 -0.005576 -0.014616
v 0.012137 -0.008869 -0.012345
v 0.016748 0.036584 0.046511
v 0.016748 0.033291 0.048782
v 0.012343 -0.006152 -0.015451
v 0.012343 -0.009445 -0.013180
v 0.013028 -0.006592 -0.016090
v 0.013028 -0.009885 -0.013819
v 0.014009 -0.006780 -0.016361
v 0.014009 -0.010072 -0.014090
v -0.014935 -0.009052 -0.012610
v -0.014935 -0.005759 -0.014881
v -0.013920 -0.005642 -0.014712
v -0.013920 -0.008935 -0.012441
v -0.013144 -0.005253 -0.014148
v -0.013144 -0.008546 -0.011877
v -0.012815 -0.004696 -0.013340
v -0.012815 -0.007989 -0.011069
v 0.017505 -0.010196 -0.014268
v 0.017505 -0.006903 -0.016540
v 0.019333 0.009814 0.007698
v 0.024025 0.012166 0.011108
v 0.020509 0.038207 0.048865
v 0.024025 0.008873 0.013379
v 0.052758 0.030154 0.051280
v 0.052789 0.029941 0.050971
v 0.052758 0.033447 0.049009
v 0.052789 0.033234 0.048700
v 0.052579 0.030639 0.051983
v 0.052579 0.033932 0.049712
v -0.043620 0.037324 0.054630
v -0.043903 0.036855 0.053950
v -0.043620 0.034031 0.056901
v -0.043903 0.033562 0.056221
v -0.043979 0.033353 0.055917
v -0.043979 0.036646 0.053646
v -0.020745 0.013744 0.013397
v -0.020745 0.010452 0.015668
v -0.018430 -0.005636 -0.014703
v -0.018430 -0.008929 -0.012432
v -0.011687 0.002319 0.003877
v -0.011687 0.005612 0.001606
v -0.008204 0.034170 0.050058
v -0.008204 0.037463 0.047787
v -0.013737 -0.000901 0.006253
v -0.013654 -0.000762 0.006455
v -0.013460 -0.000665 0.006596
v -0.013207 -0.000635 0.006638
v -0.012961 -0.000682 0.006570
v -0.012790 -0.000792 0.006410
v -0.012739 -0.000936 0.006202
v -0.013110 -0.004336 0.001272
v -0.013193 -0.004476 0.001070
v -0.013387 -0.004573 0.000929
v -0.013640 -0.004602 0.000887
v -0.013886 -0.004555 0.000954
v -0.014057 -0.004445 0.001114
v -0.014108 -0.004301 0.001323
v -0.012059 0.002212 -0.003324
v -0.012059 -0.001081 -0.001053
v -0.015107 -0.004266 0.001374
v -0.015107 0.002320 -0.003168
v -0.014952 0.001887 -0.003795
v -0.014439 0.001557 -0.004274
v -0.013702 0.001417 -0.004477
v -0.012941 0.001504 -0.004350
v -0.012359 0.001796 -0.003927
v -0.012112 0.002214 -0.003321
v -0.011740 0.005614 0.001609
v -0.011895 0.006046 0.002235
v -0.016602 0.011081 0.009535
v -0.011582 0.039338 0.050505
v -0.012408 0.006377 0.002714
v -0.013145 0.006517 0.002917
v -0.013906 0.006429 0.002791
v -0.014488 0.006138 0.002368
v -0.014735 0.005720 0.001762
v -0.014735 -0.000866 0.006304
v -0.018893 0.028063 0.041203
v -0.020814 0.010496 0.015733
v -0.026382 0.032878 0.048184
v -0.037888 0.037161 0.054394
v -0.037171 0.036700 0.053726
v -0.036956 0.036098 0.052852
v -0.037301 0.035515 0.052007
v -0.038113 0.035108 0.051417
v 0.049661 0.033639 0.049287
v 0.049876 0.033036 0.048413
v 0.042286 0.061780 0.090089
v 0.043381 0.061572 0.089786
v -0.008808 0.062471 0.091091
v -0.026472 0.064669 0.094277
v -0.016220 0.064636 0.094230
v -0.026105 0.065290 0.095178
v -0.022895 0.067471 0.098339
v -0.026334 0.065932 0.096109
v -0.024242 0.067928 0.099002
v -0.027098 0.066424 0.096822
v -0.025772 0.068125 0.099289
v -0.040788 0.036828 0.053911
v -0.043284 0.038357 0.056128
v -0.039976 0.037235 0.054501
v -0.042309 0.039250 0.057423
v -0.038915 0.037357 0.054678
v -0.037804 0.042523 0.062168
v -0.034424 0.046207 0.067509
v -0.041133 0.036245 0.053066
v -0.040918 0.035642 0.052192
v -0.043897 0.035474 0.051948
v -0.039174 0.034986 0.051240
v -0.039428 0.033338 0.048851
v -0.040201 0.035181 0.051523
v -0.041409 0.033667 0.049327
v -0.042989 0.034422 0.050422
v -0.028469 0.064105 0.093459
v 0.026613 0.040694 0.059516
v 0.024261 0.037566 0.054980
v -0.028228 0.068212 0.099414
v -0.028193 0.066632 0.097124
v -0.030443 0.067948 0.099031
v -0.029324 0.066502 0.096935
v -0.032227 0.067157 0.097884
v -0.030190 0.066068 0.096306
v -0.033215 0.066000 0.096208
v -0.030557 0.065447 0.095405
v -0.033955 0.063982 0.093282
v -0.030328 0.064805 0.094474
v -0.034050 0.063220 0.092177
v -0.029564 0.064313 0.093762
v -0.033782 0.062472 0.091092
v 0.046856 0.034174 0.050062
v 0.046044 0.033767 0.049472
v 0.045700 0.033184 0.048627
v 0.045608 0.055715 0.081295
v 0.044204 0.051638 0.075384
v 0.044512 0.061702 0.089975
v 0.024104 0.008913 0.013437
v 0.026025 0.026480 0.038907
v 0.034505 0.030731 0.045071
v 0.052451 0.032078 0.047023
v 0.049532 0.032453 0.047568
v 0.051321 0.031097 0.045601
v 0.048720 0.032046 0.046978
v 0.049589 0.030459 0.044676
v 0.047658 0.031924 0.046801
v 0.047551 0.030271 0.044405
v 0.046632 0.032120 0.047085
v 0.045915 0.032581 0.047753
v 0.041661 0.063535 0.092633
v 0.040019 0.065662 0.095717
v 0.042526 0.063969 0.093262
v 0.041580 0.065751 0.095846
v 0.043657 0.064099 0.093451
v 0.044036 0.065664 0.095721
v 0.044752 0.063891 0.093149
v 0.046177 0.065246 0.095114
v 0.045516 0.063399 0.092436
v 0.047775 0.064336 0.093795
v 0.045745 0.062757 0.091505
v 0.048504 0.063119 0.092031
v 0.045378 0.062135 0.090604
v 0.007188 0.060375 0.088052
v 0.015322 0.060465 0.088182
v 0.009734 0.056232 0.082044
v -0.031956 0.058450 0.085260
v -0.031450 0.054306 0.079252
v -0.032282 0.050179 0.073268
v 0.044130 0.047485 0.069362
v 0.045390 0.043393 0.063430
v 0.041293 0.062914 0.091733
v 0.031342 0.062960 0.091799
v 0.038583 0.065303 0.095197
v -0.027338 0.064235 0.093648
v 0.047918 0.034296 0.050239
v 0.047941 0.039500 0.057785
v 0.048945 0.034100 0.049956
v 0.051699 0.035936 0.052618
v 0.052471 0.034981 0.051233
v 0.015392 0.055113 0.080422
v 0.027392 0.044066 0.064406
v 0.026539 0.047433 0.069287
v 0.024117 0.050544 0.073798
v 0.041522 0.062271 0.090801
v 0.020308 0.053169 0.077604
v 0.048798 0.061065 0.089052
v 0.048726 0.060302 0.087946
v 0.048297 0.059578 0.086896
v 0.023515 0.061332 0.089439
v -0.000865 0.061035 0.089009
v 0.003755 0.056443 0.082350
v -0.002102 0.055730 0.081316
v -0.007404 0.054146 0.079020
v -0.011757 0.051809 0.075632
v -0.014837 0.048892 0.071402
v -0.016417 0.045611 0.066645
v -0.016379 0.042210 0.061714
v -0.014727 0.038940 0.056973
v -0.007178 0.033739 0.049433
v -0.010405 0.033651 0.052827
v -0.007323 0.032151 0.050652
v -0.007178 0.032093 0.050568
v -0.001842 0.032194 0.047191
v -0.003808 0.030997 0.048980
v -0.001842 0.030547 0.048327
v 0.000020 0.030231 0.047868
v 0.004031 0.031522 0.046218
v 0.004031 0.029876 0.047354
v 0.010005 0.031776 0.046586
v 0.008088 0.029946 0.047455
v 0.010005 0.030130 0.047721
v 0.012054 0.030438 0.048169
v 0.015637 0.032935 0.048266
v 0.015637 0.031289 0.049402
v 0.015793 0.031336 0.049470
v 0.019178 0.032608 0.051315
v 0.022093 0.034212 0.053640
v 0.020509 0.033268 0.052271
v 0.024261 0.035919 0.056116
v 0.024440 0.036092 0.056367
v 0.026138 0.038186 0.059402
v 0.026613 0.039048 0.060652
v 0.027130 0.040421 0.062642
v 0.027392 0.042420 0.065541
v 0.027382 0.042721 0.065978
v 0.026885 0.045008 0.069294
v 0.026539 0.045787 0.070422
v 0.025656 0.047205 0.072479
v 0.024117 0.048898 0.074933
v 0.023737 0.049236 0.075424
v 0.021193 0.051032 0.078028
v 0.015392 0.053467 0.081558
v 0.018111 0.052532 0.080203
v 0.020308 0.051523 0.078739
v 0.014597 0.053686 0.081875
v 0.010769 0.054453 0.082987
v 0.009734 0.054585 0.083180
v 0.006758 0.054807 0.083501
v 0.003755 0.054796 0.083486
v 0.002700 0.054737 0.083400
v -0.001266 0.054245 0.082686
v -0.002102 0.054083 0.082452
v -0.005005 0.053347 0.081385
v -0.007404 0.052500 0.080156
v -0.008390 0.052075 0.079540
v -0.011305 0.050471 0.077215
v -0.011757 0.050163 0.076767
v -0.013652 0.048591 0.074488
v -0.014837 0.047245 0.072538
v -0.015350 0.046497 0.071453
v -0.016342 0.044262 0.068213
v -0.016417 0.043964 0.067781
v -0.016593 0.041962 0.064877
v -0.016379 0.040563 0.062849
v -0.016096 0.039675 0.061561
v -0.014867 0.037478 0.058376
v -0.014727 0.037294 0.058109
v -0.012948 0.035447 0.055431
v -0.011582 0.034399 0.053912
v 0.015263 0.000688 0.003273
v 0.015314 0.000544 0.003064
v 0.015232 0.000405 0.002862
v 0.015038 0.000308 0.002721
v 0.014784 0.000278 0.002679
v 0.014539 0.000325 0.002747
v 0.014367 0.000435 0.002907
v 0.014316 0.000579 0.003115
v 0.014398 0.000719 0.003317
v 0.014592 0.000816 0.003458
v 0.014846 0.000845 0.003501
v 0.015091 0.000798 0.003433
v 0.014474 -0.002555 -0.001429
v 0.014719 -0.002602 -0.001497
v 0.014891 -0.002712 -0.001656
v 0.014942 -0.002856 -0.001865
v 0.014860 -0.002995 -0.002067
v 0.014666 -0.003092 -0.002208
v 0.014412 -0.003122 -0.002251
v 0.014167 -0.003075 -0.002183
v 0.013995 -0.002965 -0.002023
v 0.013944 -0.002821 -0.001814
v 0.014026 -0.002681 -0.001612
v 0.014220 -0.002584 -0.001471
v -0.012118 -0.010289 -0.014404
v -0.012118 -0.013582 -0.012133
v -0.012614 -0.018115 -0.018706
v -0.012614 -0.014822 -0.020977
v -0.016203 -0.014291 -0.013161
v -0.016203 -0.010998 -0.015432
v -0.016121 -0.014152 -0.012959
v -0.016121 -0.010859 -0.015230
v -0.015927 -0.014054 -0.012818
v -0.015927 -0.010762 -0.015089
v -0.016233 -0.017397 -0.017664
v -0.016233 -0.014104 -0.019936
v -0.016389 -0.017330 -0.017567
v -0.016389 -0.014037 -0.019838
v -0.016487 -0.017234 -0.017428
v -0.016487 -0.013941 -0.019699
v -0.016513 -0.017124 -0.017269
v -0.016513 -0.013831 -0.019540
v -0.010742 0.002286 0.003829
v -0.010556 0.003986 0.006293
v -0.016953 -0.018327 -0.026058
v -0.012744 -0.016012 -0.022702
v -0.014500 -0.018795 -0.026736
v 0.010318 -0.016825 -0.023881
v 0.011455 -0.019710 -0.028063
v 0.013101 -0.011993 -0.016875
v 0.012930 -0.011883 -0.016715
v 0.012879 -0.011739 -0.016506
v -0.011306 -0.002871 -0.003648
v -0.011114 -0.001114 -0.001101
v 0.013347 -0.012040 -0.016943
v 0.013282 -0.014920 -0.021119
v 0.013037 -0.014873 -0.021051
v 0.013229 -0.015411 -0.021830
v 0.013423 -0.015314 -0.021689
v 0.016755 -0.017052 -0.024210
v 0.013505 -0.015174 -0.021487
v 0.011756 -0.003684 -0.004827
v 0.011068 -0.009969 -0.013940
v -0.011994 -0.009156 -0.012761
v 0.013877 -0.011774 -0.016557
v 0.013794 -0.011914 -0.016759
v 0.013600 -0.012011 -0.016900
v 0.013454 -0.015030 -0.021278
v 0.013825 -0.011630 -0.016349
v 0.013654 -0.011520 -0.016189
v 0.013409 -0.011473 -0.016121
v 0.013155 -0.011502 -0.016163
v 0.012961 -0.011600 -0.016304
v 0.012506 0.003173 0.005114
v 0.012507 -0.015139 -0.021436
v 0.012589 -0.015000 -0.021234
v 0.012783 -0.014902 -0.021093
v 0.015931 -0.018445 -0.026230
v 0.013991 -0.019418 -0.027640
v 0.012975 -0.015440 -0.021872
v 0.012729 -0.015393 -0.021805
v 0.012558 -0.015283 -0.021645
v -0.019180 -0.015785 -0.022373
v -0.018667 -0.017226 -0.024461
v -0.019180 -0.019078 -0.020102
v -0.018667 -0.020518 -0.022190
v -0.016953 -0.021620 -0.023787
v -0.014500 -0.022087 -0.024465
v 0.011007 -0.022987 -0.025769
v 0.011455 -0.023002 -0.025792
v 0.013991 -0.022711 -0.025369
v 0.015931 -0.021738 -0.023959
v 0.016755 -0.020345 -0.021939
v 0.017849 -0.010346 -0.007441
v 0.017133 -0.016888 -0.016927
v 0.016836 -0.019608 -0.020871
v 0.018273 -0.006467 -0.001817
v 0.018570 -0.003747 0.002127
v 0.019333 0.003228 0.012240
v 0.020683 0.003905 0.013221
v 0.024104 0.005620 0.015708
v 0.024900 0.012900 0.026263
v 0.026025 0.023187 0.041178
v 0.034505 0.027439 0.047342
v 0.043801 0.027111 0.046867
v 0.047551 0.026979 0.046676
v 0.048495 0.027004 0.046712
v 0.049589 0.027166 0.046947
v 0.051321 0.027804 0.047872
v 0.052451 0.028785 0.049294
v 0.051699 0.032643 0.054889
v 0.052471 0.031688 0.053504
v 0.048297 0.056285 0.089167
v 0.045608 0.052422 0.083566
v 0.044204 0.048346 0.077655
v 0.044130 0.044192 0.071633
v 0.045390 0.040100 0.065701
v 0.047941 0.036207 0.060056
v 0.048798 0.057772 0.091323
v 0.048726 0.057009 0.090217
v 0.048504 0.059827 0.094302
v 0.044036 0.062372 0.097992
v 0.046177 0.061954 0.097386
v 0.047775 0.061043 0.096066
v 0.041580 0.062458 0.098117
v 0.038583 0.062010 0.097468
v 0.040019 0.062369 0.097988
v 0.007186 0.057083 0.090323
v 0.015322 0.057172 0.090453
v 0.023515 0.058039 0.091710
v 0.031342 0.059667 0.094070
v -0.000865 0.057743 0.091280
v -0.008808 0.059179 0.093362
v -0.016220 0.061344 0.096501
v -0.022895 0.064178 0.100610
v -0.024242 0.064635 0.101273
v -0.025772 0.064833 0.101560
v -0.028228 0.064919 0.101686
v -0.030443 0.064655 0.101302
v -0.032227 0.063864 0.100155
v -0.033215 0.062708 0.098479
v -0.033955 0.060690 0.095553
v -0.034050 0.059928 0.094448
v -0.033782 0.059179 0.093363
v -0.031956 0.055157 0.087531
v -0.031450 0.051013 0.081523
v -0.032282 0.046886 0.075539
v -0.034424 0.042914 0.069781
v -0.037804 0.039230 0.064439
v -0.042309 0.035958 0.059694
v -0.043284 0.035064 0.058399
v -0.043897 0.032182 0.054219
v -0.042989 0.031129 0.052693
v -0.041409 0.030374 0.051599
v -0.040359 0.030137 0.051254
v -0.039428 0.030045 0.051122
v -0.026382 0.029585 0.050455
v -0.035678 0.029913 0.050930
v -0.018893 0.024770 0.043474
v -0.020018 0.014483 0.028559
v -0.020814 0.007204 0.018004
v -0.016602 0.004495 0.014077
v -0.019100 -0.018341 -0.019034
v -0.018802 -0.015621 -0.015090
v -0.018087 -0.009079 -0.005604
v -0.017662 -0.005200 0.000020
v -0.017365 -0.002480 0.003964
v -0.010742 -0.001007 0.006100
v -0.010556 0.000693 0.008564
v 0.012506 -0.000120 0.007386
v 0.011756 -0.006976 -0.002556
v 0.011836 -0.006240 -0.001488
v 0.012134 -0.003520 0.002456
v -0.011306 -0.006163 -0.001377
v -0.011226 -0.005427 -0.000309
v -0.011114 -0.004407 0.001170
v -0.014921 -0.002566 0.003839
v -0.039174 0.031693 0.053511
v -0.040201 0.031889 0.053794
v -0.040918 0.032350 0.054463
v -0.041133 0.032952 0.055337
v -0.040788 0.033535 0.056182
v -0.039976 0.033942 0.056772
v -0.038915 0.034064 0.056949
v -0.037888 0.033869 0.056665
v -0.037171 0.033408 0.055997
v -0.036956 0.032805 0.055123
v -0.037301 0.032222 0.054278
v -0.038113 0.031815 0.053688
v -0.028469 0.060812 0.095730
v -0.029564 0.061020 0.096033
v -0.030328 0.061512 0.096745
v -0.030557 0.062154 0.097676
v -0.030190 0.062776 0.098577
v -0.029324 0.063209 0.099206
v -0.028193 0.063339 0.099395
v -0.027098 0.063131 0.099093
v -0.026334 0.062640 0.098380
v -0.026105 0.061997 0.097449
v -0.026472 0.061376 0.096548
v -0.027338 0.060942 0.095919
v 0.047918 0.031003 0.052510
v 0.046856 0.030881 0.052333
v 0.046044 0.030474 0.051743
v 0.045700 0.029891 0.050898
v 0.045915 0.029288 0.050024
v 0.046632 0.028827 0.049356
v 0.047658 0.028632 0.049072
v 0.048720 0.028754 0.049249
v 0.049532 0.029161 0.049839
v 0.049876 0.029744 0.050684
v 0.049661 0.030346 0.051558
v 0.048945 0.030807 0.052227
v 0.043657 0.060806 0.095722
v 0.042526 0.060676 0.095534
v 0.041661 0.060242 0.094905
v 0.041293 0.059621 0.094004
v 0.041522 0.058979 0.093072
v 0.042286 0.058487 0.092360
v 0.043381 0.058279 0.092058
v 0.044512 0.058409 0.092246
v 0.045378 0.058843 0.092875
v 0.045745 0.059464 0.093776
v 0.045516 0.060106 0.094707
v 0.044752 0.060598 0.095420
v 0.006839 0.054003 0.085641
v 0.002455 0.054218 0.086169
v 0.002540 0.053929 0.085533
v -0.001871 0.053681 0.085391
v -0.001662 0.053408 0.084777
v -0.005950 0.052702 0.083971
v -0.005623 0.052457 0.083399
v -0.009643 0.051314 0.081959
v -0.009209 0.051109 0.081445
v -0.012823 0.049564 0.079422
v -0.012298 0.049410 0.078981
v -0.015384 0.047513 0.076448
v -0.014784 0.047418 0.076092
v -0.017236 0.045229 0.073136
v -0.016583 0.045200 0.072877
v -0.018318 0.042791 0.069601
v -0.017634 0.042832 0.069444
v -0.018593 0.040281 0.065963
v -0.017901 0.040395 0.065910
v -0.018050 0.037786 0.062345
v -0.017374 0.037972 0.062396
v -0.016709 0.035390 0.058870
v -0.016072 0.035644 0.059022
v -0.014616 0.033174 0.055658
v -0.014039 0.033493 0.055902
v -0.011841 0.031214 0.052817
v -0.011344 0.031590 0.053143
v -0.008479 0.029578 0.050444
v -0.008079 0.030000 0.050839
v -0.004645 0.028320 0.048620
v -0.004355 0.028778 0.049067
v -0.000469 0.027483 0.047407
v -0.000300 0.027966 0.047889
v 0.003907 0.027096 0.046846
v 0.003950 0.027590 0.047345
v 0.008333 0.027173 0.046957
v 0.008249 0.027665 0.047452
v 0.012660 0.027710 0.047735
v 0.012450 0.028186 0.048208
v 0.016739 0.028689 0.049155
v 0.016411 0.029137 0.049587
v 0.020431 0.030077 0.051167
v 0.019997 0.030485 0.051541
v 0.023612 0.031826 0.053704
v 0.023086 0.032184 0.054005
v 0.026172 0.033878 0.056678
v 0.025572 0.034176 0.056893
v 0.028024 0.036161 0.059990
v 0.027372 0.036394 0.060109
v 0.029106 0.038600 0.063525
v 0.028422 0.038762 0.063542
v 0.029381 0.041109 0.067163
v 0.028689 0.041199 0.067076
v 0.028838 0.043604 0.070781
v 0.028162 0.043622 0.070589
v 0.027498 0.046001 0.074256
v 0.026860 0.045949 0.073964
v 0.025404 0.048216 0.077468
v 0.024827 0.048101 0.077083
v 0.022629 0.050176 0.080309
v 0.022132 0.050004 0.079842
v 0.019268 0.051813 0.082682
v 0.018867 0.051594 0.082147
v 0.015433 0.053071 0.084506
v 0.015144 0.052815 0.083918
v 0.011257 0.053907 0.085719
v 0.011088 0.053628 0.085096
v 0.006881 0.054294 0.086280
v 0.019255 0.031983 0.051629
v 0.015852 0.030704 0.049774
v 0.012092 0.029802 0.048465
v 0.008103 0.029307 0.047747
v 0.022187 0.033596 0.053967
v 0.024547 0.035487 0.056709
v 0.026255 0.037593 0.059761
v 0.027005 0.044454 0.069709
v 0.027505 0.042153 0.066374
v 0.027252 0.039840 0.063020
v 0.025769 0.046662 0.072912
v 0.023840 0.048705 0.075873
v 0.021282 0.050511 0.078492
v 0.010799 0.053951 0.083479
v 0.014648 0.053180 0.082361
v 0.018183 0.052020 0.080679
v 0.006765 0.054307 0.083996
v 0.002685 0.054237 0.083894
v -0.001303 0.053742 0.083176
v -0.011399 0.049947 0.077674
v -0.008467 0.051560 0.080013
v -0.005063 0.052839 0.081868
v -0.013759 0.048056 0.074932
v -0.015467 0.045951 0.071880
v -0.016464 0.043703 0.068621
v -0.014981 0.036881 0.058729
v -0.016217 0.039090 0.061932
v -0.016717 0.041390 0.065267
v -0.013051 0.034839 0.055768
v -0.010493 0.033032 0.053149
v -0.007395 0.031524 0.050962
v 0.004023 0.029236 0.047645
v -0.000010 0.029593 0.048162
v -0.003860 0.030364 0.049280
v 0.003994 0.028380 0.047676
v -0.000123 0.028744 0.048203
v -0.004053 0.029531 0.049345
v -0.007662 0.030715 0.051061
v -0.010825 0.032255 0.053294
v -0.013437 0.034099 0.055968
v -0.015407 0.036184 0.058991
v -0.016669 0.038440 0.062261
v -0.017179 0.040788 0.065666
v -0.016921 0.043149 0.069090
v -0.015902 0.045444 0.072416
v -0.014159 0.047593 0.075533
v -0.011750 0.049524 0.078332
v -0.008757 0.051170 0.080719
v -0.005282 0.052476 0.082613
v -0.001443 0.053398 0.083949
v 0.002628 0.053903 0.084681
v 0.006794 0.053975 0.084785
v 0.010912 0.053611 0.084258
v 0.014842 0.052824 0.083116
v 0.018450 0.051640 0.081400
v 0.021614 0.050099 0.079166
v 0.024225 0.048255 0.076493
v 0.026195 0.046170 0.073470
v 0.027457 0.043915 0.070200
v 0.027967 0.041567 0.066795
v 0.027709 0.039205 0.063371
v 0.026691 0.036911 0.060044
v 0.024947 0.034762 0.056928
v 0.022538 0.032831 0.054129
v 0.019545 0.031185 0.051742
v 0.016070 0.029878 0.049848
v 0.012231 0.028957 0.048512
v 0.008160 0.028452 0.047780
v 0.014846 -0.001624 0.005204
v 0.014592 -0.001654 0.005162
v 0.014398 -0.001751 0.005021
v 0.014316 -0.001890 0.004819
v 0.014367 -0.002034 0.004610
v 0.014539 -0.002144 0.004450
v 0.014784 -0.002191 0.004382
v 0.015038 -0.002162 0.004425
v 0.015232 -0.002065 0.004566
v 0.015314 -0.001925 0.004768
v 0.015263 -0.001781 0.004976
v 0.015091 -0.001671 0.005136
v 0.014474 -0.005024 0.000274
v 0.014220 -0.005054 0.000232
v 0.014026 -0.005151 0.000091
v 0.013944 -0.005290 -0.000111
v 0.013995 -0.005434 -0.000320
v 0.014167 -0.005544 -0.000480
v 0.014412 -0.005591 -0.000547
v 0.014666 -0.005562 -0.000505
v 0.014860 -0.005465 -0.000364
v 0.014942 -0.005325 -0.000162
v 0.014891 -0.005181 0.000047
v 0.014719 -0.005071 0.000206
v 0.013037 -0.018166 -0.018780
v 0.012783 -0.018195 -0.018822
v 0.012589 -0.018292 -0.018963
v 0.012507 -0.018432 -0.019165
v 0.012558 -0.018576 -0.019374
v 0.012729 -0.018686 -0.019534
v 0.012975 -0.018733 -0.019601
v 0.013229 -0.018704 -0.019559
v 0.013423 -0.018606 -0.019418
v 0.013505 -0.018467 -0.019216
v 0.013454 -0.018323 -0.019007
v 0.013282 -0.018213 -0.018848
v 0.013409 -0.014766 -0.013850
v 0.013155 -0.014795 -0.013892
v 0.012961 -0.014892 -0.014033
v 0.012879 -0.015032 -0.014235
v 0.012930 -0.015176 -0.014444
v 0.013101 -0.015286 -0.014604
v 0.013347 -0.015333 -0.014672
v 0.013600 -0.015304 -0.014629
v 0.013794 -0.015206 -0.014488
v 0.013877 -0.015067 -0.014286
v 0.013825 -0.014923 -0.014078
v 0.013654 -0.014813 -0.013918
v -0.011994 -0.012448 -0.010490
v 0.011068 -0.013261 -0.011668
v 0.010318 -0.020118 -0.021610
v 0.010399 -0.019381 -0.020542
v 0.010697 -0.016661 -0.016598
v -0.012744 -0.019305 -0.020431
v -0.012663 -0.018568 -0.019363
v -0.016358 -0.015708 -0.015215
v -0.015663 0.029325 0.050078
v 0.043814 0.027228 0.047037
v -0.017297 0.014387 0.028420
v -0.035665 0.030030 0.051100
v -0.021657 0.057936 0.091560
v -0.032571 0.058321 0.092118
v -0.024751 0.029646 0.050542
v -0.012569 0.057616 0.091096
v 0.046908 0.055519 0.088056
v 0.026407 0.056241 0.089103
v 0.019698 0.056478 0.089446
v 0.023313 0.027951 0.048085
v 0.021679 0.013013 0.026427
v 0.014970 0.013250 0.026770
v 0.013132 -0.003555 0.002405
v 0.012834 -0.006275 -0.001539
v 0.012410 -0.010154 -0.007163
v 0.011695 -0.016697 -0.016649
v 0.011397 -0.019417 -0.020593
v 0.016604 0.028188 0.048428
v -0.003814 -0.024204 -0.008265
v -0.004615 -0.023828 -0.007720
v -0.005772 -0.025087 -0.009545
v -0.005617 -0.023670 -0.007491
v -0.006645 -0.023757 -0.007617
v -0.003688 -0.025871 -0.010682
v -0.003306 -0.025322 -0.009887
v -0.003351 -0.024732 -0.009032
v -0.006442 -0.026454 -0.011528
v -0.005405 -0.026491 -0.011581
v -0.004430 -0.026284 -0.011282
v -0.008269 -0.025147 -0.009633
v -0.008010 -0.025719 -0.010462
v -0.007364 -0.026181 -0.011132
v -0.007522 -0.024073 -0.008076
v -0.008097 -0.024565 -0.008789
v -0.005617 -0.020789 -0.009478
v -0.004615 -0.020947 -0.009708
v -0.003814 -0.021323 -0.010253
v -0.003351 -0.021851 -0.011019
v -0.003306 -0.022441 -0.011874
v -0.003688 -0.022990 -0.012670
v -0.004430 -0.023403 -0.013269
v -0.005405 -0.023609 -0.013568
v -0.006442 -0.023573 -0.013515
v -0.007364 -0.023300 -0.013119
v -0.008010 -0.022838 -0.012449
v -0.008269 -0.022266 -0.011620
v -0.008097 -0.021684 -0.010776
v -0.007522 -0.021192 -0.010063
v -0.006645 -0.020875 -0.009604
v 0.001980 -0.008938 -0.013843
v 0.002060 -0.008619 -0.014069
v 0.001056 -0.008672 -0.013957
v 0.000998 -0.008021 -0.014401
v 0.002087 -0.008226 -0.014342
v 0.001036 -0.007553 -0.014727
v 0.002061 -0.007711 -0.014695
v 0.001152 -0.007181 -0.014992
v 0.001982 -0.007325 -0.014955
v 0.001254 -0.007030 -0.015104
v 0.001535 -0.006920 -0.015201
v 0.001377 -0.006946 -0.015171
v 0.001664 -0.006949 -0.015191
v 0.001843 -0.007069 -0.015122
v 0.001404 -0.009252 -0.013583
v 0.001547 -0.009285 -0.013571
v 0.001276 -0.009163 -0.013635
v 0.001669 -0.009274 -0.013588
v 0.001226 -0.009106 -0.013670
v 0.001887 -0.009116 -0.013713
v 0.001771 -0.009232 -0.013625
v -0.009320 -0.021720 -0.010828
v -0.009399 -0.022438 -0.011870
v -0.009040 -0.023128 -0.012870
v -0.008287 -0.023707 -0.013710
v -0.007230 -0.024105 -0.014287
v -0.003257 -0.020703 -0.009355
v -0.004313 -0.020306 -0.008778
v -0.005545 -0.020137 -0.008533
v -0.006805 -0.020218 -0.008650
v -0.007940 -0.020538 -0.009115
v -0.008814 -0.021060 -0.009871
v -0.005998 -0.024274 -0.014531
v -0.004738 -0.024193 -0.014414
v -0.003603 -0.023872 -0.013949
v -0.002730 -0.023351 -0.013193
v -0.002223 -0.022691 -0.012236
v -0.002145 -0.021973 -0.011195
v -0.002504 -0.021282 -0.010194
v 0.001117 -0.007499 -0.015452
v 0.001219 -0.007347 -0.015564
v 0.001342 -0.007263 -0.015632
v 0.001500 -0.007237 -0.015661
v 0.001630 -0.007266 -0.015651
v 0.001809 -0.007386 -0.015582
v 0.001948 -0.007643 -0.015416
v 0.002026 -0.008029 -0.015155
v 0.002052 -0.008543 -0.014803
v 0.002025 -0.008936 -0.014529
v 0.001945 -0.009255 -0.014303
v 0.001852 -0.009434 -0.014173
v 0.001736 -0.009549 -0.014085
v 0.001634 -0.009592 -0.014048
v 0.001512 -0.009603 -0.014031
v 0.001369 -0.009570 -0.014043
v 0.001241 -0.009480 -0.014095
v 0.001191 -0.009423 -0.014130
v 0.001021 -0.008990 -0.014417
v 0.000963 -0.008338 -0.014862
v 0.001001 -0.007870 -0.015187
v -0.005545 -0.017849 -0.010112
v -0.004313 -0.018017 -0.010356
v -0.003257 -0.018415 -0.010933
v -0.002504 -0.018994 -0.011772
v -0.002145 -0.019684 -0.012773
v -0.002223 -0.020403 -0.013815
v -0.002730 -0.021062 -0.014771
v -0.003603 -0.021584 -0.015528
v -0.004738 -0.021904 -0.015992
v -0.005998 -0.021985 -0.016109
v -0.007230 -0.021817 -0.015865
v -0.008287 -0.021419 -0.015288
v -0.009040 -0.020840 -0.014449
v -0.009399 -0.020150 -0.013448
v -0.009320 -0.019431 -0.012406
v -0.008814 -0.018771 -0.011450
v -0.007940 -0.018250 -0.010694
v -0.006805 -0.017929 -0.010229
v 0.003582 -0.007361 -0.015733
v 0.003674 -0.007359 -0.015741
v 0.003373 -0.007186 -0.015838
v 0.004276 -0.009626 -0.014223
v 0.003996 -0.009345 -0.014396
v 0.003850 -0.009479 -0.014293
v 0.004007 -0.008739 -0.014815
v 0.003765 -0.008680 -0.014837
v 0.004113 -0.008822 -0.014766
v 0.003980 -0.008882 -0.014714
v 0.004370 -0.009116 -0.014582
v 0.004052 -0.009138 -0.014543
v 0.004425 -0.009320 -0.014446
v 0.004388 -0.009480 -0.014333
v 0.003921 -0.007284 -0.015812
v 0.003911 -0.007413 -0.015722
v 0.004323 -0.007532 -0.015671
v 0.004130 -0.007578 -0.015625
v 0.004511 -0.007798 -0.015502
v 0.003355 -0.008476 -0.014947
v 0.003355 -0.008531 -0.014909
v 0.003428 -0.008479 -0.014951
v 0.003769 -0.008430 -0.015010
v 0.004034 -0.008305 -0.015116
v 0.004396 -0.008533 -0.014987
v 0.002965 -0.009219 -0.014405
v 0.002890 -0.009245 -0.014381
v 0.003054 -0.009323 -0.014340
v 0.003219 -0.009649 -0.014128
v 0.003294 -0.009490 -0.014243
v 0.002999 -0.007506 -0.015589
v 0.003022 -0.007508 -0.015589
v 0.002987 -0.007220 -0.015785
v 0.003079 -0.007507 -0.015595
v 0.003547 -0.009545 -0.014224
v 0.003546 -0.009785 -0.014058
v 0.003636 -0.009543 -0.014232
v 0.003716 -0.009804 -0.014059
v 0.004039 -0.009766 -0.014109
v 0.003137 -0.007498 -0.015605
v 0.003311 -0.007435 -0.015661
v 0.003497 -0.007373 -0.015718
v 0.002882 -0.007286 -0.015732
v 0.002846 -0.007343 -0.015690
v 0.002843 -0.007367 -0.015673
v 0.002860 -0.007424 -0.015635
v 0.002919 -0.007479 -0.015601
v 0.004235 -0.007797 -0.015481
v 0.004241 -0.007871 -0.015431
v 0.004574 -0.008105 -0.015295
v 0.004221 -0.008015 -0.015330
v 0.004514 -0.008373 -0.015105
v 0.004161 -0.008154 -0.015230
v 0.004101 -0.008242 -0.015165
v 0.001782 -0.009689 -0.013992
v 0.001515 -0.009726 -0.013946
v 0.001302 -0.009688 -0.013956
v 0.001097 -0.009590 -0.014008
v 0.001001 -0.009523 -0.014047
v 0.000668 -0.009090 -0.014320
v 0.000523 -0.008370 -0.014806
v 0.000584 -0.007906 -0.015131
v 0.000766 -0.007519 -0.015412
v 0.000912 -0.007347 -0.015541
v 0.001221 -0.007157 -0.015696
v 0.001493 -0.007120 -0.015742
v 0.001626 -0.007137 -0.015740
v 0.001986 -0.007297 -0.015657
v 0.002348 -0.007749 -0.015372
v 0.002492 -0.008478 -0.014880
v 0.002405 -0.009034 -0.014490
v 0.002144 -0.009455 -0.014181
v 0.002086 -0.009510 -0.014138
v -0.002474 -0.009574 -0.013750
v -0.002469 -0.009592 -0.013738
v -0.002387 -0.009595 -0.013742
v -0.002519 -0.009484 -0.013809
v -0.004180 -0.007767 -0.014867
v -0.004056 -0.007020 -0.015392
v -0.004180 -0.006906 -0.015462
v -0.004090 -0.006948 -0.015439
v -0.004098 -0.006909 -0.015466
v -0.002623 -0.009443 -0.013829
v -0.002562 -0.009455 -0.013825
v -0.002634 -0.009142 -0.014036
v -0.002469 -0.008724 -0.014337
v -0.002387 -0.008727 -0.014341
v -0.004098 -0.007770 -0.014872
v -0.003920 -0.007345 -0.015179
v -0.004020 -0.007045 -0.015378
v -0.003855 -0.009418 -0.013754
v -0.003448 -0.009551 -0.013692
v -0.003315 -0.009414 -0.013797
v -0.003317 -0.009562 -0.013695
v -0.003255 -0.009414 -0.013801
v -0.003068 -0.009546 -0.013725
v -0.002879 -0.009326 -0.013890
v -0.002802 -0.009481 -0.013789
v -0.002694 -0.009451 -0.013818
v -0.003576 -0.009359 -0.013815
v -0.003765 -0.009224 -0.013894
v -0.004127 -0.009162 -0.013910
v -0.003848 -0.009069 -0.013995
v -0.004213 -0.008870 -0.014105
v -0.003855 -0.009009 -0.014035
v -0.004199 -0.008748 -0.014189
v -0.003830 -0.008901 -0.014112
v -0.004043 -0.008488 -0.014381
v -0.003758 -0.008804 -0.014184
v -0.003802 -0.008317 -0.014517
v -0.003252 -0.007083 -0.015409
v -0.003394 -0.006950 -0.015490
v -0.003678 -0.007175 -0.015314
v -0.003683 -0.007008 -0.015428
v -0.003961 -0.007057 -0.015374
v -0.003522 -0.008649 -0.014309
v -0.003093 -0.008456 -0.014474
v -0.002840 -0.007872 -0.014896
v -0.002417 -0.008121 -0.014757
v -0.002636 -0.007682 -0.015042
v -0.002267 -0.007952 -0.014884
v -0.002586 -0.007518 -0.015160
v -0.002186 -0.007673 -0.015083
v -0.002597 -0.007432 -0.015218
v -0.002275 -0.007368 -0.015287
v -0.002693 -0.007272 -0.015321
v -0.002565 -0.007097 -0.015452
v -0.002890 -0.007142 -0.015396
v -0.002999 -0.006954 -0.015517
v -0.003193 -0.007084 -0.015413
v -0.003146 -0.006942 -0.015514
v -0.003274 -0.006942 -0.015505
v -0.007839 -0.009384 -0.013476
v -0.007834 -0.009403 -0.013464
v -0.007752 -0.009405 -0.013468
v -0.007884 -0.009295 -0.013535
v -0.009545 -0.007578 -0.014593
v -0.009421 -0.006831 -0.015118
v -0.009545 -0.006717 -0.015187
v -0.009455 -0.006759 -0.015165
v -0.009463 -0.006719 -0.015192
v -0.007988 -0.009254 -0.013555
v -0.007927 -0.009266 -0.013551
v -0.007999 -0.008953 -0.013762
v -0.007834 -0.008535 -0.014062
v -0.007752 -0.008538 -0.014067
v -0.009463 -0.007581 -0.014597
v -0.009285 -0.007155 -0.014904
v -0.009384 -0.006856 -0.015103
v -0.009219 -0.009228 -0.013480
v -0.008813 -0.009362 -0.013418
v -0.008679 -0.009225 -0.013523
v -0.008682 -0.009373 -0.013421
v -0.008619 -0.009225 -0.013527
v -0.008433 -0.009357 -0.013450
v -0.008244 -0.009137 -0.013616
v -0.008167 -0.009292 -0.013515
v -0.008059 -0.009262 -0.013544
v -0.008941 -0.009170 -0.013541
v -0.009129 -0.009035 -0.013620
v -0.009492 -0.008973 -0.013635
v -0.009213 -0.008880 -0.013720
v -0.009577 -0.008681 -0.013830
v -0.009219 -0.008820 -0.013761
v -0.009563 -0.008559 -0.013915
v -0.009195 -0.008711 -0.013838
v -0.009407 -0.008299 -0.014107
v -0.009122 -0.008615 -0.013910
v -0.009167 -0.008128 -0.014242
v -0.008617 -0.006894 -0.015135
v -0.008759 -0.006761 -0.015216
v -0.009043 -0.006986 -0.015040
v -0.009047 -0.006819 -0.015154
v -0.009326 -0.006868 -0.015100
v -0.008886 -0.008460 -0.014034
v -0.008458 -0.008267 -0.014200
v -0.008204 -0.007683 -0.014622
v -0.007781 -0.007932 -0.014482
v -0.008000 -0.007493 -0.014768
v -0.007631 -0.007763 -0.014610
v -0.007951 -0.007329 -0.014885
v -0.007550 -0.007484 -0.014808
v -0.007962 -0.007243 -0.014944
v -0.007639 -0.007179 -0.015012
v -0.008058 -0.007083 -0.015047
v -0.007929 -0.006907 -0.015178
v -0.008255 -0.006952 -0.015122
v -0.008364 -0.006765 -0.015243
v -0.008557 -0.006895 -0.015139
v -0.008510 -0.006753 -0.015240
v -0.008638 -0.006753 -0.015231
v -0.004770 -0.009086 -0.013913
v -0.004927 -0.009225 -0.013806
v -0.004650 -0.009457 -0.013666
v -0.005052 -0.009265 -0.013769
v -0.006666 -0.009222 -0.013677
v -0.006787 -0.009197 -0.013684
v -0.007135 -0.009370 -0.013539
v -0.004618 -0.008870 -0.014074
v -0.004703 -0.008867 -0.014070
v -0.004732 -0.008998 -0.013977
v -0.005260 -0.009278 -0.013744
v -0.005687 -0.009263 -0.013722
v -0.006548 -0.006947 -0.015254
v -0.006441 -0.006951 -0.015260
v -0.006548 -0.006880 -0.015301
v -0.006276 -0.006981 -0.015252
v -0.005260 -0.006925 -0.015367
v -0.005635 -0.007065 -0.015242
v -0.005628 -0.007058 -0.015248
v -0.006167 -0.007057 -0.015207
v -0.007085 -0.008783 -0.013948
v -0.007170 -0.008780 -0.013944
v -0.007053 -0.008931 -0.013848
v -0.006934 -0.009111 -0.013733
v -0.005260 -0.006993 -0.015320
v -0.005364 -0.006989 -0.015315
v -0.005370 -0.006989 -0.015314
v -0.005523 -0.007004 -0.015292
v -0.006181 -0.007041 -0.015217
v -0.005673 -0.007157 -0.015176
v -0.006130 -0.007154 -0.015143
v -0.005687 -0.007345 -0.015045
v -0.006118 -0.007327 -0.015025
v -0.006118 -0.007330 -0.015023
v -0.006118 -0.009248 -0.013700
v -0.006483 -0.009235 -0.013682
v -0.001019 -0.007199 -0.015498
v -0.000927 -0.007197 -0.015506
v -0.001228 -0.007024 -0.015603
v -0.000325 -0.009464 -0.013988
v -0.000605 -0.009183 -0.014161
v -0.000752 -0.009316 -0.014058
v -0.000594 -0.008577 -0.014580
v -0.000836 -0.008517 -0.014602
v -0.000488 -0.008660 -0.014530
v -0.000621 -0.008720 -0.014479
v -0.000231 -0.008954 -0.014347
v -0.000549 -0.008976 -0.014307
v -0.000176 -0.009158 -0.014210
v -0.000214 -0.009317 -0.014098
v -0.000680 -0.007121 -0.015577
v -0.000690 -0.007251 -0.015487
v -0.000278 -0.007369 -0.015436
v -0.000471 -0.007416 -0.015390
v -0.000090 -0.007636 -0.015266
v -0.001246 -0.008314 -0.014712
v -0.001246 -0.008369 -0.014674
v -0.001173 -0.008316 -0.014716
v -0.000832 -0.008268 -0.014775
v -0.000567 -0.008143 -0.014881
v -0.000205 -0.008370 -0.014751
v -0.001636 -0.009057 -0.014170
v -0.001711 -0.009083 -0.014146
v -0.001547 -0.009161 -0.014105
v -0.001382 -0.009486 -0.013893
v -0.001307 -0.009328 -0.014008
v -0.001602 -0.007344 -0.015354
v -0.001579 -0.007346 -0.015354
v -0.001614 -0.007058 -0.015550
v -0.001522 -0.007345 -0.015359
v -0.001054 -0.009383 -0.013989
v -0.001055 -0.009623 -0.013823
v -0.000965 -0.009381 -0.013997
v -0.000885 -0.009641 -0.013823
v -0.000562 -0.009604 -0.013874
v -0.001464 -0.007336 -0.015370
v -0.001290 -0.007273 -0.015426
v -0.001104 -0.007211 -0.015483
v -0.001719 -0.007123 -0.015497
v -0.001755 -0.007181 -0.015455
v -0.001758 -0.007204 -0.015438
v -0.001741 -0.007262 -0.015400
v -0.001682 -0.007317 -0.015366
v -0.000366 -0.007635 -0.015246
v -0.000360 -0.007709 -0.015196
v -0.000027 -0.007942 -0.015060
v -0.000380 -0.007853 -0.015095
v -0.000087 -0.008211 -0.014870
v -0.000440 -0.007991 -0.014995
v -0.000500 -0.008080 -0.014930
v 0.006471 -0.008891 -0.014896
v 0.006497 -0.009073 -0.014772
v 0.006853 -0.009065 -0.014805
v 0.006852 -0.007352 -0.015986
v 0.005057 -0.007289 -0.015894
v 0.005057 -0.007357 -0.015847
v 0.006984 -0.007839 -0.015660
v 0.007066 -0.007842 -0.015664
v 0.006939 -0.007783 -0.015695
v 0.006763 -0.007665 -0.015764
v 0.006880 -0.009257 -0.014674
v 0.006416 -0.009352 -0.014574
v 0.006874 -0.009335 -0.014620
v 0.006173 -0.008370 -0.015233
v 0.005778 -0.007797 -0.015598
v 0.005534 -0.007585 -0.015726
v 0.006330 -0.007613 -0.015767
v 0.006773 -0.008871 -0.014932
v 0.006554 -0.008555 -0.015134
v 0.006233 -0.008216 -0.015343
v 0.005226 -0.009147 -0.014625
v 0.005144 -0.009144 -0.014621
v 0.005378 -0.009383 -0.014474
v 0.005322 -0.009569 -0.014342
v 0.005620 -0.009541 -0.014383
v 0.005562 -0.009769 -0.014222
v 0.005895 -0.009597 -0.014365
v 0.005935 -0.009880 -0.014174
v 0.005969 -0.009596 -0.014371
v 0.006012 -0.009885 -0.014176
v 0.006218 -0.009527 -0.014438
v 0.006450 -0.009814 -0.014258
v 0.006749 -0.009601 -0.014427
v 0.000520 -0.016076 -0.023658
v 0.000470 -0.016019 -0.023694
v 0.000300 -0.015586 -0.023980
v 0.000241 -0.014934 -0.024425
v 0.001331 -0.015139 -0.024366
v 0.001305 -0.014625 -0.024719
v 0.000280 -0.014466 -0.024751
v 0.001226 -0.014239 -0.024979
v 0.000396 -0.014095 -0.025016
v 0.000498 -0.013943 -0.025128
v 0.001131 -0.016030 -0.023737
v 0.001224 -0.015851 -0.023867
v 0.001304 -0.015532 -0.024093
v 0.001087 -0.013982 -0.025146
v 0.000908 -0.013862 -0.025215
v 0.000779 -0.013833 -0.025225
v 0.000621 -0.013859 -0.025195
v 0.000791 -0.016199 -0.023594
v 0.000647 -0.016166 -0.023607
v 0.000913 -0.016188 -0.023611
v 0.001015 -0.016145 -0.023648
v -0.015130 -0.009973 -0.018350
v -0.015130 -0.012031 -0.016930
v -0.016679 -0.009919 -0.018271
v -0.016679 -0.011977 -0.016851
v -0.015223 -0.010823 -0.019582
v -0.016772 -0.010769 -0.019503
v -0.015223 -0.012881 -0.018163
v -0.016772 -0.012827 -0.018084
v 0.013966 -0.011853 -0.021074
v 0.013966 -0.013911 -0.019655
v 0.015516 -0.011907 -0.021154
v 0.015516 -0.013965 -0.019734
v 0.014059 -0.011003 -0.019842
v 0.015609 -0.011057 -0.019921
v 0.014059 -0.013061 -0.018422
v 0.015609 -0.013115 -0.018502
v 0.000080 -0.018418 -0.010937
v -0.002475 -0.022831 -0.017336
v 0.002683 -0.021084 -0.014802
v 0.003172 -0.020539 -0.014012
v 0.001142 -0.018667 -0.011299
v -0.003996 -0.023230 -0.017914
v -0.005650 -0.023380 -0.018131
v -0.007313 -0.023268 -0.017969
v -0.008860 -0.022903 -0.017441
v -0.010175 -0.022314 -0.016586
v -0.011157 -0.021544 -0.015469
v -0.011733 -0.020651 -0.014174
v -0.011860 -0.019702 -0.012799
v -0.011528 -0.018770 -0.011448
v -0.001203 -0.022212 -0.016438
v -0.000291 -0.021815 -0.015863
v 0.000816 -0.021642 -0.015612
v 0.001852 -0.021473 -0.015367
v 0.003239 -0.019928 -0.013127
v 0.002872 -0.019353 -0.012293
v 0.002132 -0.018908 -0.011648
v -0.010761 -0.017924 -0.010222
v -0.009619 -0.017229 -0.009214
v -0.008186 -0.016736 -0.008499
v -0.006571 -0.016483 -0.008132
v -0.004896 -0.016489 -0.008141
v -0.003287 -0.016754 -0.008524
v -0.001866 -0.017257 -0.009254
v -0.000738 -0.017960 -0.010274
v -0.010983 -0.012674 -0.010288
v -0.010983 -0.009134 -0.012730
v -0.011237 -0.009163 -0.012772
v -0.011237 -0.012703 -0.010331
v -0.011431 -0.009261 -0.012913
v -0.011431 -0.012800 -0.010472
v -0.011513 -0.009400 -0.013115
v -0.011513 -0.012940 -0.010674
v -0.009619 -0.013640 -0.011689
v -0.008186 -0.013147 -0.010975
v -0.007325 -0.012803 -0.010475
v -0.006571 -0.012894 -0.010608
v -0.005394 -0.012871 -0.010574
v -0.011860 -0.016113 -0.015275
v -0.011528 -0.015181 -0.013923
v -0.010761 -0.014335 -0.012697
v 0.011044 -0.013735 -0.011827
v 0.011044 -0.010195 -0.014268
v 0.010992 -0.010051 -0.014059
v 0.010992 -0.013591 -0.011618
v 0.010821 -0.009941 -0.013900
v 0.010821 -0.013481 -0.011458
v 0.010576 -0.009894 -0.013832
v 0.010576 -0.013434 -0.011390
v 0.015909 -0.010367 -0.014517
v 0.015909 -0.008309 -0.015936
v 0.015883 -0.008199 -0.015777
v 0.015883 -0.010257 -0.014358
v 0.015785 -0.008103 -0.015638
v 0.015785 -0.010161 -0.014219
v 0.015630 -0.008036 -0.015541
v 0.015630 -0.010094 -0.014122
v 0.015441 -0.008008 -0.015500
v 0.015441 -0.010066 -0.014081
v 0.010576 -0.007143 -0.015729
v 0.010576 -0.007836 -0.015251
v 0.010764 -0.007865 -0.015292
v 0.011044 -0.008137 -0.015688
v 0.011044 0.006186 -0.025567
v 0.011018 0.006296 -0.025407
v 0.010764 0.006459 -0.025171
v 0.010576 0.006487 -0.025130
v 0.010576 -0.000310 -0.020442
v 0.011018 -0.008028 -0.015528
v 0.010919 0.006392 -0.025269
v 0.010919 -0.007932 -0.015390
v -0.010983 0.000450 -0.019340
v -0.010983 0.007247 -0.024028
v -0.011176 0.007232 -0.024050
v -0.011176 -0.007091 -0.014171
v -0.010983 -0.007076 -0.014149
v -0.011345 0.007177 -0.024131
v -0.011345 -0.007147 -0.014252
v -0.011463 0.007089 -0.024258
v -0.011463 -0.007235 -0.014379
v -0.011513 0.006982 -0.024414
v -0.011513 -0.007342 -0.014535
v -0.015849 -0.008963 -0.012481
v -0.015849 -0.006905 -0.013900
v -0.016102 -0.006934 -0.013943
v -0.016102 -0.008992 -0.012523
v -0.016296 -0.007031 -0.014084
v -0.016296 -0.009089 -0.012664
v -0.016379 -0.007171 -0.014286
v -0.016379 -0.009228 -0.012866
v 0.003000 -0.008902 -0.013945
v 0.002925 -0.008928 -0.013921
v 0.003088 -0.009006 -0.013880
v 0.003329 -0.009173 -0.013783
v 0.003582 -0.009228 -0.013764
v 0.003671 -0.009226 -0.013772
v 0.003884 -0.009161 -0.013833
v 0.004030 -0.009027 -0.013936
v 0.004086 -0.008821 -0.014083
v 0.004014 -0.008564 -0.014254
v 0.003800 -0.008362 -0.014377
v 0.003390 -0.008214 -0.014449
v 0.003390 -0.008159 -0.014487
v 0.003462 -0.008161 -0.014491
v 0.003804 -0.008113 -0.014550
v 0.004069 -0.007988 -0.014656
v 0.004136 -0.007924 -0.014705
v 0.004196 -0.007836 -0.014770
v 0.004256 -0.007697 -0.014870
v 0.004276 -0.007554 -0.014971
v 0.004270 -0.007480 -0.015021
v 0.004165 -0.007261 -0.015165
v 0.003946 -0.007096 -0.015262
v 0.003708 -0.007042 -0.015281
v 0.003617 -0.007044 -0.015273
v 0.003532 -0.007056 -0.015258
v 0.003345 -0.007118 -0.015201
v 0.003171 -0.007181 -0.015145
v 0.003114 -0.007189 -0.015135
v 0.003057 -0.007191 -0.015129
v 0.003034 -0.007189 -0.015129
v 0.002954 -0.007162 -0.015141
v 0.002895 -0.007107 -0.015175
v 0.002878 -0.007049 -0.015213
v 0.002881 -0.007025 -0.015230
v 0.002917 -0.006968 -0.015272
v 0.003022 -0.006903 -0.015325
v 0.003408 -0.006869 -0.015378
v 0.003956 -0.006966 -0.015352
v 0.004358 -0.007214 -0.015211
v 0.004546 -0.007481 -0.015042
v 0.004609 -0.007787 -0.014835
v 0.004549 -0.008056 -0.014645
v 0.004430 -0.008215 -0.014526
v 0.004042 -0.008422 -0.014355
v 0.004148 -0.008505 -0.014305
v 0.004404 -0.008799 -0.014122
v 0.004460 -0.009003 -0.013986
v 0.004422 -0.009162 -0.013873
v 0.004310 -0.009309 -0.013763
v 0.004073 -0.009448 -0.013649
v 0.003751 -0.009486 -0.013599
v 0.003581 -0.009468 -0.013598
v 0.003253 -0.009331 -0.013668
v 0.000557 -0.008053 -0.014346
v 0.000618 -0.007589 -0.014671
v 0.000801 -0.007202 -0.014952
v 0.000947 -0.007030 -0.015081
v 0.001256 -0.006839 -0.015236
v 0.001527 -0.006803 -0.015282
v 0.001660 -0.006820 -0.015280
v 0.002021 -0.006980 -0.015197
v 0.002383 -0.007432 -0.014912
v 0.002527 -0.008161 -0.014420
v 0.002440 -0.008717 -0.014030
v 0.002179 -0.009137 -0.013720
v 0.002120 -0.009193 -0.013678
v 0.001816 -0.009372 -0.013531
v 0.001550 -0.009409 -0.013486
v 0.001337 -0.009371 -0.013496
v 0.001132 -0.009273 -0.013548
v 0.001036 -0.009206 -0.013587
v 0.000703 -0.008773 -0.013860
v -0.002435 -0.009274 -0.013278
v -0.002352 -0.009277 -0.013282
v -0.002440 -0.009256 -0.013290
v -0.002484 -0.009166 -0.013349
v -0.002528 -0.009138 -0.013365
v -0.002589 -0.009125 -0.013369
v -0.002660 -0.009134 -0.013358
v -0.002768 -0.009164 -0.013329
v -0.003033 -0.009229 -0.013264
v -0.003283 -0.009244 -0.013235
v -0.003414 -0.009234 -0.013232
v -0.003820 -0.009100 -0.013294
v -0.004093 -0.008844 -0.013450
v -0.004178 -0.008552 -0.013645
v -0.004164 -0.008431 -0.013729
v -0.004008 -0.008170 -0.013921
v -0.003767 -0.008000 -0.014057
v -0.002805 -0.007555 -0.014436
v -0.002601 -0.007365 -0.014582
v -0.002551 -0.007200 -0.014700
v -0.002563 -0.007115 -0.014758
v -0.002658 -0.006955 -0.014861
v -0.002856 -0.006824 -0.014936
v -0.003158 -0.006767 -0.014953
v -0.003217 -0.006766 -0.014949
v -0.003644 -0.006857 -0.014854
v -0.003886 -0.007027 -0.014718
v -0.004064 -0.007453 -0.014412
v -0.004146 -0.007450 -0.014407
v -0.004146 -0.006624 -0.014977
v -0.004146 -0.006588 -0.015002
v -0.004064 -0.006591 -0.015006
v -0.004055 -0.006630 -0.014979
v -0.004022 -0.006702 -0.014932
v -0.003985 -0.006728 -0.014918
v -0.003927 -0.006740 -0.014914
v -0.003648 -0.006691 -0.014968
v -0.003360 -0.006633 -0.015030
v -0.003239 -0.006624 -0.015045
v -0.003111 -0.006625 -0.015054
v -0.002964 -0.006637 -0.015057
v -0.002530 -0.006779 -0.014992
v -0.002240 -0.007051 -0.014827
v -0.002151 -0.007356 -0.014622
v -0.002232 -0.007635 -0.014424
v -0.002382 -0.007804 -0.014296
v -0.003059 -0.008138 -0.014014
v -0.003487 -0.008332 -0.013849
v -0.003723 -0.008486 -0.013724
v -0.003796 -0.008583 -0.013652
v -0.003820 -0.008692 -0.013575
v -0.003814 -0.008752 -0.013535
v -0.003730 -0.008906 -0.013434
v -0.003541 -0.009041 -0.013355
v -0.003280 -0.009097 -0.013337
v -0.003220 -0.009097 -0.013341
v -0.002845 -0.009009 -0.013430
v -0.002600 -0.008825 -0.013576
v -0.002435 -0.008407 -0.013877
v -0.002352 -0.008410 -0.013881
v -0.007799 -0.009085 -0.013004
v -0.007717 -0.009088 -0.013008
v -0.007804 -0.009067 -0.013016
v -0.007849 -0.008977 -0.013074
v -0.007892 -0.008948 -0.013091
v -0.007953 -0.008936 -0.013095
v -0.008024 -0.008945 -0.013084
v -0.008132 -0.008975 -0.013055
v -0.008398 -0.009039 -0.012990
v -0.008647 -0.009055 -0.012960
v -0.008778 -0.009045 -0.012958
v -0.009184 -0.008911 -0.013019
v -0.009457 -0.008655 -0.013175
v -0.009542 -0.008363 -0.013370
v -0.009528 -0.008242 -0.013455
v -0.009372 -0.007981 -0.013647
v -0.009132 -0.007811 -0.013782
v -0.008170 -0.007365 -0.014162
v -0.007965 -0.007176 -0.014308
v -0.007916 -0.007011 -0.014425
v -0.007927 -0.006925 -0.014484
v -0.008023 -0.006765 -0.014587
v -0.008220 -0.006635 -0.014662
v -0.008523 -0.006578 -0.014679
v -0.008582 -0.006577 -0.014675
v -0.009008 -0.006668 -0.014580
v -0.009250 -0.006838 -0.014444
v -0.009428 -0.007264 -0.014137
v -0.009510 -0.007261 -0.014133
v -0.009510 -0.006435 -0.014703
v -0.009510 -0.006399 -0.014727
v -0.009428 -0.006402 -0.014731
v -0.009420 -0.006441 -0.014705
v -0.009386 -0.006513 -0.014658
v -0.009350 -0.006538 -0.014643
v -0.009291 -0.006551 -0.014639
v -0.009013 -0.006502 -0.014694
v -0.008724 -0.006443 -0.014756
v -0.008604 -0.006435 -0.014771
v -0.008476 -0.006436 -0.014780
v -0.008329 -0.006448 -0.014783
v -0.007894 -0.006590 -0.014718
v -0.007605 -0.006861 -0.014552
v -0.007516 -0.007167 -0.014348
v -0.007597 -0.007446 -0.014150
v -0.007747 -0.007614 -0.014022
v -0.008423 -0.007949 -0.013740
v -0.008852 -0.008143 -0.013574
v -0.009087 -0.008297 -0.013450
v -0.009160 -0.008394 -0.013378
v -0.009184 -0.008503 -0.013301
v -0.009178 -0.008563 -0.013260
v -0.009094 -0.008717 -0.013160
v -0.008906 -0.008852 -0.013081
v -0.008645 -0.008908 -0.013062
v -0.008584 -0.008908 -0.013067
v -0.008209 -0.008820 -0.013156
v -0.007964 -0.008636 -0.013301
v -0.007799 -0.008218 -0.013602
v -0.007717 -0.008220 -0.013606
v -0.007100 -0.009052 -0.013079
v -0.004616 -0.009140 -0.013206
v -0.007135 -0.008462 -0.013483
v -0.007050 -0.008465 -0.013488
v -0.007019 -0.008614 -0.013388
v -0.006899 -0.008794 -0.013273
v -0.006752 -0.008880 -0.013224
v -0.006631 -0.008904 -0.013217
v -0.006449 -0.008917 -0.013221
v -0.006083 -0.008930 -0.013240
v -0.006083 -0.007012 -0.014563
v -0.006083 -0.007010 -0.014565
v -0.006096 -0.006837 -0.014683
v -0.006133 -0.006740 -0.014747
v -0.006147 -0.006724 -0.014757
v -0.006241 -0.006664 -0.014791
v -0.006406 -0.006634 -0.014800
v -0.006513 -0.006630 -0.014794
v -0.006513 -0.006562 -0.014841
v -0.005225 -0.006608 -0.014907
v -0.005225 -0.006675 -0.014860
v -0.005329 -0.006672 -0.014855
v -0.005335 -0.006672 -0.014854
v -0.005488 -0.006687 -0.014832
v -0.005593 -0.006740 -0.014787
v -0.005600 -0.006748 -0.014782
v -0.005638 -0.006840 -0.014715
v -0.005653 -0.007028 -0.014585
v -0.005653 -0.008945 -0.013262
v -0.005225 -0.008961 -0.013284
v -0.005017 -0.008948 -0.013309
v -0.004892 -0.008907 -0.013346
v -0.004735 -0.008769 -0.013453
v -0.004697 -0.008681 -0.013517
v -0.004668 -0.008549 -0.013610
v -0.004583 -0.008552 -0.013614
v -0.001601 -0.008740 -0.013710
v -0.001676 -0.008766 -0.013686
v -0.001513 -0.008844 -0.013645
v -0.001272 -0.009011 -0.013547
v -0.001019 -0.009066 -0.013529
v -0.000931 -0.009063 -0.013537
v -0.000717 -0.008999 -0.013597
v -0.000571 -0.008865 -0.013701
v -0.000515 -0.008659 -0.013847
v -0.000587 -0.008402 -0.014019
v -0.000802 -0.008200 -0.014142
v -0.001211 -0.008052 -0.014214
v -0.001211 -0.007996 -0.014252
v -0.001139 -0.007999 -0.014255
v -0.000797 -0.007951 -0.014315
v -0.000532 -0.007826 -0.014421
v -0.000465 -0.007762 -0.014470
v -0.000405 -0.007674 -0.014535
v -0.000345 -0.007535 -0.014635
v -0.000326 -0.007392 -0.014736
v -0.000332 -0.007318 -0.014786
v -0.000437 -0.007099 -0.014929
v -0.000655 -0.006934 -0.015027
v -0.000893 -0.006879 -0.015046
v -0.000984 -0.006881 -0.015038
v -0.001069 -0.006894 -0.015023
v -0.001256 -0.006956 -0.014966
v -0.001430 -0.007018 -0.014910
v -0.001487 -0.007027 -0.014899
v -0.001544 -0.007029 -0.014894
v -0.001567 -0.007027 -0.014894
v -0.001648 -0.007000 -0.014906
v -0.001706 -0.006945 -0.014940
v -0.001723 -0.006887 -0.014978
v -0.001720 -0.006863 -0.014995
v -0.001684 -0.006806 -0.015037
v -0.001579 -0.006741 -0.015090
v -0.001193 -0.006707 -0.015143
v -0.000645 -0.006804 -0.015117
v -0.000243 -0.007052 -0.014976
v -0.000055 -0.007319 -0.014806
v 0.000008 -0.007625 -0.014600
v -0.000052 -0.007893 -0.014410
v -0.000171 -0.008053 -0.014291
v -0.000559 -0.008259 -0.014120
v -0.000453 -0.008343 -0.014070
v -0.000197 -0.008637 -0.013887
v -0.000141 -0.008840 -0.013750
v -0.000179 -0.009000 -0.013637
v -0.000291 -0.009147 -0.013528
v -0.000528 -0.009286 -0.013414
v -0.000850 -0.009324 -0.013363
v -0.001020 -0.009306 -0.013363
v -0.001348 -0.009169 -0.013433
v 0.007019 -0.007521 -0.015200
v 0.007101 -0.007524 -0.015204
v 0.006973 -0.007465 -0.015235
v 0.006798 -0.007347 -0.015304
v 0.006365 -0.007295 -0.015307
v 0.005569 -0.007267 -0.015266
v 0.005813 -0.007480 -0.015138
v 0.006268 -0.007899 -0.014883
v 0.006589 -0.008238 -0.014674
v 0.006807 -0.008554 -0.014472
v 0.006888 -0.008748 -0.014345
v 0.006914 -0.008939 -0.014214
v 0.006909 -0.009018 -0.014160
v 0.006784 -0.009284 -0.013967
v 0.006485 -0.009496 -0.013798
v 0.006046 -0.009567 -0.013716
v 0.005970 -0.009562 -0.013714
v 0.005597 -0.009452 -0.013762
v 0.005357 -0.009252 -0.013881
v 0.005178 -0.008827 -0.014161
v 0.005260 -0.008830 -0.014165
v 0.005413 -0.009065 -0.014014
v 0.005655 -0.009224 -0.013923
v 0.005929 -0.009280 -0.013905
v 0.006003 -0.009279 -0.013911
v 0.006252 -0.009209 -0.013978
v 0.006451 -0.009035 -0.014114
v 0.006531 -0.008756 -0.014312
v 0.006506 -0.008573 -0.014436
v 0.006208 -0.008053 -0.014772
v 0.005091 -0.007039 -0.015387
v 0.005091 -0.006971 -0.015434
v 0.006887 -0.007035 -0.015526
v 0.000430 -0.013777 -0.024556
v 0.000533 -0.013626 -0.024668
v 0.000655 -0.013542 -0.024735
v 0.000813 -0.013516 -0.024765
v 0.000276 -0.014617 -0.023965
v 0.000315 -0.014149 -0.024291
v 0.000555 -0.015759 -0.023198
v 0.000504 -0.015702 -0.023234
v 0.000335 -0.015268 -0.023520
v 0.000826 -0.015881 -0.023134
v 0.000682 -0.015848 -0.023146
v 0.001050 -0.015828 -0.023188
v 0.000948 -0.015870 -0.023151
v 0.001259 -0.015534 -0.023407
v 0.001165 -0.015712 -0.023277
v 0.001365 -0.014822 -0.023906
v 0.001339 -0.015215 -0.023633
v 0.001261 -0.013921 -0.024519
v 0.001339 -0.014307 -0.024259
v 0.000943 -0.013545 -0.024755
v 0.001122 -0.013665 -0.024686
v -0.012207 -0.015747 -0.022317
v -0.012207 -0.019286 -0.019876
v -0.017073 -0.013517 -0.023488
v -0.017073 -0.015575 -0.022068
v -0.014742 -0.011098 -0.019980
v -0.014742 -0.013156 -0.018561
v -0.014086 -0.011204 -0.020134
v -0.014086 -0.013262 -0.018715
v -0.013423 -0.011115 -0.020005
v -0.013423 -0.013173 -0.018586
v -0.012921 -0.010853 -0.019625
v -0.012921 -0.012911 -0.018206
v -0.012708 -0.010485 -0.019092
v -0.012708 -0.012543 -0.017673
v -0.012839 -0.010106 -0.018541
v -0.012839 -0.012164 -0.017122
v -0.013280 -0.009811 -0.018114
v -0.013280 -0.011869 -0.016694
v -0.013919 -0.009675 -0.017918
v -0.013919 -0.011733 -0.016498
v -0.014593 -0.009735 -0.018004
v -0.014593 -0.011793 -0.016584
v -0.012207 -0.013689 -0.023737
v -0.012207 0.000635 -0.033616
v 0.010349 -0.014484 -0.024890
v 0.010349 -0.000160 -0.034769
v 0.015215 -0.016714 -0.023719
v 0.015215 -0.014656 -0.025138
v 0.013579 -0.010728 -0.019444
v 0.013579 -0.012786 -0.018024
v 0.012923 -0.010622 -0.019290
v 0.012923 -0.012680 -0.017870
v 0.012260 -0.010711 -0.019419
v 0.012260 -0.012769 -0.018000
v 0.011758 -0.010973 -0.019799
v 0.011758 -0.013031 -0.018379
v 0.011545 -0.011341 -0.020332
v 0.011545 -0.013399 -0.018913
v 0.011676 -0.011720 -0.020883
v 0.011676 -0.013778 -0.019463
v 0.012117 -0.012016 -0.021311
v 0.012117 -0.014074 -0.019891
v 0.012756 -0.012151 -0.021506
v 0.012756 -0.014209 -0.020087
v 0.013430 -0.012091 -0.021420
v 0.013430 -0.014149 -0.020001
v -0.000738 -0.014371 -0.012749
v 0.000080 -0.014829 -0.013413
v 0.001142 -0.015078 -0.013774
v 0.000816 -0.018053 -0.018088
v 0.001852 -0.017884 -0.017842
v 0.002683 -0.017495 -0.017278
v 0.003172 -0.016950 -0.016488
v 0.003239 -0.016339 -0.015602
v 0.002872 -0.015764 -0.014768
v 0.002132 -0.015319 -0.014123
v -0.000291 -0.018226 -0.018339
v -0.001203 -0.018623 -0.018914
v -0.001866 -0.013668 -0.011729
v -0.003287 -0.013165 -0.011000
v -0.004896 -0.012900 -0.010616
v -0.011733 -0.017061 -0.016650
v -0.011157 -0.017954 -0.017944
v -0.010175 -0.018725 -0.019061
v -0.008860 -0.019314 -0.019916
v -0.007313 -0.019679 -0.020444
v -0.006150 -0.019784 -0.020598
v -0.005650 -0.019790 -0.020606
v -0.003996 -0.019641 -0.020390
v -0.002475 -0.019242 -0.019811
v 0.010349 -0.016542 -0.023470
v 0.010349 -0.020082 -0.021029
v -0.007325 -0.006512 -0.014814
v -0.007325 0.000321 -0.019527
v 0.004850 0.006689 -0.024838
v 0.004850 -0.000108 -0.020149
v 0.004850 -0.006941 -0.015437
v 0.004850 -0.013232 -0.011098
v 0.011271 -0.009919 -0.013867
v 0.011271 -0.007861 -0.015287
v 0.002702 -0.013157 -0.010988
v 0.002702 -0.006866 -0.015327
v 0.002702 -0.000033 -0.020040
v 0.000283 -0.006780 -0.015203
v 0.000283 -0.013071 -0.010864
v -0.001937 -0.006702 -0.015090
v -0.004381 -0.012907 -0.010626
v -0.004381 -0.006616 -0.014965
v -0.001937 0.000131 -0.019803
v -0.001937 -0.012993 -0.010751
v 0.000283 0.000053 -0.019916
v -0.004381 0.000217 -0.019678
v 0.002702 0.006765 -0.024728
v 0.000283 0.006850 -0.024604
v -0.001937 0.006928 -0.024491
v -0.004381 0.007014 -0.024366
v -0.007325 0.007118 -0.024215
v 0.002741 -0.014757 -0.024054
v 0.003083 -0.014709 -0.024113
v 0.003320 -0.015018 -0.023918
v 0.003078 -0.014958 -0.023941
v 0.002669 -0.014810 -0.024012
v 0.002669 -0.014755 -0.024050
v 0.003709 -0.014811 -0.024090
v 0.003738 -0.015599 -0.023549
v 0.003309 -0.015624 -0.023500
v 0.003365 -0.015417 -0.023646
v 0.003293 -0.015160 -0.023818
v 0.003427 -0.015101 -0.023869
v 0.003683 -0.015395 -0.023686
v 0.002393 -0.013785 -0.024698
v 0.002335 -0.013787 -0.024693
v 0.002301 -0.013499 -0.024889
v 0.002987 -0.013638 -0.024845
v 0.002686 -0.013465 -0.024941
v 0.003225 -0.013692 -0.024825
v 0.003235 -0.013562 -0.024916
v 0.003443 -0.013857 -0.024728
v 0.003636 -0.013810 -0.024775
v 0.003548 -0.014076 -0.024585
v 0.003825 -0.014077 -0.024605
v 0.002450 -0.013777 -0.024708
v 0.002896 -0.013640 -0.024837
v 0.002810 -0.013652 -0.024822
v 0.002624 -0.013714 -0.024765
v 0.003701 -0.015758 -0.023436
v 0.003589 -0.015905 -0.023326
v 0.003163 -0.015757 -0.023396
v 0.003352 -0.016044 -0.023212
v 0.002949 -0.015822 -0.023336
v 0.003029 -0.016082 -0.023162
v 0.002860 -0.015824 -0.023327
v 0.002860 -0.016064 -0.023162
v 0.002607 -0.015769 -0.023346
v 0.002532 -0.015927 -0.023231
v 0.002367 -0.015602 -0.023443
v 0.002204 -0.015524 -0.023485
v 0.002278 -0.015498 -0.023508
v 0.002160 -0.013621 -0.024794
v 0.002195 -0.013564 -0.024836
v 0.002156 -0.013645 -0.024777
v 0.003348 -0.014584 -0.024220
v 0.003414 -0.014520 -0.024268
v 0.003827 -0.014652 -0.024209
v 0.003475 -0.014432 -0.024334
v 0.003887 -0.014383 -0.024399
v 0.003534 -0.014293 -0.024434
v 0.003554 -0.014150 -0.024534
v 0.002173 -0.013703 -0.024739
v 0.002232 -0.013758 -0.024705
v 0.002312 -0.013785 -0.024692
v 0.000225 -0.013626 -0.024645
v 0.000534 -0.013435 -0.024799
v 0.000806 -0.013399 -0.024845
v 0.000939 -0.013416 -0.024844
v 0.001300 -0.013576 -0.024760
v 0.001662 -0.014028 -0.024476
v 0.001806 -0.014757 -0.023984
v 0.001719 -0.015313 -0.023594
v 0.001458 -0.015734 -0.023284
v 0.001399 -0.015789 -0.023241
v 0.001095 -0.015968 -0.023095
v 0.000080 -0.013798 -0.024515
v 0.000828 -0.016005 -0.023050
v 0.000616 -0.015967 -0.023060
v 0.000410 -0.015869 -0.023112
v 0.000314 -0.015802 -0.023151
v -0.000019 -0.015369 -0.023424
v -0.000164 -0.014649 -0.023910
v -0.000103 -0.014185 -0.024235
v -0.004607 -0.013623 -0.024282
v -0.004785 -0.014049 -0.023975
v -0.004867 -0.014046 -0.023971
v -0.004867 -0.013184 -0.024565
v -0.004785 -0.013187 -0.024569
v -0.004777 -0.013226 -0.024543
v -0.004365 -0.013453 -0.024417
v -0.004648 -0.013336 -0.024477
v -0.003206 -0.015762 -0.022912
v -0.003074 -0.015006 -0.023444
v -0.003161 -0.015852 -0.022854
v -0.003074 -0.015873 -0.022846
v -0.003156 -0.015870 -0.022842
v -0.003249 -0.015734 -0.022929
v -0.003321 -0.015421 -0.023139
v -0.003156 -0.015003 -0.023440
v -0.004743 -0.013298 -0.024496
v -0.004706 -0.013324 -0.024481
v -0.003310 -0.015721 -0.022933
v -0.003381 -0.015730 -0.022921
v -0.003566 -0.015605 -0.022994
v -0.003489 -0.015760 -0.022893
v -0.003941 -0.015693 -0.022905
v -0.004541 -0.015696 -0.022857
v -0.004263 -0.015637 -0.022919
v -0.004135 -0.015830 -0.022796
v -0.004002 -0.015693 -0.022900
v -0.004004 -0.015840 -0.022798
v -0.003755 -0.015825 -0.022828
v -0.004489 -0.014596 -0.023620
v -0.004209 -0.014928 -0.023412
v -0.004729 -0.014766 -0.023484
v -0.004444 -0.015082 -0.023288
v -0.004885 -0.015027 -0.023293
v -0.004517 -0.015179 -0.023216
v -0.004899 -0.015148 -0.023208
v -0.004541 -0.015288 -0.023139
v -0.004814 -0.015440 -0.023013
v -0.004535 -0.015348 -0.023098
v -0.004451 -0.015502 -0.022998
v -0.004370 -0.013287 -0.024532
v -0.004081 -0.013229 -0.024594
v -0.003939 -0.013362 -0.024513
v -0.003960 -0.013220 -0.024609
v -0.003880 -0.013363 -0.024516
v -0.003832 -0.013221 -0.024618
v -0.003577 -0.013420 -0.024500
v -0.003686 -0.013233 -0.024621
v -0.003380 -0.013551 -0.024425
v -0.003251 -0.013375 -0.024555
v -0.003284 -0.013711 -0.024322
v -0.002962 -0.013647 -0.024390
v -0.003273 -0.013797 -0.024263
v -0.002872 -0.013952 -0.024186
v -0.003322 -0.013961 -0.024146
v -0.002953 -0.014231 -0.023988
v -0.003527 -0.014151 -0.024000
v -0.003104 -0.014400 -0.023860
v -0.003780 -0.014735 -0.023578
v -0.009972 -0.013434 -0.024008
v -0.010150 -0.013860 -0.023701
v -0.010232 -0.013857 -0.023697
v -0.010232 -0.012995 -0.024291
v -0.010150 -0.012998 -0.024295
v -0.010141 -0.013037 -0.024269
v -0.009730 -0.013264 -0.024143
v -0.010013 -0.013147 -0.024203
v -0.008570 -0.015573 -0.022638
v -0.008438 -0.014816 -0.023170
v -0.008525 -0.015663 -0.022580
v -0.008438 -0.015684 -0.022572
v -0.008520 -0.015681 -0.022567
v -0.008614 -0.015544 -0.022655
v -0.008686 -0.015232 -0.022865
v -0.008520 -0.014814 -0.023166
v -0.010108 -0.013109 -0.024222
v -0.010071 -0.013134 -0.024207
v -0.008675 -0.015532 -0.022659
v -0.008746 -0.015541 -0.022647
v -0.008931 -0.015416 -0.022720
v -0.008854 -0.015571 -0.022618
v -0.009306 -0.015504 -0.022630
v -0.009906 -0.015507 -0.022583
v -0.009627 -0.015448 -0.022645
v -0.009500 -0.015641 -0.022521
v -0.009366 -0.015504 -0.022626
v -0.009369 -0.015651 -0.022524
v -0.009119 -0.015635 -0.022554
v -0.009853 -0.014407 -0.023346
v -0.009573 -0.014739 -0.023138
v -0.010094 -0.014577 -0.023210
v -0.009809 -0.014893 -0.023014
v -0.010250 -0.014838 -0.023019
v -0.009882 -0.014990 -0.022941
v -0.010264 -0.014959 -0.022934
v -0.009906 -0.015099 -0.022864
v -0.010179 -0.015251 -0.022739
v -0.009900 -0.015159 -0.022824
v -0.009816 -0.015313 -0.022724
v -0.009734 -0.013098 -0.024258
v -0.009446 -0.013039 -0.024320
v -0.009303 -0.013173 -0.024238
v -0.009325 -0.013031 -0.024334
v -0.009244 -0.013174 -0.024242
v -0.009197 -0.013032 -0.024344
v -0.008941 -0.013231 -0.024225
v -0.009050 -0.013044 -0.024347
v -0.008744 -0.013361 -0.024150
v -0.008616 -0.013186 -0.024281
v -0.008649 -0.013522 -0.024047
v -0.008326 -0.013457 -0.024116
v -0.008637 -0.013607 -0.023989
v -0.008237 -0.013763 -0.023912
v -0.008687 -0.013772 -0.023872
v -0.008318 -0.014042 -0.023714
v -0.008891 -0.013962 -0.023726
v -0.008468 -0.014210 -0.023586
v -0.009145 -0.014545 -0.023304
v -0.005738 -0.015544 -0.022872
v -0.005614 -0.015503 -0.022909
v -0.005337 -0.015736 -0.022770
v -0.007856 -0.015058 -0.023047
v -0.007772 -0.015061 -0.023051
v -0.007822 -0.015648 -0.022643
v -0.007740 -0.015210 -0.022951
v -0.007621 -0.015390 -0.022836
v -0.007473 -0.015476 -0.022788
v -0.007353 -0.015500 -0.022780
v -0.005946 -0.015557 -0.022848
v -0.006868 -0.013320 -0.024321
v -0.006962 -0.013260 -0.024355
v -0.006314 -0.013336 -0.024351
v -0.006209 -0.013283 -0.024396
v -0.007170 -0.015513 -0.022785
v -0.006804 -0.015526 -0.022804
v -0.006057 -0.013268 -0.024418
v -0.005946 -0.013204 -0.024470
v -0.006051 -0.013268 -0.024418
v -0.005946 -0.013271 -0.024424
v -0.007235 -0.013158 -0.024404
v -0.007128 -0.013230 -0.024363
v -0.007235 -0.013226 -0.024358
v -0.005389 -0.015145 -0.023173
v -0.005305 -0.015148 -0.023177
v -0.005419 -0.015277 -0.023080
v -0.005456 -0.015365 -0.023017
v -0.006854 -0.013336 -0.024311
v -0.006322 -0.013344 -0.024345
v -0.006359 -0.013436 -0.024279
v -0.006374 -0.013624 -0.024148
v -0.006804 -0.013606 -0.024128
v -0.006817 -0.013433 -0.024246
v -0.006374 -0.015542 -0.022826
v -0.006804 -0.013608 -0.024126
v -0.001860 -0.014595 -0.023819
v -0.001518 -0.014547 -0.023878
v -0.001281 -0.014855 -0.023683
v -0.001523 -0.014796 -0.023706
v -0.001932 -0.014648 -0.023777
v -0.001932 -0.014592 -0.023815
v -0.000892 -0.014649 -0.023855
v -0.000863 -0.015436 -0.023314
v -0.001292 -0.015461 -0.023264
v -0.001236 -0.015255 -0.023411
v -0.001308 -0.014998 -0.023583
v -0.001174 -0.014939 -0.023634
v -0.000918 -0.015233 -0.023450
v -0.002208 -0.013623 -0.024463
v -0.002266 -0.013625 -0.024458
v -0.002300 -0.013337 -0.024654
v -0.001614 -0.013476 -0.024610
v -0.001915 -0.013303 -0.024706
v -0.001376 -0.013530 -0.024590
v -0.001367 -0.013400 -0.024680
v -0.001158 -0.013695 -0.024493
v -0.000965 -0.013648 -0.024540
v -0.001053 -0.013914 -0.024350
v -0.000776 -0.013915 -0.024370
v -0.002151 -0.013615 -0.024473
v -0.001705 -0.013477 -0.024601
v -0.001791 -0.013490 -0.024587
v -0.001977 -0.013552 -0.024530
v -0.000900 -0.015596 -0.023201
v -0.001012 -0.015743 -0.023091
v -0.001438 -0.015595 -0.023161
v -0.001249 -0.015882 -0.022977
v -0.001652 -0.015659 -0.023101
v -0.001572 -0.015920 -0.022927
v -0.001741 -0.015662 -0.023092
v -0.001741 -0.015902 -0.022927
v -0.001994 -0.015607 -0.023111
v -0.002069 -0.015765 -0.022996
v -0.002234 -0.015440 -0.023208
v -0.002397 -0.015362 -0.023250
v -0.002323 -0.015336 -0.023273
v -0.002441 -0.013459 -0.024559
v -0.002406 -0.013402 -0.024601
v -0.002445 -0.013483 -0.024542
v -0.001253 -0.014422 -0.023984
v -0.001187 -0.014358 -0.024033
v -0.000774 -0.014489 -0.023974
v -0.001127 -0.014270 -0.024098
v -0.000714 -0.014221 -0.024163
v -0.001067 -0.014131 -0.024199
v -0.001047 -0.013988 -0.024299
v -0.002428 -0.013541 -0.024503
v -0.002369 -0.013596 -0.024470
v -0.002289 -0.013623 -0.024457
v 0.006379 -0.014120 -0.024768
v 0.006297 -0.014117 -0.024764
v 0.006165 -0.013631 -0.025089
v 0.006252 -0.014061 -0.024799
v 0.006076 -0.013943 -0.024867
v 0.005643 -0.013891 -0.024870
v 0.004847 -0.013863 -0.024830
v 0.004370 -0.013568 -0.024998
v 0.006193 -0.015535 -0.023778
v 0.005729 -0.015631 -0.023677
v 0.006166 -0.015344 -0.023908
v 0.005810 -0.015352 -0.023876
v 0.006086 -0.015150 -0.024036
v 0.005784 -0.015169 -0.023999
v 0.006187 -0.015614 -0.023724
v 0.006062 -0.015880 -0.023531
v 0.005531 -0.015805 -0.023542
v 0.005763 -0.016092 -0.023361
v 0.005282 -0.015875 -0.023475
v 0.005325 -0.016163 -0.023279
v 0.005208 -0.015876 -0.023469
v 0.005248 -0.016158 -0.023277
v 0.004933 -0.015820 -0.023487
v 0.004875 -0.016048 -0.023325
v 0.004691 -0.015661 -0.023578
v 0.004636 -0.015848 -0.023445
v 0.004539 -0.015426 -0.023729
v 0.004457 -0.015423 -0.023725
v 0.004370 -0.013635 -0.024951
v 0.005092 -0.014076 -0.024701
v 0.005487 -0.014649 -0.024336
v 0.005546 -0.014495 -0.024447
v 0.005868 -0.014834 -0.024237
v -0.008081 -0.019716 -0.020499
v -0.011739 -0.019587 -0.020312
v -0.011984 -0.019541 -0.020244
v -0.012156 -0.019430 -0.020085
v -0.012156 -0.015891 -0.022526
v -0.011984 -0.016001 -0.022686
v -0.011739 -0.016048 -0.022753
v -0.013452 -0.015987 -0.022666
v -0.017021 -0.015719 -0.022277
v -0.016605 -0.015876 -0.022505
v -0.016850 -0.015829 -0.022437
v -0.017021 -0.013661 -0.023697
v -0.016850 -0.013771 -0.023856
v -0.016605 -0.013818 -0.023924
v -0.012156 -0.013833 -0.023945
v -0.013452 -0.013929 -0.024085
v -0.011984 -0.013943 -0.024105
v -0.011739 -0.013990 -0.024173
v -0.012156 0.000491 -0.033824
v -0.011984 0.000381 -0.033984
v -0.011739 0.000334 -0.034052
v -0.011739 -0.006463 -0.029364
v 0.010267 -0.000300 -0.034971
v 0.010073 -0.000397 -0.035112
v 0.009819 -0.000426 -0.035154
v -0.008081 0.000205 -0.034239
v -0.005137 0.000101 -0.034389
v -0.002693 0.000015 -0.034514
v -0.000474 -0.000063 -0.034628
v 0.001946 -0.000149 -0.034751
v 0.004094 -0.000224 -0.034861
v 0.009819 -0.007223 -0.030466
v 0.009819 -0.014750 -0.025275
v 0.009819 -0.014057 -0.025753
v 0.010073 -0.014721 -0.025233
v 0.010267 -0.014623 -0.025092
v 0.014685 -0.014921 -0.025524
v 0.015133 -0.014795 -0.025340
v 0.014939 -0.014892 -0.025481
v 0.014685 -0.016979 -0.024104
v 0.014939 -0.016950 -0.024062
v 0.015133 -0.016853 -0.023921
v 0.010073 -0.016779 -0.023813
v 0.009819 -0.016808 -0.023855
v 0.010267 -0.016681 -0.023672
v 0.009819 -0.020347 -0.021414
v 0.010073 -0.020318 -0.021372
v 0.010267 -0.020221 -0.021231
v 0.001946 -0.020070 -0.021012
v 0.004094 -0.020146 -0.021121
v -0.000474 -0.019985 -0.020888
v -0.002693 -0.019906 -0.020775
v -0.005137 -0.019820 -0.020650
v 0.002169 -0.015841 -0.023945
v 0.002244 -0.015815 -0.023969
v 0.002995 -0.016400 -0.023622
v 0.002825 -0.016381 -0.023622
v 0.002497 -0.016245 -0.023692
v 0.003554 -0.016222 -0.023787
v 0.003317 -0.016362 -0.023673
v 0.003703 -0.015916 -0.024009
v 0.003666 -0.016076 -0.023896
v 0.003286 -0.015335 -0.024378
v 0.003392 -0.015418 -0.024329
v 0.003648 -0.015712 -0.024146
v 0.003853 -0.014701 -0.024859
v 0.003792 -0.014969 -0.024669
v 0.003674 -0.015129 -0.024550
v 0.003601 -0.014128 -0.025235
v 0.003790 -0.014394 -0.025065
v 0.002651 -0.013782 -0.025401
v 0.003200 -0.013880 -0.025376
v 0.002122 -0.013963 -0.025237
v 0.002125 -0.013939 -0.025254
v 0.002161 -0.013882 -0.025296
v 0.002266 -0.013816 -0.025349
v 0.002301 -0.014104 -0.025153
v 0.002277 -0.014103 -0.025152
v 0.002197 -0.014075 -0.025165
v 0.002139 -0.014020 -0.025199
v 0.002415 -0.014094 -0.025169
v 0.002358 -0.014103 -0.025158
v 0.002776 -0.013969 -0.025282
v 0.002589 -0.014031 -0.025225
v 0.002952 -0.013955 -0.025305
v 0.002861 -0.013957 -0.025297
v 0.003519 -0.014467 -0.024994
v 0.003513 -0.014393 -0.025045
v 0.003408 -0.014174 -0.025188
v 0.003190 -0.014009 -0.025286
v 0.003440 -0.014750 -0.024794
v 0.003499 -0.014611 -0.024894
v 0.003313 -0.014901 -0.024680
v 0.003379 -0.014838 -0.024728
v 0.002706 -0.015075 -0.024514
v 0.003048 -0.015026 -0.024573
v 0.002634 -0.015072 -0.024511
v 0.002634 -0.015127 -0.024472
v 0.003330 -0.015735 -0.024106
v 0.003258 -0.015478 -0.024278
v 0.003043 -0.015276 -0.024401
v 0.002826 -0.016141 -0.023788
v 0.002914 -0.016139 -0.023796
v 0.003128 -0.016075 -0.023856
v 0.003274 -0.015941 -0.023960
v 0.002332 -0.015919 -0.023904
v 0.002573 -0.016086 -0.023806
v -0.000199 -0.014966 -0.024370
v -0.000138 -0.014502 -0.024695
v 0.000045 -0.014115 -0.024975
v 0.000376 -0.016186 -0.023572
v 0.000280 -0.016119 -0.023611
v -0.000053 -0.015687 -0.023884
v 0.000794 -0.016322 -0.023510
v 0.000581 -0.016284 -0.023520
v 0.001423 -0.016051 -0.023744
v 0.001364 -0.016106 -0.023701
v 0.001060 -0.016285 -0.023555
v 0.001771 -0.015074 -0.024444
v 0.001684 -0.015630 -0.024054
v 0.000771 -0.013716 -0.025305
v 0.000904 -0.013733 -0.025304
v 0.001265 -0.013893 -0.025220
v 0.001627 -0.014345 -0.024936
v 0.000191 -0.013943 -0.025105
v 0.000500 -0.013753 -0.025260
v -0.003109 -0.016191 -0.023306
v -0.003191 -0.016188 -0.023302
v -0.003109 -0.015323 -0.023904
v -0.003191 -0.015320 -0.023900
v -0.004036 -0.016010 -0.023360
v -0.003976 -0.016010 -0.023365
v -0.003601 -0.015922 -0.023454
v -0.003356 -0.015738 -0.023599
v -0.004576 -0.015606 -0.023599
v -0.004570 -0.015665 -0.023558
v -0.004486 -0.015820 -0.023458
v -0.004297 -0.015955 -0.023379
v -0.004479 -0.015400 -0.023748
v -0.004552 -0.015497 -0.023676
v -0.003815 -0.015052 -0.024038
v -0.004243 -0.015245 -0.023872
v -0.002907 -0.014269 -0.024646
v -0.002988 -0.014548 -0.024448
v -0.003138 -0.014717 -0.024320
v -0.003867 -0.013538 -0.025078
v -0.003720 -0.013550 -0.025081
v -0.003286 -0.013693 -0.025015
v -0.002996 -0.013964 -0.024850
v -0.004116 -0.013546 -0.025054
v -0.003995 -0.013538 -0.025069
v -0.004683 -0.013653 -0.024937
v -0.004404 -0.013604 -0.024992
v -0.004820 -0.013505 -0.025029
v -0.004811 -0.013544 -0.025003
v -0.004778 -0.013616 -0.024956
v -0.004741 -0.013641 -0.024941
v -0.004902 -0.013502 -0.025025
v -0.004902 -0.013538 -0.025000
v -0.004902 -0.014363 -0.024431
v -0.004820 -0.014366 -0.024435
v -0.003914 -0.013680 -0.024977
v -0.003974 -0.013679 -0.024973
v -0.004400 -0.013771 -0.024877
v -0.004642 -0.013941 -0.024742
v -0.003308 -0.014114 -0.024723
v -0.003319 -0.014028 -0.024782
v -0.003414 -0.013868 -0.024885
v -0.003612 -0.013738 -0.024960
v -0.003561 -0.014468 -0.024460
v -0.003357 -0.014278 -0.024606
v -0.004934 -0.015466 -0.023668
v -0.004920 -0.015344 -0.023753
v -0.004764 -0.015084 -0.023945
v -0.004524 -0.014913 -0.024080
v -0.004039 -0.016158 -0.023258
v -0.004170 -0.016147 -0.023256
v -0.004576 -0.016014 -0.023317
v -0.004849 -0.015758 -0.023473
v -0.003524 -0.016077 -0.023353
v -0.003789 -0.016142 -0.023288
v -0.003345 -0.016039 -0.023393
v -0.003416 -0.016047 -0.023381
v -0.003196 -0.016170 -0.023314
v -0.003241 -0.016080 -0.023372
v -0.003284 -0.016051 -0.023389
v -0.008473 -0.016001 -0.023032
v -0.008555 -0.015999 -0.023028
v -0.008473 -0.015134 -0.023630
v -0.008555 -0.015131 -0.023626
v -0.009401 -0.015821 -0.023086
v -0.009341 -0.015821 -0.023090
v -0.008965 -0.015733 -0.023180
v -0.008720 -0.015549 -0.023325
v -0.009940 -0.015416 -0.023325
v -0.009934 -0.015476 -0.023284
v -0.009850 -0.015631 -0.023184
v -0.009662 -0.015766 -0.023105
v -0.009843 -0.015211 -0.023474
v -0.009916 -0.015307 -0.023401
v -0.009179 -0.014863 -0.023764
v -0.009608 -0.015056 -0.023598
v -0.008272 -0.014080 -0.024372
v -0.008353 -0.014359 -0.024174
v -0.008503 -0.014528 -0.024046
v -0.009232 -0.013349 -0.024804
v -0.009085 -0.013361 -0.024807
v -0.008650 -0.013503 -0.024741
v -0.008361 -0.013775 -0.024576
v -0.009480 -0.013357 -0.024780
v -0.009360 -0.013349 -0.024794
v -0.010047 -0.013464 -0.024663
v -0.009769 -0.013415 -0.024718
v -0.010184 -0.013316 -0.024755
v -0.010176 -0.013355 -0.024729
v -0.010142 -0.013427 -0.024682
v -0.010106 -0.013452 -0.024667
v -0.010266 -0.013313 -0.024751
v -0.010266 -0.013349 -0.024726
v -0.010266 -0.014174 -0.024157
v -0.010184 -0.014177 -0.024161
v -0.009279 -0.013491 -0.024702
v -0.009338 -0.013490 -0.024698
v -0.009764 -0.013582 -0.024603
v -0.010006 -0.013751 -0.024468
v -0.008672 -0.013925 -0.024449
v -0.008683 -0.013839 -0.024507
v -0.008779 -0.013679 -0.024611
v -0.008976 -0.013548 -0.024686
v -0.008926 -0.014279 -0.024186
v -0.008722 -0.014089 -0.024332
v -0.010299 -0.015277 -0.023394
v -0.010285 -0.015155 -0.023479
v -0.010128 -0.014895 -0.023670
v -0.009888 -0.014724 -0.023806
v -0.009403 -0.015969 -0.022984
v -0.009534 -0.015958 -0.022982
v -0.009941 -0.015824 -0.023043
v -0.010213 -0.015569 -0.023199
v -0.008888 -0.015888 -0.023078
v -0.009154 -0.015953 -0.023014
v -0.008709 -0.015850 -0.023119
v -0.008780 -0.015858 -0.023107
v -0.008560 -0.015980 -0.023040
v -0.008605 -0.015891 -0.023098
v -0.008648 -0.015862 -0.023115
v -0.005372 -0.016053 -0.023230
v -0.007856 -0.015966 -0.023103
v -0.005339 -0.015466 -0.023638
v -0.005424 -0.015463 -0.023633
v -0.005491 -0.015682 -0.023477
v -0.005453 -0.015594 -0.023540
v -0.005981 -0.015874 -0.023308
v -0.005773 -0.015861 -0.023332
v -0.005648 -0.015821 -0.023369
v -0.006409 -0.015859 -0.023286
v -0.006409 -0.013941 -0.024609
v -0.006349 -0.013654 -0.024811
v -0.006356 -0.013661 -0.024805
v -0.006394 -0.013753 -0.024739
v -0.006086 -0.013585 -0.024878
v -0.006091 -0.013585 -0.024878
v -0.006244 -0.013600 -0.024856
v -0.005981 -0.013589 -0.024884
v -0.005981 -0.013521 -0.024930
v -0.007269 -0.013476 -0.024865
v -0.007269 -0.013543 -0.024818
v -0.007162 -0.013547 -0.024823
v -0.006889 -0.013653 -0.024771
v -0.006903 -0.013637 -0.024781
v -0.006997 -0.013577 -0.024815
v -0.006839 -0.013926 -0.024587
v -0.006839 -0.013923 -0.024588
v -0.006852 -0.013750 -0.024707
v -0.006839 -0.015844 -0.023264
v -0.007205 -0.015831 -0.023245
v -0.007508 -0.015793 -0.023248
v -0.007388 -0.015818 -0.023240
v -0.007807 -0.015379 -0.023511
v -0.007775 -0.015527 -0.023411
v -0.007655 -0.015707 -0.023296
v -0.007891 -0.015376 -0.023507
v -0.002432 -0.015679 -0.023710
v -0.002357 -0.015653 -0.023733
v -0.001606 -0.016237 -0.023387
v -0.001776 -0.016219 -0.023387
v -0.002104 -0.016082 -0.023456
v -0.001047 -0.016060 -0.023551
v -0.001284 -0.016200 -0.023437
v -0.000898 -0.015754 -0.023774
v -0.000935 -0.015913 -0.023661
v -0.001315 -0.015173 -0.024143
v -0.001209 -0.015256 -0.024094
v -0.000953 -0.015550 -0.023910
v -0.000748 -0.014538 -0.024623
v -0.000809 -0.014807 -0.024434
v -0.000927 -0.014966 -0.024315
v -0.001000 -0.013965 -0.025000
v -0.000811 -0.014232 -0.024830
v -0.001950 -0.013620 -0.025166
v -0.001401 -0.013717 -0.025140
v -0.002479 -0.013800 -0.025002
v -0.002476 -0.013777 -0.025019
v -0.002440 -0.013719 -0.025061
v -0.002335 -0.013654 -0.025114
v -0.002300 -0.013942 -0.024918
v -0.002324 -0.013940 -0.024917
v -0.002404 -0.013913 -0.024930
v -0.002462 -0.013858 -0.024964
v -0.002186 -0.013932 -0.024933
v -0.002243 -0.013941 -0.024923
v -0.001825 -0.013807 -0.025047
v -0.002012 -0.013869 -0.024990
v -0.001649 -0.013793 -0.025070
v -0.001740 -0.013795 -0.025062
v -0.001082 -0.014305 -0.024759
v -0.001088 -0.014231 -0.024810
v -0.001193 -0.014012 -0.024953
v -0.001411 -0.013847 -0.025050
v -0.001161 -0.014587 -0.024559
v -0.001102 -0.014449 -0.024659
v -0.001288 -0.014739 -0.024444
v -0.001222 -0.014676 -0.024493
v -0.001895 -0.014912 -0.024279
v -0.001553 -0.014864 -0.024338
v -0.001967 -0.014910 -0.024275
v -0.001967 -0.014965 -0.024237
v -0.001271 -0.015572 -0.023871
v -0.001343 -0.015316 -0.024043
v -0.001558 -0.015113 -0.024166
v -0.001776 -0.015979 -0.023552
v -0.001687 -0.015977 -0.023561
v -0.001473 -0.015912 -0.023621
v -0.001327 -0.015779 -0.023724
v -0.002269 -0.015757 -0.023668
v -0.002028 -0.015924 -0.023571
v 0.006345 -0.014438 -0.025228
v 0.006263 -0.014435 -0.025224
v 0.006131 -0.013948 -0.025550
v 0.004335 -0.013885 -0.025458
v 0.004335 -0.013953 -0.025411
v 0.005775 -0.015669 -0.024336
v 0.005750 -0.015487 -0.024460
v 0.005452 -0.014966 -0.024796
v 0.005173 -0.016193 -0.023929
v 0.005247 -0.016192 -0.023935
v 0.005496 -0.016123 -0.024002
v 0.005695 -0.015948 -0.024137
v 0.004504 -0.015743 -0.024189
v 0.004657 -0.015979 -0.024038
v 0.004899 -0.016137 -0.023947
v 0.004422 -0.015740 -0.024185
v 0.005290 -0.016481 -0.023739
v 0.005214 -0.016476 -0.023737
v 0.004840 -0.016365 -0.023785
v 0.004601 -0.016165 -0.023905
v 0.006158 -0.015853 -0.024238
v 0.006153 -0.015931 -0.024184
v 0.006028 -0.016197 -0.023991
v 0.005728 -0.016410 -0.023821
v 0.006051 -0.015467 -0.024496
v 0.006131 -0.015661 -0.024368
v 0.005511 -0.014812 -0.024907
v 0.005833 -0.015151 -0.024697
v 0.004813 -0.014181 -0.025290
v 0.005057 -0.014393 -0.025161
v 0.005609 -0.014209 -0.025330
v 0.006217 -0.014379 -0.025259
v 0.006042 -0.014261 -0.025327
v -0.000474 -0.013694 -0.025227
v 0.004094 -0.013855 -0.025460
v 0.004094 -0.007022 -0.030173
v -0.008081 -0.006592 -0.029551
v -0.008081 -0.013426 -0.024838
v 0.001946 -0.013779 -0.025350
v 0.001946 -0.006946 -0.030063
v -0.005137 -0.013529 -0.024988
v -0.002693 -0.013616 -0.025113
v -0.005137 -0.006696 -0.029701
v -0.002693 -0.006782 -0.029826
v -0.000474 -0.006861 -0.029940
f 1 2 3
f 3 2 4
f 5 6 7
f 7 6 8
f 9 10 11
f 11 10 12
f 11 12 13
f 13 12 14
f 13 14 15
f 15 14 16
f 15 16 17
f 17 16 18
f 17 18 19
f 19 18 20
f 19 20 21
f 21 20 22
f 23 24 25
f 25 24 26
f 25 26 27
f 27 26 28
f 27 28 29
f 29 28 30
f 29 30 31
f 31 30 32
f 31 32 33
f 33 32 34
f 33 34 35
f 35 34 36
f 37 38 39
f 39 38 40
f 39 40 41
f 41 40 42
f 41 42 43
f 43 42 44
f 43 44 45
f 45 44 46
f 45 46 47
f 47 46 48
f 47 48 49
f 49 48 50
f 51 52 53
f 53 52 54
f 53 54 55
f 55 54 56
f 55 56 57
f 57 56 58
f 57 58 59
f 59 58 60
f 59 60 61
f 61 60 62
f 61 62 63
f 63 62 64
f 65 66 67
f 65 67 68
f 68 67 69
f 68 69 70
f 70 69 71
f 70 71 72
f 72 71 3
f 72 3 4
f 2 1 73
f 2 73 74
f 74 73 75
f 74 75 76
f 76 75 77
f 76 77 78
f 78 77 79
f 79 77 80
f 81 82 83
f 83 82 84
f 82 81 85
f 82 85 86
f 86 85 87
f 86 87 88
f 88 87 6
f 88 6 5
f 7 8 89
f 7 89 90
f 90 89 91
f 90 91 92
f 92 91 93
f 92 93 94
f 94 93 95
f 94 95 96
f 96 95 97
f 97 95 98
f 66 65 99
f 99 65 100
f 101 102 103
f 103 102 104
f 103 104 105
f 105 104 106
f 105 106 107
f 107 106 108
f 107 108 109
f 109 108 110
f 109 110 111
f 111 110 112
f 111 112 113
f 113 112 114
f 113 114 115
f 115 114 116
f 115 116 117
f 117 116 118
f 117 118 119
f 119 118 120
f 119 120 121
f 121 120 122
f 121 122 123
f 123 122 124
f 123 124 101
f 101 124 102
f 125 126 127
f 127 126 128
f 127 128 129
f 129 128 130
f 129 130 131
f 131 130 132
f 131 132 133
f 133 132 134
f 133 134 135
f 135 134 136
f 135 136 137
f 137 136 138
f 137 138 139
f 139 138 140
f 139 140 141
f 141 140 142
f 141 142 143
f 143 142 144
f 143 144 145
f 145 144 146
f 145 146 147
f 147 146 148
f 147 148 125
f 125 148 126
f 149 150 22
f 22 150 21
f 151 152 23
f 23 152 24
f 153 154 9
f 9 154 10
f 155 156 36
f 36 156 35
f 157 158 159
f 159 158 160
f 158 157 161
f 158 161 162
f 162 161 163
f 162 163 164
f 164 163 165
f 164 165 166
f 167 168 169
f 167 169 170
f 170 169 171
f 170 171 172
f 172 171 173
f 172 173 174
f 166 165 175
f 175 165 176
f 177 159 178
f 178 159 179
f 178 179 83
f 176 146 144
f 176 144 177
f 91 89 93
f 93 89 8
f 93 8 95
f 95 8 98
f 87 85 6
f 6 85 81
f 6 81 8
f 8 81 83
f 8 83 98
f 98 83 179
f 140 124 122
f 144 142 177
f 177 142 140
f 177 140 120
f 120 140 122
f 120 118 177
f 177 118 116
f 177 116 159
f 159 116 114
f 159 114 112
f 108 106 132
f 132 106 104
f 132 104 134
f 126 157 128
f 128 157 130
f 165 163 161
f 124 140 102
f 102 140 138
f 102 138 104
f 104 138 136
f 104 136 134
f 161 157 165
f 165 157 126
f 165 126 176
f 176 126 148
f 176 148 146
f 112 110 159
f 159 110 108
f 159 108 157
f 157 108 132
f 157 132 130
f 180 178 84
f 84 178 83
f 181 182 183
f 183 182 184
f 185 181 186
f 186 181 183
f 187 188 189
f 189 188 190
f 191 190 192
f 192 190 188
f 193 194 80
f 80 194 79
f 168 167 195
f 195 167 196
f 197 198 199
f 199 198 200
f 201 51 202
f 202 51 53
f 202 53 203
f 203 53 55
f 203 55 204
f 204 55 57
f 204 57 205
f 205 57 59
f 205 59 206
f 206 59 61
f 206 61 207
f 207 61 63
f 208 37 209
f 209 37 39
f 209 39 210
f 210 39 41
f 210 41 211
f 211 41 43
f 211 43 212
f 212 43 45
f 212 45 213
f 213 45 47
f 213 47 214
f 214 47 49
f 215 216 173
f 173 216 174
f 49 50 214
f 214 50 217
f 218 50 219
f 219 50 48
f 219 48 220
f 220 48 46
f 220 46 221
f 221 46 44
f 221 44 222
f 222 44 42
f 222 42 223
f 223 42 40
f 223 40 224
f 224 40 38
f 198 225 226
f 200 227 228
f 228 227 193
f 228 193 80
f 198 226 200
f 195 220 168
f 168 220 221
f 224 215 223
f 223 215 173
f 223 173 222
f 3 80 77
f 171 169 173
f 173 169 168
f 173 168 222
f 222 168 221
f 3 71 69
f 226 229 200
f 200 229 230
f 200 230 227
f 227 230 231
f 227 231 232
f 75 73 77
f 77 73 1
f 77 1 3
f 69 67 3
f 3 67 66
f 3 66 80
f 80 66 99
f 80 99 228
f 232 233 227
f 227 233 218
f 227 218 195
f 195 218 219
f 195 219 220
f 225 64 226
f 226 64 62
f 226 62 229
f 229 62 60
f 229 60 230
f 230 60 58
f 230 58 231
f 231 58 56
f 231 56 232
f 232 56 54
f 232 54 233
f 233 54 52
f 52 51 234
f 234 51 201
f 79 194 235
f 235 194 236
f 79 235 78
f 78 235 237
f 78 237 76
f 238 74 239
f 239 74 76
f 239 76 240
f 240 76 237
f 240 237 241
f 241 237 242
f 186 183 243
f 243 183 244
f 245 246 90
f 247 248 249
f 249 248 250
f 249 250 251
f 251 250 252
f 251 252 253
f 253 252 254
f 253 254 255
f 256 257 258
f 258 257 259
f 258 259 260
f 260 259 261
f 260 261 262
f 263 264 265
f 242 237 266
f 266 237 267
f 266 267 268
f 268 267 269
f 268 269 264
f 264 269 270
f 264 270 265
f 4 2 271
f 272 96 273
f 273 96 97
f 255 254 274
f 274 254 275
f 274 275 276
f 276 275 277
f 276 277 278
f 278 277 279
f 278 279 280
f 280 279 281
f 280 281 282
f 282 281 283
f 282 283 284
f 284 283 285
f 284 285 286
f 287 288 84
f 84 288 289
f 90 92 245
f 245 92 94
f 245 94 96
f 265 192 263
f 263 192 188
f 263 188 256
f 256 188 187
f 256 187 257
f 290 291 292
f 293 180 294
f 294 180 84
f 294 84 295
f 295 84 289
f 183 184 244
f 244 184 296
f 244 296 297
f 297 296 298
f 297 298 299
f 299 298 300
f 299 300 301
f 301 300 302
f 301 302 303
f 303 302 295
f 303 295 304
f 304 295 289
f 305 306 307
f 307 306 308
f 307 308 309
f 309 308 310
f 309 310 311
f 311 310 312
f 311 312 313
f 313 312 314
f 313 314 315
f 315 314 316
f 315 316 317
f 318 319 320
f 286 285 321
f 321 285 271
f 321 271 322
f 322 271 2
f 322 2 323
f 323 2 74
f 323 74 262
f 262 74 238
f 262 238 260
f 324 325 82
f 326 327 305
f 305 327 328
f 305 328 306
f 65 68 329
f 329 68 70
f 329 70 271
f 271 70 72
f 271 72 4
f 84 82 287
f 287 82 325
f 287 325 330
f 330 325 331
f 330 331 332
f 332 331 333
f 332 333 243
f 243 333 334
f 243 334 186
f 292 291 246
f 82 86 324
f 324 86 88
f 324 88 291
f 291 88 5
f 291 5 246
f 246 5 7
f 246 7 90
f 320 319 335
f 272 336 96
f 96 336 337
f 96 337 245
f 245 337 338
f 245 338 339
f 339 338 340
f 316 341 317
f 317 341 342
f 317 342 292
f 292 342 343
f 292 343 290
f 340 335 339
f 339 335 319
f 339 319 326
f 326 319 344
f 326 344 327
f 318 320 345
f 345 320 346
f 345 346 247
f 247 346 347
f 247 347 248
f 248 347 348
f 248 348 329
f 329 348 349
f 329 349 350
f 350 351 329
f 329 351 352
f 329 352 65
f 65 352 353
f 65 353 100
f 354 199 355
f 355 199 200
f 355 200 228
f 355 356 354
f 354 356 357
f 354 357 358
f 358 357 359
f 359 360 358
f 358 360 361
f 358 361 362
f 362 361 363
f 362 363 364
f 364 363 365
f 365 366 364
f 364 366 367
f 364 367 368
f 179 159 160
f 367 369 368
f 368 369 370
f 368 370 160
f 160 370 371
f 160 371 179
f 273 97 372
f 97 98 372
f 372 98 179
f 372 179 373
f 373 179 371
f 372 374 273
f 273 374 375
f 273 375 272
f 272 375 376
f 376 377 272
f 272 377 378
f 272 378 336
f 378 379 336
f 336 379 380
f 336 380 337
f 337 380 381
f 381 382 337
f 337 382 383
f 337 383 338
f 383 384 338
f 338 384 385
f 338 385 340
f 340 385 386
f 387 335 388
f 388 335 340
f 388 340 389
f 389 340 386
f 387 390 335
f 335 390 391
f 335 391 320
f 320 391 392
f 320 392 346
f 346 392 393
f 346 393 394
f 394 395 346
f 346 395 396
f 346 396 347
f 347 396 397
f 347 397 348
f 348 397 398
f 398 399 348
f 348 399 400
f 348 400 349
f 400 401 349
f 349 401 402
f 349 402 350
f 350 402 403
f 403 404 350
f 350 404 405
f 350 405 351
f 405 406 351
f 351 406 407
f 351 407 352
f 352 407 408
f 408 409 352
f 352 409 410
f 352 410 353
f 228 99 100
f 410 411 353
f 353 411 412
f 353 412 100
f 100 412 413
f 100 413 228
f 228 413 414
f 228 414 355
f 415 117 416
f 416 117 119
f 416 119 417
f 417 119 121
f 417 121 418
f 418 121 123
f 418 123 419
f 419 123 101
f 419 101 420
f 420 101 103
f 420 103 421
f 421 103 105
f 421 105 422
f 422 105 107
f 422 107 423
f 423 107 109
f 423 109 424
f 424 109 111
f 424 111 425
f 425 111 113
f 425 113 426
f 426 113 115
f 426 115 415
f 415 115 117
f 427 137 428
f 428 137 139
f 428 139 429
f 429 139 141
f 429 141 430
f 430 141 143
f 430 143 431
f 431 143 145
f 431 145 432
f 432 145 147
f 432 147 433
f 433 147 125
f 433 125 434
f 434 125 127
f 434 127 435
f 435 127 129
f 435 129 436
f 436 129 131
f 436 131 437
f 437 131 133
f 437 133 438
f 438 133 135
f 438 135 427
f 427 135 137
f 149 439 150
f 150 439 440
f 151 441 152
f 152 441 442
f 443 444 445
f 445 444 446
f 445 446 447
f 447 446 448
f 447 448 153
f 153 448 154
f 156 155 449
f 449 155 450
f 449 450 451
f 451 450 452
f 451 452 453
f 453 452 454
f 453 454 455
f 455 454 456
f 457 197 458
f 458 197 199
f 459 460 461
f 461 460 462
f 461 462 463
f 464 462 465
f 465 462 466
f 174 216 467
f 467 216 468
f 155 36 34
f 469 470 471
f 472 473 474
f 474 473 475
f 467 476 174
f 174 476 477
f 174 477 172
f 172 477 478
f 172 478 170
f 170 478 439
f 469 471 464
f 479 175 480
f 480 175 474
f 480 474 481
f 481 474 475
f 481 475 469
f 469 475 482
f 469 482 470
f 479 483 175
f 175 483 484
f 175 484 166
f 166 484 485
f 166 485 164
f 164 485 486
f 164 486 487
f 487 466 164
f 164 466 462
f 164 462 162
f 162 462 477
f 162 477 158
f 158 477 476
f 158 476 488
f 199 354 458
f 458 354 358
f 458 358 488
f 488 358 362
f 488 362 364
f 364 368 488
f 488 368 160
f 488 160 158
f 149 22 439
f 439 22 20
f 439 20 170
f 170 20 18
f 170 18 167
f 167 18 16
f 167 16 196
f 196 16 14
f 196 14 12
f 12 10 196
f 196 10 154
f 196 154 448
f 489 462 490
f 490 462 464
f 490 464 491
f 491 464 471
f 474 492 472
f 472 492 493
f 472 493 494
f 494 493 463
f 494 463 495
f 495 463 462
f 495 462 496
f 496 462 489
f 450 497 452
f 452 497 454
f 448 446 196
f 196 446 444
f 196 444 497
f 497 444 456
f 497 456 454
f 450 155 497
f 497 155 34
f 497 34 498
f 498 34 32
f 498 32 459
f 459 32 30
f 459 30 460
f 460 30 28
f 460 28 442
f 442 28 26
f 442 26 152
f 152 26 24
f 499 497 498
f 499 498 500
f 500 498 459
f 500 459 501
f 501 459 461
f 501 461 502
f 502 461 503
f 503 461 463
f 503 463 504
f 504 463 493
f 504 493 505
f 505 493 492
f 505 492 506
f 506 492 474
f 506 474 507
f 175 508 509
f 175 509 474
f 474 509 510
f 474 510 507
f 508 175 511
f 511 175 176
f 511 176 512
f 512 176 177
f 512 177 513
f 177 178 180
f 513 177 514
f 514 177 180
f 514 180 515
f 515 180 293
f 515 293 516
f 516 293 294
f 516 294 517
f 518 517 295
f 295 517 294
f 518 295 519
f 519 295 302
f 519 302 520
f 520 302 521
f 521 302 300
f 521 300 522
f 522 300 298
f 522 298 523
f 523 298 296
f 523 296 524
f 524 296 184
f 524 184 182
f 333 525 526
f 333 526 334
f 334 526 185
f 334 185 186
f 343 527 290
f 290 527 528
f 290 528 291
f 291 528 529
f 291 529 324
f 324 529 530
f 324 530 325
f 325 530 531
f 325 531 331
f 331 531 532
f 331 532 333
f 333 532 525
f 341 533 534
f 341 534 342
f 342 534 527
f 342 527 343
f 535 533 316
f 316 533 341
f 310 536 537
f 310 537 312
f 312 537 538
f 312 538 314
f 314 538 535
f 314 535 316
f 539 536 308
f 308 536 310
f 328 540 541
f 328 541 306
f 306 541 539
f 306 539 308
f 318 542 319
f 319 542 543
f 319 543 344
f 344 543 544
f 344 544 327
f 327 544 545
f 327 545 328
f 328 545 540
f 542 318 546
f 546 318 345
f 546 345 547
f 547 345 247
f 547 247 548
f 548 247 249
f 548 249 549
f 549 249 251
f 549 251 253
f 549 253 550
f 550 253 255
f 550 255 551
f 552 551 274
f 274 551 255
f 552 274 276
f 552 276 553
f 553 276 278
f 553 278 554
f 554 278 280
f 554 280 555
f 556 555 282
f 282 555 280
f 556 282 284
f 556 284 557
f 557 284 286
f 557 286 558
f 558 286 559
f 559 286 321
f 559 321 560
f 560 321 322
f 560 322 561
f 561 322 323
f 561 323 562
f 562 323 262
f 562 262 563
f 563 262 261
f 563 261 564
f 564 261 259
f 564 259 257
f 564 257 565
f 565 257 187
f 565 187 189
f 191 192 265
f 191 265 566
f 566 265 270
f 566 270 567
f 567 270 269
f 567 269 568
f 568 269 569
f 569 269 267
f 569 267 570
f 237 571 267
f 267 571 572
f 267 572 570
f 573 571 235
f 235 571 237
f 573 235 574
f 574 235 236
f 574 236 575
f 193 227 194
f 194 227 576
f 194 576 236
f 236 576 575
f 497 499 577
f 497 577 196
f 577 578 196
f 196 578 579
f 196 579 195
f 195 579 580
f 195 580 227
f 227 580 581
f 227 581 576
f 197 457 582
f 207 63 582
f 582 63 64
f 582 64 197
f 197 64 225
f 197 225 198
f 582 457 583
f 583 457 458
f 584 583 488
f 488 583 458
f 476 585 586
f 476 586 488
f 488 586 587
f 488 587 584
f 476 467 585
f 585 467 588
f 588 467 589
f 589 467 468
f 589 468 590
f 37 208 38
f 38 208 590
f 215 224 216
f 216 224 38
f 216 38 468
f 468 38 590
f 591 217 50
f 234 591 52
f 52 591 50
f 52 50 233
f 233 50 218
f 592 266 593
f 593 266 268
f 593 268 594
f 594 268 264
f 594 264 595
f 595 264 263
f 595 263 596
f 596 263 256
f 596 256 597
f 597 256 258
f 597 258 598
f 598 258 260
f 598 260 599
f 599 260 238
f 599 238 600
f 600 238 239
f 600 239 601
f 601 239 240
f 601 240 602
f 602 240 241
f 602 241 603
f 603 241 242
f 603 242 592
f 592 242 266
f 604 271 605
f 605 271 285
f 605 285 606
f 606 285 283
f 606 283 607
f 607 283 281
f 607 281 608
f 608 281 279
f 608 279 609
f 609 279 277
f 609 277 610
f 610 277 275
f 610 275 611
f 611 275 254
f 611 254 612
f 612 254 252
f 612 252 613
f 613 252 250
f 613 250 614
f 614 250 248
f 614 248 615
f 615 248 329
f 615 329 604
f 604 329 271
f 330 616 287
f 287 616 617
f 287 617 288
f 288 617 618
f 288 618 289
f 289 618 619
f 289 619 304
f 304 619 620
f 304 620 303
f 303 620 621
f 303 621 301
f 301 621 622
f 301 622 299
f 299 622 623
f 299 623 297
f 297 623 624
f 297 624 244
f 244 624 625
f 244 625 243
f 243 625 626
f 243 626 332
f 332 626 627
f 332 627 330
f 330 627 616
f 309 628 307
f 307 628 629
f 307 629 305
f 305 629 630
f 305 630 326
f 326 630 631
f 326 631 339
f 339 631 632
f 339 632 245
f 245 632 633
f 245 633 246
f 246 633 634
f 246 634 292
f 292 634 635
f 292 635 317
f 317 635 636
f 317 636 315
f 315 636 637
f 315 637 313
f 313 637 638
f 313 638 311
f 311 638 639
f 311 639 309
f 309 639 628
f 640 641 642
f 642 641 643
f 642 643 644
f 644 643 645
f 644 645 646
f 646 645 647
f 646 647 648
f 648 647 649
f 648 649 650
f 650 649 651
f 650 651 652
f 652 651 653
f 652 653 654
f 654 653 655
f 654 655 656
f 656 655 657
f 656 657 658
f 658 657 659
f 658 659 660
f 660 659 661
f 660 661 662
f 662 661 663
f 662 663 664
f 664 663 665
f 664 665 666
f 666 665 667
f 666 667 668
f 668 667 669
f 668 669 670
f 670 669 671
f 670 671 672
f 672 671 673
f 672 673 674
f 674 673 675
f 674 675 676
f 676 675 677
f 676 677 678
f 678 677 679
f 678 679 680
f 680 679 681
f 680 681 682
f 682 681 683
f 682 683 684
f 684 683 685
f 684 685 686
f 686 685 687
f 686 687 688
f 688 687 689
f 688 689 690
f 690 689 691
f 690 691 692
f 692 691 693
f 692 693 694
f 694 693 695
f 694 695 696
f 696 695 697
f 696 697 698
f 698 697 699
f 698 699 700
f 700 699 701
f 700 701 702
f 702 701 703
f 702 703 704
f 704 703 705
f 704 705 706
f 706 705 707
f 706 707 640
f 640 707 641
f 373 371 708
f 708 371 370
f 708 370 709
f 709 370 369
f 709 369 710
f 710 369 367
f 710 367 711
f 711 367 366
f 373 708 372
f 372 708 712
f 372 712 374
f 374 712 713
f 374 713 375
f 375 713 714
f 375 714 376
f 382 381 715
f 715 381 380
f 715 380 716
f 716 380 379
f 716 379 717
f 717 379 378
f 717 378 714
f 714 378 377
f 714 377 376
f 382 715 383
f 383 715 718
f 383 718 384
f 384 718 719
f 384 719 385
f 385 719 720
f 385 720 386
f 392 391 721
f 721 391 390
f 721 390 722
f 722 390 387
f 722 387 723
f 723 387 388
f 723 388 720
f 720 388 389
f 720 389 386
f 392 721 393
f 393 721 724
f 393 724 394
f 394 724 725
f 394 725 395
f 395 725 726
f 395 726 396
f 402 401 727
f 727 401 400
f 727 400 728
f 728 400 399
f 728 399 729
f 729 399 398
f 729 398 726
f 726 398 397
f 726 397 396
f 402 727 403
f 403 727 730
f 403 730 404
f 404 730 731
f 404 731 405
f 405 731 732
f 405 732 406
f 412 411 733
f 733 411 410
f 733 410 734
f 734 410 409
f 734 409 735
f 735 409 408
f 735 408 732
f 732 408 407
f 732 407 406
f 412 733 413
f 413 733 736
f 413 736 414
f 414 736 737
f 414 737 355
f 355 737 738
f 355 738 356
f 366 365 711
f 711 365 363
f 711 363 739
f 739 363 361
f 739 361 740
f 740 361 360
f 740 360 741
f 741 360 359
f 741 359 738
f 738 359 357
f 738 357 356
f 674 742 672
f 672 742 743
f 672 743 670
f 670 743 744
f 670 744 668
f 668 744 745
f 668 745 666
f 666 745 746
f 666 746 664
f 664 746 747
f 664 747 662
f 662 747 748
f 662 748 660
f 660 748 749
f 660 749 658
f 658 749 750
f 658 750 656
f 656 750 751
f 656 751 654
f 654 751 752
f 654 752 652
f 652 752 753
f 652 753 650
f 650 753 754
f 650 754 648
f 648 754 755
f 648 755 646
f 646 755 756
f 646 756 644
f 644 756 757
f 644 757 642
f 642 757 758
f 642 758 640
f 640 758 759
f 640 759 706
f 706 759 760
f 706 760 704
f 704 760 761
f 704 761 702
f 702 761 762
f 702 762 700
f 700 762 763
f 700 763 698
f 698 763 764
f 698 764 696
f 696 764 765
f 696 765 694
f 694 765 766
f 694 766 692
f 692 766 767
f 692 767 690
f 690 767 768
f 690 768 688
f 688 768 769
f 688 769 686
f 686 769 770
f 686 770 684
f 684 770 771
f 684 771 682
f 682 771 772
f 682 772 680
f 680 772 773
f 680 773 678
f 678 773 774
f 678 774 676
f 676 774 775
f 676 775 674
f 674 775 742
f 742 739 743
f 743 739 740
f 743 740 744
f 744 740 741
f 744 741 745
f 745 741 738
f 745 738 746
f 746 738 737
f 746 737 747
f 747 737 736
f 747 736 748
f 748 736 733
f 748 733 749
f 749 733 734
f 749 734 750
f 750 734 735
f 750 735 751
f 751 735 732
f 751 732 752
f 752 732 731
f 752 731 753
f 753 731 730
f 753 730 754
f 754 730 727
f 754 727 755
f 755 727 728
f 755 728 756
f 756 728 729
f 756 729 757
f 757 729 726
f 757 726 758
f 758 726 725
f 758 725 759
f 759 725 724
f 759 724 760
f 760 724 721
f 760 721 761
f 761 721 722
f 761 722 762
f 762 722 723
f 762 723 763
f 763 723 720
f 763 720 764
f 764 720 719
f 764 719 765
f 765 719 718
f 765 718 766
f 766 718 715
f 766 715 767
f 767 715 716
f 767 716 768
f 768 716 717
f 768 717 769
f 769 717 714
f 769 714 770
f 770 714 713
f 770 713 771
f 771 713 712
f 771 712 772
f 772 712 708
f 772 708 773
f 773 708 709
f 773 709 774
f 774 709 710
f 774 710 775
f 775 710 711
f 775 711 742
f 742 711 739
f 425 776 424
f 424 776 777
f 424 777 423
f 423 777 778
f 423 778 422
f 422 778 779
f 422 779 421
f 421 779 780
f 421 780 420
f 420 780 781
f 420 781 419
f 419 781 782
f 419 782 418
f 418 782 783
f 418 783 417
f 417 783 784
f 417 784 416
f 416 784 785
f 416 785 415
f 415 785 786
f 415 786 426
f 426 786 787
f 426 787 425
f 425 787 776
f 427 788 438
f 438 788 789
f 438 789 437
f 437 789 790
f 437 790 436
f 436 790 791
f 436 791 435
f 435 791 792
f 435 792 434
f 434 792 793
f 434 793 433
f 433 793 794
f 433 794 432
f 432 794 795
f 432 795 431
f 431 795 796
f 431 796 430
f 430 796 797
f 430 797 429
f 429 797 798
f 429 798 428
f 428 798 799
f 428 799 427
f 427 799 788
f 471 800 491
f 491 800 801
f 491 801 490
f 490 801 802
f 490 802 489
f 489 802 803
f 489 803 496
f 496 803 804
f 496 804 495
f 495 804 805
f 495 805 494
f 494 805 806
f 494 806 472
f 472 806 807
f 472 807 473
f 473 807 808
f 473 808 475
f 475 808 809
f 475 809 482
f 482 809 810
f 482 810 470
f 470 810 811
f 470 811 471
f 471 811 800
f 485 812 486
f 486 812 813
f 486 813 487
f 487 813 814
f 487 814 466
f 466 814 815
f 466 815 465
f 465 815 816
f 465 816 464
f 464 816 817
f 464 817 469
f 469 817 818
f 469 818 481
f 481 818 819
f 481 819 480
f 480 819 820
f 480 820 479
f 479 820 821
f 479 821 483
f 483 821 822
f 483 822 484
f 484 822 823
f 484 823 485
f 485 823 812
f 440 439 824
f 824 439 478
f 825 824 477
f 477 824 478
f 462 826 827
f 462 827 477
f 477 827 828
f 477 828 825
f 462 460 826
f 826 460 829
f 829 460 830
f 830 460 442
f 830 442 441
f 455 456 831
f 831 456 444
f 831 444 443
f 669 667 832
f 520 521 833
f 573 574 834
f 835 569 570
f 835 561 601
f 601 561 600
f 601 602 835
f 835 602 603
f 835 603 569
f 569 603 592
f 569 592 568
f 568 592 593
f 568 593 567
f 567 593 594
f 567 594 566
f 566 594 595
f 566 595 191
f 191 595 190
f 190 595 596
f 190 596 189
f 600 561 599
f 599 561 562
f 599 562 598
f 598 562 563
f 598 563 597
f 597 563 564
f 597 564 596
f 596 564 565
f 596 565 189
f 836 837 559
f 835 838 561
f 561 838 836
f 561 836 560
f 560 836 559
f 556 837 555
f 555 837 554
f 556 557 837
f 837 557 558
f 837 558 559
f 613 614 836
f 836 614 615
f 836 615 837
f 837 615 604
f 837 604 605
f 605 606 837
f 837 606 607
f 837 607 554
f 554 607 608
f 554 608 553
f 553 608 609
f 553 609 552
f 552 609 610
f 552 610 551
f 551 610 611
f 551 611 550
f 550 611 612
f 550 612 549
f 549 612 548
f 542 546 839
f 839 546 547
f 839 547 548
f 637 636 840
f 840 636 635
f 638 538 639
f 639 538 537
f 639 537 628
f 628 537 536
f 628 536 629
f 634 633 841
f 841 633 632
f 841 632 631
f 543 842 544
f 544 842 841
f 544 841 545
f 545 841 631
f 545 631 540
f 540 631 630
f 540 630 541
f 541 630 629
f 541 629 539
f 539 629 536
f 528 527 840
f 840 527 534
f 840 534 533
f 638 637 538
f 538 637 840
f 538 840 535
f 535 840 533
f 635 634 840
f 840 634 841
f 840 841 528
f 528 841 697
f 528 697 529
f 529 697 695
f 529 695 530
f 530 695 693
f 693 691 530
f 530 691 689
f 530 689 833
f 689 687 833
f 833 687 685
f 833 685 843
f 626 526 627
f 627 526 525
f 627 525 616
f 616 525 532
f 616 532 617
f 617 532 531
f 617 531 530
f 625 181 626
f 626 181 185
f 626 185 526
f 624 524 625
f 625 524 182
f 625 182 181
f 621 833 622
f 622 833 521
f 622 521 623
f 623 521 522
f 623 522 624
f 624 522 523
f 624 523 524
f 621 620 833
f 833 620 619
f 833 619 530
f 530 619 618
f 530 618 617
f 516 517 843
f 843 517 518
f 843 518 833
f 833 518 519
f 833 519 520
f 514 844 513
f 513 844 845
f 513 845 776
f 776 787 513
f 513 787 786
f 513 786 512
f 512 786 785
f 512 785 784
f 783 782 846
f 846 782 781
f 846 781 780
f 779 778 845
f 845 778 777
f 845 777 776
f 789 788 846
f 846 788 512
f 846 512 783
f 783 512 784
f 511 796 795
f 788 799 512
f 512 799 798
f 512 798 511
f 511 798 797
f 511 797 796
f 794 793 847
f 793 792 847
f 847 792 791
f 847 791 846
f 846 791 790
f 846 790 789
f 812 508 848
f 848 508 511
f 848 511 847
f 847 511 795
f 847 795 794
f 812 823 508
f 508 823 822
f 508 822 509
f 509 822 821
f 509 821 820
f 819 818 849
f 849 818 817
f 849 817 816
f 815 814 848
f 848 814 813
f 848 813 812
f 801 800 849
f 849 800 509
f 849 509 819
f 819 509 820
f 800 811 509
f 509 811 810
f 509 810 510
f 510 810 809
f 510 809 808
f 806 805 850
f 806 850 807
f 805 804 850
f 850 804 803
f 850 803 849
f 849 803 802
f 849 802 801
f 503 504 850
f 850 504 505
f 808 807 510
f 510 807 850
f 510 850 507
f 507 850 505
f 507 505 506
f 826 829 502
f 577 499 830
f 830 499 500
f 830 500 829
f 829 500 501
f 829 501 502
f 23 25 151
f 151 25 830
f 151 830 441
f 577 449 451
f 451 453 577
f 577 453 455
f 577 455 578
f 25 27 830
f 830 27 29
f 830 29 577
f 577 29 31
f 577 31 33
f 33 35 577
f 577 35 156
f 577 156 449
f 153 9 11
f 824 825 848
f 848 825 849
f 848 849 815
f 815 849 816
f 579 447 153
f 153 11 579
f 579 11 13
f 579 13 15
f 455 831 578
f 578 831 443
f 578 443 579
f 579 443 445
f 579 445 447
f 21 150 19
f 19 150 440
f 19 440 17
f 17 440 824
f 581 580 217
f 590 208 589
f 589 208 209
f 589 209 210
f 210 211 589
f 589 211 580
f 589 580 588
f 588 580 579
f 588 579 585
f 214 217 213
f 213 217 580
f 213 580 212
f 212 580 211
f 217 591 581
f 581 591 234
f 581 234 576
f 576 234 201
f 574 575 834
f 834 575 576
f 834 576 845
f 207 582 206
f 206 582 583
f 206 583 205
f 201 202 576
f 576 202 203
f 576 203 204
f 780 779 846
f 846 779 845
f 846 845 584
f 584 845 576
f 584 576 583
f 583 576 204
f 583 204 205
f 584 587 846
f 846 587 586
f 846 586 847
f 847 586 585
f 847 585 848
f 848 585 579
f 848 579 824
f 824 579 15
f 824 15 17
f 707 705 842
f 839 649 647
f 647 645 839
f 839 645 643
f 839 643 641
f 543 542 842
f 842 542 839
f 842 839 707
f 707 839 641
f 612 613 548
f 548 613 836
f 548 836 839
f 839 836 651
f 839 651 649
f 659 657 838
f 838 657 655
f 838 655 836
f 836 655 653
f 836 653 651
f 667 665 832
f 832 665 663
f 832 663 838
f 838 663 661
f 838 661 659
f 570 572 835
f 835 572 571
f 835 571 838
f 838 571 573
f 838 573 832
f 832 573 834
f 832 834 669
f 677 675 845
f 845 675 673
f 845 673 834
f 834 673 671
f 834 671 669
f 679 851 681
f 681 851 843
f 681 843 683
f 683 843 685
f 705 703 842
f 842 703 701
f 842 701 841
f 841 701 699
f 841 699 697
f 502 503 826
f 826 503 850
f 826 850 827
f 827 850 849
f 827 849 828
f 828 849 825
f 679 677 851
f 851 677 845
f 851 845 843
f 843 845 844
f 843 844 516
f 516 844 514
f 516 514 515
f 852 853 854
f 854 853 855
f 854 855 856
f 857 858 854
f 854 858 859
f 854 859 852
f 860 861 854
f 854 861 862
f 854 862 857
f 863 864 854
f 854 864 865
f 854 865 860
f 856 866 854
f 854 866 867
f 854 867 863
f 868 853 869
f 869 853 852
f 869 852 870
f 870 852 859
f 870 859 871
f 871 859 858
f 871 858 872
f 872 858 857
f 872 857 873
f 873 857 862
f 873 862 874
f 874 862 861
f 874 861 875
f 875 861 860
f 875 860 876
f 876 860 865
f 876 865 877
f 877 865 864
f 877 864 878
f 878 864 863
f 878 863 879
f 879 863 867
f 879 867 880
f 880 867 866
f 880 866 881
f 881 866 856
f 881 856 882
f 882 856 855
f 882 855 868
f 868 855 853
f 883 884 885
f 885 884 886
f 886 884 887
f 886 887 888
f 888 887 889
f 888 889 890
f 890 889 891
f 890 891 892
f 893 894 895
f 895 894 892
f 895 892 896
f 896 892 891
f 897 898 899
f 899 898 900
f 885 901 883
f 883 901 899
f 883 899 902
f 902 899 900
f 902 900 903
f 880 904 879
f 879 904 905
f 879 905 878
f 878 905 906
f 878 906 877
f 877 906 907
f 877 907 876
f 876 907 908
f 876 908 875
f 870 909 869
f 869 909 910
f 869 910 868
f 868 910 911
f 868 911 882
f 882 911 912
f 882 912 881
f 881 912 913
f 881 913 880
f 880 913 914
f 880 914 904
f 908 915 875
f 875 915 916
f 875 916 874
f 874 916 917
f 874 917 873
f 873 917 918
f 873 918 872
f 872 918 919
f 872 919 871
f 871 919 920
f 871 920 870
f 870 920 921
f 870 921 909
f 922 890 892
f 922 892 923
f 923 892 894
f 923 894 924
f 924 894 893
f 924 893 925
f 925 893 895
f 925 895 926
f 926 895 896
f 926 896 927
f 927 896 891
f 927 891 928
f 928 891 889
f 928 889 929
f 929 889 887
f 929 887 930
f 930 887 884
f 930 884 931
f 931 884 883
f 931 883 932
f 932 883 902
f 932 902 933
f 933 902 903
f 933 903 934
f 934 903 900
f 934 900 935
f 935 900 898
f 935 898 936
f 936 898 897
f 936 897 937
f 937 897 899
f 937 899 938
f 938 899 901
f 938 901 939
f 939 901 885
f 939 885 940
f 940 885 886
f 940 886 941
f 941 886 888
f 941 888 942
f 942 888 890
f 942 890 922
f 943 910 944
f 944 910 909
f 944 909 945
f 945 909 921
f 945 921 946
f 946 921 920
f 946 920 947
f 947 920 919
f 947 919 948
f 948 919 918
f 948 918 949
f 949 918 917
f 949 917 950
f 950 917 916
f 950 916 951
f 951 916 915
f 951 915 952
f 952 915 908
f 952 908 953
f 953 908 907
f 953 907 954
f 954 907 906
f 954 906 955
f 955 906 905
f 955 905 956
f 956 905 904
f 956 904 957
f 957 904 914
f 957 914 958
f 958 914 913
f 958 913 959
f 959 913 912
f 959 912 960
f 960 912 911
f 960 911 943
f 943 911 910
f 961 962 963
f 964 965 966
f 967 968 969
f 969 968 970
f 969 970 971
f 971 970 972
f 971 972 973
f 973 972 965
f 973 965 974
f 974 965 964
f 963 962 975
f 975 962 976
f 975 976 977
f 977 976 978
f 977 978 979
f 980 981 982
f 982 981 968
f 982 968 983
f 983 968 967
f 983 967 984
f 984 967 985
f 986 987 988
f 988 987 989
f 988 989 990
f 991 992 993
f 993 992 994
f 990 989 995
f 995 989 996
f 995 996 997
f 997 996 998
f 997 998 966
f 966 998 999
f 966 999 964
f 994 1000 993
f 993 1000 1001
f 993 1001 963
f 963 1001 1002
f 963 1002 961
f 1003 1004 993
f 993 1004 1005
f 1005 1006 993
f 993 1006 1007
f 993 1007 991
f 978 1008 979
f 979 1008 1009
f 979 1009 1010
f 1010 1009 1011
f 1010 1011 1012
f 1012 1011 1013
f 1012 1013 985
f 985 1013 1014
f 985 1014 984
f 1015 935 1016
f 1016 935 936
f 1016 936 1017
f 1017 936 937
f 1017 937 1018
f 1018 937 938
f 1018 938 1019
f 1019 938 939
f 1019 939 1020
f 1020 939 940
f 1020 940 1021
f 1021 940 941
f 1021 941 1022
f 1022 941 942
f 1022 942 1023
f 1023 942 922
f 1023 922 1024
f 1024 922 923
f 1024 923 1025
f 1025 923 924
f 1025 924 1026
f 1026 924 925
f 1026 925 1027
f 1027 925 926
f 1027 926 1028
f 1028 926 927
f 1028 927 1029
f 927 928 1029
f 1029 928 929
f 1029 929 1030
f 1030 929 930
f 1030 930 1031
f 1031 930 931
f 1031 931 1032
f 1032 931 932
f 1032 932 1033
f 1033 932 933
f 1033 933 1015
f 1015 933 934
f 1015 934 935
f 1034 1035 1036
f 1034 1036 1037
f 1038 1039 1040
f 1040 1039 1041
f 1040 1041 1042
f 1043 1044 1045
f 1045 1044 1037
f 1045 1037 1046
f 1046 1037 1036
f 1046 1036 1047
f 1038 1048 1039
f 1039 1048 1049
f 1039 1049 1050
f 1051 1052 1053
f 1053 1052 1054
f 1053 1054 1055
f 1055 1054 1056
f 1055 1056 1057
f 1057 1056 1058
f 1057 1058 1045
f 1045 1058 1059
f 1045 1059 1043
f 1053 1060 1051
f 1051 1060 1061
f 1051 1061 1062
f 1062 1061 1063
f 1062 1063 1064
f 1064 1063 1065
f 1064 1065 1066
f 1066 1065 1067
f 1066 1067 1068
f 1068 1067 1069
f 1068 1069 1070
f 1071 1072 1073
f 1073 1072 1074
f 1073 1074 1049
f 1049 1074 1075
f 1049 1075 1050
f 1069 1076 1070
f 1070 1076 1077
f 1070 1077 1078
f 1078 1077 1079
f 1078 1079 1080
f 1080 1079 1081
f 1080 1081 1082
f 1082 1081 1083
f 1082 1083 1084
f 1084 1083 1085
f 1084 1085 1086
f 1086 1085 1087
f 1086 1087 1088
f 1088 1087 1089
f 1088 1089 1090
f 1090 1089 1091
f 1090 1091 1071
f 1071 1091 1092
f 1071 1092 1072
f 1093 1094 1095
f 1093 1095 1096
f 1097 1098 1099
f 1099 1098 1100
f 1099 1100 1101
f 1102 1103 1104
f 1104 1103 1096
f 1104 1096 1105
f 1105 1096 1095
f 1105 1095 1106
f 1097 1107 1098
f 1098 1107 1108
f 1098 1108 1109
f 1110 1111 1112
f 1112 1111 1113
f 1112 1113 1114
f 1114 1113 1115
f 1114 1115 1116
f 1116 1115 1117
f 1116 1117 1104
f 1104 1117 1118
f 1104 1118 1102
f 1112 1119 1110
f 1110 1119 1120
f 1110 1120 1121
f 1121 1120 1122
f 1121 1122 1123
f 1123 1122 1124
f 1123 1124 1125
f 1125 1124 1126
f 1125 1126 1127
f 1127 1126 1128
f 1127 1128 1129
f 1130 1131 1132
f 1132 1131 1133
f 1132 1133 1108
f 1108 1133 1134
f 1108 1134 1109
f 1128 1135 1129
f 1129 1135 1136
f 1129 1136 1137
f 1137 1136 1138
f 1137 1138 1139
f 1139 1138 1140
f 1139 1140 1141
f 1141 1140 1142
f 1141 1142 1143
f 1143 1142 1144
f 1143 1144 1145
f 1145 1144 1146
f 1145 1146 1147
f 1147 1146 1148
f 1147 1148 1149
f 1149 1148 1150
f 1149 1150 1130
f 1130 1150 1151
f 1130 1151 1131
f 1152 1153 1154
f 1154 1153 1155
f 1156 1157 1158
f 1159 1160 1154
f 1154 1160 1161
f 1154 1161 1152
f 1155 1162 1154
f 1154 1162 1163
f 1154 1163 1158
f 1164 1165 1166
f 1166 1165 1167
f 1166 1167 1168
f 1169 1170 1171
f 1172 1173 1174
f 1174 1173 1158
f 1174 1158 1175
f 1175 1158 1157
f 1176 1168 1177
f 1177 1168 1178
f 1178 1168 1179
f 1179 1168 1167
f 1179 1167 1170
f 1170 1167 1180
f 1170 1180 1171
f 1169 1171 1181
f 1181 1171 1182
f 1181 1182 1183
f 1182 1184 1183
f 1183 1184 1185
f 1183 1185 1163
f 1163 1185 1186
f 1163 1186 1158
f 1158 1186 1187
f 1158 1187 1156
f 1188 1189 1190
f 1191 1192 1193
f 1194 1195 1196
f 1196 1195 1197
f 1196 1197 1198
f 1198 1197 1199
f 1198 1199 1200
f 1200 1199 1192
f 1200 1192 1201
f 1201 1192 1191
f 1190 1189 1202
f 1202 1189 1203
f 1202 1203 1204
f 1204 1203 1205
f 1204 1205 1206
f 1207 1208 1209
f 1209 1208 1195
f 1209 1195 1210
f 1210 1195 1194
f 1210 1194 1211
f 1211 1194 1212
f 1213 1214 1215
f 1215 1214 1216
f 1215 1216 1217
f 1218 1219 1220
f 1220 1219 1221
f 1217 1216 1222
f 1222 1216 1223
f 1222 1223 1224
f 1224 1223 1225
f 1224 1225 1193
f 1193 1225 1226
f 1193 1226 1191
f 1221 1227 1220
f 1220 1227 1228
f 1220 1228 1190
f 1190 1228 1229
f 1190 1229 1188
f 1230 1231 1220
f 1220 1231 1232
f 1232 1233 1220
f 1220 1233 1234
f 1220 1234 1218
f 1205 1235 1206
f 1206 1235 1236
f 1206 1236 1237
f 1237 1236 1238
f 1237 1238 1239
f 1239 1238 1240
f 1239 1240 1212
f 1212 1240 1241
f 1212 1241 1211
f 1242 1243 1244
f 1245 1246 1247
f 1248 1249 1250
f 1250 1249 1245
f 1250 1245 1251
f 1244 1243 1252
f 1252 1243 1253
f 1252 1253 1254
f 1255 1256 1247
f 1247 1256 1257
f 1247 1257 1245
f 1245 1257 1258
f 1245 1258 1251
f 1244 1259 1242
f 1242 1259 1260
f 1242 1260 1255
f 1255 1260 1261
f 1255 1261 1256
f 1262 1263 1264
f 1264 1263 1265
f 1264 1265 1266
f 1266 1265 1267
f 1266 1267 1268
f 1268 1267 1269
f 1268 1269 1270
f 1270 1269 1271
f 1270 1271 1272
f 1272 1271 1273
f 1272 1273 1253
f 1253 1273 1274
f 1253 1274 1254
f 1275 1276 1277
f 1277 1278 1279
f 1279 1278 1280
f 1280 1278 1281
f 1280 1281 1282
f 1282 1281 1283
f 1282 1283 1284
f 1285 1275 1286
f 1286 1275 1277
f 1286 1277 1287
f 1287 1277 1279
f 1288 1282 1289
f 1289 1282 1284
f 1289 1284 1290
f 1290 1284 1291
f 1292 1293 1294
f 1294 1293 1275
f 1294 1275 1295
f 1295 1275 1285
f 1296 1297 1298
f 1298 1297 1299
f 1300 1301 1302
f 1302 1301 1303
f 1304 1305 1306
f 1306 1305 1307
f 1308 1309 1310
f 1310 1309 1311
f 948 949 1312
f 949 950 1313
f 1314 1315 1316
f 1313 950 1317
f 1317 950 951
f 1317 951 1318
f 1318 951 952
f 1318 952 1319
f 1319 952 953
f 1319 953 1320
f 1320 953 1321
f 1321 953 954
f 1321 954 1322
f 1322 954 955
f 1322 955 1323
f 1323 955 956
f 1323 956 1324
f 1324 956 957
f 1324 957 1325
f 1313 1326 949
f 949 1326 1327
f 949 1327 1312
f 1312 1327 1328
f 1312 1328 1316
f 1316 1328 1329
f 1316 1329 1314
f 1315 1330 1316
f 1316 1330 1331
f 1316 1331 1332
f 1325 957 1333
f 1333 957 958
f 1333 958 1334
f 1334 958 959
f 1334 959 1335
f 1335 959 960
f 1335 960 1336
f 1336 960 943
f 1336 943 1337
f 1337 943 1338
f 1338 943 944
f 1338 944 1339
f 1339 944 945
f 1339 945 1340
f 1340 945 946
f 1340 946 1312
f 1312 946 947
f 1312 947 948
f 1341 1342 1343
f 1341 1343 1344
f 1344 1343 1345
f 1344 1345 1346
f 1346 1345 1347
f 1346 1347 1348
f 1349 1350 1341
f 1341 1350 1351
f 1351 1350 1352
f 1351 1352 1353
f 1354 1355 1348
f 1348 1355 1356
f 1348 1356 1346
f 1346 1356 1349
f 1346 1349 1344
f 1344 1349 1341
f 1357 1358 1359
f 1357 1359 1360
f 1360 1359 1361
f 1360 1361 1362
f 1362 1361 1363
f 1362 1363 1364
f 1365 1366 1367
f 1365 1367 1368
f 1368 1367 1369
f 1368 1369 1370
f 1370 1369 1371
f 1370 1371 1372
f 1372 1371 1373
f 1372 1373 1374
f 1375 1376 1377
f 1378 1379 1380
f 1381 1382 1383
f 1378 1380 1384
f 1384 1380 1385
f 1384 1385 1386
f 1386 1385 1381
f 1386 1381 1377
f 1377 1381 1383
f 1377 1383 1375
f 1387 1388 1389
f 1390 1391 1387
f 1387 1389 1390
f 1390 1389 1392
f 1390 1392 1393
f 1393 1392 1394
f 1393 1394 1395
f 1395 1394 1396
f 1395 1396 1397
f 1398 1399 1400
f 1398 1400 1401
f 1401 1400 1402
f 1401 1402 1403
f 1403 1402 1404
f 1403 1404 1405
f 1406 1407 986
f 986 1407 987
f 1406 986 988
f 1406 988 1408
f 1408 988 990
f 1408 990 1409
f 1409 990 995
f 1409 995 1410
f 1410 995 997
f 1410 997 1411
f 1411 997 966
f 1411 966 1412
f 1412 966 965
f 1412 965 1413
f 1413 965 972
f 1413 972 1414
f 1414 972 970
f 1414 970 1415
f 1415 970 968
f 1415 968 1416
f 1416 968 981
f 1416 981 1417
f 1418 1417 980
f 980 1417 981
f 1419 1418 982
f 982 1418 980
f 1419 982 983
f 1419 983 1420
f 1420 983 984
f 1420 984 1421
f 1421 984 1014
f 1421 1014 1422
f 1422 1014 1013
f 1422 1013 1423
f 1423 1013 1011
f 1423 1011 1424
f 1424 1011 1009
f 1424 1009 1425
f 1425 1009 1008
f 1425 1008 1426
f 1426 1008 978
f 1426 978 1427
f 1427 978 976
f 1427 976 1428
f 1428 976 962
f 1428 962 1429
f 1429 962 961
f 1429 961 1430
f 1430 961 1002
f 1430 1002 1431
f 1431 1002 1001
f 1431 1001 1432
f 1432 1001 1000
f 1432 1000 1433
f 1433 1000 994
f 1433 994 1434
f 1434 994 992
f 1434 992 1435
f 1435 992 991
f 1435 991 1436
f 1436 991 1007
f 1436 1007 1437
f 1437 1007 1006
f 1437 1006 1438
f 1438 1006 1005
f 1438 1005 1439
f 1439 1005 1004
f 1439 1004 1440
f 1440 1004 1003
f 1440 1003 1441
f 1441 1003 993
f 1441 993 1442
f 1442 993 963
f 1442 963 1443
f 1443 963 975
f 1443 975 1444
f 1444 975 977
f 1444 977 1445
f 1445 977 979
f 1445 979 1446
f 1446 979 1010
f 1446 1010 1447
f 1447 1010 1012
f 1447 1012 1448
f 1448 1012 985
f 1448 985 1449
f 1449 985 967
f 1449 967 1450
f 1450 967 969
f 1450 969 1451
f 1451 969 971
f 1451 971 1452
f 1452 971 973
f 1452 973 1453
f 1453 973 974
f 1453 974 1454
f 1454 974 964
f 1454 964 1455
f 1455 964 999
f 1455 999 1456
f 1456 999 998
f 1456 998 1457
f 1457 998 996
f 1457 996 1458
f 1458 996 989
f 1458 989 1459
f 1459 989 987
f 1459 987 1407
f 1460 1021 1022
f 1460 1022 1461
f 1461 1022 1023
f 1461 1023 1462
f 1462 1023 1024
f 1462 1024 1463
f 1463 1024 1025
f 1463 1025 1464
f 1464 1025 1026
f 1464 1026 1465
f 1465 1026 1027
f 1465 1027 1466
f 1466 1027 1028
f 1466 1028 1467
f 1467 1028 1029
f 1467 1029 1468
f 1468 1029 1030
f 1468 1030 1469
f 1469 1030 1031
f 1469 1031 1470
f 1470 1031 1032
f 1470 1032 1471
f 1471 1032 1033
f 1471 1033 1472
f 1472 1033 1015
f 1472 1015 1473
f 1473 1015 1016
f 1473 1016 1474
f 1474 1016 1017
f 1474 1017 1475
f 1475 1017 1018
f 1475 1018 1476
f 1476 1018 1019
f 1476 1019 1477
f 1477 1019 1020
f 1477 1020 1478
f 1478 1020 1021
f 1478 1021 1460
f 1479 1480 1035
f 1035 1480 1036
f 1479 1035 1034
f 1479 1034 1481
f 1481 1034 1037
f 1481 1037 1482
f 1482 1037 1044
f 1482 1044 1483
f 1483 1044 1043
f 1483 1043 1484
f 1484 1043 1059
f 1484 1059 1485
f 1485 1059 1058
f 1485 1058 1486
f 1486 1058 1056
f 1486 1056 1487
f 1487 1056 1054
f 1487 1054 1488
f 1488 1054 1052
f 1488 1052 1489
f 1489 1052 1051
f 1489 1051 1490
f 1490 1051 1062
f 1490 1062 1491
f 1491 1062 1064
f 1491 1064 1492
f 1492 1064 1066
f 1492 1066 1493
f 1493 1066 1068
f 1493 1068 1494
f 1494 1068 1070
f 1494 1070 1495
f 1495 1070 1078
f 1495 1078 1496
f 1496 1078 1080
f 1496 1080 1497
f 1497 1080 1082
f 1497 1082 1498
f 1498 1082 1084
f 1498 1084 1499
f 1499 1084 1086
f 1499 1086 1500
f 1500 1086 1088
f 1500 1088 1501
f 1501 1088 1090
f 1501 1090 1502
f 1502 1090 1071
f 1502 1071 1503
f 1503 1071 1073
f 1503 1073 1504
f 1504 1073 1049
f 1504 1049 1505
f 1505 1049 1048
f 1505 1048 1506
f 1507 1506 1038
f 1038 1506 1048
f 1507 1038 1508
f 1508 1038 1040
f 1508 1040 1509
f 1510 1509 1042
f 1042 1509 1040
f 1510 1042 1041
f 1510 1041 1511
f 1511 1041 1039
f 1511 1039 1512
f 1512 1039 1050
f 1512 1050 1513
f 1513 1050 1075
f 1513 1075 1514
f 1514 1075 1074
f 1514 1074 1515
f 1515 1074 1072
f 1515 1072 1516
f 1516 1072 1092
f 1516 1092 1517
f 1517 1092 1091
f 1517 1091 1518
f 1518 1091 1089
f 1518 1089 1519
f 1519 1089 1087
f 1519 1087 1520
f 1520 1087 1085
f 1520 1085 1521
f 1521 1085 1083
f 1521 1083 1522
f 1522 1083 1081
f 1522 1081 1523
f 1523 1081 1079
f 1523 1079 1524
f 1524 1079 1077
f 1524 1077 1525
f 1525 1077 1076
f 1525 1076 1526
f 1526 1076 1069
f 1526 1069 1527
f 1527 1069 1067
f 1527 1067 1528
f 1528 1067 1065
f 1528 1065 1529
f 1529 1065 1063
f 1529 1063 1530
f 1530 1063 1061
f 1530 1061 1531
f 1531 1061 1060
f 1531 1060 1532
f 1532 1060 1053
f 1532 1053 1533
f 1533 1053 1055
f 1533 1055 1534
f 1534 1055 1057
f 1534 1057 1535
f 1535 1057 1045
f 1535 1045 1536
f 1536 1045 1046
f 1536 1046 1537
f 1538 1537 1047
f 1047 1537 1046
f 1480 1538 1036
f 1036 1538 1047
f 1539 1540 1094
f 1094 1540 1095
f 1539 1094 1093
f 1539 1093 1541
f 1541 1093 1096
f 1541 1096 1542
f 1542 1096 1103
f 1542 1103 1543
f 1543 1103 1102
f 1543 1102 1544
f 1544 1102 1118
f 1544 1118 1545
f 1545 1118 1117
f 1545 1117 1546
f 1546 1117 1115
f 1546 1115 1547
f 1547 1115 1113
f 1547 1113 1548
f 1548 1113 1111
f 1548 1111 1549
f 1549 1111 1110
f 1549 1110 1550
f 1550 1110 1121
f 1550 1121 1551
f 1551 1121 1123
f 1551 1123 1552
f 1552 1123 1125
f 1552 1125 1553
f 1553 1125 1127
f 1553 1127 1554
f 1554 1127 1129
f 1554 1129 1555
f 1555 1129 1137
f 1555 1137 1556
f 1556 1137 1139
f 1556 1139 1557
f 1557 1139 1141
f 1557 1141 1558
f 1558 1141 1143
f 1558 1143 1559
f 1559 1143 1145
f 1559 1145 1560
f 1560 1145 1147
f 1560 1147 1561
f 1561 1147 1149
f 1561 1149 1562
f 1562 1149 1130
f 1562 1130 1563
f 1563 1130 1132
f 1563 1132 1564
f 1564 1132 1108
f 1564 1108 1565
f 1565 1108 1107
f 1565 1107 1566
f 1567 1566 1097
f 1097 1566 1107
f 1567 1097 1568
f 1568 1097 1099
f 1568 1099 1569
f 1570 1569 1101
f 1101 1569 1099
f 1570 1101 1100
f 1570 1100 1571
f 1571 1100 1098
f 1571 1098 1572
f 1572 1098 1109
f 1572 1109 1573
f 1573 1109 1134
f 1573 1134 1574
f 1574 1134 1133
f 1574 1133 1575
f 1575 1133 1131
f 1575 1131 1576
f 1576 1131 1151
f 1576 1151 1577
f 1577 1151 1150
f 1577 1150 1578
f 1578 1150 1148
f 1578 1148 1579
f 1579 1148 1146
f 1579 1146 1580
f 1580 1146 1144
f 1580 1144 1581
f 1581 1144 1142
f 1581 1142 1582
f 1582 1142 1140
f 1582 1140 1583
f 1583 1140 1138
f 1583 1138 1584
f 1584 1138 1136
f 1584 1136 1585
f 1585 1136 1135
f 1585 1135 1586
f 1586 1135 1128
f 1586 1128 1587
f 1587 1128 1126
f 1587 1126 1588
f 1588 1126 1124
f 1588 1124 1589
f 1589 1124 1122
f 1589 1122 1590
f 1590 1122 1120
f 1590 1120 1591
f 1591 1120 1119
f 1591 1119 1592
f 1592 1119 1112
f 1592 1112 1593
f 1593 1112 1114
f 1593 1114 1594
f 1594 1114 1116
f 1594 1116 1595
f 1595 1116 1104
f 1595 1104 1596
f 1596 1104 1105
f 1596 1105 1597
f 1598 1597 1106
f 1106 1597 1105
f 1540 1598 1095
f 1095 1598 1106
f 1599 1600 1158
f 1158 1600 1154
f 1601 1599 1173
f 1173 1599 1158
f 1602 1601 1172
f 1172 1601 1173
f 1602 1172 1174
f 1602 1174 1603
f 1603 1174 1175
f 1603 1175 1604
f 1604 1175 1157
f 1604 1157 1605
f 1605 1157 1156
f 1605 1156 1606
f 1606 1156 1187
f 1606 1187 1607
f 1608 1607 1186
f 1186 1607 1187
f 1609 1608 1185
f 1185 1608 1186
f 1609 1185 1184
f 1609 1184 1610
f 1610 1184 1182
f 1610 1182 1611
f 1611 1182 1171
f 1611 1171 1612
f 1612 1171 1180
f 1612 1180 1613
f 1613 1180 1167
f 1613 1167 1614
f 1614 1167 1165
f 1614 1165 1615
f 1616 1615 1164
f 1164 1615 1165
f 1617 1616 1166
f 1166 1616 1164
f 1618 1617 1168
f 1168 1617 1166
f 1619 1618 1176
f 1176 1618 1168
f 1620 1619 1177
f 1177 1619 1176
f 1620 1177 1178
f 1620 1178 1621
f 1621 1178 1179
f 1621 1179 1622
f 1622 1179 1170
f 1622 1170 1623
f 1623 1170 1169
f 1623 1169 1624
f 1624 1169 1181
f 1624 1181 1625
f 1625 1181 1183
f 1625 1183 1626
f 1627 1626 1163
f 1163 1626 1183
f 1628 1627 1162
f 1162 1627 1163
f 1628 1162 1155
f 1628 1155 1629
f 1629 1155 1153
f 1629 1153 1630
f 1630 1153 1152
f 1630 1152 1631
f 1631 1152 1161
f 1631 1161 1632
f 1632 1161 1160
f 1632 1160 1633
f 1634 1633 1159
f 1159 1633 1160
f 1600 1634 1154
f 1154 1634 1159
f 1635 1636 1213
f 1213 1636 1214
f 1635 1213 1215
f 1635 1215 1637
f 1637 1215 1217
f 1637 1217 1638
f 1638 1217 1222
f 1638 1222 1639
f 1639 1222 1224
f 1639 1224 1640
f 1640 1224 1193
f 1640 1193 1641
f 1641 1193 1192
f 1641 1192 1642
f 1642 1192 1199
f 1642 1199 1643
f 1643 1199 1197
f 1643 1197 1644
f 1644 1197 1195
f 1644 1195 1645
f 1645 1195 1208
f 1645 1208 1646
f 1647 1646 1207
f 1207 1646 1208
f 1648 1647 1209
f 1209 1647 1207
f 1648 1209 1210
f 1648 1210 1649
f 1649 1210 1211
f 1649 1211 1650
f 1650 1211 1241
f 1650 1241 1651
f 1651 1241 1240
f 1651 1240 1652
f 1652 1240 1238
f 1652 1238 1653
f 1653 1238 1236
f 1653 1236 1654
f 1654 1236 1235
f 1654 1235 1655
f 1655 1235 1205
f 1655 1205 1656
f 1656 1205 1203
f 1656 1203 1657
f 1657 1203 1189
f 1657 1189 1658
f 1658 1189 1188
f 1658 1188 1659
f 1659 1188 1229
f 1659 1229 1660
f 1660 1229 1228
f 1660 1228 1661
f 1661 1228 1227
f 1661 1227 1662
f 1662 1227 1221
f 1662 1221 1663
f 1663 1221 1219
f 1663 1219 1664
f 1664 1219 1218
f 1664 1218 1665
f 1665 1218 1234
f 1665 1234 1666
f 1666 1234 1233
f 1666 1233 1667
f 1667 1233 1232
f 1667 1232 1668
f 1668 1232 1231
f 1668 1231 1669
f 1669 1231 1230
f 1669 1230 1670
f 1670 1230 1220
f 1670 1220 1671
f 1671 1220 1190
f 1671 1190 1672
f 1672 1190 1202
f 1672 1202 1673
f 1673 1202 1204
f 1673 1204 1674
f 1674 1204 1206
f 1674 1206 1675
f 1675 1206 1237
f 1675 1237 1676
f 1676 1237 1239
f 1676 1239 1677
f 1677 1239 1212
f 1677 1212 1678
f 1678 1212 1194
f 1678 1194 1679
f 1679 1194 1196
f 1679 1196 1680
f 1680 1196 1198
f 1680 1198 1681
f 1681 1198 1200
f 1681 1200 1682
f 1682 1200 1201
f 1682 1201 1683
f 1683 1201 1191
f 1683 1191 1684
f 1684 1191 1226
f 1684 1226 1685
f 1685 1226 1225
f 1685 1225 1686
f 1686 1225 1223
f 1686 1223 1687
f 1687 1223 1216
f 1687 1216 1688
f 1688 1216 1214
f 1688 1214 1636
f 1689 1690 1248
f 1248 1690 1249
f 1689 1248 1250
f 1689 1250 1691
f 1691 1250 1251
f 1691 1251 1692
f 1692 1251 1258
f 1692 1258 1693
f 1694 1693 1257
f 1257 1693 1258
f 1694 1257 1256
f 1694 1256 1695
f 1695 1256 1261
f 1695 1261 1696
f 1696 1261 1260
f 1696 1260 1697
f 1697 1260 1259
f 1697 1259 1698
f 1698 1259 1244
f 1698 1244 1699
f 1699 1244 1252
f 1699 1252 1700
f 1700 1252 1254
f 1700 1254 1701
f 1701 1254 1274
f 1701 1274 1702
f 1702 1274 1273
f 1702 1273 1703
f 1703 1273 1271
f 1703 1271 1704
f 1704 1271 1269
f 1704 1269 1705
f 1705 1269 1267
f 1705 1267 1706
f 1706 1267 1265
f 1706 1265 1707
f 1707 1265 1263
f 1707 1263 1708
f 1709 1708 1262
f 1262 1708 1263
f 1709 1262 1264
f 1709 1264 1710
f 1710 1264 1266
f 1710 1266 1711
f 1711 1266 1268
f 1711 1268 1712
f 1712 1268 1270
f 1712 1270 1713
f 1713 1270 1272
f 1713 1272 1714
f 1714 1272 1253
f 1714 1253 1715
f 1715 1253 1243
f 1715 1243 1716
f 1716 1243 1242
f 1716 1242 1717
f 1717 1242 1255
f 1717 1255 1718
f 1718 1255 1247
f 1718 1247 1719
f 1720 1719 1246
f 1246 1719 1247
f 1721 1720 1245
f 1245 1720 1246
f 1690 1721 1249
f 1249 1721 1245
f 1283 1722 1723
f 1283 1723 1284
f 1284 1723 1724
f 1284 1724 1291
f 1291 1724 1725
f 1291 1725 1290
f 1278 1726 1727
f 1278 1727 1281
f 1281 1727 1722
f 1281 1722 1283
f 1275 1728 1729
f 1275 1729 1276
f 1276 1729 1730
f 1276 1730 1277
f 1277 1730 1726
f 1277 1726 1278
f 1292 1731 1732
f 1292 1732 1293
f 1293 1732 1728
f 1293 1728 1275
f 1295 1733 1734
f 1295 1734 1294
f 1294 1734 1731
f 1294 1731 1292
f 1286 1735 1736
f 1286 1736 1285
f 1285 1736 1733
f 1285 1733 1295
f 1279 1737 1738
f 1279 1738 1287
f 1287 1738 1735
f 1287 1735 1286
f 1282 1739 1740
f 1282 1740 1280
f 1280 1740 1737
f 1280 1737 1279
f 1290 1725 1741
f 1290 1741 1289
f 1289 1741 1742
f 1289 1742 1288
f 1288 1742 1739
f 1288 1739 1282
f 1348 1347 1354
f 1354 1347 1743
f 1354 1743 1744
f 1299 1405 1298
f 1298 1405 1404
f 1301 1745 1303
f 1303 1745 1746
f 1300 1302 1747
f 1747 1302 1748
f 1747 1748 1749
f 1749 1748 1750
f 1749 1750 1751
f 1751 1750 1752
f 1751 1752 1753
f 1753 1752 1754
f 1753 1754 1755
f 1755 1754 1756
f 1755 1756 1757
f 1757 1756 1758
f 1757 1758 1759
f 1759 1758 1760
f 1759 1760 1761
f 1761 1760 1762
f 1761 1762 1763
f 1763 1762 1764
f 1763 1764 1296
f 1296 1764 1297
f 1765 1397 1766
f 1766 1397 1396
f 1378 1767 1379
f 1379 1767 1768
f 1309 1366 1311
f 1311 1366 1365
f 1307 1769 1306
f 1306 1769 1770
f 1308 1310 1771
f 1771 1310 1772
f 1771 1772 1773
f 1773 1772 1774
f 1773 1774 1775
f 1775 1774 1776
f 1775 1776 1777
f 1777 1776 1778
f 1777 1778 1779
f 1779 1778 1780
f 1779 1780 1781
f 1781 1780 1782
f 1781 1782 1783
f 1783 1782 1784
f 1783 1784 1785
f 1785 1784 1786
f 1785 1786 1787
f 1787 1786 1788
f 1787 1788 1304
f 1304 1788 1305
f 1789 1340 1790
f 1790 1340 1312
f 1790 1312 1791
f 1791 1312 1316
f 1328 1792 1793
f 1328 1793 1329
f 1329 1793 1794
f 1329 1794 1314
f 1314 1794 1795
f 1314 1795 1315
f 1315 1795 1796
f 1315 1796 1330
f 1330 1796 1797
f 1330 1797 1331
f 1331 1797 1798
f 1331 1798 1332
f 1332 1798 1791
f 1332 1791 1316
f 1792 1328 1799
f 1799 1328 1327
f 1799 1327 1800
f 1800 1327 1326
f 1340 1789 1801
f 1340 1801 1339
f 1339 1801 1802
f 1339 1802 1338
f 1338 1802 1803
f 1338 1803 1337
f 1337 1803 1353
f 1337 1353 1336
f 1353 1352 1336
f 1336 1352 1350
f 1336 1350 1335
f 1335 1350 1349
f 1335 1349 1334
f 1334 1349 1356
f 1334 1356 1333
f 1333 1356 1355
f 1333 1355 1325
f 1325 1355 1354
f 1325 1354 1324
f 1324 1354 1804
f 1324 1804 1323
f 1323 1804 1805
f 1323 1805 1322
f 1322 1805 1806
f 1322 1806 1321
f 1321 1806 1807
f 1321 1807 1320
f 1320 1807 1808
f 1320 1808 1319
f 1319 1808 1809
f 1319 1809 1318
f 1809 1810 1318
f 1318 1810 1811
f 1318 1811 1317
f 1317 1811 1812
f 1317 1812 1313
f 1313 1812 1800
f 1313 1800 1326
f 1813 1358 1814
f 1814 1358 1357
f 1558 1559 1560
f 1399 1398 1391
f 1391 1398 1342
f 1580 1581 1815
f 1815 1581 1582
f 1597 1584 1585
f 1540 1815 1598
f 1598 1815 1582
f 1598 1582 1597
f 1597 1582 1583
f 1597 1583 1584
f 1564 1565 1563
f 1563 1565 1566
f 1563 1566 1562
f 1342 1341 1550
f 1586 1595 1585
f 1585 1595 1596
f 1585 1596 1597
f 1546 1547 1341
f 1550 1551 1342
f 1342 1551 1552
f 1342 1552 1553
f 1553 1554 1342
f 1342 1554 1560
f 1342 1560 1566
f 1566 1560 1561
f 1566 1561 1562
f 1545 1546 1541
f 1547 1548 1341
f 1341 1548 1549
f 1341 1549 1550
f 1587 1593 1586
f 1586 1593 1594
f 1586 1594 1595
f 1541 1546 1539
f 1539 1546 1341
f 1539 1341 1540
f 1540 1341 1351
f 1540 1351 1815
f 1557 1558 1556
f 1556 1558 1560
f 1556 1560 1555
f 1555 1560 1554
f 1591 1592 1590
f 1590 1592 1593
f 1590 1593 1589
f 1589 1593 1587
f 1589 1587 1588
f 1542 1543 1541
f 1541 1543 1544
f 1541 1544 1545
f 1566 1567 1342
f 1342 1567 1568
f 1342 1568 1391
f 1391 1568 1569
f 1391 1569 1387
f 1387 1569 1816
f 1576 1577 1816
f 1816 1577 1578
f 1816 1578 1579
f 1575 1576 1571
f 1571 1576 1816
f 1571 1816 1570
f 1570 1816 1569
f 1383 1382 1817
f 1375 1383 1818
f 1819 1720 1721
f 1717 1718 1713
f 1713 1718 1712
f 1705 1706 1820
f 1718 1719 1708
f 1711 1712 1710
f 1710 1712 1718
f 1710 1718 1709
f 1709 1718 1708
f 1700 1701 1363
f 1363 1701 1364
f 1701 1702 1364
f 1364 1702 1703
f 1364 1703 1820
f 1820 1703 1704
f 1820 1704 1705
f 1706 1707 1820
f 1820 1707 1708
f 1820 1708 1819
f 1819 1708 1719
f 1819 1719 1720
f 1691 1692 1696
f 1696 1692 1693
f 1696 1693 1695
f 1695 1693 1694
f 1714 1715 1713
f 1713 1715 1716
f 1713 1716 1717
f 1691 1696 1689
f 1689 1696 1697
f 1689 1697 1690
f 1690 1697 1698
f 1690 1698 1363
f 1363 1698 1699
f 1363 1699 1700
f 1376 1821 1822
f 1822 1821 1374
f 1822 1374 1373
f 1823 1459 1407
f 1441 1442 1824
f 1441 1824 1440
f 1443 1444 1819
f 1819 1444 1445
f 1455 1456 1820
f 1820 1456 1457
f 1820 1457 1823
f 1823 1457 1458
f 1823 1458 1459
f 1406 1408 1416
f 1435 1436 1418
f 1449 1450 1451
f 1408 1409 1416
f 1416 1409 1410
f 1416 1410 1411
f 1431 1432 1420
f 1436 1437 1418
f 1418 1437 1438
f 1418 1438 1824
f 1824 1438 1439
f 1824 1439 1440
f 1451 1452 1449
f 1449 1452 1453
f 1449 1453 1820
f 1820 1453 1454
f 1820 1454 1455
f 1415 1416 1414
f 1414 1416 1411
f 1414 1411 1413
f 1413 1411 1412
f 1420 1432 1419
f 1419 1432 1433
f 1419 1433 1418
f 1418 1433 1434
f 1418 1434 1435
f 1445 1446 1819
f 1819 1446 1447
f 1819 1447 1820
f 1820 1447 1448
f 1820 1448 1449
f 1422 1423 1430
f 1431 1420 1430
f 1430 1420 1421
f 1430 1421 1422
f 1427 1428 1426
f 1426 1428 1429
f 1426 1429 1425
f 1425 1429 1430
f 1425 1430 1424
f 1424 1430 1423
f 1363 1821 1690
f 1690 1821 1376
f 1690 1376 1721
f 1721 1376 1375
f 1721 1375 1819
f 1819 1375 1818
f 1819 1818 1443
f 1443 1818 1825
f 1462 1463 1826
f 1826 1463 1464
f 1826 1464 1465
f 1466 1467 1824
f 1824 1467 1468
f 1824 1468 1469
f 1416 1417 1406
f 1406 1417 1418
f 1406 1418 1407
f 1407 1418 1824
f 1407 1824 1823
f 1823 1824 1469
f 1469 1470 1823
f 1823 1470 1471
f 1823 1471 1472
f 1476 1477 1827
f 1472 1473 1823
f 1823 1473 1474
f 1823 1474 1827
f 1827 1474 1475
f 1827 1475 1476
f 1477 1478 1827
f 1827 1478 1460
f 1827 1460 1826
f 1826 1460 1461
f 1826 1461 1462
f 1442 1443 1824
f 1824 1443 1825
f 1824 1825 1466
f 1466 1825 1465
f 1520 1521 1828
f 1828 1521 1522
f 1537 1524 1525
f 1480 1828 1538
f 1538 1828 1522
f 1538 1522 1537
f 1537 1522 1523
f 1537 1523 1524
f 1526 1535 1525
f 1525 1535 1536
f 1525 1536 1537
f 1493 1494 1506
f 1506 1494 1495
f 1490 1491 1829
f 1829 1491 1492
f 1527 1533 1526
f 1526 1533 1534
f 1526 1534 1535
f 1486 1487 1829
f 1531 1532 1530
f 1530 1532 1533
f 1530 1533 1529
f 1529 1533 1527
f 1529 1527 1528
f 1495 1496 1502
f 1502 1496 1497
f 1487 1488 1829
f 1829 1488 1489
f 1829 1489 1490
f 1505 1506 1504
f 1504 1506 1495
f 1504 1495 1503
f 1503 1495 1502
f 1500 1501 1499
f 1499 1501 1502
f 1499 1502 1498
f 1498 1502 1497
f 1482 1483 1481
f 1481 1483 1484
f 1507 1508 1830
f 1830 1508 1509
f 1517 1518 1831
f 1831 1518 1519
f 1831 1510 1511
f 1517 1831 1516
f 1516 1831 1511
f 1516 1511 1515
f 1512 1513 1511
f 1511 1513 1514
f 1511 1514 1515
f 1572 1573 1571
f 1571 1573 1574
f 1571 1574 1575
f 1832 1688 1636
f 1484 1485 1481
f 1481 1485 1486
f 1481 1486 1479
f 1479 1486 1829
f 1479 1829 1480
f 1480 1829 1832
f 1480 1832 1828
f 1828 1832 1636
f 1828 1636 1647
f 1647 1636 1635
f 1669 1670 1828
f 1828 1670 1671
f 1828 1671 1672
f 1672 1673 1826
f 1826 1673 1674
f 1684 1685 1827
f 1827 1685 1686
f 1827 1686 1832
f 1832 1686 1687
f 1832 1687 1688
f 1637 1645 1635
f 1635 1645 1646
f 1635 1646 1647
f 1664 1665 1647
f 1678 1679 1680
f 1637 1638 1645
f 1645 1638 1639
f 1645 1639 1640
f 1665 1666 1647
f 1647 1666 1667
f 1647 1667 1828
f 1828 1667 1668
f 1828 1668 1669
f 1660 1661 1649
f 1680 1681 1678
f 1678 1681 1682
f 1678 1682 1827
f 1827 1682 1683
f 1827 1683 1684
f 1644 1645 1643
f 1643 1645 1640
f 1643 1640 1642
f 1642 1640 1641
f 1649 1661 1648
f 1648 1661 1662
f 1648 1662 1647
f 1647 1662 1663
f 1647 1663 1664
f 1674 1675 1826
f 1826 1675 1676
f 1826 1676 1827
f 1827 1676 1677
f 1827 1677 1678
f 1651 1652 1659
f 1660 1649 1659
f 1659 1649 1650
f 1659 1650 1651
f 1656 1657 1655
f 1655 1657 1658
f 1655 1658 1654
f 1654 1658 1659
f 1654 1659 1653
f 1653 1659 1652
f 1465 1825 1826
f 1826 1825 1833
f 1826 1833 1672
f 1672 1833 1831
f 1672 1831 1828
f 1828 1831 1519
f 1828 1519 1520
f 1607 1608 1609
f 1607 1609 1606
f 1616 1815 1601
f 1601 1815 1351
f 1601 1351 1599
f 1599 1351 1353
f 1599 1353 1600
f 1600 1353 1829
f 1600 1829 1634
f 1613 1614 1615
f 1609 1602 1603
f 1616 1617 1815
f 1815 1617 1618
f 1815 1618 1830
f 1830 1618 1619
f 1626 1627 1628
f 1612 1613 1611
f 1611 1613 1615
f 1611 1615 1610
f 1610 1615 1616
f 1610 1616 1609
f 1609 1616 1601
f 1609 1601 1602
f 1603 1604 1609
f 1609 1604 1605
f 1609 1605 1606
f 1493 1506 1492
f 1492 1506 1507
f 1492 1507 1829
f 1829 1507 1830
f 1829 1830 1634
f 1634 1830 1619
f 1634 1619 1633
f 1633 1619 1620
f 1633 1620 1621
f 1621 1622 1623
f 1628 1629 1626
f 1626 1629 1630
f 1626 1630 1631
f 1631 1632 1626
f 1626 1632 1633
f 1626 1633 1625
f 1625 1633 1621
f 1625 1621 1624
f 1624 1621 1623
f 1510 1831 1509
f 1509 1831 1834
f 1509 1834 1830
f 1830 1834 1816
f 1830 1816 1815
f 1815 1816 1579
f 1815 1579 1580
f 1383 1817 1818
f 1818 1817 1835
f 1818 1835 1825
f 1825 1835 1836
f 1825 1836 1833
f 1833 1836 1837
f 1833 1837 1831
f 1831 1837 1838
f 1831 1838 1834
f 1834 1838 1839
f 1834 1839 1816
f 1816 1839 1388
f 1816 1388 1387
f 1840 1841 1842
f 1843 1844 1845
f 1842 1841 1846
f 1847 1848 1849
f 1845 1840 1843
f 1843 1840 1842
f 1843 1842 1850
f 1850 1842 1851
f 1850 1851 1849
f 1849 1851 1852
f 1849 1852 1847
f 1853 1854 1855
f 1856 1857 1858
f 1858 1857 1859
f 1858 1859 1860
f 1860 1859 1861
f 1860 1861 1862
f 1862 1861 1863
f 1853 1855 1864
f 1856 1865 1857
f 1857 1865 1866
f 1857 1866 1855
f 1855 1866 1867
f 1855 1867 1864
f 1847 1868 1848
f 1848 1868 1869
f 1848 1869 1870
f 1870 1869 1871
f 1870 1871 1872
f 1872 1871 1873
f 1872 1873 1874
f 1874 1873 1875
f 1874 1875 1876
f 1876 1875 1877
f 1876 1877 1878
f 1878 1877 1879
f 1878 1879 1880
f 1881 1882 1883
f 1883 1882 1855
f 1841 1884 1846
f 1846 1884 1885
f 1846 1885 1886
f 1886 1885 1887
f 1886 1887 1888
f 1888 1887 1889
f 1888 1889 1863
f 1863 1889 1890
f 1863 1890 1862
f 1891 1883 1892
f 1892 1883 1855
f 1892 1855 1893
f 1893 1855 1854
f 1894 1895 1724
f 1724 1895 1725
f 1725 1895 1896
f 1725 1896 1741
f 1741 1896 1897
f 1741 1897 1742
f 1742 1897 1898
f 1742 1898 1739
f 1739 1898 1899
f 1739 1899 1740
f 1740 1899 1737
f 1737 1899 1900
f 1737 1900 1738
f 1738 1900 1901
f 1738 1901 1735
f 1735 1901 1902
f 1735 1902 1736
f 1736 1902 1903
f 1736 1903 1733
f 1733 1903 1904
f 1733 1904 1734
f 1724 1723 1894
f 1894 1723 1722
f 1894 1722 1905
f 1905 1722 1727
f 1734 1904 1731
f 1731 1904 1906
f 1731 1906 1732
f 1732 1906 1907
f 1732 1907 1728
f 1728 1907 1908
f 1728 1908 1729
f 1729 1908 1909
f 1729 1909 1730
f 1730 1909 1910
f 1730 1910 1726
f 1726 1910 1911
f 1726 1911 1727
f 1727 1911 1912
f 1727 1912 1905
f 1913 1914 1915
f 1916 1917 1918
f 1919 1913 1920
f 1921 1922 1923
f 1923 1922 1924
f 1923 1924 1925
f 1926 1927 1921
f 1921 1927 1928
f 1921 1928 1922
f 1916 1918 1915
f 1915 1918 1929
f 1915 1929 1913
f 1913 1929 1930
f 1913 1930 1920
f 1926 1931 1927
f 1927 1931 1932
f 1927 1932 1933
f 1933 1932 1934
f 1933 1934 1935
f 1936 1937 1938
f 1938 1937 1939
f 1938 1939 1940
f 1940 1939 1935
f 1940 1935 1941
f 1941 1935 1934
f 1942 1943 1944
f 1944 1943 1945
f 1944 1945 1946
f 1946 1945 1947
f 1946 1947 1948
f 1948 1947 1949
f 1948 1949 1950
f 1950 1949 1951
f 1950 1951 1936
f 1936 1951 1952
f 1936 1952 1937
f 1920 1953 1919
f 1919 1953 1954
f 1919 1954 1955
f 1955 1954 1956
f 1955 1956 1957
f 1957 1956 1958
f 1957 1958 1959
f 1959 1958 1960
f 1959 1960 1961
f 1961 1960 1962
f 1961 1962 1963
f 1963 1962 1964
f 1963 1964 1965
f 1965 1964 1966
f 1965 1966 1967
f 1967 1966 1968
f 1967 1968 1969
f 1969 1968 1970
f 1969 1970 1942
f 1942 1970 1971
f 1942 1971 1943
f 1972 1973 1974
f 1975 1976 1977
f 1978 1972 1979
f 1980 1981 1982
f 1982 1981 1983
f 1982 1983 1984
f 1985 1986 1980
f 1980 1986 1987
f 1980 1987 1981
f 1975 1977 1974
f 1974 1977 1988
f 1974 1988 1972
f 1972 1988 1989
f 1972 1989 1979
f 1985 1990 1986
f 1986 1990 1991
f 1986 1991 1992
f 1992 1991 1993
f 1992 1993 1994
f 1995 1996 1997
f 1997 1996 1998
f 1997 1998 1999
f 1999 1998 1994
f 1999 1994 2000
f 2000 1994 1993
f 2001 2002 2003
f 2003 2002 2004
f 2003 2004 2005
f 2005 2004 2006
f 2005 2006 2007
f 2007 2006 2008
f 2007 2008 2009
f 2009 2008 2010
f 2009 2010 1995
f 1995 2010 2011
f 1995 2011 1996
f 1979 2012 1978
f 1978 2012 2013
f 1978 2013 2014
f 2014 2013 2015
f 2014 2015 2016
f 2016 2015 2017
f 2016 2017 2018
f 2018 2017 2019
f 2018 2019 2020
f 2020 2019 2021
f 2020 2021 2022
f 2022 2021 2023
f 2022 2023 2024
f 2024 2023 2025
f 2024 2025 2026
f 2026 2025 2027
f 2026 2027 2028
f 2028 2027 2029
f 2028 2029 2001
f 2001 2029 2030
f 2001 2030 2002
f 2031 2032 2033
f 2034 2035 2036
f 2036 2035 2037
f 2037 2038 2036
f 2036 2038 2039
f 2036 2039 2040
f 2031 2033 2041
f 2042 2043 2044
f 2044 2043 2045
f 2040 2046 2036
f 2036 2046 2047
f 2036 2047 2033
f 2048 2049 2050
f 2050 2049 2051
f 2048 2045 2049
f 2049 2045 2043
f 2049 2043 2052
f 2052 2043 2053
f 2052 2053 2054
f 2055 2056 2057
f 2057 2056 2033
f 2057 2033 2058
f 2058 2033 2032
f 2042 2044 2059
f 2059 2044 2060
f 2059 2060 2061
f 2062 2063 2061
f 2061 2063 2064
f 2061 2064 2059
f 2041 2033 2065
f 2065 2033 2047
f 2065 2047 2062
f 2062 2047 2066
f 2062 2066 2063
f 2067 2068 2069
f 2070 2071 2072
f 2069 2068 2073
f 2074 2075 2076
f 2072 2067 2070
f 2070 2067 2069
f 2070 2069 2077
f 2077 2069 2078
f 2077 2078 2076
f 2076 2078 2079
f 2076 2079 2074
f 2080 2081 2082
f 2083 2084 2085
f 2085 2084 2086
f 2085 2086 2087
f 2087 2086 2088
f 2087 2088 2089
f 2089 2088 2090
f 2080 2082 2091
f 2083 2092 2084
f 2084 2092 2093
f 2084 2093 2082
f 2082 2093 2094
f 2082 2094 2091
f 2074 2095 2075
f 2075 2095 2096
f 2075 2096 2097
f 2097 2096 2098
f 2097 2098 2099
f 2099 2098 2100
f 2099 2100 2101
f 2101 2100 2102
f 2101 2102 2103
f 2103 2102 2104
f 2103 2104 2105
f 2105 2104 2106
f 2105 2106 2107
f 2108 2109 2110
f 2110 2109 2082
f 2068 2111 2073
f 2073 2111 2112
f 2073 2112 2113
f 2113 2112 2114
f 2113 2114 2115
f 2115 2114 2116
f 2115 2116 2090
f 2090 2116 2117
f 2090 2117 2089
f 2118 2110 2119
f 2119 2110 2082
f 2119 2082 2120
f 2120 2082 2081
f 2121 2122 2123
f 2123 2122 2124
f 2123 2124 2125
f 2125 2126 2123
f 2123 2126 2127
f 2123 2127 2128
f 2129 2130 2131
f 2131 2130 2132
f 2131 2132 2133
f 2133 2132 2134
f 2129 2135 2130
f 2130 2135 2136
f 2130 2136 2137
f 2137 2136 2138
f 2137 2138 2139
f 2139 2138 2140
f 2139 2140 2141
f 2141 2140 2142
f 2141 2142 2143
f 2143 2142 2144
f 2143 2144 2145
f 2145 2144 2146
f 2145 2146 2147
f 2147 2146 2148
f 2128 2127 2149
f 2149 2127 2150
f 2149 2150 2151
f 2151 2150 2152
f 2151 2152 2134
f 2134 2152 2153
f 2134 2153 2133
f 1354 1744 1804
f 1804 1744 1805
f 1809 1808 2154
f 2154 1808 1807
f 2154 1807 2155
f 2155 1807 1806
f 2155 1806 2156
f 2156 1806 1805
f 2156 1805 2157
f 2157 1805 1744
f 1744 1743 2158
f 1744 2158 2157
f 2157 2158 2159
f 2157 2159 2156
f 2156 2159 2160
f 2156 2160 2155
f 1343 1342 1398
f 2158 2161 2159
f 2159 2161 2160
f 1299 1297 1405
f 1405 1297 1764
f 1760 1347 1762
f 1762 1347 1345
f 1762 1345 1764
f 1743 1752 1750
f 1403 1405 1401
f 1401 1405 1764
f 1401 1764 1398
f 1398 1764 1345
f 1398 1345 1343
f 1760 1758 1347
f 1347 1758 1756
f 1347 1756 1743
f 1743 1756 1754
f 1743 1754 1752
f 1302 1303 1748
f 1748 1303 1746
f 1748 1746 2162
f 2158 1743 2161
f 2161 1743 1750
f 2161 1750 2163
f 2163 1750 1748
f 2163 1748 2164
f 2164 1748 2162
f 1746 1745 2165
f 1746 2165 2162
f 2162 2165 2166
f 2162 2166 2164
f 2164 2166 2167
f 2164 2167 2163
f 1301 1300 1745
f 1745 1300 1747
f 1765 2168 2169
f 2169 2168 2170
f 2169 2170 2171
f 1747 1749 2169
f 2165 1745 2166
f 2166 1745 1747
f 2166 1747 2167
f 2167 1747 2169
f 1749 1751 2169
f 2169 1751 1753
f 2169 1753 1765
f 1765 1753 1755
f 1765 1755 1397
f 1391 1390 1399
f 1399 1390 1393
f 1399 1393 1395
f 1296 1298 1763
f 1763 1298 1404
f 1763 1404 1402
f 1755 1757 1397
f 1397 1757 1759
f 1397 1759 1395
f 1395 1759 1761
f 1395 1761 1399
f 1399 1761 1763
f 1399 1763 1400
f 1400 1763 1402
f 1765 1766 2172
f 2173 2174 2175
f 1765 2172 2168
f 2168 2172 2173
f 2168 2173 2170
f 2170 2173 2175
f 2170 2175 2171
f 1382 1381 1385
f 2176 2177 1768
f 1768 2177 2178
f 1768 2178 1379
f 1766 1396 1388
f 2174 2173 2172
f 2172 1766 2174
f 2174 1766 1388
f 2174 1388 2179
f 2179 1388 1839
f 2179 1839 2180
f 2180 1839 1838
f 2180 1838 2181
f 2181 1838 1837
f 2181 1837 2182
f 2182 1837 1836
f 2182 1836 2183
f 2183 1836 1835
f 2183 1835 2184
f 2184 1835 1817
f 2184 1817 2178
f 2178 1817 1382
f 2178 1382 1379
f 1379 1382 1385
f 1379 1385 1380
f 1396 1394 1388
f 1388 1394 1392
f 1388 1392 1389
f 2185 2178 2177
f 2186 2187 2188
f 2188 2187 2185
f 2185 2177 2188
f 2188 2177 2176
f 2188 2176 2189
f 2189 2176 1768
f 2189 1768 1767
f 2186 2188 2190
f 2190 2188 2189
f 1309 1308 1366
f 1366 1308 1771
f 1773 1822 1771
f 1771 1822 1373
f 1773 1775 1822
f 1822 1775 1777
f 1822 1777 1779
f 1367 1366 1369
f 1369 1366 1771
f 1369 1771 1371
f 1371 1771 1373
f 1384 1386 1822
f 1822 1386 1377
f 1822 1377 1376
f 1767 1783 1785
f 1304 1306 1787
f 1787 1306 1770
f 1787 1770 2191
f 2191 2192 1787
f 1787 2192 2190
f 1787 2190 1785
f 1785 2190 2189
f 1785 2189 1767
f 1384 1822 1378
f 1378 1822 1779
f 1378 1779 1767
f 1767 1779 1781
f 1767 1781 1783
f 2193 2190 2192
f 2193 2192 2194
f 2194 2192 2191
f 2194 2191 2195
f 2195 2191 1770
f 2195 1770 1769
f 2196 2197 2193
f 1363 1361 1821
f 1821 1361 1359
f 1307 1305 1769
f 1769 1305 1788
f 1310 1311 1772
f 1772 1311 1365
f 1358 1776 1774
f 1784 1813 1786
f 1786 1813 2198
f 1786 2198 1788
f 1784 1782 1813
f 1813 1782 1780
f 1813 1780 1358
f 1358 1780 1778
f 1358 1778 1776
f 1359 1358 1821
f 1821 1358 1774
f 1821 1774 1374
f 1374 1774 1772
f 1374 1772 1372
f 2195 1769 2194
f 2194 1769 1788
f 2194 1788 2193
f 2193 1788 2198
f 2193 2198 2196
f 1365 1368 1772
f 1772 1368 1370
f 1772 1370 1372
f 2199 2197 2196
f 2199 2196 2200
f 2200 2196 2198
f 2200 2198 2201
f 2201 2198 1813
f 2201 1813 1814
f 1789 1790 1791
f 1792 2202 1793
f 1793 2202 2203
f 1793 2203 1794
f 1794 2203 2199
f 1792 1799 2202
f 2202 1799 1800
f 2202 1800 2204
f 2204 1800 1812
f 2204 1812 2205
f 2205 1812 1811
f 2205 1811 2206
f 2206 1811 1810
f 2206 1810 1809
f 1823 1827 1801
f 1801 1827 1832
f 1801 1832 1802
f 1802 1832 1829
f 1802 1829 1803
f 1803 1829 1353
f 1801 1789 1823
f 1823 1789 1791
f 1823 1791 1820
f 1820 1791 1798
f 1820 1798 1364
f 1364 1798 1797
f 1362 1364 1360
f 1360 1364 1797
f 1360 1797 1357
f 1357 1797 1796
f 1357 1796 1814
f 1814 1796 1795
f 1814 1795 2201
f 2201 1795 1794
f 2201 1794 2200
f 2200 1794 2199
f 2207 2208 1879
f 1879 2208 1880
f 1873 2209 2210
f 1873 2210 1875
f 1875 2210 2211
f 1875 2211 1877
f 1877 2211 2207
f 1877 2207 1879
f 1869 2212 2213
f 1869 2213 1871
f 1871 2213 2209
f 1871 2209 1873
f 1847 2214 2215
f 1847 2215 1868
f 1868 2215 2212
f 1868 2212 1869
f 1842 2216 2217
f 1842 2217 1851
f 1851 2217 2218
f 1851 2218 1852
f 1852 2218 2214
f 1852 2214 1847
f 1888 2219 2220
f 1888 2220 1886
f 1886 2220 2221
f 1886 2221 1846
f 1846 2221 2216
f 1846 2216 1842
f 1861 2222 2223
f 1861 2223 1863
f 1863 2223 2219
f 1863 2219 1888
f 1857 2224 2225
f 1857 2225 1859
f 1859 2225 2222
f 1859 2222 1861
f 1883 2226 2227
f 1883 2227 1881
f 1881 2227 2228
f 1881 2228 1882
f 1882 2228 2229
f 1882 2229 1855
f 1855 2229 2224
f 1855 2224 1857
f 1854 2230 2231
f 1854 2231 1893
f 1893 2231 2232
f 1893 2232 1892
f 1892 2232 2233
f 1892 2233 1891
f 1891 2233 2226
f 1891 2226 1883
f 1864 2234 2235
f 1864 2235 1853
f 1853 2235 2230
f 1853 2230 1854
f 1866 2236 2237
f 1866 2237 1867
f 1867 2237 2234
f 1867 2234 1864
f 1856 2238 2239
f 1856 2239 1865
f 1865 2239 2236
f 1865 2236 1866
f 1890 2240 2241
f 1890 2241 1862
f 1862 2241 2242
f 1862 2242 1860
f 1860 2242 2243
f 1860 2243 1858
f 1858 2243 2238
f 1858 2238 1856
f 1887 2244 2245
f 1887 2245 1889
f 1889 2245 2240
f 1889 2240 1890
f 1884 2246 2247
f 1884 2247 1885
f 1885 2247 2244
f 1885 2244 1887
f 1840 2248 2249
f 1840 2249 1841
f 1841 2249 2246
f 1841 2246 1884
f 2250 2248 1845
f 1845 2248 1840
f 2251 2250 1844
f 1844 2250 1845
f 1849 2252 2253
f 1849 2253 1850
f 1850 2253 2254
f 1850 2254 1843
f 1843 2254 2251
f 1843 2251 1844
f 1874 2255 2256
f 1874 2256 1872
f 1872 2256 2257
f 1872 2257 1870
f 1870 2257 2258
f 1870 2258 1848
f 1848 2258 2252
f 1848 2252 1849
f 1880 2208 2259
f 1880 2259 1878
f 1878 2259 2260
f 1878 2260 1876
f 1876 2260 2255
f 1876 2255 1874
f 1911 2261 2262
f 1911 2262 1912
f 1912 2262 2263
f 1912 2263 1905
f 1908 2264 2265
f 1908 2265 1909
f 1909 2265 2266
f 1909 2266 1910
f 1910 2266 2261
f 1910 2261 1911
f 1906 2267 2268
f 1906 2268 1907
f 1907 2268 2264
f 1907 2264 1908
f 1902 2269 2270
f 1902 2270 1903
f 1903 2270 2271
f 1903 2271 1904
f 1904 2271 2267
f 1904 2267 1906
f 1900 2272 2273
f 1900 2273 1901
f 1901 2273 2269
f 1901 2269 1902
f 1896 2274 2275
f 1896 2275 1897
f 1897 2275 2276
f 1897 2276 1898
f 1898 2276 2277
f 1898 2277 1899
f 1899 2277 2272
f 1899 2272 1900
f 1905 2263 2278
f 1905 2278 1894
f 1894 2278 2279
f 1894 2279 1895
f 1895 2279 2274
f 1895 2274 1896
f 2280 2281 1924
f 1924 2281 1925
f 2282 2280 1922
f 1922 2280 1924
f 2283 2282 1928
f 1928 2282 1922
f 1939 2284 2285
f 1939 2285 1935
f 1935 2285 2286
f 1935 2286 1933
f 1933 2286 2287
f 1933 2287 1927
f 1927 2287 2283
f 1927 2283 1928
f 1949 2288 2289
f 1949 2289 1951
f 1951 2289 2290
f 1951 2290 1952
f 1952 2290 2291
f 1952 2291 1937
f 1937 2291 2284
f 1937 2284 1939
f 1945 2292 2293
f 1945 2293 1947
f 1947 2293 2288
f 1947 2288 1949
f 1971 2294 2295
f 1971 2295 1943
f 1943 2295 2292
f 1943 2292 1945
f 1966 2296 2297
f 1966 2297 1968
f 1968 2297 2298
f 1968 2298 1970
f 1970 2298 2294
f 1970 2294 1971
f 1958 2299 2300
f 1958 2300 1960
f 1960 2300 2301
f 1960 2301 1962
f 1962 2301 2302
f 1962 2302 1964
f 1964 2302 2296
f 1964 2296 1966
f 1954 2303 2304
f 1954 2304 1956
f 1956 2304 2299
f 1956 2299 1958
f 1920 2305 2306
f 1920 2306 1953
f 1953 2306 2303
f 1953 2303 1954
f 1917 2307 2308
f 1917 2308 1918
f 1918 2308 2309
f 1918 2309 1929
f 1929 2309 2310
f 1929 2310 1930
f 1930 2310 2305
f 1930 2305 1920
f 2311 2307 1916
f 1916 2307 1917
f 2311 1916 2312
f 2312 1916 1915
f 2312 1915 2313
f 2314 2313 1914
f 1914 2313 1915
f 1957 2315 2316
f 1957 2316 1955
f 1955 2316 2317
f 1955 2317 1919
f 1919 2317 2318
f 1919 2318 1913
f 1913 2318 2314
f 1913 2314 1914
f 1965 2319 2320
f 1965 2320 1963
f 1963 2320 2321
f 1963 2321 1961
f 1961 2321 2322
f 1961 2322 1959
f 1959 2322 2315
f 1959 2315 1957
f 1969 2323 2324
f 1969 2324 1967
f 1967 2324 2319
f 1967 2319 1965
f 1948 2325 2326
f 1948 2326 1946
f 1946 2326 2327
f 1946 2327 1944
f 1944 2327 2328
f 1944 2328 1942
f 1942 2328 2323
f 1942 2323 1969
f 1940 2329 2330
f 1940 2330 1938
f 1938 2330 2331
f 1938 2331 1936
f 1936 2331 2332
f 1936 2332 1950
f 1950 2332 2325
f 1950 2325 1948
f 1934 2333 2334
f 1934 2334 1941
f 1941 2334 2329
f 1941 2329 1940
f 1931 2335 2336
f 1931 2336 1932
f 1932 2336 2333
f 1932 2333 1934
f 1925 2281 2337
f 1925 2337 1923
f 1923 2337 2338
f 1923 2338 1921
f 1921 2338 2339
f 1921 2339 1926
f 1926 2339 2335
f 1926 2335 1931
f 2340 2341 1983
f 1983 2341 1984
f 2342 2340 1981
f 1981 2340 1983
f 2343 2342 1987
f 1987 2342 1981
f 1998 2344 2345
f 1998 2345 1994
f 1994 2345 2346
f 1994 2346 1992
f 1992 2346 2347
f 1992 2347 1986
f 1986 2347 2343
f 1986 2343 1987
f 2008 2348 2349
f 2008 2349 2010
f 2010 2349 2350
f 2010 2350 2011
f 2011 2350 2351
f 2011 2351 1996
f 1996 2351 2344
f 1996 2344 1998
f 2004 2352 2353
f 2004 2353 2006
f 2006 2353 2348
f 2006 2348 2008
f 2030 2354 2355
f 2030 2355 2002
f 2002 2355 2352
f 2002 2352 2004
f 2025 2356 2357
f 2025 2357 2027
f 2027 2357 2358
f 2027 2358 2029
f 2029 2358 2354
f 2029 2354 2030
f 2017 2359 2360
f 2017 2360 2019
f 2019 2360 2361
f 2019 2361 2021
f 2021 2361 2362
f 2021 2362 2023
f 2023 2362 2356
f 2023 2356 2025
f 2013 2363 2364
f 2013 2364 2015
f 2015 2364 2359
f 2015 2359 2017
f 1979 2365 2366
f 1979 2366 2012
f 2012 2366 2363
f 2012 2363 2013
f 1976 2367 2368
f 1976 2368 1977
f 1977 2368 2369
f 1977 2369 1988
f 1988 2369 2370
f 1988 2370 1989
f 1989 2370 2365
f 1989 2365 1979
f 2371 2367 1975
f 1975 2367 1976
f 2371 1975 2372
f 2372 1975 1974
f 2372 1974 2373
f 2374 2373 1973
f 1973 2373 1974
f 2016 2375 2376
f 2016 2376 2014
f 2014 2376 2377
f 2014 2377 1978
f 1978 2377 2378
f 1978 2378 1972
f 1972 2378 2374
f 1972 2374 1973
f 2024 2379 2380
f 2024 2380 2022
f 2022 2380 2381
f 2022 2381 2020
f 2020 2381 2382
f 2020 2382 2018
f 2018 2382 2375
f 2018 2375 2016
f 2028 2383 2384
f 2028 2384 2026
f 2026 2384 2379
f 2026 2379 2024
f 2007 2385 2386
f 2007 2386 2005
f 2005 2386 2387
f 2005 2387 2003
f 2003 2387 2388
f 2003 2388 2001
f 2001 2388 2383
f 2001 2383 2028
f 1999 2389 2390
f 1999 2390 1997
f 1997 2390 2391
f 1997 2391 1995
f 1995 2391 2392
f 1995 2392 2009
f 2009 2392 2385
f 2009 2385 2007
f 1993 2393 2394
f 1993 2394 2000
f 2000 2394 2389
f 2000 2389 1999
f 1990 2395 2396
f 1990 2396 1991
f 1991 2396 2393
f 1991 2393 1993
f 1984 2341 2397
f 1984 2397 1982
f 1982 2397 2398
f 1982 2398 1980
f 1980 2398 2399
f 1980 2399 1985
f 1985 2399 2395
f 1985 2395 1990
f 2400 2401 2033
f 2033 2401 2036
f 2402 2400 2056
f 2056 2400 2033
f 2403 2402 2055
f 2055 2402 2056
f 2058 2404 2405
f 2058 2405 2057
f 2057 2405 2403
f 2057 2403 2055
f 2041 2406 2407
f 2041 2407 2031
f 2031 2407 2408
f 2031 2408 2032
f 2032 2408 2404
f 2032 2404 2058
f 2409 2406 2065
f 2065 2406 2041
f 2410 2409 2062
f 2062 2409 2065
f 2044 2411 2412
f 2044 2412 2060
f 2060 2412 2413
f 2060 2413 2061
f 2061 2413 2410
f 2061 2410 2062
f 2050 2414 2415
f 2050 2415 2048
f 2048 2415 2416
f 2048 2416 2045
f 2045 2416 2411
f 2045 2411 2044
f 2417 2414 2051
f 2051 2414 2050
f 2418 2417 2049
f 2049 2417 2051
f 2419 2418 2052
f 2052 2418 2049
f 2420 2419 2054
f 2054 2419 2052
f 2421 2420 2053
f 2053 2420 2054
f 2059 2422 2423
f 2059 2423 2042
f 2042 2423 2424
f 2042 2424 2043
f 2043 2424 2421
f 2043 2421 2053
f 2066 2425 2426
f 2066 2426 2063
f 2063 2426 2427
f 2063 2427 2064
f 2064 2427 2422
f 2064 2422 2059
f 2428 2425 2047
f 2047 2425 2066
f 2429 2428 2046
f 2046 2428 2047
f 2039 2430 2431
f 2039 2431 2040
f 2040 2431 2429
f 2040 2429 2046
f 2035 2432 2433
f 2035 2433 2037
f 2037 2433 2434
f 2037 2434 2038
f 2038 2434 2430
f 2038 2430 2039
f 2435 2432 2034
f 2034 2432 2035
f 2401 2435 2036
f 2036 2435 2034
f 2436 2437 2106
f 2106 2437 2107
f 2100 2438 2439
f 2100 2439 2102
f 2102 2439 2440
f 2102 2440 2104
f 2104 2440 2436
f 2104 2436 2106
f 2096 2441 2442
f 2096 2442 2098
f 2098 2442 2438
f 2098 2438 2100
f 2074 2443 2444
f 2074 2444 2095
f 2095 2444 2441
f 2095 2441 2096
f 2069 2445 2446
f 2069 2446 2078
f 2078 2446 2447
f 2078 2447 2079
f 2079 2447 2443
f 2079 2443 2074
f 2115 2448 2449
f 2115 2449 2113
f 2113 2449 2450
f 2113 2450 2073
f 2073 2450 2445
f 2073 2445 2069
f 2088 2451 2452
f 2088 2452 2090
f 2090 2452 2448
f 2090 2448 2115
f 2084 2453 2454
f 2084 2454 2086
f 2086 2454 2451
f 2086 2451 2088
f 2110 2455 2456
f 2110 2456 2108
f 2108 2456 2457
f 2108 2457 2109
f 2109 2457 2458
f 2109 2458 2082
f 2082 2458 2453
f 2082 2453 2084
f 2081 2459 2460
f 2081 2460 2120
f 2120 2460 2461
f 2120 2461 2119
f 2119 2461 2462
f 2119 2462 2118
f 2118 2462 2455
f 2118 2455 2110
f 2091 2463 2464
f 2091 2464 2080
f 2080 2464 2459
f 2080 2459 2081
f 2093 2465 2466
f 2093 2466 2094
f 2094 2466 2463
f 2094 2463 2091
f 2083 2467 2468
f 2083 2468 2092
f 2092 2468 2465
f 2092 2465 2093
f 2117 2469 2470
f 2117 2470 2089
f 2089 2470 2471
f 2089 2471 2087
f 2087 2471 2472
f 2087 2472 2085
f 2085 2472 2467
f 2085 2467 2083
f 2114 2473 2474
f 2114 2474 2116
f 2116 2474 2469
f 2116 2469 2117
f 2111 2475 2476
f 2111 2476 2112
f 2112 2476 2473
f 2112 2473 2114
f 2067 2477 2478
f 2067 2478 2068
f 2068 2478 2475
f 2068 2475 2111
f 2479 2477 2072
f 2072 2477 2067
f 2480 2479 2071
f 2071 2479 2072
f 2076 2481 2482
f 2076 2482 2077
f 2077 2482 2483
f 2077 2483 2070
f 2070 2483 2480
f 2070 2480 2071
f 2101 2484 2485
f 2101 2485 2099
f 2099 2485 2486
f 2099 2486 2097
f 2097 2486 2487
f 2097 2487 2075
f 2075 2487 2481
f 2075 2481 2076
f 2107 2437 2488
f 2107 2488 2105
f 2105 2488 2489
f 2105 2489 2103
f 2103 2489 2484
f 2103 2484 2101
f 2490 2491 2121
f 2121 2491 2122
f 2492 2490 2123
f 2123 2490 2121
f 2493 2492 2128
f 2128 2492 2123
f 2494 2493 2149
f 2149 2493 2128
f 2132 2495 2496
f 2132 2496 2134
f 2134 2496 2497
f 2134 2497 2151
f 2151 2497 2494
f 2151 2494 2149
f 2141 2498 2499
f 2141 2499 2139
f 2139 2499 2500
f 2139 2500 2137
f 2137 2500 2501
f 2137 2501 2130
f 2130 2501 2495
f 2130 2495 2132
f 2147 2502 2503
f 2147 2503 2145
f 2145 2503 2504
f 2145 2504 2143
f 2143 2504 2498
f 2143 2498 2141
f 2505 2502 2148
f 2148 2502 2147
f 2140 2506 2507
f 2140 2507 2142
f 2142 2507 2508
f 2142 2508 2144
f 2144 2508 2509
f 2144 2509 2146
f 2146 2509 2505
f 2146 2505 2148
f 2129 2510 2511
f 2129 2511 2135
f 2135 2511 2512
f 2135 2512 2136
f 2136 2512 2513
f 2136 2513 2138
f 2138 2513 2506
f 2138 2506 2140
f 2133 2514 2515
f 2133 2515 2131
f 2131 2515 2510
f 2131 2510 2129
f 2152 2516 2517
f 2152 2517 2153
f 2153 2517 2514
f 2153 2514 2133
f 2127 2518 2519
f 2127 2519 2150
f 2150 2519 2516
f 2150 2516 2152
f 2520 2518 2126
f 2126 2518 2127
f 2122 2491 2521
f 2122 2521 2124
f 2124 2521 2522
f 2124 2522 2125
f 2125 2522 2520
f 2125 2520 2126
f 2454 2453 2523
f 2225 2224 2524
f 2190 2193 2186
f 2186 2193 2197
f 2492 2493 2524
f 2524 2493 2494
f 2520 2522 2521
f 2509 2508 2203
f 2499 2498 2497
f 2497 2498 2504
f 2509 2203 2505
f 2508 2507 2203
f 2203 2507 2506
f 2203 2506 2199
f 2510 2515 2197
f 2506 2513 2199
f 2199 2513 2512
f 2199 2512 2197
f 2197 2512 2511
f 2197 2511 2510
f 2501 2500 2495
f 2495 2500 2499
f 2495 2499 2496
f 2496 2499 2497
f 2490 2514 2491
f 2491 2514 2517
f 2491 2517 2521
f 2521 2517 2516
f 2521 2516 2520
f 2520 2516 2519
f 2520 2519 2518
f 2515 2514 2197
f 2197 2514 2490
f 2197 2490 2186
f 2186 2490 2492
f 2186 2492 2187
f 2187 2492 2524
f 2187 2524 2185
f 2185 2524 2525
f 2175 2174 2179
f 2363 2368 2367
f 2360 2359 2526
f 2526 2359 2364
f 2364 2363 2526
f 2526 2363 2367
f 2526 2367 2175
f 2175 2367 2371
f 2175 2371 2171
f 2171 2371 2372
f 2160 2161 2373
f 2155 2341 2154
f 2154 2341 2340
f 2154 2340 2527
f 2160 2387 2386
f 2356 2362 2527
f 2527 2362 2361
f 2527 2361 2360
f 2374 2378 2377
f 2379 2384 2383
f 2373 2374 2160
f 2160 2374 2381
f 2160 2381 2387
f 2387 2381 2388
f 2386 2385 2160
f 2160 2385 2392
f 2160 2392 2155
f 2155 2392 2391
f 2155 2391 2390
f 2382 2381 2375
f 2375 2381 2374
f 2375 2374 2376
f 2376 2374 2377
f 2340 2342 2527
f 2527 2342 2343
f 2527 2343 2356
f 2356 2343 2357
f 2388 2381 2383
f 2383 2381 2380
f 2383 2380 2379
f 2390 2389 2155
f 2155 2389 2394
f 2155 2394 2341
f 2341 2394 2393
f 2341 2393 2397
f 2346 2355 2347
f 2347 2355 2354
f 2347 2354 2343
f 2343 2354 2358
f 2343 2358 2357
f 2399 2398 2395
f 2395 2398 2397
f 2395 2397 2396
f 2396 2397 2393
f 2344 2348 2353
f 2351 2350 2344
f 2344 2350 2349
f 2344 2349 2348
f 2346 2345 2355
f 2355 2345 2344
f 2355 2344 2352
f 2352 2344 2353
f 2372 2373 2171
f 2171 2373 2161
f 2171 2161 2169
f 2169 2161 2163
f 2169 2163 2167
f 2247 2246 2249
f 2255 2260 2259
f 2207 2211 2202
f 2202 2211 2210
f 2202 2210 2203
f 2217 2216 2221
f 2233 2232 2250
f 2250 2232 2231
f 2228 2227 2528
f 2528 2227 2226
f 2219 2223 2524
f 2524 2223 2222
f 2524 2222 2225
f 2256 2255 2254
f 2254 2255 2259
f 2254 2259 2251
f 2251 2259 2208
f 2251 2208 2250
f 2250 2208 2528
f 2250 2528 2233
f 2233 2528 2226
f 2210 2209 2203
f 2203 2209 2213
f 2203 2213 2212
f 2203 2221 2220
f 2231 2230 2250
f 2250 2230 2235
f 2250 2235 2248
f 2248 2235 2234
f 2248 2234 2249
f 2249 2234 2237
f 2258 2257 2252
f 2252 2257 2256
f 2252 2256 2253
f 2253 2256 2254
f 2212 2215 2203
f 2203 2215 2214
f 2203 2214 2221
f 2221 2214 2218
f 2221 2218 2217
f 2504 2503 2497
f 2497 2503 2502
f 2497 2502 2494
f 2494 2502 2505
f 2494 2505 2524
f 2524 2505 2203
f 2524 2203 2219
f 2219 2203 2220
f 2244 2247 2239
f 2239 2247 2249
f 2239 2249 2236
f 2236 2249 2237
f 2238 2243 2242
f 2242 2241 2238
f 2238 2241 2240
f 2238 2240 2239
f 2239 2240 2245
f 2239 2245 2244
f 2525 2524 2529
f 2529 2524 2224
f 2529 2224 2528
f 2528 2224 2229
f 2528 2229 2228
f 2272 2277 2528
f 2274 2279 2523
f 2523 2279 2278
f 2523 2261 2204
f 2204 2261 2266
f 2204 2266 2265
f 2271 2270 2202
f 2202 2270 2269
f 2202 2269 2273
f 2208 2207 2528
f 2528 2207 2202
f 2528 2202 2272
f 2272 2202 2273
f 2278 2263 2523
f 2523 2263 2262
f 2523 2262 2261
f 2265 2264 2204
f 2204 2264 2268
f 2204 2268 2202
f 2202 2268 2267
f 2202 2267 2271
f 2206 2530 2313
f 2313 2530 2312
f 2323 2328 2315
f 2280 2282 2531
f 2531 2282 2283
f 2315 2328 2316
f 2314 2328 2313
f 2313 2328 2327
f 2206 2331 2330
f 2283 2297 2531
f 2531 2297 2296
f 2531 2296 2302
f 2314 2318 2328
f 2328 2318 2317
f 2328 2317 2316
f 2315 2322 2321
f 2327 2326 2313
f 2313 2326 2325
f 2313 2325 2206
f 2206 2325 2332
f 2206 2332 2331
f 2330 2329 2206
f 2206 2329 2334
f 2206 2334 2333
f 2324 2323 2319
f 2319 2323 2315
f 2319 2315 2320
f 2320 2315 2321
f 2286 2295 2287
f 2287 2295 2294
f 2287 2294 2283
f 2283 2294 2298
f 2283 2298 2297
f 2333 2337 2206
f 2206 2337 2281
f 2206 2281 2205
f 2284 2288 2293
f 2339 2338 2335
f 2335 2338 2337
f 2335 2337 2336
f 2336 2337 2333
f 2291 2290 2284
f 2284 2290 2289
f 2284 2289 2288
f 2286 2285 2295
f 2295 2285 2284
f 2295 2284 2292
f 2292 2284 2293
f 2311 2532 2307
f 2307 2532 2533
f 2299 2533 2300
f 2300 2533 2531
f 2300 2531 2301
f 2301 2531 2302
f 2308 2307 2303
f 2303 2307 2533
f 2303 2533 2304
f 2304 2533 2299
f 2310 2309 2305
f 2305 2309 2308
f 2305 2308 2306
f 2306 2308 2303
f 2370 2369 2365
f 2365 2369 2368
f 2365 2368 2366
f 2366 2368 2363
f 2476 2475 2478
f 2437 2436 2531
f 2531 2436 2205
f 2531 2205 2280
f 2280 2205 2281
f 2454 2523 2451
f 2484 2489 2488
f 2436 2440 2205
f 2205 2440 2439
f 2205 2439 2204
f 2446 2445 2450
f 2462 2461 2479
f 2479 2461 2460
f 2457 2456 2531
f 2531 2456 2455
f 2485 2484 2483
f 2483 2484 2488
f 2483 2488 2480
f 2480 2488 2437
f 2480 2437 2479
f 2479 2437 2531
f 2479 2531 2462
f 2462 2531 2455
f 2439 2438 2204
f 2204 2438 2442
f 2204 2442 2441
f 2460 2459 2479
f 2479 2459 2464
f 2479 2464 2477
f 2477 2464 2463
f 2477 2463 2478
f 2478 2463 2466
f 2487 2486 2481
f 2481 2486 2485
f 2481 2485 2482
f 2482 2485 2483
f 2441 2444 2204
f 2204 2444 2443
f 2204 2443 2450
f 2450 2443 2447
f 2450 2447 2446
f 2450 2449 2204
f 2204 2449 2448
f 2204 2448 2523
f 2523 2448 2452
f 2523 2452 2451
f 2473 2476 2468
f 2468 2476 2478
f 2468 2478 2465
f 2465 2478 2466
f 2467 2472 2471
f 2471 2470 2467
f 2467 2470 2469
f 2467 2469 2468
f 2468 2469 2474
f 2468 2474 2473
f 2277 2276 2528
f 2528 2276 2275
f 2528 2275 2529
f 2529 2275 2274
f 2529 2274 2534
f 2534 2274 2523
f 2534 2523 2533
f 2533 2523 2453
f 2533 2453 2531
f 2531 2453 2458
f 2531 2458 2457
f 2406 2409 2410
f 2406 2410 2407
f 2419 2527 2418
f 2418 2527 2530
f 2417 2402 2414
f 2414 2402 2403
f 2414 2403 2415
f 2415 2403 2410
f 2419 2420 2527
f 2527 2420 2435
f 2527 2435 2154
f 2154 2435 2401
f 2154 2401 1809
f 1809 2401 2400
f 1809 2400 2206
f 2206 2400 2402
f 2206 2402 2530
f 2530 2402 2417
f 2530 2417 2418
f 2433 2432 2425
f 2425 2428 2429
f 2411 2416 2412
f 2412 2416 2415
f 2412 2415 2413
f 2413 2415 2410
f 2408 2407 2404
f 2404 2407 2410
f 2404 2410 2405
f 2405 2410 2403
f 2423 2422 2427
f 2434 2433 2430
f 2430 2433 2425
f 2430 2425 2431
f 2431 2425 2429
f 2432 2435 2425
f 2425 2435 2420
f 2425 2420 2426
f 2426 2420 2421
f 2426 2421 2427
f 2427 2421 2424
f 2427 2424 2423
f 2360 2526 2527
f 2527 2526 2532
f 2527 2532 2530
f 2530 2532 2311
f 2530 2311 2312
f 2175 2179 2526
f 2526 2179 2180
f 2526 2180 2532
f 2532 2180 2181
f 2532 2181 2533
f 2533 2181 2182
f 2533 2182 2534
f 2534 2182 2183
f 2534 2183 2529
f 2529 2183 2184
f 2529 2184 2525
f 2525 2184 2178
f 2525 2178 2185

