ISO-10303-21;
HEADER;
/* Generated by software containing ST-Developer
 * from STEP Tools, Inc. (www.steptools.com) 
 */

FILE_DESCRIPTION(
/* description */ (''),
/* implementation_level */ '2;1');

FILE_NAME(
/* name */ '002_2dof_head - G1_head_mount.stl.ipt.stp',
/* time_stamp */ '2026-07-20T15:07:25+08:00',
/* author */ ('test'),
/* organization */ (''),
/* preprocessor_version */ 'ST-DEVELOPER v20',
/* originating_system */ 'Autodesk Inventor 2025',
/* authorisation */ '');

FILE_SCHEMA (('AUTOMOTIVE_DESIGN { 1 0 10303 214 3 1 1 }'));
ENDSEC;

DATA;
#10=MECHANICAL_DESIGN_GEOMETRIC_PRESENTATION_REPRESENTATION('',(#25,#26,
#27,#28,#29,#30,#31,#32,#33,#34),#2845);
#11=GEOMETRICALLY_BOUNDED_WIREFRAME_SHAPE_REPRESENTATION('',(#12),#2844);
#12=GEOMETRIC_CURVE_SET('\X2\834956FE\X0\163',(#16,#17,#18,#19,#20,#21,
#22,#23,#2841));
#13=SHAPE_REPRESENTATION_RELATIONSHIP('SRR','None',#2852,#15);
#14=SHAPE_REPRESENTATION_RELATIONSHIP('SRR','None',#2852,#11);
#15=ADVANCED_BREP_SHAPE_REPRESENTATION('',(#24),#2844);
#16=POLYLINE('',(#2825,#2826));
#17=POLYLINE('',(#2827,#2828));
#18=POLYLINE('',(#2829,#2830));
#19=POLYLINE('',(#2831,#2832));
#20=POLYLINE('',(#2833,#2834));
#21=POLYLINE('',(#2835,#2836));
#22=POLYLINE('',(#2837,#2838));
#23=POLYLINE('',(#2839,#2840));
#24=MANIFOLD_SOLID_BREP('\X2\5B9E4F53\X0\3',#1635);
#25=STYLED_ITEM('',(#2862),#1573);
#26=STYLED_ITEM('',(#2861),#24);
#27=STYLED_ITEM('',(#2863),#16);
#28=STYLED_ITEM('',(#2863),#17);
#29=STYLED_ITEM('',(#2863),#18);
#30=STYLED_ITEM('',(#2863),#19);
#31=STYLED_ITEM('',(#2863),#20);
#32=STYLED_ITEM('',(#2863),#21);
#33=STYLED_ITEM('',(#2863),#22);
#34=STYLED_ITEM('',(#2863),#23);
#35=ELLIPSE('',#1691,10.2826627702721,10.);
#36=ELLIPSE('',#1692,10.2826627702721,10.);
#37=ELLIPSE('',#1693,4.11306510810883,4.);
#38=ELLIPSE('',#1694,1.02826627702721,1.);
#39=CYLINDRICAL_SURFACE('',#1678,10.);
#40=CYLINDRICAL_SURFACE('',#1695,1.);
#41=CYLINDRICAL_SURFACE('',#1698,10.);
#42=CYLINDRICAL_SURFACE('',#1700,1.);
#43=CYLINDRICAL_SURFACE('',#1711,10.);
#44=CYLINDRICAL_SURFACE('',#1713,10.);
#45=CYLINDRICAL_SURFACE('',#1715,1.);
#46=CYLINDRICAL_SURFACE('',#1717,15.);
#47=CYLINDRICAL_SURFACE('',#1723,3.27500000000001);
#48=CYLINDRICAL_SURFACE('',#1724,3.075);
#49=CYLINDRICAL_SURFACE('',#1729,3.05);
#50=CYLINDRICAL_SURFACE('',#1747,45.);
#51=CYLINDRICAL_SURFACE('',#1749,50.4860258097917);
#52=CYLINDRICAL_SURFACE('',#1754,3.27500000000001);
#53=CYLINDRICAL_SURFACE('',#1757,3.075);
#54=CYLINDRICAL_SURFACE('',#1759,3.27500000000001);
#55=CYLINDRICAL_SURFACE('',#1761,10.);
#56=CYLINDRICAL_SURFACE('',#1763,25.7631350823726);
#57=CYLINDRICAL_SURFACE('',#1765,5.);
#58=CYLINDRICAL_SURFACE('',#1768,33.5286831403376);
#59=CYLINDRICAL_SURFACE('',#1778,1.);
#60=CYLINDRICAL_SURFACE('',#1780,1.);
#61=CYLINDRICAL_SURFACE('',#1794,1.99999999999999);
#62=CYLINDRICAL_SURFACE('',#1795,1.5);
#63=CYLINDRICAL_SURFACE('',#1797,3.075);
#64=CYLINDRICAL_SURFACE('',#1799,1.5);
#65=CYLINDRICAL_SURFACE('',#1801,3.05);
#66=CYLINDRICAL_SURFACE('',#1803,3.05);
#67=CYLINDRICAL_SURFACE('',#1805,1.5);
#68=CYLINDRICAL_SURFACE('',#1806,2.);
#69=CYLINDRICAL_SURFACE('',#1808,4.);
#70=CYLINDRICAL_SURFACE('',#1809,10.);
#71=CYLINDRICAL_SURFACE('',#1819,1.);
#72=CYLINDRICAL_SURFACE('',#1820,2.);
#73=CYLINDRICAL_SURFACE('',#1821,2.);
#74=CYLINDRICAL_SURFACE('',#1823,48.9354974509647);
#75=CYLINDRICAL_SURFACE('',#1824,1.25);
#76=CYLINDRICAL_SURFACE('',#1825,1.5);
#77=CYLINDRICAL_SURFACE('',#1826,19.2383651093705);
#78=CYLINDRICAL_SURFACE('',#1828,10.0497327775537);
#79=CYLINDRICAL_SURFACE('',#1829,85.0211092577115);
#80=CYLINDRICAL_SURFACE('',#1830,705.323828761742);
#81=CYLINDRICAL_SURFACE('',#1831,27.9444773283113);
#82=CYLINDRICAL_SURFACE('',#1835,10.);
#83=CYLINDRICAL_SURFACE('',#1836,0.2);
#84=CYLINDRICAL_SURFACE('',#1838,0.2);
#85=CYLINDRICAL_SURFACE('',#1839,5.);
#86=CYLINDRICAL_SURFACE('',#1841,4.53974800104983);
#87=CYLINDRICAL_SURFACE('',#1843,4.5);
#88=FACE_BOUND('',#193,.T.);
#89=FACE_BOUND('',#194,.T.);
#90=FACE_BOUND('',#195,.T.);
#91=FACE_BOUND('',#196,.T.);
#92=FACE_BOUND('',#197,.T.);
#93=FACE_BOUND('',#200,.T.);
#94=FACE_BOUND('',#201,.T.);
#95=FACE_BOUND('',#203,.T.);
#96=FACE_BOUND('',#204,.T.);
#97=FACE_BOUND('',#224,.T.);
#98=FACE_BOUND('',#225,.T.);
#99=FACE_BOUND('',#226,.T.);
#100=FACE_BOUND('',#227,.T.);
#101=FACE_BOUND('',#243,.T.);
#102=FACE_BOUND('',#244,.T.);
#103=FACE_BOUND('',#248,.T.);
#104=FACE_BOUND('',#266,.T.);
#105=FACE_BOUND('',#267,.T.);
#106=FACE_BOUND('',#268,.T.);
#107=FACE_BOUND('',#269,.T.);
#108=FACE_OUTER_BOUND('',#192,.T.);
#109=FACE_OUTER_BOUND('',#198,.T.);
#110=FACE_OUTER_BOUND('',#199,.T.);
#111=FACE_OUTER_BOUND('',#202,.T.);
#112=FACE_OUTER_BOUND('',#205,.T.);
#113=FACE_OUTER_BOUND('',#206,.T.);
#114=FACE_OUTER_BOUND('',#207,.T.);
#115=FACE_OUTER_BOUND('',#208,.T.);
#116=FACE_OUTER_BOUND('',#209,.T.);
#117=FACE_OUTER_BOUND('',#210,.T.);
#118=FACE_OUTER_BOUND('',#211,.T.);
#119=FACE_OUTER_BOUND('',#212,.T.);
#120=FACE_OUTER_BOUND('',#213,.T.);
#121=FACE_OUTER_BOUND('',#214,.T.);
#122=FACE_OUTER_BOUND('',#215,.T.);
#123=FACE_OUTER_BOUND('',#216,.T.);
#124=FACE_OUTER_BOUND('',#217,.T.);
#125=FACE_OUTER_BOUND('',#218,.T.);
#126=FACE_OUTER_BOUND('',#219,.T.);
#127=FACE_OUTER_BOUND('',#220,.T.);
#128=FACE_OUTER_BOUND('',#221,.T.);
#129=FACE_OUTER_BOUND('',#222,.T.);
#130=FACE_OUTER_BOUND('',#223,.T.);
#131=FACE_OUTER_BOUND('',#228,.T.);
#132=FACE_OUTER_BOUND('',#229,.T.);
#133=FACE_OUTER_BOUND('',#230,.T.);
#134=FACE_OUTER_BOUND('',#231,.T.);
#135=FACE_OUTER_BOUND('',#232,.T.);
#136=FACE_OUTER_BOUND('',#233,.T.);
#137=FACE_OUTER_BOUND('',#234,.T.);
#138=FACE_OUTER_BOUND('',#235,.T.);
#139=FACE_OUTER_BOUND('',#236,.T.);
#140=FACE_OUTER_BOUND('',#237,.T.);
#141=FACE_OUTER_BOUND('',#238,.T.);
#142=FACE_OUTER_BOUND('',#239,.T.);
#143=FACE_OUTER_BOUND('',#240,.T.);
#144=FACE_OUTER_BOUND('',#241,.T.);
#145=FACE_OUTER_BOUND('',#242,.T.);
#146=FACE_OUTER_BOUND('',#245,.T.);
#147=FACE_OUTER_BOUND('',#246,.T.);
#148=FACE_OUTER_BOUND('',#247,.T.);
#149=FACE_OUTER_BOUND('',#249,.T.);
#150=FACE_OUTER_BOUND('',#250,.T.);
#151=FACE_OUTER_BOUND('',#251,.T.);
#152=FACE_OUTER_BOUND('',#252,.T.);
#153=FACE_OUTER_BOUND('',#253,.T.);
#154=FACE_OUTER_BOUND('',#254,.T.);
#155=FACE_OUTER_BOUND('',#255,.T.);
#156=FACE_OUTER_BOUND('',#256,.T.);
#157=FACE_OUTER_BOUND('',#257,.T.);
#158=FACE_OUTER_BOUND('',#258,.T.);
#159=FACE_OUTER_BOUND('',#259,.T.);
#160=FACE_OUTER_BOUND('',#260,.T.);
#161=FACE_OUTER_BOUND('',#261,.T.);
#162=FACE_OUTER_BOUND('',#262,.T.);
#163=FACE_OUTER_BOUND('',#263,.T.);
#164=FACE_OUTER_BOUND('',#264,.T.);
#165=FACE_OUTER_BOUND('',#265,.T.);
#166=FACE_OUTER_BOUND('',#270,.T.);
#167=FACE_OUTER_BOUND('',#271,.T.);
#168=FACE_OUTER_BOUND('',#272,.T.);
#169=FACE_OUTER_BOUND('',#273,.T.);
#170=FACE_OUTER_BOUND('',#274,.T.);
#171=FACE_OUTER_BOUND('',#275,.T.);
#172=FACE_OUTER_BOUND('',#276,.T.);
#173=FACE_OUTER_BOUND('',#277,.T.);
#174=FACE_OUTER_BOUND('',#278,.T.);
#175=FACE_OUTER_BOUND('',#279,.T.);
#176=FACE_OUTER_BOUND('',#280,.T.);
#177=FACE_OUTER_BOUND('',#281,.T.);
#178=FACE_OUTER_BOUND('',#282,.T.);
#179=FACE_OUTER_BOUND('',#283,.T.);
#180=FACE_OUTER_BOUND('',#284,.T.);
#181=FACE_OUTER_BOUND('',#285,.T.);
#182=FACE_OUTER_BOUND('',#286,.T.);
#183=FACE_OUTER_BOUND('',#287,.T.);
#184=FACE_OUTER_BOUND('',#288,.T.);
#185=FACE_OUTER_BOUND('',#289,.T.);
#186=FACE_OUTER_BOUND('',#290,.T.);
#187=FACE_OUTER_BOUND('',#291,.T.);
#188=FACE_OUTER_BOUND('',#292,.T.);
#189=FACE_OUTER_BOUND('',#293,.T.);
#190=FACE_OUTER_BOUND('',#294,.T.);
#191=FACE_OUTER_BOUND('',#295,.T.);
#192=EDGE_LOOP('',(#1048,#1049,#1050,#1051,#1052,#1053,#1054,#1055,#1056,
#1057,#1058,#1059,#1060,#1061,#1062,#1063,#1064,#1065,#1066,#1067,#1068,
#1069,#1070,#1071,#1072));
#193=EDGE_LOOP('',(#1073));
#194=EDGE_LOOP('',(#1074));
#195=EDGE_LOOP('',(#1075));
#196=EDGE_LOOP('',(#1076));
#197=EDGE_LOOP('',(#1077));
#198=EDGE_LOOP('',(#1078,#1079,#1080,#1081));
#199=EDGE_LOOP('',(#1082,#1083,#1084,#1085,#1086,#1087,#1088,#1089,#1090,
#1091,#1092,#1093,#1094,#1095));
#200=EDGE_LOOP('',(#1096));
#201=EDGE_LOOP('',(#1097));
#202=EDGE_LOOP('',(#1098,#1099,#1100,#1101,#1102,#1103));
#203=EDGE_LOOP('',(#1104));
#204=EDGE_LOOP('',(#1105,#1106));
#205=EDGE_LOOP('',(#1107,#1108,#1109,#1110,#1111,#1112));
#206=EDGE_LOOP('',(#1113,#1114,#1115,#1116));
#207=EDGE_LOOP('',(#1117,#1118,#1119,#1120));
#208=EDGE_LOOP('',(#1121));
#209=EDGE_LOOP('',(#1122,#1123,#1124,#1125,#1126,#1127,#1128,#1129));
#210=EDGE_LOOP('',(#1130,#1131,#1132,#1133));
#211=EDGE_LOOP('',(#1134,#1135,#1136,#1137));
#212=EDGE_LOOP('',(#1138,#1139,#1140,#1141,#1142,#1143,#1144,#1145));
#213=EDGE_LOOP('',(#1146,#1147,#1148,#1149));
#214=EDGE_LOOP('',(#1150,#1151,#1152,#1153,#1154,#1155,#1156));
#215=EDGE_LOOP('',(#1157,#1158,#1159,#1160));
#216=EDGE_LOOP('',(#1161,#1162,#1163,#1164));
#217=EDGE_LOOP('',(#1165,#1166,#1167,#1168));
#218=EDGE_LOOP('',(#1169,#1170,#1171));
#219=EDGE_LOOP('',(#1172));
#220=EDGE_LOOP('',(#1173,#1174,#1175,#1176,#1177,#1178,#1179,#1180));
#221=EDGE_LOOP('',(#1181,#1182,#1183,#1184));
#222=EDGE_LOOP('',(#1185,#1186,#1187,#1188));
#223=EDGE_LOOP('',(#1189,#1190,#1191,#1192,#1193,#1194,#1195,#1196,#1197,
#1198,#1199,#1200,#1201));
#224=EDGE_LOOP('',(#1202,#1203,#1204,#1205,#1206,#1207));
#225=EDGE_LOOP('',(#1208));
#226=EDGE_LOOP('',(#1209));
#227=EDGE_LOOP('',(#1210));
#228=EDGE_LOOP('',(#1211,#1212,#1213,#1214));
#229=EDGE_LOOP('',(#1215,#1216,#1217,#1218));
#230=EDGE_LOOP('',(#1219,#1220,#1221,#1222,#1223,#1224,#1225,#1226));
#231=EDGE_LOOP('',(#1227,#1228,#1229,#1230));
#232=EDGE_LOOP('',(#1231,#1232,#1233,#1234));
#233=EDGE_LOOP('',(#1235,#1236,#1237,#1238));
#234=EDGE_LOOP('',(#1239,#1240,#1241,#1242));
#235=EDGE_LOOP('',(#1243,#1244,#1245,#1246));
#236=EDGE_LOOP('',(#1247,#1248,#1249,#1250));
#237=EDGE_LOOP('',(#1251,#1252,#1253,#1254));
#238=EDGE_LOOP('',(#1255,#1256,#1257,#1258));
#239=EDGE_LOOP('',(#1259,#1260,#1261,#1262));
#240=EDGE_LOOP('',(#1263,#1264,#1265,#1266));
#241=EDGE_LOOP('',(#1267,#1268,#1269,#1270));
#242=EDGE_LOOP('',(#1271,#1272,#1273,#1274,#1275,#1276,#1277,#1278,#1279,
#1280));
#243=EDGE_LOOP('',(#1281));
#244=EDGE_LOOP('',(#1282));
#245=EDGE_LOOP('',(#1283,#1284,#1285,#1286));
#246=EDGE_LOOP('',(#1287,#1288,#1289,#1290));
#247=EDGE_LOOP('',(#1291,#1292,#1293,#1294,#1295,#1296));
#248=EDGE_LOOP('',(#1297,#1298,#1299,#1300,#1301,#1302,#1303,#1304,#1305,
#1306,#1307,#1308,#1309,#1310,#1311,#1312,#1313,#1314,#1315,#1316,#1317,
#1318,#1319,#1320,#1321));
#249=EDGE_LOOP('',(#1322,#1323,#1324,#1325));
#250=EDGE_LOOP('',(#1326,#1327,#1328,#1329));
#251=EDGE_LOOP('',(#1330,#1331,#1332,#1333));
#252=EDGE_LOOP('',(#1334,#1335,#1336,#1337));
#253=EDGE_LOOP('',(#1338,#1339,#1340,#1341));
#254=EDGE_LOOP('',(#1342,#1343,#1344,#1345));
#255=EDGE_LOOP('',(#1346,#1347,#1348,#1349));
#256=EDGE_LOOP('',(#1350,#1351,#1352,#1353));
#257=EDGE_LOOP('',(#1354,#1355,#1356,#1357));
#258=EDGE_LOOP('',(#1358,#1359,#1360,#1361));
#259=EDGE_LOOP('',(#1362,#1363,#1364,#1365));
#260=EDGE_LOOP('',(#1366,#1367,#1368,#1369));
#261=EDGE_LOOP('',(#1370,#1371,#1372,#1373));
#262=EDGE_LOOP('',(#1374,#1375,#1376,#1377));
#263=EDGE_LOOP('',(#1378,#1379,#1380,#1381));
#264=EDGE_LOOP('',(#1382,#1383,#1384,#1385));
#265=EDGE_LOOP('',(#1386,#1387,#1388,#1389,#1390,#1391,#1392,#1393,#1394,
#1395,#1396,#1397,#1398,#1399,#1400,#1401,#1402));
#266=EDGE_LOOP('',(#1403));
#267=EDGE_LOOP('',(#1404));
#268=EDGE_LOOP('',(#1405,#1406,#1407,#1408,#1409,#1410));
#269=EDGE_LOOP('',(#1411));
#270=EDGE_LOOP('',(#1412,#1413,#1414,#1415));
#271=EDGE_LOOP('',(#1416,#1417,#1418,#1419));
#272=EDGE_LOOP('',(#1420,#1421,#1422,#1423));
#273=EDGE_LOOP('',(#1424,#1425,#1426,#1427));
#274=EDGE_LOOP('',(#1428,#1429,#1430,#1431));
#275=EDGE_LOOP('',(#1432,#1433,#1434,#1435));
#276=EDGE_LOOP('',(#1436,#1437,#1438,#1439));
#277=EDGE_LOOP('',(#1440,#1441,#1442,#1443));
#278=EDGE_LOOP('',(#1444,#1445,#1446,#1447));
#279=EDGE_LOOP('',(#1448,#1449,#1450,#1451));
#280=EDGE_LOOP('',(#1452,#1453,#1454,#1455));
#281=EDGE_LOOP('',(#1456,#1457,#1458,#1459));
#282=EDGE_LOOP('',(#1460,#1461,#1462,#1463));
#283=EDGE_LOOP('',(#1464,#1465,#1466,#1467));
#284=EDGE_LOOP('',(#1468,#1469,#1470,#1471));
#285=EDGE_LOOP('',(#1472,#1473,#1474,#1475));
#286=EDGE_LOOP('',(#1476,#1477,#1478,#1479));
#287=EDGE_LOOP('',(#1480,#1481,#1482,#1483));
#288=EDGE_LOOP('',(#1484,#1485,#1486,#1487));
#289=EDGE_LOOP('',(#1488,#1489,#1490,#1491));
#290=EDGE_LOOP('',(#1492,#1493,#1494,#1495));
#291=EDGE_LOOP('',(#1496,#1497,#1498,#1499));
#292=EDGE_LOOP('',(#1500,#1501,#1502,#1503));
#293=EDGE_LOOP('',(#1504,#1505,#1506,#1507));
#294=EDGE_LOOP('',(#1508,#1509,#1510,#1511));
#295=EDGE_LOOP('',(#1512,#1513,#1514,#1515));
#296=LINE('',#2356,#428);
#297=LINE('',#2358,#429);
#298=LINE('',#2364,#430);
#299=LINE('',#2368,#431);
#300=LINE('',#2374,#432);
#301=LINE('',#2380,#433);
#302=LINE('',#2384,#434);
#303=LINE('',#2388,#435);
#304=LINE('',#2392,#436);
#305=LINE('',#2396,#437);
#306=LINE('',#2401,#438);
#307=LINE('',#2417,#439);
#308=LINE('',#2420,#440);
#309=LINE('',#2423,#441);
#310=LINE('',#2425,#442);
#311=LINE('',#2427,#443);
#312=LINE('',#2429,#444);
#313=LINE('',#2435,#445);
#314=LINE('',#2439,#446);
#315=LINE('',#2446,#447);
#316=LINE('',#2453,#448);
#317=LINE('',#2457,#449);
#318=LINE('',#2463,#450);
#319=LINE('',#2467,#451);
#320=LINE('',#2472,#452);
#321=LINE('',#2476,#453);
#322=LINE('',#2490,#454);
#323=LINE('',#2498,#455);
#324=LINE('',#2501,#456);
#325=LINE('',#2504,#457);
#326=LINE('',#2506,#458);
#327=LINE('',#2509,#459);
#328=LINE('',#2513,#460);
#329=LINE('',#2517,#461);
#330=LINE('',#2522,#462);
#331=LINE('',#2524,#463);
#332=LINE('',#2532,#464);
#333=LINE('',#2534,#465);
#334=LINE('',#2536,#466);
#335=LINE('',#2538,#467);
#336=LINE('',#2540,#468);
#337=LINE('',#2541,#469);
#338=LINE('',#2544,#470);
#339=LINE('',#2547,#471);
#340=LINE('',#2550,#472);
#341=LINE('',#2551,#473);
#342=LINE('',#2554,#474);
#343=LINE('',#2558,#475);
#344=LINE('',#2574,#476);
#345=LINE('',#2578,#477);
#346=LINE('',#2582,#478);
#347=LINE('',#2586,#479);
#348=LINE('',#2587,#480);
#349=LINE('',#2596,#481);
#350=LINE('',#2600,#482);
#351=LINE('',#2603,#483);
#352=LINE('',#2606,#484);
#353=LINE('',#2607,#485);
#354=LINE('',#2609,#486);
#355=LINE('',#2610,#487);
#356=LINE('',#2613,#488);
#357=LINE('',#2615,#489);
#358=LINE('',#2616,#490);
#359=LINE('',#2618,#491);
#360=LINE('',#2621,#492);
#361=LINE('',#2624,#493);
#362=LINE('',#2627,#494);
#363=LINE('',#2628,#495);
#364=LINE('',#2632,#496);
#365=LINE('',#2636,#497);
#366=LINE('',#2639,#498);
#367=LINE('',#2642,#499);
#368=LINE('',#2645,#500);
#369=LINE('',#2650,#501);
#370=LINE('',#2653,#502);
#371=LINE('',#2654,#503);
#372=LINE('',#2663,#504);
#373=LINE('',#2667,#505);
#374=LINE('',#2677,#506);
#375=LINE('',#2681,#507);
#376=LINE('',#2685,#508);
#377=LINE('',#2688,#509);
#378=LINE('',#2694,#510);
#379=LINE('',#2698,#511);
#380=LINE('',#2702,#512);
#381=LINE('',#2706,#513);
#382=LINE('',#2710,#514);
#383=LINE('',#2715,#515);
#384=LINE('',#2717,#516);
#385=LINE('',#2722,#517);
#386=LINE('',#2724,#518);
#387=LINE('',#2726,#519);
#388=LINE('',#2728,#520);
#389=LINE('',#2730,#521);
#390=LINE('',#2732,#522);
#391=LINE('',#2734,#523);
#392=LINE('',#2736,#524);
#393=LINE('',#2738,#525);
#394=LINE('',#2740,#526);
#395=LINE('',#2742,#527);
#396=LINE('',#2744,#528);
#397=LINE('',#2746,#529);
#398=LINE('',#2749,#530);
#399=LINE('',#2751,#531);
#400=LINE('',#2752,#532);
#401=LINE('',#2762,#533);
#402=LINE('',#2765,#534);
#403=LINE('',#2767,#535);
#404=LINE('',#2771,#536);
#405=LINE('',#2774,#537);
#406=LINE('',#2779,#538);
#407=LINE('',#2781,#539);
#408=LINE('',#2783,#540);
#409=LINE('',#2786,#541);
#410=LINE('',#2788,#542);
#411=LINE('',#2790,#543);
#412=LINE('',#2792,#544);
#413=LINE('',#2794,#545);
#414=LINE('',#2796,#546);
#415=LINE('',#2798,#547);
#416=LINE('',#2800,#548);
#417=LINE('',#2802,#549);
#418=LINE('',#2804,#550);
#419=LINE('',#2805,#551);
#420=LINE('',#2807,#552);
#421=LINE('',#2809,#553);
#422=LINE('',#2812,#554);
#423=LINE('',#2814,#555);
#424=LINE('',#2817,#556);
#425=LINE('',#2818,#557);
#426=LINE('',#2820,#558);
#427=LINE('',#2824,#559);
#428=VECTOR('',#1850,10.);
#429=VECTOR('',#1851,10.);
#430=VECTOR('',#1856,10.);
#431=VECTOR('',#1859,10.);
#432=VECTOR('',#1864,10.);
#433=VECTOR('',#1869,10.);
#434=VECTOR('',#1872,10.);
#435=VECTOR('',#1875,10.);
#436=VECTOR('',#1878,10.);
#437=VECTOR('',#1881,10.);
#438=VECTOR('',#1886,10.);
#439=VECTOR('',#1901,10.);
#440=VECTOR('',#1904,10.);
#441=VECTOR('',#1907,10.);
#442=VECTOR('',#1908,10.);
#443=VECTOR('',#1909,10.);
#444=VECTOR('',#1910,10.);
#445=VECTOR('',#1915,10.);
#446=VECTOR('',#1918,10.);
#447=VECTOR('',#1925,10.);
#448=VECTOR('',#1932,10.);
#449=VECTOR('',#1935,10.);
#450=VECTOR('',#1940,10.);
#451=VECTOR('',#1945,1.);
#452=VECTOR('',#1952,10.);
#453=VECTOR('',#1957,1.);
#454=VECTOR('',#1972,10.);
#455=VECTOR('',#1981,10.);
#456=VECTOR('',#1984,10.);
#457=VECTOR('',#1987,10.);
#458=VECTOR('',#1988,10.);
#459=VECTOR('',#1993,1.);
#460=VECTOR('',#1998,10.);
#461=VECTOR('',#2003,10.);
#462=VECTOR('',#2010,10.);
#463=VECTOR('',#2013,10.);
#464=VECTOR('',#2024,10.);
#465=VECTOR('',#2025,10.);
#466=VECTOR('',#2026,10.);
#467=VECTOR('',#2027,10.);
#468=VECTOR('',#2028,10.);
#469=VECTOR('',#2029,10.);
#470=VECTOR('',#2032,10.);
#471=VECTOR('',#2035,10.);
#472=VECTOR('',#2038,10.);
#473=VECTOR('',#2039,10.);
#474=VECTOR('',#2042,10.);
#475=VECTOR('',#2045,10.);
#476=VECTOR('',#2060,10.);
#477=VECTOR('',#2063,10.);
#478=VECTOR('',#2066,10.);
#479=VECTOR('',#2069,10.);
#480=VECTOR('',#2070,10.);
#481=VECTOR('',#2079,10.);
#482=VECTOR('',#2084,10.);
#483=VECTOR('',#2087,10.);
#484=VECTOR('',#2090,10.);
#485=VECTOR('',#2091,10.);
#486=VECTOR('',#2092,10.);
#487=VECTOR('',#2093,10.);
#488=VECTOR('',#2096,10.);
#489=VECTOR('',#2097,10.);
#490=VECTOR('',#2098,10.);
#491=VECTOR('',#2101,10.);
#492=VECTOR('',#2104,10.);
#493=VECTOR('',#2107,10.);
#494=VECTOR('',#2110,10.);
#495=VECTOR('',#2111,10.);
#496=VECTOR('',#2116,10.);
#497=VECTOR('',#2121,10.);
#498=VECTOR('',#2124,10.);
#499=VECTOR('',#2127,10.);
#500=VECTOR('',#2130,10.);
#501=VECTOR('',#2137,10.);
#502=VECTOR('',#2140,10.);
#503=VECTOR('',#2141,10.);
#504=VECTOR('',#2152,10.);
#505=VECTOR('',#2155,10.);
#506=VECTOR('',#2166,1.);
#507=VECTOR('',#2171,1.);
#508=VECTOR('',#2176,10.);
#509=VECTOR('',#2179,10.);
#510=VECTOR('',#2184,10.);
#511=VECTOR('',#2187,10.);
#512=VECTOR('',#2190,10.);
#513=VECTOR('',#2193,10.);
#514=VECTOR('',#2196,10.);
#515=VECTOR('',#2201,10.);
#516=VECTOR('',#2202,10.);
#517=VECTOR('',#2209,10.);
#518=VECTOR('',#2212,10.);
#519=VECTOR('',#2215,10.);
#520=VECTOR('',#2218,10.);
#521=VECTOR('',#2221,10.);
#522=VECTOR('',#2224,10.);
#523=VECTOR('',#2227,10.);
#524=VECTOR('',#2230,10.);
#525=VECTOR('',#2233,10.);
#526=VECTOR('',#2236,10.);
#527=VECTOR('',#2239,10.);
#528=VECTOR('',#2242,10.);
#529=VECTOR('',#2245,10.);
#530=VECTOR('',#2250,4.);
#531=VECTOR('',#2253,10.);
#532=VECTOR('',#2254,10.);
#533=VECTOR('',#2265,10.);
#534=VECTOR('',#2266,10.);
#535=VECTOR('',#2267,10.);
#536=VECTOR('',#2270,10.);
#537=VECTOR('',#2273,10.);
#538=VECTOR('',#2280,1.);
#539=VECTOR('',#2283,10.);
#540=VECTOR('',#2286,10.);
#541=VECTOR('',#2291,10.);
#542=VECTOR('',#2294,1.25);
#543=VECTOR('',#2297,1.5);
#544=VECTOR('',#2300,10.);
#545=VECTOR('',#2303,10.);
#546=VECTOR('',#2306,10.);
#547=VECTOR('',#2309,10.);
#548=VECTOR('',#2312,10.);
#549=VECTOR('',#2315,10.);
#550=VECTOR('',#2318,10.);
#551=VECTOR('',#2319,10.);
#552=VECTOR('',#2322,10.);
#553=VECTOR('',#2325,10.);
#554=VECTOR('',#2330,10.);
#555=VECTOR('',#2333,10.);
#556=VECTOR('',#2338,5.);
#557=VECTOR('',#2339,5.);
#558=VECTOR('',#2342,10.);
#559=VECTOR('',#2349,4.5);
#560=CIRCLE('',#1659,3.05);
#561=CIRCLE('',#1660,2.);
#562=CIRCLE('',#1661,2.);
#563=CIRCLE('',#1662,3.27500000000001);
#564=CIRCLE('',#1663,3.075);
#565=CIRCLE('',#1664,3.27500000000001);
#566=CIRCLE('',#1665,2.);
#567=CIRCLE('',#1666,1.5);
#568=CIRCLE('',#1667,3.05);
#569=CIRCLE('',#1668,3.05);
#570=CIRCLE('',#1669,1.5);
#571=CIRCLE('',#1670,3.075);
#572=CIRCLE('',#1671,1.5);
#573=CIRCLE('',#1672,1.99999999999999);
#574=CIRCLE('',#1673,1.);
#575=CIRCLE('',#1674,4.);
#576=CIRCLE('',#1675,1.);
#577=CIRCLE('',#1676,1.);
#578=CIRCLE('',#1677,1.);
#579=CIRCLE('',#1679,10.);
#580=CIRCLE('',#1680,10.);
#581=CIRCLE('',#1682,85.0211092577115);
#582=CIRCLE('',#1683,705.323828761742);
#583=CIRCLE('',#1684,5.);
#584=CIRCLE('',#1685,4.53974800104983);
#585=CIRCLE('',#1686,48.9354974509647);
#586=CIRCLE('',#1687,45.);
#587=CIRCLE('',#1688,1.25);
#588=CIRCLE('',#1689,4.5);
#589=CIRCLE('',#1696,1.);
#590=CIRCLE('',#1697,1.);
#591=CIRCLE('',#1699,10.);
#592=CIRCLE('',#1701,1.);
#593=CIRCLE('',#1704,10.);
#594=CIRCLE('',#1705,15.);
#595=CIRCLE('',#1706,3.075);
#596=CIRCLE('',#1707,3.27500000000001);
#597=CIRCLE('',#1708,10.);
#598=CIRCLE('',#1709,1.);
#599=CIRCLE('',#1710,1.);
#600=CIRCLE('',#1712,10.);
#601=CIRCLE('',#1714,10.);
#602=CIRCLE('',#1716,1.);
#603=CIRCLE('',#1718,15.);
#604=CIRCLE('',#1720,3.27500000000001);
#605=CIRCLE('',#1721,3.075);
#606=CIRCLE('',#1727,1.);
#607=CIRCLE('',#1730,3.05);
#608=CIRCLE('',#1733,50.4860258097917);
#609=CIRCLE('',#1734,10.0497327775537);
#610=CIRCLE('',#1735,10.);
#611=CIRCLE('',#1736,27.9444773283113);
#612=CIRCLE('',#1737,19.2383651093705);
#613=CIRCLE('',#1738,5.);
#614=CIRCLE('',#1739,25.7631350823726);
#615=CIRCLE('',#1740,10.);
#616=CIRCLE('',#1741,33.5286831403376);
#617=CIRCLE('',#1742,0.2);
#618=CIRCLE('',#1743,0.2);
#619=CIRCLE('',#1744,1.5);
#620=CIRCLE('',#1745,1.);
#621=CIRCLE('',#1746,1.);
#622=CIRCLE('',#1748,45.);
#623=CIRCLE('',#1750,50.4860258097918);
#624=CIRCLE('',#1755,3.27500000000001);
#625=CIRCLE('',#1758,3.075);
#626=CIRCLE('',#1760,3.27500000000001);
#627=CIRCLE('',#1762,10.);
#628=CIRCLE('',#1764,25.7631350823726);
#629=CIRCLE('',#1766,5.);
#630=CIRCLE('',#1769,33.5286831403376);
#631=CIRCLE('',#1771,48.9354974509647);
#632=CIRCLE('',#1772,4.53974800104983);
#633=CIRCLE('',#1773,5.);
#634=CIRCLE('',#1774,705.323828761742);
#635=CIRCLE('',#1775,85.0211092577115);
#636=CIRCLE('',#1776,4.5);
#637=CIRCLE('',#1777,1.25);
#638=CIRCLE('',#1779,1.);
#639=CIRCLE('',#1781,1.);
#640=CIRCLE('',#1783,10.);
#641=CIRCLE('',#1784,1.99999999999999);
#642=CIRCLE('',#1785,1.5);
#643=CIRCLE('',#1786,3.075);
#644=CIRCLE('',#1787,1.5);
#645=CIRCLE('',#1788,3.05);
#646=CIRCLE('',#1789,3.05);
#647=CIRCLE('',#1790,1.5);
#648=CIRCLE('',#1791,2.);
#649=CIRCLE('',#1792,2.);
#650=CIRCLE('',#1793,2.);
#651=CIRCLE('',#1811,19.2383651093705);
#652=CIRCLE('',#1812,27.9444773283113);
#653=CIRCLE('',#1813,10.);
#654=CIRCLE('',#1814,10.0497327775537);
#655=CIRCLE('',#1815,0.2);
#656=CIRCLE('',#1816,0.2);
#657=CIRCLE('',#1817,1.5);
#658=VERTEX_POINT('',#2352);
#659=VERTEX_POINT('',#2353);
#660=VERTEX_POINT('',#2355);
#661=VERTEX_POINT('',#2357);
#662=VERTEX_POINT('',#2359);
#663=VERTEX_POINT('',#2361);
#664=VERTEX_POINT('',#2363);
#665=VERTEX_POINT('',#2365);
#666=VERTEX_POINT('',#2367);
#667=VERTEX_POINT('',#2369);
#668=VERTEX_POINT('',#2371);
#669=VERTEX_POINT('',#2373);
#670=VERTEX_POINT('',#2375);
#671=VERTEX_POINT('',#2377);
#672=VERTEX_POINT('',#2379);
#673=VERTEX_POINT('',#2381);
#674=VERTEX_POINT('',#2383);
#675=VERTEX_POINT('',#2385);
#676=VERTEX_POINT('',#2387);
#677=VERTEX_POINT('',#2389);
#678=VERTEX_POINT('',#2391);
#679=VERTEX_POINT('',#2393);
#680=VERTEX_POINT('',#2395);
#681=VERTEX_POINT('',#2397);
#682=VERTEX_POINT('',#2399);
#683=VERTEX_POINT('',#2402);
#684=VERTEX_POINT('',#2404);
#685=VERTEX_POINT('',#2406);
#686=VERTEX_POINT('',#2408);
#687=VERTEX_POINT('',#2410);
#688=VERTEX_POINT('',#2413);
#689=VERTEX_POINT('',#2414);
#690=VERTEX_POINT('',#2416);
#691=VERTEX_POINT('',#2418);
#692=VERTEX_POINT('',#2422);
#693=VERTEX_POINT('',#2424);
#694=VERTEX_POINT('',#2426);
#695=VERTEX_POINT('',#2428);
#696=VERTEX_POINT('',#2430);
#697=VERTEX_POINT('',#2432);
#698=VERTEX_POINT('',#2434);
#699=VERTEX_POINT('',#2436);
#700=VERTEX_POINT('',#2438);
#701=VERTEX_POINT('',#2440);
#702=VERTEX_POINT('',#2442);
#703=VERTEX_POINT('',#2444);
#704=VERTEX_POINT('',#2447);
#705=VERTEX_POINT('',#2449);
#706=VERTEX_POINT('',#2452);
#707=VERTEX_POINT('',#2454);
#708=VERTEX_POINT('',#2456);
#709=VERTEX_POINT('',#2459);
#710=VERTEX_POINT('',#2461);
#711=VERTEX_POINT('',#2462);
#712=VERTEX_POINT('',#2466);
#713=VERTEX_POINT('',#2471);
#714=VERTEX_POINT('',#2475);
#715=VERTEX_POINT('',#2480);
#716=VERTEX_POINT('',#2481);
#717=VERTEX_POINT('',#2483);
#718=VERTEX_POINT('',#2485);
#719=VERTEX_POINT('',#2487);
#720=VERTEX_POINT('',#2489);
#721=VERTEX_POINT('',#2491);
#722=VERTEX_POINT('',#2493);
#723=VERTEX_POINT('',#2497);
#724=VERTEX_POINT('',#2499);
#725=VERTEX_POINT('',#2503);
#726=VERTEX_POINT('',#2505);
#727=VERTEX_POINT('',#2512);
#728=VERTEX_POINT('',#2516);
#729=VERTEX_POINT('',#2518);
#730=VERTEX_POINT('',#2528);
#731=VERTEX_POINT('',#2531);
#732=VERTEX_POINT('',#2533);
#733=VERTEX_POINT('',#2535);
#734=VERTEX_POINT('',#2537);
#735=VERTEX_POINT('',#2539);
#736=VERTEX_POINT('',#2543);
#737=VERTEX_POINT('',#2545);
#738=VERTEX_POINT('',#2549);
#739=VERTEX_POINT('',#2553);
#740=VERTEX_POINT('',#2555);
#741=VERTEX_POINT('',#2557);
#742=VERTEX_POINT('',#2559);
#743=VERTEX_POINT('',#2561);
#744=VERTEX_POINT('',#2563);
#745=VERTEX_POINT('',#2565);
#746=VERTEX_POINT('',#2567);
#747=VERTEX_POINT('',#2569);
#748=VERTEX_POINT('',#2571);
#749=VERTEX_POINT('',#2573);
#750=VERTEX_POINT('',#2576);
#751=VERTEX_POINT('',#2577);
#752=VERTEX_POINT('',#2579);
#753=VERTEX_POINT('',#2581);
#754=VERTEX_POINT('',#2583);
#755=VERTEX_POINT('',#2585);
#756=VERTEX_POINT('',#2588);
#757=VERTEX_POINT('',#2590);
#758=VERTEX_POINT('',#2592);
#759=VERTEX_POINT('',#2595);
#760=VERTEX_POINT('',#2599);
#761=VERTEX_POINT('',#2601);
#762=VERTEX_POINT('',#2605);
#763=VERTEX_POINT('',#2608);
#764=VERTEX_POINT('',#2612);
#765=VERTEX_POINT('',#2614);
#766=VERTEX_POINT('',#2620);
#767=VERTEX_POINT('',#2622);
#768=VERTEX_POINT('',#2626);
#769=VERTEX_POINT('',#2630);
#770=VERTEX_POINT('',#2634);
#771=VERTEX_POINT('',#2638);
#772=VERTEX_POINT('',#2640);
#773=VERTEX_POINT('',#2644);
#774=VERTEX_POINT('',#2648);
#775=VERTEX_POINT('',#2652);
#776=VERTEX_POINT('',#2658);
#777=VERTEX_POINT('',#2660);
#778=VERTEX_POINT('',#2662);
#779=VERTEX_POINT('',#2664);
#780=VERTEX_POINT('',#2666);
#781=VERTEX_POINT('',#2668);
#782=VERTEX_POINT('',#2671);
#783=VERTEX_POINT('',#2673);
#784=VERTEX_POINT('',#2676);
#785=VERTEX_POINT('',#2680);
#786=VERTEX_POINT('',#2684);
#787=VERTEX_POINT('',#2686);
#788=VERTEX_POINT('',#2689);
#789=VERTEX_POINT('',#2691);
#790=VERTEX_POINT('',#2693);
#791=VERTEX_POINT('',#2695);
#792=VERTEX_POINT('',#2697);
#793=VERTEX_POINT('',#2699);
#794=VERTEX_POINT('',#2701);
#795=VERTEX_POINT('',#2703);
#796=VERTEX_POINT('',#2705);
#797=VERTEX_POINT('',#2707);
#798=VERTEX_POINT('',#2709);
#799=VERTEX_POINT('',#2711);
#800=VERTEX_POINT('',#2713);
#801=VERTEX_POINT('',#2716);
#802=VERTEX_POINT('',#2718);
#803=VERTEX_POINT('',#2754);
#804=VERTEX_POINT('',#2756);
#805=VERTEX_POINT('',#2758);
#806=VERTEX_POINT('',#2760);
#807=VERTEX_POINT('',#2763);
#808=VERTEX_POINT('',#2764);
#809=VERTEX_POINT('',#2766);
#810=VERTEX_POINT('',#2768);
#811=VERTEX_POINT('',#2770);
#812=VERTEX_POINT('',#2772);
#813=VERTEX_POINT('',#2775);
#814=EDGE_CURVE('',#658,#659,#560,.T.);
#815=EDGE_CURVE('',#660,#658,#296,.T.);
#816=EDGE_CURVE('',#661,#660,#297,.T.);
#817=EDGE_CURVE('',#662,#661,#561,.T.);
#818=EDGE_CURVE('',#663,#662,#562,.T.);
#819=EDGE_CURVE('',#664,#663,#298,.T.);
#820=EDGE_CURVE('',#665,#664,#563,.T.);
#821=EDGE_CURVE('',#666,#665,#299,.T.);
#822=EDGE_CURVE('',#667,#666,#564,.T.);
#823=EDGE_CURVE('',#668,#667,#565,.T.);
#824=EDGE_CURVE('',#669,#668,#300,.T.);
#825=EDGE_CURVE('',#670,#669,#566,.T.);
#826=EDGE_CURVE('',#671,#670,#567,.T.);
#827=EDGE_CURVE('',#672,#671,#301,.T.);
#828=EDGE_CURVE('',#673,#672,#568,.T.);
#829=EDGE_CURVE('',#674,#673,#302,.T.);
#830=EDGE_CURVE('',#675,#674,#569,.T.);
#831=EDGE_CURVE('',#676,#675,#303,.T.);
#832=EDGE_CURVE('',#677,#676,#570,.T.);
#833=EDGE_CURVE('',#678,#677,#304,.T.);
#834=EDGE_CURVE('',#679,#678,#571,.T.);
#835=EDGE_CURVE('',#680,#679,#305,.T.);
#836=EDGE_CURVE('',#681,#680,#572,.T.);
#837=EDGE_CURVE('',#682,#681,#573,.T.);
#838=EDGE_CURVE('',#659,#682,#306,.T.);
#839=EDGE_CURVE('',#683,#683,#574,.T.);
#840=EDGE_CURVE('',#684,#684,#575,.T.);
#841=EDGE_CURVE('',#685,#685,#576,.T.);
#842=EDGE_CURVE('',#686,#686,#577,.T.);
#843=EDGE_CURVE('',#687,#687,#578,.T.);
#844=EDGE_CURVE('',#688,#689,#579,.T.);
#845=EDGE_CURVE('',#689,#690,#307,.T.);
#846=EDGE_CURVE('',#690,#691,#580,.T.);
#847=EDGE_CURVE('',#691,#688,#308,.T.);
#848=EDGE_CURVE('',#688,#692,#309,.T.);
#849=EDGE_CURVE('',#693,#692,#310,.T.);
#850=EDGE_CURVE('',#693,#694,#311,.T.);
#851=EDGE_CURVE('',#694,#695,#312,.T.);
#852=EDGE_CURVE('',#695,#696,#581,.T.);
#853=EDGE_CURVE('',#696,#697,#582,.T.);
#854=EDGE_CURVE('',#697,#698,#313,.T.);
#855=EDGE_CURVE('',#698,#699,#583,.T.);
#856=EDGE_CURVE('',#699,#700,#314,.T.);
#857=EDGE_CURVE('',#700,#701,#584,.T.);
#858=EDGE_CURVE('',#701,#702,#585,.T.);
#859=EDGE_CURVE('',#702,#703,#586,.T.);
#860=EDGE_CURVE('',#689,#703,#315,.T.);
#861=EDGE_CURVE('',#704,#704,#587,.T.);
#862=EDGE_CURVE('',#705,#705,#588,.T.);
#863=EDGE_CURVE('',#706,#691,#316,.T.);
#864=EDGE_CURVE('',#707,#706,#35,.T.);
#865=EDGE_CURVE('',#708,#707,#317,.T.);
#866=EDGE_CURVE('',#692,#708,#36,.T.);
#867=EDGE_CURVE('',#709,#709,#37,.T.);
#868=EDGE_CURVE('',#710,#711,#318,.T.);
#869=EDGE_CURVE('',#711,#710,#38,.T.);
#870=EDGE_CURVE('',#683,#712,#319,.T.);
#871=EDGE_CURVE('',#711,#712,#589,.T.);
#872=EDGE_CURVE('',#712,#710,#590,.T.);
#873=EDGE_CURVE('',#713,#708,#320,.T.);
#874=EDGE_CURVE('',#713,#693,#591,.T.);
#875=EDGE_CURVE('',#687,#714,#321,.T.);
#876=EDGE_CURVE('',#714,#714,#592,.T.);
#877=EDGE_CURVE('',#715,#716,#593,.T.);
#878=EDGE_CURVE('',#717,#716,#594,.T.);
#879=EDGE_CURVE('',#718,#717,#595,.T.);
#880=EDGE_CURVE('',#719,#718,#596,.T.);
#881=EDGE_CURVE('',#720,#719,#322,.T.);
#882=EDGE_CURVE('',#720,#721,#597,.T.);
#883=EDGE_CURVE('',#721,#722,#598,.T.);
#884=EDGE_CURVE('',#722,#715,#599,.T.);
#885=EDGE_CURVE('',#715,#723,#323,.T.);
#886=EDGE_CURVE('',#723,#724,#600,.T.);
#887=EDGE_CURVE('',#724,#716,#324,.T.);
#888=EDGE_CURVE('',#725,#721,#325,.T.);
#889=EDGE_CURVE('',#720,#726,#326,.T.);
#890=EDGE_CURVE('',#726,#725,#601,.T.);
#891=EDGE_CURVE('',#686,#722,#327,.T.);
#892=EDGE_CURVE('',#723,#725,#602,.T.);
#893=EDGE_CURVE('',#727,#717,#328,.T.);
#894=EDGE_CURVE('',#724,#727,#603,.T.);
#895=EDGE_CURVE('',#726,#728,#329,.T.);
#896=EDGE_CURVE('',#728,#729,#604,.T.);
#897=EDGE_CURVE('',#729,#727,#605,.T.);
#898=EDGE_CURVE('',#719,#728,#330,.T.);
#899=EDGE_CURVE('',#729,#718,#331,.T.);
#900=EDGE_CURVE('',#730,#730,#606,.T.);
#901=EDGE_CURVE('',#731,#703,#332,.T.);
#902=EDGE_CURVE('',#732,#731,#333,.T.);
#903=EDGE_CURVE('',#732,#733,#334,.T.);
#904=EDGE_CURVE('',#734,#733,#335,.T.);
#905=EDGE_CURVE('',#735,#734,#336,.T.);
#906=EDGE_CURVE('',#735,#690,#337,.T.);
#907=EDGE_CURVE('',#736,#659,#338,.T.);
#908=EDGE_CURVE('',#737,#736,#607,.T.);
#909=EDGE_CURVE('',#737,#658,#339,.T.);
#910=EDGE_CURVE('',#738,#682,#340,.T.);
#911=EDGE_CURVE('',#736,#738,#341,.T.);
#912=EDGE_CURVE('',#733,#739,#342,.T.);
#913=EDGE_CURVE('',#740,#739,#608,.T.);
#914=EDGE_CURVE('',#740,#741,#343,.T.);
#915=EDGE_CURVE('',#742,#741,#609,.T.);
#916=EDGE_CURVE('',#743,#742,#610,.T.);
#917=EDGE_CURVE('',#743,#744,#611,.T.);
#918=EDGE_CURVE('',#745,#744,#612,.T.);
#919=EDGE_CURVE('',#746,#745,#613,.T.);
#920=EDGE_CURVE('',#746,#747,#614,.T.);
#921=EDGE_CURVE('',#748,#747,#615,.T.);
#922=EDGE_CURVE('',#748,#749,#344,.T.);
#923=EDGE_CURVE('',#749,#734,#616,.T.);
#924=EDGE_CURVE('',#750,#751,#345,.T.);
#925=EDGE_CURVE('',#752,#751,#617,.T.);
#926=EDGE_CURVE('',#752,#753,#346,.T.);
#927=EDGE_CURVE('',#754,#753,#618,.T.);
#928=EDGE_CURVE('',#755,#754,#347,.T.);
#929=EDGE_CURVE('',#750,#755,#348,.T.);
#930=EDGE_CURVE('',#756,#756,#619,.T.);
#931=EDGE_CURVE('',#757,#757,#620,.T.);
#932=EDGE_CURVE('',#758,#758,#621,.T.);
#933=EDGE_CURVE('',#702,#759,#349,.T.);
#934=EDGE_CURVE('',#731,#759,#622,.T.);
#935=EDGE_CURVE('',#739,#760,#350,.T.);
#936=EDGE_CURVE('',#761,#760,#623,.T.);
#937=EDGE_CURVE('',#740,#761,#351,.T.);
#938=EDGE_CURVE('',#694,#762,#352,.T.);
#939=EDGE_CURVE('',#762,#760,#353,.T.);
#940=EDGE_CURVE('',#763,#732,#354,.T.);
#941=EDGE_CURVE('',#695,#763,#355,.T.);
#942=EDGE_CURVE('',#764,#660,#356,.T.);
#943=EDGE_CURVE('',#765,#764,#357,.T.);
#944=EDGE_CURVE('',#765,#661,#358,.T.);
#945=EDGE_CURVE('',#764,#737,#359,.T.);
#946=EDGE_CURVE('',#766,#664,#360,.T.);
#947=EDGE_CURVE('',#767,#766,#624,.T.);
#948=EDGE_CURVE('',#767,#665,#361,.T.);
#949=EDGE_CURVE('',#768,#767,#362,.T.);
#950=EDGE_CURVE('',#768,#666,#363,.T.);
#951=EDGE_CURVE('',#769,#768,#625,.T.);
#952=EDGE_CURVE('',#769,#667,#364,.T.);
#953=EDGE_CURVE('',#770,#769,#626,.T.);
#954=EDGE_CURVE('',#770,#668,#365,.T.);
#955=EDGE_CURVE('',#747,#771,#366,.T.);
#956=EDGE_CURVE('',#771,#772,#627,.T.);
#957=EDGE_CURVE('',#772,#748,#367,.T.);
#958=EDGE_CURVE('',#773,#746,#368,.T.);
#959=EDGE_CURVE('',#771,#773,#628,.T.);
#960=EDGE_CURVE('',#774,#773,#629,.T.);
#961=EDGE_CURVE('',#745,#774,#369,.T.);
#962=EDGE_CURVE('',#775,#772,#370,.T.);
#963=EDGE_CURVE('',#775,#749,#371,.T.);
#964=EDGE_CURVE('',#735,#775,#630,.T.);
#965=EDGE_CURVE('',#759,#776,#631,.T.);
#966=EDGE_CURVE('',#776,#777,#632,.T.);
#967=EDGE_CURVE('',#777,#778,#372,.T.);
#968=EDGE_CURVE('',#779,#778,#633,.T.);
#969=EDGE_CURVE('',#779,#780,#373,.T.);
#970=EDGE_CURVE('',#780,#781,#634,.T.);
#971=EDGE_CURVE('',#781,#763,#635,.T.);
#972=EDGE_CURVE('',#782,#782,#636,.T.);
#973=EDGE_CURVE('',#783,#783,#637,.T.);
#974=EDGE_CURVE('',#758,#784,#374,.T.);
#975=EDGE_CURVE('',#784,#784,#638,.T.);
#976=EDGE_CURVE('',#757,#785,#375,.T.);
#977=EDGE_CURVE('',#785,#785,#639,.T.);
#978=EDGE_CURVE('',#786,#713,#376,.T.);
#979=EDGE_CURVE('',#787,#786,#640,.T.);
#980=EDGE_CURVE('',#762,#787,#377,.T.);
#981=EDGE_CURVE('',#738,#788,#641,.T.);
#982=EDGE_CURVE('',#788,#789,#642,.T.);
#983=EDGE_CURVE('',#789,#790,#378,.T.);
#984=EDGE_CURVE('',#790,#791,#643,.T.);
#985=EDGE_CURVE('',#791,#792,#379,.T.);
#986=EDGE_CURVE('',#792,#793,#644,.T.);
#987=EDGE_CURVE('',#794,#793,#380,.T.);
#988=EDGE_CURVE('',#795,#794,#645,.T.);
#989=EDGE_CURVE('',#796,#795,#381,.T.);
#990=EDGE_CURVE('',#797,#796,#646,.T.);
#991=EDGE_CURVE('',#798,#797,#382,.T.);
#992=EDGE_CURVE('',#799,#798,#647,.T.);
#993=EDGE_CURVE('',#799,#800,#648,.T.);
#994=EDGE_CURVE('',#770,#800,#383,.T.);
#995=EDGE_CURVE('',#766,#801,#384,.T.);
#996=EDGE_CURVE('',#801,#802,#649,.T.);
#997=EDGE_CURVE('',#802,#765,#650,.T.);
#998=EDGE_CURVE('',#788,#681,#385,.T.);
#999=EDGE_CURVE('',#789,#680,#386,.T.);
#1000=EDGE_CURVE('',#790,#679,#387,.T.);
#1001=EDGE_CURVE('',#791,#678,#388,.T.);
#1002=EDGE_CURVE('',#792,#677,#389,.T.);
#1003=EDGE_CURVE('',#793,#676,#390,.T.);
#1004=EDGE_CURVE('',#794,#675,#391,.T.);
#1005=EDGE_CURVE('',#795,#674,#392,.T.);
#1006=EDGE_CURVE('',#796,#673,#393,.T.);
#1007=EDGE_CURVE('',#797,#672,#394,.T.);
#1008=EDGE_CURVE('',#798,#671,#395,.T.);
#1009=EDGE_CURVE('',#799,#670,#396,.T.);
#1010=EDGE_CURVE('',#800,#669,#397,.T.);
#1011=EDGE_CURVE('',#684,#709,#398,.T.);
#1012=EDGE_CURVE('',#706,#787,#399,.T.);
#1013=EDGE_CURVE('',#786,#707,#400,.T.);
#1014=EDGE_CURVE('',#774,#803,#651,.T.);
#1015=EDGE_CURVE('',#803,#804,#652,.T.);
#1016=EDGE_CURVE('',#804,#805,#653,.T.);
#1017=EDGE_CURVE('',#805,#806,#654,.T.);
#1018=EDGE_CURVE('',#806,#761,#401,.T.);
#1019=EDGE_CURVE('',#807,#808,#402,.T.);
#1020=EDGE_CURVE('',#808,#809,#403,.T.);
#1021=EDGE_CURVE('',#809,#810,#655,.T.);
#1022=EDGE_CURVE('',#810,#811,#404,.T.);
#1023=EDGE_CURVE('',#811,#812,#656,.T.);
#1024=EDGE_CURVE('',#812,#807,#405,.T.);
#1025=EDGE_CURVE('',#813,#813,#657,.T.);
#1026=EDGE_CURVE('',#685,#730,#406,.T.);
#1027=EDGE_CURVE('',#802,#662,#407,.T.);
#1028=EDGE_CURVE('',#801,#663,#408,.T.);
#1029=EDGE_CURVE('',#701,#776,#409,.T.);
#1030=EDGE_CURVE('',#704,#783,#410,.T.);
#1031=EDGE_CURVE('',#813,#756,#411,.T.);
#1032=EDGE_CURVE('',#803,#744,#412,.T.);
#1033=EDGE_CURVE('',#741,#806,#413,.T.);
#1034=EDGE_CURVE('',#742,#805,#414,.T.);
#1035=EDGE_CURVE('',#696,#781,#415,.T.);
#1036=EDGE_CURVE('',#697,#780,#416,.T.);
#1037=EDGE_CURVE('',#804,#743,#417,.T.);
#1038=EDGE_CURVE('',#755,#808,#418,.T.);
#1039=EDGE_CURVE('',#750,#807,#419,.T.);
#1040=EDGE_CURVE('',#751,#812,#420,.T.);
#1041=EDGE_CURVE('',#809,#754,#421,.T.);
#1042=EDGE_CURVE('',#753,#810,#422,.T.);
#1043=EDGE_CURVE('',#811,#752,#423,.T.);
#1044=EDGE_CURVE('',#698,#779,#424,.T.);
#1045=EDGE_CURVE('',#778,#699,#425,.T.);
#1046=EDGE_CURVE('',#700,#777,#426,.T.);
#1047=EDGE_CURVE('',#782,#705,#427,.T.);
#1048=ORIENTED_EDGE('',*,*,#814,.F.);
#1049=ORIENTED_EDGE('',*,*,#815,.F.);
#1050=ORIENTED_EDGE('',*,*,#816,.F.);
#1051=ORIENTED_EDGE('',*,*,#817,.F.);
#1052=ORIENTED_EDGE('',*,*,#818,.F.);
#1053=ORIENTED_EDGE('',*,*,#819,.F.);
#1054=ORIENTED_EDGE('',*,*,#820,.F.);
#1055=ORIENTED_EDGE('',*,*,#821,.F.);
#1056=ORIENTED_EDGE('',*,*,#822,.F.);
#1057=ORIENTED_EDGE('',*,*,#823,.F.);
#1058=ORIENTED_EDGE('',*,*,#824,.F.);
#1059=ORIENTED_EDGE('',*,*,#825,.F.);
#1060=ORIENTED_EDGE('',*,*,#826,.F.);
#1061=ORIENTED_EDGE('',*,*,#827,.F.);
#1062=ORIENTED_EDGE('',*,*,#828,.F.);
#1063=ORIENTED_EDGE('',*,*,#829,.F.);
#1064=ORIENTED_EDGE('',*,*,#830,.F.);
#1065=ORIENTED_EDGE('',*,*,#831,.F.);
#1066=ORIENTED_EDGE('',*,*,#832,.F.);
#1067=ORIENTED_EDGE('',*,*,#833,.F.);
#1068=ORIENTED_EDGE('',*,*,#834,.F.);
#1069=ORIENTED_EDGE('',*,*,#835,.F.);
#1070=ORIENTED_EDGE('',*,*,#836,.F.);
#1071=ORIENTED_EDGE('',*,*,#837,.F.);
#1072=ORIENTED_EDGE('',*,*,#838,.F.);
#1073=ORIENTED_EDGE('',*,*,#839,.F.);
#1074=ORIENTED_EDGE('',*,*,#840,.F.);
#1075=ORIENTED_EDGE('',*,*,#841,.F.);
#1076=ORIENTED_EDGE('',*,*,#842,.F.);
#1077=ORIENTED_EDGE('',*,*,#843,.F.);
#1078=ORIENTED_EDGE('',*,*,#844,.T.);
#1079=ORIENTED_EDGE('',*,*,#845,.T.);
#1080=ORIENTED_EDGE('',*,*,#846,.T.);
#1081=ORIENTED_EDGE('',*,*,#847,.T.);
#1082=ORIENTED_EDGE('',*,*,#844,.F.);
#1083=ORIENTED_EDGE('',*,*,#848,.T.);
#1084=ORIENTED_EDGE('',*,*,#849,.F.);
#1085=ORIENTED_EDGE('',*,*,#850,.T.);
#1086=ORIENTED_EDGE('',*,*,#851,.T.);
#1087=ORIENTED_EDGE('',*,*,#852,.T.);
#1088=ORIENTED_EDGE('',*,*,#853,.T.);
#1089=ORIENTED_EDGE('',*,*,#854,.T.);
#1090=ORIENTED_EDGE('',*,*,#855,.T.);
#1091=ORIENTED_EDGE('',*,*,#856,.T.);
#1092=ORIENTED_EDGE('',*,*,#857,.T.);
#1093=ORIENTED_EDGE('',*,*,#858,.T.);
#1094=ORIENTED_EDGE('',*,*,#859,.T.);
#1095=ORIENTED_EDGE('',*,*,#860,.F.);
#1096=ORIENTED_EDGE('',*,*,#861,.T.);
#1097=ORIENTED_EDGE('',*,*,#862,.T.);
#1098=ORIENTED_EDGE('',*,*,#847,.F.);
#1099=ORIENTED_EDGE('',*,*,#863,.F.);
#1100=ORIENTED_EDGE('',*,*,#864,.F.);
#1101=ORIENTED_EDGE('',*,*,#865,.F.);
#1102=ORIENTED_EDGE('',*,*,#866,.F.);
#1103=ORIENTED_EDGE('',*,*,#848,.F.);
#1104=ORIENTED_EDGE('',*,*,#867,.T.);
#1105=ORIENTED_EDGE('',*,*,#868,.F.);
#1106=ORIENTED_EDGE('',*,*,#869,.F.);
#1107=ORIENTED_EDGE('',*,*,#839,.T.);
#1108=ORIENTED_EDGE('',*,*,#870,.T.);
#1109=ORIENTED_EDGE('',*,*,#871,.F.);
#1110=ORIENTED_EDGE('',*,*,#869,.T.);
#1111=ORIENTED_EDGE('',*,*,#872,.F.);
#1112=ORIENTED_EDGE('',*,*,#870,.F.);
#1113=ORIENTED_EDGE('',*,*,#866,.T.);
#1114=ORIENTED_EDGE('',*,*,#873,.F.);
#1115=ORIENTED_EDGE('',*,*,#874,.T.);
#1116=ORIENTED_EDGE('',*,*,#849,.T.);
#1117=ORIENTED_EDGE('',*,*,#843,.T.);
#1118=ORIENTED_EDGE('',*,*,#875,.T.);
#1119=ORIENTED_EDGE('',*,*,#876,.F.);
#1120=ORIENTED_EDGE('',*,*,#875,.F.);
#1121=ORIENTED_EDGE('',*,*,#876,.T.);
#1122=ORIENTED_EDGE('',*,*,#877,.T.);
#1123=ORIENTED_EDGE('',*,*,#878,.F.);
#1124=ORIENTED_EDGE('',*,*,#879,.F.);
#1125=ORIENTED_EDGE('',*,*,#880,.F.);
#1126=ORIENTED_EDGE('',*,*,#881,.F.);
#1127=ORIENTED_EDGE('',*,*,#882,.T.);
#1128=ORIENTED_EDGE('',*,*,#883,.T.);
#1129=ORIENTED_EDGE('',*,*,#884,.T.);
#1130=ORIENTED_EDGE('',*,*,#885,.T.);
#1131=ORIENTED_EDGE('',*,*,#886,.T.);
#1132=ORIENTED_EDGE('',*,*,#887,.T.);
#1133=ORIENTED_EDGE('',*,*,#877,.F.);
#1134=ORIENTED_EDGE('',*,*,#888,.T.);
#1135=ORIENTED_EDGE('',*,*,#882,.F.);
#1136=ORIENTED_EDGE('',*,*,#889,.T.);
#1137=ORIENTED_EDGE('',*,*,#890,.T.);
#1138=ORIENTED_EDGE('',*,*,#842,.T.);
#1139=ORIENTED_EDGE('',*,*,#891,.T.);
#1140=ORIENTED_EDGE('',*,*,#883,.F.);
#1141=ORIENTED_EDGE('',*,*,#888,.F.);
#1142=ORIENTED_EDGE('',*,*,#892,.F.);
#1143=ORIENTED_EDGE('',*,*,#885,.F.);
#1144=ORIENTED_EDGE('',*,*,#884,.F.);
#1145=ORIENTED_EDGE('',*,*,#891,.F.);
#1146=ORIENTED_EDGE('',*,*,#893,.T.);
#1147=ORIENTED_EDGE('',*,*,#878,.T.);
#1148=ORIENTED_EDGE('',*,*,#887,.F.);
#1149=ORIENTED_EDGE('',*,*,#894,.T.);
#1150=ORIENTED_EDGE('',*,*,#892,.T.);
#1151=ORIENTED_EDGE('',*,*,#890,.F.);
#1152=ORIENTED_EDGE('',*,*,#895,.T.);
#1153=ORIENTED_EDGE('',*,*,#896,.T.);
#1154=ORIENTED_EDGE('',*,*,#897,.T.);
#1155=ORIENTED_EDGE('',*,*,#894,.F.);
#1156=ORIENTED_EDGE('',*,*,#886,.F.);
#1157=ORIENTED_EDGE('',*,*,#898,.T.);
#1158=ORIENTED_EDGE('',*,*,#895,.F.);
#1159=ORIENTED_EDGE('',*,*,#889,.F.);
#1160=ORIENTED_EDGE('',*,*,#881,.T.);
#1161=ORIENTED_EDGE('',*,*,#880,.T.);
#1162=ORIENTED_EDGE('',*,*,#899,.F.);
#1163=ORIENTED_EDGE('',*,*,#896,.F.);
#1164=ORIENTED_EDGE('',*,*,#898,.F.);
#1165=ORIENTED_EDGE('',*,*,#879,.T.);
#1166=ORIENTED_EDGE('',*,*,#893,.F.);
#1167=ORIENTED_EDGE('',*,*,#897,.F.);
#1168=ORIENTED_EDGE('',*,*,#899,.T.);
#1169=ORIENTED_EDGE('',*,*,#868,.T.);
#1170=ORIENTED_EDGE('',*,*,#871,.T.);
#1171=ORIENTED_EDGE('',*,*,#872,.T.);
#1172=ORIENTED_EDGE('',*,*,#900,.T.);
#1173=ORIENTED_EDGE('',*,*,#845,.F.);
#1174=ORIENTED_EDGE('',*,*,#860,.T.);
#1175=ORIENTED_EDGE('',*,*,#901,.F.);
#1176=ORIENTED_EDGE('',*,*,#902,.F.);
#1177=ORIENTED_EDGE('',*,*,#903,.T.);
#1178=ORIENTED_EDGE('',*,*,#904,.F.);
#1179=ORIENTED_EDGE('',*,*,#905,.F.);
#1180=ORIENTED_EDGE('',*,*,#906,.T.);
#1181=ORIENTED_EDGE('',*,*,#907,.F.);
#1182=ORIENTED_EDGE('',*,*,#908,.F.);
#1183=ORIENTED_EDGE('',*,*,#909,.T.);
#1184=ORIENTED_EDGE('',*,*,#814,.T.);
#1185=ORIENTED_EDGE('',*,*,#910,.F.);
#1186=ORIENTED_EDGE('',*,*,#911,.F.);
#1187=ORIENTED_EDGE('',*,*,#907,.T.);
#1188=ORIENTED_EDGE('',*,*,#838,.T.);
#1189=ORIENTED_EDGE('',*,*,#904,.T.);
#1190=ORIENTED_EDGE('',*,*,#912,.T.);
#1191=ORIENTED_EDGE('',*,*,#913,.F.);
#1192=ORIENTED_EDGE('',*,*,#914,.T.);
#1193=ORIENTED_EDGE('',*,*,#915,.F.);
#1194=ORIENTED_EDGE('',*,*,#916,.F.);
#1195=ORIENTED_EDGE('',*,*,#917,.T.);
#1196=ORIENTED_EDGE('',*,*,#918,.F.);
#1197=ORIENTED_EDGE('',*,*,#919,.F.);
#1198=ORIENTED_EDGE('',*,*,#920,.T.);
#1199=ORIENTED_EDGE('',*,*,#921,.F.);
#1200=ORIENTED_EDGE('',*,*,#922,.T.);
#1201=ORIENTED_EDGE('',*,*,#923,.T.);
#1202=ORIENTED_EDGE('',*,*,#924,.T.);
#1203=ORIENTED_EDGE('',*,*,#925,.F.);
#1204=ORIENTED_EDGE('',*,*,#926,.T.);
#1205=ORIENTED_EDGE('',*,*,#927,.F.);
#1206=ORIENTED_EDGE('',*,*,#928,.F.);
#1207=ORIENTED_EDGE('',*,*,#929,.F.);
#1208=ORIENTED_EDGE('',*,*,#930,.T.);
#1209=ORIENTED_EDGE('',*,*,#931,.T.);
#1210=ORIENTED_EDGE('',*,*,#932,.T.);
#1211=ORIENTED_EDGE('',*,*,#901,.T.);
#1212=ORIENTED_EDGE('',*,*,#859,.F.);
#1213=ORIENTED_EDGE('',*,*,#933,.T.);
#1214=ORIENTED_EDGE('',*,*,#934,.F.);
#1215=ORIENTED_EDGE('',*,*,#935,.T.);
#1216=ORIENTED_EDGE('',*,*,#936,.F.);
#1217=ORIENTED_EDGE('',*,*,#937,.F.);
#1218=ORIENTED_EDGE('',*,*,#913,.T.);
#1219=ORIENTED_EDGE('',*,*,#851,.F.);
#1220=ORIENTED_EDGE('',*,*,#938,.T.);
#1221=ORIENTED_EDGE('',*,*,#939,.T.);
#1222=ORIENTED_EDGE('',*,*,#935,.F.);
#1223=ORIENTED_EDGE('',*,*,#912,.F.);
#1224=ORIENTED_EDGE('',*,*,#903,.F.);
#1225=ORIENTED_EDGE('',*,*,#940,.F.);
#1226=ORIENTED_EDGE('',*,*,#941,.F.);
#1227=ORIENTED_EDGE('',*,*,#942,.F.);
#1228=ORIENTED_EDGE('',*,*,#943,.F.);
#1229=ORIENTED_EDGE('',*,*,#944,.T.);
#1230=ORIENTED_EDGE('',*,*,#816,.T.);
#1231=ORIENTED_EDGE('',*,*,#909,.F.);
#1232=ORIENTED_EDGE('',*,*,#945,.F.);
#1233=ORIENTED_EDGE('',*,*,#942,.T.);
#1234=ORIENTED_EDGE('',*,*,#815,.T.);
#1235=ORIENTED_EDGE('',*,*,#946,.F.);
#1236=ORIENTED_EDGE('',*,*,#947,.F.);
#1237=ORIENTED_EDGE('',*,*,#948,.T.);
#1238=ORIENTED_EDGE('',*,*,#820,.T.);
#1239=ORIENTED_EDGE('',*,*,#948,.F.);
#1240=ORIENTED_EDGE('',*,*,#949,.F.);
#1241=ORIENTED_EDGE('',*,*,#950,.T.);
#1242=ORIENTED_EDGE('',*,*,#821,.T.);
#1243=ORIENTED_EDGE('',*,*,#950,.F.);
#1244=ORIENTED_EDGE('',*,*,#951,.F.);
#1245=ORIENTED_EDGE('',*,*,#952,.T.);
#1246=ORIENTED_EDGE('',*,*,#822,.T.);
#1247=ORIENTED_EDGE('',*,*,#952,.F.);
#1248=ORIENTED_EDGE('',*,*,#953,.F.);
#1249=ORIENTED_EDGE('',*,*,#954,.T.);
#1250=ORIENTED_EDGE('',*,*,#823,.T.);
#1251=ORIENTED_EDGE('',*,*,#921,.T.);
#1252=ORIENTED_EDGE('',*,*,#955,.T.);
#1253=ORIENTED_EDGE('',*,*,#956,.T.);
#1254=ORIENTED_EDGE('',*,*,#957,.T.);
#1255=ORIENTED_EDGE('',*,*,#955,.F.);
#1256=ORIENTED_EDGE('',*,*,#920,.F.);
#1257=ORIENTED_EDGE('',*,*,#958,.F.);
#1258=ORIENTED_EDGE('',*,*,#959,.F.);
#1259=ORIENTED_EDGE('',*,*,#960,.T.);
#1260=ORIENTED_EDGE('',*,*,#958,.T.);
#1261=ORIENTED_EDGE('',*,*,#919,.T.);
#1262=ORIENTED_EDGE('',*,*,#961,.T.);
#1263=ORIENTED_EDGE('',*,*,#957,.F.);
#1264=ORIENTED_EDGE('',*,*,#962,.F.);
#1265=ORIENTED_EDGE('',*,*,#963,.T.);
#1266=ORIENTED_EDGE('',*,*,#922,.F.);
#1267=ORIENTED_EDGE('',*,*,#905,.T.);
#1268=ORIENTED_EDGE('',*,*,#923,.F.);
#1269=ORIENTED_EDGE('',*,*,#963,.F.);
#1270=ORIENTED_EDGE('',*,*,#964,.F.);
#1271=ORIENTED_EDGE('',*,*,#902,.T.);
#1272=ORIENTED_EDGE('',*,*,#934,.T.);
#1273=ORIENTED_EDGE('',*,*,#965,.T.);
#1274=ORIENTED_EDGE('',*,*,#966,.T.);
#1275=ORIENTED_EDGE('',*,*,#967,.T.);
#1276=ORIENTED_EDGE('',*,*,#968,.F.);
#1277=ORIENTED_EDGE('',*,*,#969,.T.);
#1278=ORIENTED_EDGE('',*,*,#970,.T.);
#1279=ORIENTED_EDGE('',*,*,#971,.T.);
#1280=ORIENTED_EDGE('',*,*,#940,.T.);
#1281=ORIENTED_EDGE('',*,*,#972,.T.);
#1282=ORIENTED_EDGE('',*,*,#973,.T.);
#1283=ORIENTED_EDGE('',*,*,#932,.F.);
#1284=ORIENTED_EDGE('',*,*,#974,.T.);
#1285=ORIENTED_EDGE('',*,*,#975,.F.);
#1286=ORIENTED_EDGE('',*,*,#974,.F.);
#1287=ORIENTED_EDGE('',*,*,#931,.F.);
#1288=ORIENTED_EDGE('',*,*,#976,.T.);
#1289=ORIENTED_EDGE('',*,*,#977,.F.);
#1290=ORIENTED_EDGE('',*,*,#976,.F.);
#1291=ORIENTED_EDGE('',*,*,#874,.F.);
#1292=ORIENTED_EDGE('',*,*,#978,.F.);
#1293=ORIENTED_EDGE('',*,*,#979,.F.);
#1294=ORIENTED_EDGE('',*,*,#980,.F.);
#1295=ORIENTED_EDGE('',*,*,#938,.F.);
#1296=ORIENTED_EDGE('',*,*,#850,.F.);
#1297=ORIENTED_EDGE('',*,*,#943,.T.);
#1298=ORIENTED_EDGE('',*,*,#945,.T.);
#1299=ORIENTED_EDGE('',*,*,#908,.T.);
#1300=ORIENTED_EDGE('',*,*,#911,.T.);
#1301=ORIENTED_EDGE('',*,*,#981,.T.);
#1302=ORIENTED_EDGE('',*,*,#982,.T.);
#1303=ORIENTED_EDGE('',*,*,#983,.T.);
#1304=ORIENTED_EDGE('',*,*,#984,.T.);
#1305=ORIENTED_EDGE('',*,*,#985,.T.);
#1306=ORIENTED_EDGE('',*,*,#986,.T.);
#1307=ORIENTED_EDGE('',*,*,#987,.F.);
#1308=ORIENTED_EDGE('',*,*,#988,.F.);
#1309=ORIENTED_EDGE('',*,*,#989,.F.);
#1310=ORIENTED_EDGE('',*,*,#990,.F.);
#1311=ORIENTED_EDGE('',*,*,#991,.F.);
#1312=ORIENTED_EDGE('',*,*,#992,.F.);
#1313=ORIENTED_EDGE('',*,*,#993,.T.);
#1314=ORIENTED_EDGE('',*,*,#994,.F.);
#1315=ORIENTED_EDGE('',*,*,#953,.T.);
#1316=ORIENTED_EDGE('',*,*,#951,.T.);
#1317=ORIENTED_EDGE('',*,*,#949,.T.);
#1318=ORIENTED_EDGE('',*,*,#947,.T.);
#1319=ORIENTED_EDGE('',*,*,#995,.T.);
#1320=ORIENTED_EDGE('',*,*,#996,.T.);
#1321=ORIENTED_EDGE('',*,*,#997,.T.);
#1322=ORIENTED_EDGE('',*,*,#998,.F.);
#1323=ORIENTED_EDGE('',*,*,#981,.F.);
#1324=ORIENTED_EDGE('',*,*,#910,.T.);
#1325=ORIENTED_EDGE('',*,*,#837,.T.);
#1326=ORIENTED_EDGE('',*,*,#999,.F.);
#1327=ORIENTED_EDGE('',*,*,#982,.F.);
#1328=ORIENTED_EDGE('',*,*,#998,.T.);
#1329=ORIENTED_EDGE('',*,*,#836,.T.);
#1330=ORIENTED_EDGE('',*,*,#1000,.F.);
#1331=ORIENTED_EDGE('',*,*,#983,.F.);
#1332=ORIENTED_EDGE('',*,*,#999,.T.);
#1333=ORIENTED_EDGE('',*,*,#835,.T.);
#1334=ORIENTED_EDGE('',*,*,#1001,.F.);
#1335=ORIENTED_EDGE('',*,*,#984,.F.);
#1336=ORIENTED_EDGE('',*,*,#1000,.T.);
#1337=ORIENTED_EDGE('',*,*,#834,.T.);
#1338=ORIENTED_EDGE('',*,*,#1002,.F.);
#1339=ORIENTED_EDGE('',*,*,#985,.F.);
#1340=ORIENTED_EDGE('',*,*,#1001,.T.);
#1341=ORIENTED_EDGE('',*,*,#833,.T.);
#1342=ORIENTED_EDGE('',*,*,#1003,.F.);
#1343=ORIENTED_EDGE('',*,*,#986,.F.);
#1344=ORIENTED_EDGE('',*,*,#1002,.T.);
#1345=ORIENTED_EDGE('',*,*,#832,.T.);
#1346=ORIENTED_EDGE('',*,*,#1004,.F.);
#1347=ORIENTED_EDGE('',*,*,#987,.T.);
#1348=ORIENTED_EDGE('',*,*,#1003,.T.);
#1349=ORIENTED_EDGE('',*,*,#831,.T.);
#1350=ORIENTED_EDGE('',*,*,#1005,.F.);
#1351=ORIENTED_EDGE('',*,*,#988,.T.);
#1352=ORIENTED_EDGE('',*,*,#1004,.T.);
#1353=ORIENTED_EDGE('',*,*,#830,.T.);
#1354=ORIENTED_EDGE('',*,*,#1006,.F.);
#1355=ORIENTED_EDGE('',*,*,#989,.T.);
#1356=ORIENTED_EDGE('',*,*,#1005,.T.);
#1357=ORIENTED_EDGE('',*,*,#829,.T.);
#1358=ORIENTED_EDGE('',*,*,#1007,.F.);
#1359=ORIENTED_EDGE('',*,*,#990,.T.);
#1360=ORIENTED_EDGE('',*,*,#1006,.T.);
#1361=ORIENTED_EDGE('',*,*,#828,.T.);
#1362=ORIENTED_EDGE('',*,*,#1008,.F.);
#1363=ORIENTED_EDGE('',*,*,#991,.T.);
#1364=ORIENTED_EDGE('',*,*,#1007,.T.);
#1365=ORIENTED_EDGE('',*,*,#827,.T.);
#1366=ORIENTED_EDGE('',*,*,#1009,.F.);
#1367=ORIENTED_EDGE('',*,*,#992,.T.);
#1368=ORIENTED_EDGE('',*,*,#1008,.T.);
#1369=ORIENTED_EDGE('',*,*,#826,.T.);
#1370=ORIENTED_EDGE('',*,*,#1010,.F.);
#1371=ORIENTED_EDGE('',*,*,#993,.F.);
#1372=ORIENTED_EDGE('',*,*,#1009,.T.);
#1373=ORIENTED_EDGE('',*,*,#825,.T.);
#1374=ORIENTED_EDGE('',*,*,#954,.F.);
#1375=ORIENTED_EDGE('',*,*,#994,.T.);
#1376=ORIENTED_EDGE('',*,*,#1010,.T.);
#1377=ORIENTED_EDGE('',*,*,#824,.T.);
#1378=ORIENTED_EDGE('',*,*,#840,.T.);
#1379=ORIENTED_EDGE('',*,*,#1011,.T.);
#1380=ORIENTED_EDGE('',*,*,#867,.F.);
#1381=ORIENTED_EDGE('',*,*,#1011,.F.);
#1382=ORIENTED_EDGE('',*,*,#864,.T.);
#1383=ORIENTED_EDGE('',*,*,#1012,.T.);
#1384=ORIENTED_EDGE('',*,*,#979,.T.);
#1385=ORIENTED_EDGE('',*,*,#1013,.T.);
#1386=ORIENTED_EDGE('',*,*,#846,.F.);
#1387=ORIENTED_EDGE('',*,*,#906,.F.);
#1388=ORIENTED_EDGE('',*,*,#964,.T.);
#1389=ORIENTED_EDGE('',*,*,#962,.T.);
#1390=ORIENTED_EDGE('',*,*,#956,.F.);
#1391=ORIENTED_EDGE('',*,*,#959,.T.);
#1392=ORIENTED_EDGE('',*,*,#960,.F.);
#1393=ORIENTED_EDGE('',*,*,#1014,.T.);
#1394=ORIENTED_EDGE('',*,*,#1015,.T.);
#1395=ORIENTED_EDGE('',*,*,#1016,.T.);
#1396=ORIENTED_EDGE('',*,*,#1017,.T.);
#1397=ORIENTED_EDGE('',*,*,#1018,.T.);
#1398=ORIENTED_EDGE('',*,*,#936,.T.);
#1399=ORIENTED_EDGE('',*,*,#939,.F.);
#1400=ORIENTED_EDGE('',*,*,#980,.T.);
#1401=ORIENTED_EDGE('',*,*,#1012,.F.);
#1402=ORIENTED_EDGE('',*,*,#863,.T.);
#1403=ORIENTED_EDGE('',*,*,#975,.T.);
#1404=ORIENTED_EDGE('',*,*,#977,.T.);
#1405=ORIENTED_EDGE('',*,*,#1019,.T.);
#1406=ORIENTED_EDGE('',*,*,#1020,.T.);
#1407=ORIENTED_EDGE('',*,*,#1021,.T.);
#1408=ORIENTED_EDGE('',*,*,#1022,.T.);
#1409=ORIENTED_EDGE('',*,*,#1023,.T.);
#1410=ORIENTED_EDGE('',*,*,#1024,.T.);
#1411=ORIENTED_EDGE('',*,*,#1025,.T.);
#1412=ORIENTED_EDGE('',*,*,#865,.T.);
#1413=ORIENTED_EDGE('',*,*,#1013,.F.);
#1414=ORIENTED_EDGE('',*,*,#978,.T.);
#1415=ORIENTED_EDGE('',*,*,#873,.T.);
#1416=ORIENTED_EDGE('',*,*,#841,.T.);
#1417=ORIENTED_EDGE('',*,*,#1026,.T.);
#1418=ORIENTED_EDGE('',*,*,#900,.F.);
#1419=ORIENTED_EDGE('',*,*,#1026,.F.);
#1420=ORIENTED_EDGE('',*,*,#944,.F.);
#1421=ORIENTED_EDGE('',*,*,#997,.F.);
#1422=ORIENTED_EDGE('',*,*,#1027,.T.);
#1423=ORIENTED_EDGE('',*,*,#817,.T.);
#1424=ORIENTED_EDGE('',*,*,#1027,.F.);
#1425=ORIENTED_EDGE('',*,*,#996,.F.);
#1426=ORIENTED_EDGE('',*,*,#1028,.T.);
#1427=ORIENTED_EDGE('',*,*,#818,.T.);
#1428=ORIENTED_EDGE('',*,*,#1028,.F.);
#1429=ORIENTED_EDGE('',*,*,#995,.F.);
#1430=ORIENTED_EDGE('',*,*,#946,.T.);
#1431=ORIENTED_EDGE('',*,*,#819,.T.);
#1432=ORIENTED_EDGE('',*,*,#933,.F.);
#1433=ORIENTED_EDGE('',*,*,#858,.F.);
#1434=ORIENTED_EDGE('',*,*,#1029,.T.);
#1435=ORIENTED_EDGE('',*,*,#965,.F.);
#1436=ORIENTED_EDGE('',*,*,#861,.F.);
#1437=ORIENTED_EDGE('',*,*,#1030,.T.);
#1438=ORIENTED_EDGE('',*,*,#973,.F.);
#1439=ORIENTED_EDGE('',*,*,#1030,.F.);
#1440=ORIENTED_EDGE('',*,*,#1025,.F.);
#1441=ORIENTED_EDGE('',*,*,#1031,.T.);
#1442=ORIENTED_EDGE('',*,*,#930,.F.);
#1443=ORIENTED_EDGE('',*,*,#1031,.F.);
#1444=ORIENTED_EDGE('',*,*,#961,.F.);
#1445=ORIENTED_EDGE('',*,*,#918,.T.);
#1446=ORIENTED_EDGE('',*,*,#1032,.F.);
#1447=ORIENTED_EDGE('',*,*,#1014,.F.);
#1448=ORIENTED_EDGE('',*,*,#914,.F.);
#1449=ORIENTED_EDGE('',*,*,#937,.T.);
#1450=ORIENTED_EDGE('',*,*,#1018,.F.);
#1451=ORIENTED_EDGE('',*,*,#1033,.F.);
#1452=ORIENTED_EDGE('',*,*,#915,.T.);
#1453=ORIENTED_EDGE('',*,*,#1033,.T.);
#1454=ORIENTED_EDGE('',*,*,#1017,.F.);
#1455=ORIENTED_EDGE('',*,*,#1034,.F.);
#1456=ORIENTED_EDGE('',*,*,#941,.T.);
#1457=ORIENTED_EDGE('',*,*,#971,.F.);
#1458=ORIENTED_EDGE('',*,*,#1035,.F.);
#1459=ORIENTED_EDGE('',*,*,#852,.F.);
#1460=ORIENTED_EDGE('',*,*,#1035,.T.);
#1461=ORIENTED_EDGE('',*,*,#970,.F.);
#1462=ORIENTED_EDGE('',*,*,#1036,.F.);
#1463=ORIENTED_EDGE('',*,*,#853,.F.);
#1464=ORIENTED_EDGE('',*,*,#1032,.T.);
#1465=ORIENTED_EDGE('',*,*,#917,.F.);
#1466=ORIENTED_EDGE('',*,*,#1037,.F.);
#1467=ORIENTED_EDGE('',*,*,#1015,.F.);
#1468=ORIENTED_EDGE('',*,*,#929,.T.);
#1469=ORIENTED_EDGE('',*,*,#1038,.T.);
#1470=ORIENTED_EDGE('',*,*,#1019,.F.);
#1471=ORIENTED_EDGE('',*,*,#1039,.F.);
#1472=ORIENTED_EDGE('',*,*,#1040,.F.);
#1473=ORIENTED_EDGE('',*,*,#924,.F.);
#1474=ORIENTED_EDGE('',*,*,#1039,.T.);
#1475=ORIENTED_EDGE('',*,*,#1024,.F.);
#1476=ORIENTED_EDGE('',*,*,#928,.T.);
#1477=ORIENTED_EDGE('',*,*,#1041,.F.);
#1478=ORIENTED_EDGE('',*,*,#1020,.F.);
#1479=ORIENTED_EDGE('',*,*,#1038,.F.);
#1480=ORIENTED_EDGE('',*,*,#1037,.T.);
#1481=ORIENTED_EDGE('',*,*,#916,.T.);
#1482=ORIENTED_EDGE('',*,*,#1034,.T.);
#1483=ORIENTED_EDGE('',*,*,#1016,.F.);
#1484=ORIENTED_EDGE('',*,*,#1041,.T.);
#1485=ORIENTED_EDGE('',*,*,#927,.T.);
#1486=ORIENTED_EDGE('',*,*,#1042,.T.);
#1487=ORIENTED_EDGE('',*,*,#1021,.F.);
#1488=ORIENTED_EDGE('',*,*,#1043,.F.);
#1489=ORIENTED_EDGE('',*,*,#1022,.F.);
#1490=ORIENTED_EDGE('',*,*,#1042,.F.);
#1491=ORIENTED_EDGE('',*,*,#926,.F.);
#1492=ORIENTED_EDGE('',*,*,#1043,.T.);
#1493=ORIENTED_EDGE('',*,*,#925,.T.);
#1494=ORIENTED_EDGE('',*,*,#1040,.T.);
#1495=ORIENTED_EDGE('',*,*,#1023,.F.);
#1496=ORIENTED_EDGE('',*,*,#1044,.T.);
#1497=ORIENTED_EDGE('',*,*,#968,.T.);
#1498=ORIENTED_EDGE('',*,*,#1045,.T.);
#1499=ORIENTED_EDGE('',*,*,#855,.F.);
#1500=ORIENTED_EDGE('',*,*,#1045,.F.);
#1501=ORIENTED_EDGE('',*,*,#967,.F.);
#1502=ORIENTED_EDGE('',*,*,#1046,.F.);
#1503=ORIENTED_EDGE('',*,*,#856,.F.);
#1504=ORIENTED_EDGE('',*,*,#966,.F.);
#1505=ORIENTED_EDGE('',*,*,#1029,.F.);
#1506=ORIENTED_EDGE('',*,*,#857,.F.);
#1507=ORIENTED_EDGE('',*,*,#1046,.T.);
#1508=ORIENTED_EDGE('',*,*,#1036,.T.);
#1509=ORIENTED_EDGE('',*,*,#969,.F.);
#1510=ORIENTED_EDGE('',*,*,#1044,.F.);
#1511=ORIENTED_EDGE('',*,*,#854,.F.);
#1512=ORIENTED_EDGE('',*,*,#972,.F.);
#1513=ORIENTED_EDGE('',*,*,#1047,.T.);
#1514=ORIENTED_EDGE('',*,*,#862,.F.);
#1515=ORIENTED_EDGE('',*,*,#1047,.F.);
#1516=PLANE('',#1658);
#1517=PLANE('',#1681);
#1518=PLANE('',#1690);
#1519=PLANE('',#1702);
#1520=PLANE('',#1703);
#1521=PLANE('',#1719);
#1522=PLANE('',#1722);
#1523=PLANE('',#1725);
#1524=PLANE('',#1726);
#1525=PLANE('',#1728);
#1526=PLANE('',#1731);
#1527=PLANE('',#1732);
#1528=PLANE('',#1751);
#1529=PLANE('',#1752);
#1530=PLANE('',#1753);
#1531=PLANE('',#1756);
#1532=PLANE('',#1767);
#1533=PLANE('',#1770);
#1534=PLANE('',#1782);
#1535=PLANE('',#1796);
#1536=PLANE('',#1798);
#1537=PLANE('',#1800);
#1538=PLANE('',#1802);
#1539=PLANE('',#1804);
#1540=PLANE('',#1807);
#1541=PLANE('',#1810);
#1542=PLANE('',#1818);
#1543=PLANE('',#1822);
#1544=PLANE('',#1827);
#1545=PLANE('',#1832);
#1546=PLANE('',#1833);
#1547=PLANE('',#1834);
#1548=PLANE('',#1837);
#1549=PLANE('',#1840);
#1550=PLANE('',#1842);
#1551=ADVANCED_FACE('',(#108,#88,#89,#90,#91,#92),#1516,.T.);
#1552=ADVANCED_FACE('',(#109),#39,.T.);
#1553=ADVANCED_FACE('',(#110,#93,#94),#1517,.F.);
#1554=ADVANCED_FACE('',(#111,#95,#96),#1518,.F.);
#1555=ADVANCED_FACE('',(#112),#40,.F.);
#1556=ADVANCED_FACE('',(#113),#41,.T.);
#1557=ADVANCED_FACE('',(#114),#42,.F.);
#1558=ADVANCED_FACE('',(#115),#1519,.F.);
#1559=ADVANCED_FACE('',(#116),#1520,.F.);
#1560=ADVANCED_FACE('',(#117),#43,.T.);
#1561=ADVANCED_FACE('',(#118),#44,.T.);
#1562=ADVANCED_FACE('',(#119),#45,.F.);
#1563=ADVANCED_FACE('',(#120),#46,.T.);
#1564=ADVANCED_FACE('',(#121),#1521,.T.);
#1565=ADVANCED_FACE('',(#122),#1522,.T.);
#1566=ADVANCED_FACE('',(#123),#47,.F.);
#1567=ADVANCED_FACE('',(#124),#48,.F.);
#1568=ADVANCED_FACE('',(#125),#1523,.F.);
#1569=ADVANCED_FACE('',(#126),#1524,.F.);
#1570=ADVANCED_FACE('',(#127),#1525,.F.);
#1571=ADVANCED_FACE('',(#128),#49,.F.);
#1572=ADVANCED_FACE('',(#129),#1526,.F.);
#1573=ADVANCED_FACE('',(#130,#97,#98,#99,#100),#1527,.T.);
#1574=ADVANCED_FACE('',(#131),#50,.F.);
#1575=ADVANCED_FACE('',(#132),#51,.F.);
#1576=ADVANCED_FACE('',(#133),#1528,.T.);
#1577=ADVANCED_FACE('',(#134),#1529,.T.);
#1578=ADVANCED_FACE('',(#135),#1530,.T.);
#1579=ADVANCED_FACE('',(#136),#52,.F.);
#1580=ADVANCED_FACE('',(#137),#1531,.F.);
#1581=ADVANCED_FACE('',(#138),#53,.F.);
#1582=ADVANCED_FACE('',(#139),#54,.F.);
#1583=ADVANCED_FACE('',(#140),#55,.F.);
#1584=ADVANCED_FACE('',(#141),#56,.T.);
#1585=ADVANCED_FACE('',(#142),#57,.T.);
#1586=ADVANCED_FACE('',(#143),#1532,.T.);
#1587=ADVANCED_FACE('',(#144),#58,.F.);
#1588=ADVANCED_FACE('',(#145,#101,#102),#1533,.F.);
#1589=ADVANCED_FACE('',(#146),#59,.F.);
#1590=ADVANCED_FACE('',(#147),#60,.F.);
#1591=ADVANCED_FACE('',(#148,#103),#1534,.T.);
#1592=ADVANCED_FACE('',(#149),#61,.T.);
#1593=ADVANCED_FACE('',(#150),#62,.T.);
#1594=ADVANCED_FACE('',(#151),#1535,.F.);
#1595=ADVANCED_FACE('',(#152),#63,.F.);
#1596=ADVANCED_FACE('',(#153),#1536,.F.);
#1597=ADVANCED_FACE('',(#154),#64,.T.);
#1598=ADVANCED_FACE('',(#155),#1537,.F.);
#1599=ADVANCED_FACE('',(#156),#65,.F.);
#1600=ADVANCED_FACE('',(#157),#1538,.F.);
#1601=ADVANCED_FACE('',(#158),#66,.F.);
#1602=ADVANCED_FACE('',(#159),#1539,.F.);
#1603=ADVANCED_FACE('',(#160),#67,.T.);
#1604=ADVANCED_FACE('',(#161),#68,.T.);
#1605=ADVANCED_FACE('',(#162),#1540,.F.);
#1606=ADVANCED_FACE('',(#163),#69,.F.);
#1607=ADVANCED_FACE('',(#164),#70,.T.);
#1608=ADVANCED_FACE('',(#165,#104,#105,#106,#107),#1541,.F.);
#1609=ADVANCED_FACE('',(#166),#1542,.T.);
#1610=ADVANCED_FACE('',(#167),#71,.F.);
#1611=ADVANCED_FACE('',(#168),#72,.T.);
#1612=ADVANCED_FACE('',(#169),#73,.T.);
#1613=ADVANCED_FACE('',(#170),#1543,.F.);
#1614=ADVANCED_FACE('',(#171),#74,.F.);
#1615=ADVANCED_FACE('',(#172),#75,.F.);
#1616=ADVANCED_FACE('',(#173),#76,.F.);
#1617=ADVANCED_FACE('',(#174),#77,.T.);
#1618=ADVANCED_FACE('',(#175),#1544,.F.);
#1619=ADVANCED_FACE('',(#176),#78,.T.);
#1620=ADVANCED_FACE('',(#177),#79,.F.);
#1621=ADVANCED_FACE('',(#178),#80,.F.);
#1622=ADVANCED_FACE('',(#179),#81,.T.);
#1623=ADVANCED_FACE('',(#180),#1545,.T.);
#1624=ADVANCED_FACE('',(#181),#1546,.F.);
#1625=ADVANCED_FACE('',(#182),#1547,.F.);
#1626=ADVANCED_FACE('',(#183),#82,.T.);
#1627=ADVANCED_FACE('',(#184),#83,.F.);
#1628=ADVANCED_FACE('',(#185),#1548,.F.);
#1629=ADVANCED_FACE('',(#186),#84,.F.);
#1630=ADVANCED_FACE('',(#187),#85,.T.);
#1631=ADVANCED_FACE('',(#188),#1549,.F.);
#1632=ADVANCED_FACE('',(#189),#86,.T.);
#1633=ADVANCED_FACE('',(#190),#1550,.F.);
#1634=ADVANCED_FACE('',(#191),#87,.F.);
#1635=CLOSED_SHELL('',(#1551,#1552,#1553,#1554,#1555,#1556,#1557,#1558,
#1559,#1560,#1561,#1562,#1563,#1564,#1565,#1566,#1567,#1568,#1569,#1570,
#1571,#1572,#1573,#1574,#1575,#1576,#1577,#1578,#1579,#1580,#1581,#1582,
#1583,#1584,#1585,#1586,#1587,#1588,#1589,#1590,#1591,#1592,#1593,#1594,
#1595,#1596,#1597,#1598,#1599,#1600,#1601,#1602,#1603,#1604,#1605,#1606,
#1607,#1608,#1609,#1610,#1611,#1612,#1613,#1614,#1615,#1616,#1617,#1618,
#1619,#1620,#1621,#1622,#1623,#1624,#1625,#1626,#1627,#1628,#1629,#1630,
#1631,#1632,#1633,#1634));
#1636=DERIVED_UNIT_ELEMENT(#1639,1.);
#1637=DERIVED_UNIT_ELEMENT(#2847,-3.);
#1638=DIMENSIONAL_EXPONENTS(0.,1.,0.,0.,0.,0.,0.);
#1639=(
CONVERSION_BASED_UNIT('gram',#1641)
MASS_UNIT()
NAMED_UNIT(#1638)
);
#1640=(
MASS_UNIT()
NAMED_UNIT(*)
SI_UNIT(.KILO.,.GRAM.)
);
#1641=MASS_MEASURE_WITH_UNIT(MASS_MEASURE(0.001),#1640);
#1642=DERIVED_UNIT((#1636,#1637));
#1643=MEASURE_REPRESENTATION_ITEM('density measure',
POSITIVE_RATIO_MEASURE(1.06),#1642);
#1644=PROPERTY_DEFINITION_REPRESENTATION(#1649,#1646);
#1645=PROPERTY_DEFINITION_REPRESENTATION(#1650,#1647);
#1646=REPRESENTATION('material name',(#1648),#2844);
#1647=REPRESENTATION('density',(#1643),#2844);
#1648=DESCRIPTIVE_REPRESENTATION_ITEM('ABS \X2\58516599\X0\',
'ABS \X2\58516599\X0\');
#1649=PROPERTY_DEFINITION('material property','material name',#2854);
#1650=PROPERTY_DEFINITION('material property','density of part',#2854);
#1651=DATE_TIME_ROLE('creation_date');
#1652=APPLIED_DATE_AND_TIME_ASSIGNMENT(#1653,#1651,(#2854));
#1653=DATE_AND_TIME(#1654,#1655);
#1654=CALENDAR_DATE(2026,8,4);
#1655=LOCAL_TIME(0,0,0.,#1656);
#1656=COORDINATED_UNIVERSAL_TIME_OFFSET(0,0,.BEHIND.);
#1657=AXIS2_PLACEMENT_3D('',#2350,#1844,#1845);
#1658=AXIS2_PLACEMENT_3D('',#2351,#1846,#1847);
#1659=AXIS2_PLACEMENT_3D('',#2354,#1848,#1849);
#1660=AXIS2_PLACEMENT_3D('',#2360,#1852,#1853);
#1661=AXIS2_PLACEMENT_3D('',#2362,#1854,#1855);
#1662=AXIS2_PLACEMENT_3D('',#2366,#1857,#1858);
#1663=AXIS2_PLACEMENT_3D('',#2370,#1860,#1861);
#1664=AXIS2_PLACEMENT_3D('',#2372,#1862,#1863);
#1665=AXIS2_PLACEMENT_3D('',#2376,#1865,#1866);
#1666=AXIS2_PLACEMENT_3D('',#2378,#1867,#1868);
#1667=AXIS2_PLACEMENT_3D('',#2382,#1870,#1871);
#1668=AXIS2_PLACEMENT_3D('',#2386,#1873,#1874);
#1669=AXIS2_PLACEMENT_3D('',#2390,#1876,#1877);
#1670=AXIS2_PLACEMENT_3D('',#2394,#1879,#1880);
#1671=AXIS2_PLACEMENT_3D('',#2398,#1882,#1883);
#1672=AXIS2_PLACEMENT_3D('',#2400,#1884,#1885);
#1673=AXIS2_PLACEMENT_3D('',#2403,#1887,#1888);
#1674=AXIS2_PLACEMENT_3D('',#2405,#1889,#1890);
#1675=AXIS2_PLACEMENT_3D('',#2407,#1891,#1892);
#1676=AXIS2_PLACEMENT_3D('',#2409,#1893,#1894);
#1677=AXIS2_PLACEMENT_3D('',#2411,#1895,#1896);
#1678=AXIS2_PLACEMENT_3D('',#2412,#1897,#1898);
#1679=AXIS2_PLACEMENT_3D('',#2415,#1899,#1900);
#1680=AXIS2_PLACEMENT_3D('',#2419,#1902,#1903);
#1681=AXIS2_PLACEMENT_3D('',#2421,#1905,#1906);
#1682=AXIS2_PLACEMENT_3D('',#2431,#1911,#1912);
#1683=AXIS2_PLACEMENT_3D('',#2433,#1913,#1914);
#1684=AXIS2_PLACEMENT_3D('',#2437,#1916,#1917);
#1685=AXIS2_PLACEMENT_3D('',#2441,#1919,#1920);
#1686=AXIS2_PLACEMENT_3D('',#2443,#1921,#1922);
#1687=AXIS2_PLACEMENT_3D('',#2445,#1923,#1924);
#1688=AXIS2_PLACEMENT_3D('',#2448,#1926,#1927);
#1689=AXIS2_PLACEMENT_3D('',#2450,#1928,#1929);
#1690=AXIS2_PLACEMENT_3D('',#2451,#1930,#1931);
#1691=AXIS2_PLACEMENT_3D('',#2455,#1933,#1934);
#1692=AXIS2_PLACEMENT_3D('',#2458,#1936,#1937);
#1693=AXIS2_PLACEMENT_3D('',#2460,#1938,#1939);
#1694=AXIS2_PLACEMENT_3D('',#2464,#1941,#1942);
#1695=AXIS2_PLACEMENT_3D('',#2465,#1943,#1944);
#1696=AXIS2_PLACEMENT_3D('',#2468,#1946,#1947);
#1697=AXIS2_PLACEMENT_3D('',#2469,#1948,#1949);
#1698=AXIS2_PLACEMENT_3D('',#2470,#1950,#1951);
#1699=AXIS2_PLACEMENT_3D('',#2473,#1953,#1954);
#1700=AXIS2_PLACEMENT_3D('',#2474,#1955,#1956);
#1701=AXIS2_PLACEMENT_3D('',#2477,#1958,#1959);
#1702=AXIS2_PLACEMENT_3D('',#2478,#1960,#1961);
#1703=AXIS2_PLACEMENT_3D('',#2479,#1962,#1963);
#1704=AXIS2_PLACEMENT_3D('',#2482,#1964,#1965);
#1705=AXIS2_PLACEMENT_3D('',#2484,#1966,#1967);
#1706=AXIS2_PLACEMENT_3D('',#2486,#1968,#1969);
#1707=AXIS2_PLACEMENT_3D('',#2488,#1970,#1971);
#1708=AXIS2_PLACEMENT_3D('',#2492,#1973,#1974);
#1709=AXIS2_PLACEMENT_3D('',#2494,#1975,#1976);
#1710=AXIS2_PLACEMENT_3D('',#2495,#1977,#1978);
#1711=AXIS2_PLACEMENT_3D('',#2496,#1979,#1980);
#1712=AXIS2_PLACEMENT_3D('',#2500,#1982,#1983);
#1713=AXIS2_PLACEMENT_3D('',#2502,#1985,#1986);
#1714=AXIS2_PLACEMENT_3D('',#2507,#1989,#1990);
#1715=AXIS2_PLACEMENT_3D('',#2508,#1991,#1992);
#1716=AXIS2_PLACEMENT_3D('',#2510,#1994,#1995);
#1717=AXIS2_PLACEMENT_3D('',#2511,#1996,#1997);
#1718=AXIS2_PLACEMENT_3D('',#2514,#1999,#2000);
#1719=AXIS2_PLACEMENT_3D('',#2515,#2001,#2002);
#1720=AXIS2_PLACEMENT_3D('',#2519,#2004,#2005);
#1721=AXIS2_PLACEMENT_3D('',#2520,#2006,#2007);
#1722=AXIS2_PLACEMENT_3D('',#2521,#2008,#2009);
#1723=AXIS2_PLACEMENT_3D('',#2523,#2011,#2012);
#1724=AXIS2_PLACEMENT_3D('',#2525,#2014,#2015);
#1725=AXIS2_PLACEMENT_3D('',#2526,#2016,#2017);
#1726=AXIS2_PLACEMENT_3D('',#2527,#2018,#2019);
#1727=AXIS2_PLACEMENT_3D('',#2529,#2020,#2021);
#1728=AXIS2_PLACEMENT_3D('',#2530,#2022,#2023);
#1729=AXIS2_PLACEMENT_3D('',#2542,#2030,#2031);
#1730=AXIS2_PLACEMENT_3D('',#2546,#2033,#2034);
#1731=AXIS2_PLACEMENT_3D('',#2548,#2036,#2037);
#1732=AXIS2_PLACEMENT_3D('',#2552,#2040,#2041);
#1733=AXIS2_PLACEMENT_3D('',#2556,#2043,#2044);
#1734=AXIS2_PLACEMENT_3D('',#2560,#2046,#2047);
#1735=AXIS2_PLACEMENT_3D('',#2562,#2048,#2049);
#1736=AXIS2_PLACEMENT_3D('',#2564,#2050,#2051);
#1737=AXIS2_PLACEMENT_3D('',#2566,#2052,#2053);
#1738=AXIS2_PLACEMENT_3D('',#2568,#2054,#2055);
#1739=AXIS2_PLACEMENT_3D('',#2570,#2056,#2057);
#1740=AXIS2_PLACEMENT_3D('',#2572,#2058,#2059);
#1741=AXIS2_PLACEMENT_3D('',#2575,#2061,#2062);
#1742=AXIS2_PLACEMENT_3D('',#2580,#2064,#2065);
#1743=AXIS2_PLACEMENT_3D('',#2584,#2067,#2068);
#1744=AXIS2_PLACEMENT_3D('',#2589,#2071,#2072);
#1745=AXIS2_PLACEMENT_3D('',#2591,#2073,#2074);
#1746=AXIS2_PLACEMENT_3D('',#2593,#2075,#2076);
#1747=AXIS2_PLACEMENT_3D('',#2594,#2077,#2078);
#1748=AXIS2_PLACEMENT_3D('',#2597,#2080,#2081);
#1749=AXIS2_PLACEMENT_3D('',#2598,#2082,#2083);
#1750=AXIS2_PLACEMENT_3D('',#2602,#2085,#2086);
#1751=AXIS2_PLACEMENT_3D('',#2604,#2088,#2089);
#1752=AXIS2_PLACEMENT_3D('',#2611,#2094,#2095);
#1753=AXIS2_PLACEMENT_3D('',#2617,#2099,#2100);
#1754=AXIS2_PLACEMENT_3D('',#2619,#2102,#2103);
#1755=AXIS2_PLACEMENT_3D('',#2623,#2105,#2106);
#1756=AXIS2_PLACEMENT_3D('',#2625,#2108,#2109);
#1757=AXIS2_PLACEMENT_3D('',#2629,#2112,#2113);
#1758=AXIS2_PLACEMENT_3D('',#2631,#2114,#2115);
#1759=AXIS2_PLACEMENT_3D('',#2633,#2117,#2118);
#1760=AXIS2_PLACEMENT_3D('',#2635,#2119,#2120);
#1761=AXIS2_PLACEMENT_3D('',#2637,#2122,#2123);
#1762=AXIS2_PLACEMENT_3D('',#2641,#2125,#2126);
#1763=AXIS2_PLACEMENT_3D('',#2643,#2128,#2129);
#1764=AXIS2_PLACEMENT_3D('',#2646,#2131,#2132);
#1765=AXIS2_PLACEMENT_3D('',#2647,#2133,#2134);
#1766=AXIS2_PLACEMENT_3D('',#2649,#2135,#2136);
#1767=AXIS2_PLACEMENT_3D('',#2651,#2138,#2139);
#1768=AXIS2_PLACEMENT_3D('',#2655,#2142,#2143);
#1769=AXIS2_PLACEMENT_3D('',#2656,#2144,#2145);
#1770=AXIS2_PLACEMENT_3D('',#2657,#2146,#2147);
#1771=AXIS2_PLACEMENT_3D('',#2659,#2148,#2149);
#1772=AXIS2_PLACEMENT_3D('',#2661,#2150,#2151);
#1773=AXIS2_PLACEMENT_3D('',#2665,#2153,#2154);
#1774=AXIS2_PLACEMENT_3D('',#2669,#2156,#2157);
#1775=AXIS2_PLACEMENT_3D('',#2670,#2158,#2159);
#1776=AXIS2_PLACEMENT_3D('',#2672,#2160,#2161);
#1777=AXIS2_PLACEMENT_3D('',#2674,#2162,#2163);
#1778=AXIS2_PLACEMENT_3D('',#2675,#2164,#2165);
#1779=AXIS2_PLACEMENT_3D('',#2678,#2167,#2168);
#1780=AXIS2_PLACEMENT_3D('',#2679,#2169,#2170);
#1781=AXIS2_PLACEMENT_3D('',#2682,#2172,#2173);
#1782=AXIS2_PLACEMENT_3D('',#2683,#2174,#2175);
#1783=AXIS2_PLACEMENT_3D('',#2687,#2177,#2178);
#1784=AXIS2_PLACEMENT_3D('',#2690,#2180,#2181);
#1785=AXIS2_PLACEMENT_3D('',#2692,#2182,#2183);
#1786=AXIS2_PLACEMENT_3D('',#2696,#2185,#2186);
#1787=AXIS2_PLACEMENT_3D('',#2700,#2188,#2189);
#1788=AXIS2_PLACEMENT_3D('',#2704,#2191,#2192);
#1789=AXIS2_PLACEMENT_3D('',#2708,#2194,#2195);
#1790=AXIS2_PLACEMENT_3D('',#2712,#2197,#2198);
#1791=AXIS2_PLACEMENT_3D('',#2714,#2199,#2200);
#1792=AXIS2_PLACEMENT_3D('',#2719,#2203,#2204);
#1793=AXIS2_PLACEMENT_3D('',#2720,#2205,#2206);
#1794=AXIS2_PLACEMENT_3D('',#2721,#2207,#2208);
#1795=AXIS2_PLACEMENT_3D('',#2723,#2210,#2211);
#1796=AXIS2_PLACEMENT_3D('',#2725,#2213,#2214);
#1797=AXIS2_PLACEMENT_3D('',#2727,#2216,#2217);
#1798=AXIS2_PLACEMENT_3D('',#2729,#2219,#2220);
#1799=AXIS2_PLACEMENT_3D('',#2731,#2222,#2223);
#1800=AXIS2_PLACEMENT_3D('',#2733,#2225,#2226);
#1801=AXIS2_PLACEMENT_3D('',#2735,#2228,#2229);
#1802=AXIS2_PLACEMENT_3D('',#2737,#2231,#2232);
#1803=AXIS2_PLACEMENT_3D('',#2739,#2234,#2235);
#1804=AXIS2_PLACEMENT_3D('',#2741,#2237,#2238);
#1805=AXIS2_PLACEMENT_3D('',#2743,#2240,#2241);
#1806=AXIS2_PLACEMENT_3D('',#2745,#2243,#2244);
#1807=AXIS2_PLACEMENT_3D('',#2747,#2246,#2247);
#1808=AXIS2_PLACEMENT_3D('',#2748,#2248,#2249);
#1809=AXIS2_PLACEMENT_3D('',#2750,#2251,#2252);
#1810=AXIS2_PLACEMENT_3D('',#2753,#2255,#2256);
#1811=AXIS2_PLACEMENT_3D('',#2755,#2257,#2258);
#1812=AXIS2_PLACEMENT_3D('',#2757,#2259,#2260);
#1813=AXIS2_PLACEMENT_3D('',#2759,#2261,#2262);
#1814=AXIS2_PLACEMENT_3D('',#2761,#2263,#2264);
#1815=AXIS2_PLACEMENT_3D('',#2769,#2268,#2269);
#1816=AXIS2_PLACEMENT_3D('',#2773,#2271,#2272);
#1817=AXIS2_PLACEMENT_3D('',#2776,#2274,#2275);
#1818=AXIS2_PLACEMENT_3D('',#2777,#2276,#2277);
#1819=AXIS2_PLACEMENT_3D('',#2778,#2278,#2279);
#1820=AXIS2_PLACEMENT_3D('',#2780,#2281,#2282);
#1821=AXIS2_PLACEMENT_3D('',#2782,#2284,#2285);
#1822=AXIS2_PLACEMENT_3D('',#2784,#2287,#2288);
#1823=AXIS2_PLACEMENT_3D('',#2785,#2289,#2290);
#1824=AXIS2_PLACEMENT_3D('',#2787,#2292,#2293);
#1825=AXIS2_PLACEMENT_3D('',#2789,#2295,#2296);
#1826=AXIS2_PLACEMENT_3D('',#2791,#2298,#2299);
#1827=AXIS2_PLACEMENT_3D('',#2793,#2301,#2302);
#1828=AXIS2_PLACEMENT_3D('',#2795,#2304,#2305);
#1829=AXIS2_PLACEMENT_3D('',#2797,#2307,#2308);
#1830=AXIS2_PLACEMENT_3D('',#2799,#2310,#2311);
#1831=AXIS2_PLACEMENT_3D('',#2801,#2313,#2314);
#1832=AXIS2_PLACEMENT_3D('',#2803,#2316,#2317);
#1833=AXIS2_PLACEMENT_3D('',#2806,#2320,#2321);
#1834=AXIS2_PLACEMENT_3D('',#2808,#2323,#2324);
#1835=AXIS2_PLACEMENT_3D('',#2810,#2326,#2327);
#1836=AXIS2_PLACEMENT_3D('',#2811,#2328,#2329);
#1837=AXIS2_PLACEMENT_3D('',#2813,#2331,#2332);
#1838=AXIS2_PLACEMENT_3D('',#2815,#2334,#2335);
#1839=AXIS2_PLACEMENT_3D('',#2816,#2336,#2337);
#1840=AXIS2_PLACEMENT_3D('',#2819,#2340,#2341);
#1841=AXIS2_PLACEMENT_3D('',#2821,#2343,#2344);
#1842=AXIS2_PLACEMENT_3D('',#2822,#2345,#2346);
#1843=AXIS2_PLACEMENT_3D('',#2823,#2347,#2348);
#1844=DIRECTION('axis',(0.,0.,1.));
#1845=DIRECTION('refdir',(1.,0.,0.));
#1846=DIRECTION('center_axis',(0.,-1.,0.));
#1847=DIRECTION('ref_axis',(0.,0.,-1.));
#1848=DIRECTION('center_axis',(0.,1.,0.));
#1849=DIRECTION('ref_axis',(1.57367743608507E-11,0.,1.));
#1850=DIRECTION('',(-1.,0.,-6.58327366414463E-16));
#1851=DIRECTION('',(0.,0.,1.));
#1852=DIRECTION('center_axis',(0.,-1.,0.));
#1853=DIRECTION('ref_axis',(-0.877628692901064,0.,-0.479341086697948));
#1854=DIRECTION('center_axis',(0.,-1.,0.));
#1855=DIRECTION('ref_axis',(-1.,0.,0.));
#1856=DIRECTION('',(0.,0.,1.));
#1857=DIRECTION('center_axis',(0.,1.,0.));
#1858=DIRECTION('ref_axis',(-1.,0.,0.));
#1859=DIRECTION('',(0.,0.,1.));
#1860=DIRECTION('center_axis',(0.,1.,0.));
#1861=DIRECTION('ref_axis',(-1.,0.,1.79166528045522E-11));
#1862=DIRECTION('center_axis',(0.,1.,0.));
#1863=DIRECTION('ref_axis',(0.908202937545921,0.,-0.418530075661188));
#1864=DIRECTION('',(0.,0.,-1.));
#1865=DIRECTION('center_axis',(0.,-1.,0.));
#1866=DIRECTION('ref_axis',(0.74593119491288,0.,-0.666023011956676));
#1867=DIRECTION('center_axis',(0.,-1.,0.));
#1868=DIRECTION('ref_axis',(-2.92269911975988E-11,0.,-1.));
#1869=DIRECTION('',(-1.,0.,6.31533265394703E-16));
#1870=DIRECTION('center_axis',(0.,1.,0.));
#1871=DIRECTION('ref_axis',(-1.57367743608507E-11,0.,-1.));
#1872=DIRECTION('',(0.,0.,-1.));
#1873=DIRECTION('center_axis',(0.,1.,0.));
#1874=DIRECTION('ref_axis',(0.900486440546189,0.,0.434884088456285));
#1875=DIRECTION('',(1.,0.,-2.97049638696619E-16));
#1876=DIRECTION('center_axis',(0.,-1.,0.));
#1877=DIRECTION('ref_axis',(1.,0.,0.));
#1878=DIRECTION('',(0.,0.,-1.));
#1879=DIRECTION('center_axis',(0.,1.,0.));
#1880=DIRECTION('ref_axis',(1.,0.,-1.79164722804835E-11));
#1881=DIRECTION('',(0.,0.,1.));
#1882=DIRECTION('center_axis',(0.,-1.,0.));
#1883=DIRECTION('ref_axis',(-0.435466571533638,0.,0.900204901717792));
#1884=DIRECTION('center_axis',(0.,-1.,0.));
#1885=DIRECTION('ref_axis',(0.,0.,1.));
#1886=DIRECTION('',(1.,0.,0.));
#1887=DIRECTION('center_axis',(0.,-1.,0.));
#1888=DIRECTION('ref_axis',(1.,0.,0.));
#1889=DIRECTION('center_axis',(0.,-1.,0.));
#1890=DIRECTION('ref_axis',(1.,0.,0.));
#1891=DIRECTION('center_axis',(0.,-1.,0.));
#1892=DIRECTION('ref_axis',(1.,0.,0.));
#1893=DIRECTION('center_axis',(0.,-1.,0.));
#1894=DIRECTION('ref_axis',(1.,0.,0.));
#1895=DIRECTION('center_axis',(0.,-1.,0.));
#1896=DIRECTION('ref_axis',(1.,0.,0.));
#1897=DIRECTION('center_axis',(0.,0.,-1.));
#1898=DIRECTION('ref_axis',(0.11723748983167,0.993103907442705,0.));
#1899=DIRECTION('center_axis',(0.,0.,1.));
#1900=DIRECTION('ref_axis',(0.11723748983167,0.993103907442705,0.));
#1901=DIRECTION('',(0.,0.,1.));
#1902=DIRECTION('center_axis',(0.,0.,-1.));
#1903=DIRECTION('ref_axis',(0.11723748983167,0.993103907442705,0.));
#1904=DIRECTION('',(0.,0.,-1.));
#1905=DIRECTION('center_axis',(0.,0.,1.));
#1906=DIRECTION('ref_axis',(1.,0.,0.));
#1907=DIRECTION('',(0.972510741955938,-0.232858018501211,0.));
#1908=DIRECTION('',(0.,1.,0.));
#1909=DIRECTION('',(-1.,0.,0.));
#1910=DIRECTION('',(0.,1.,0.));
#1911=DIRECTION('center_axis',(0.,0.,1.));
#1912=DIRECTION('ref_axis',(-0.832214863955763,-0.554453262422624,0.));
#1913=DIRECTION('center_axis',(0.,0.,1.));
#1914=DIRECTION('ref_axis',(-0.561087980019189,-0.827756171029843,0.));
#1915=DIRECTION('',(-0.161449016216881,0.986881054212006,0.));
#1916=DIRECTION('center_axis',(0.,0.,-1.));
#1917=DIRECTION('ref_axis',(0.,1.,0.));
#1918=DIRECTION('',(1.,0.,0.));
#1919=DIRECTION('center_axis',(0.,0.,-1.));
#1920=DIRECTION('ref_axis',(0.980105431751438,0.198477562085308,0.));
#1921=DIRECTION('center_axis',(0.,0.,1.));
#1922=DIRECTION('ref_axis',(0.974439217171845,0.224651312120633,0.));
#1923=DIRECTION('center_axis',(0.,0.,1.));
#1924=DIRECTION('ref_axis',(-0.247921073481063,-0.968780233759957,0.));
#1925=DIRECTION('',(-1.,0.,0.));
#1926=DIRECTION('center_axis',(0.,0.,1.));
#1927=DIRECTION('ref_axis',(-1.,0.,0.));
#1928=DIRECTION('center_axis',(0.,0.,1.));
#1929=DIRECTION('ref_axis',(-1.,0.,0.));
#1930=DIRECTION('center_axis',(-0.232858018501211,-0.972510741955939,0.));
#1931=DIRECTION('ref_axis',(-0.972510741955938,0.232858018501211,0.));
#1932=DIRECTION('',(-0.972510741955938,0.232858018501211,0.));
#1933=DIRECTION('center_axis',(-0.232858018501211,-0.972510741955939,0.));
#1934=DIRECTION('ref_axis',(0.972510741955938,-0.232858018501211,0.));
#1935=DIRECTION('',(0.,0.,1.));
#1936=DIRECTION('center_axis',(-0.232858018501211,-0.972510741955939,0.));
#1937=DIRECTION('ref_axis',(0.972510741955938,-0.232858018501211,0.));
#1938=DIRECTION('center_axis',(-0.232858018501211,-0.972510741955939,0.));
#1939=DIRECTION('ref_axis',(0.972510741955938,-0.232858018501211,0.));
#1940=DIRECTION('',(0.,0.,1.));
#1941=DIRECTION('center_axis',(0.232858018501211,0.972510741955939,0.));
#1942=DIRECTION('ref_axis',(0.972510741955939,-0.232858018501211,0.));
#1943=DIRECTION('center_axis',(0.,1.,0.));
#1944=DIRECTION('ref_axis',(1.,0.,0.));
#1945=DIRECTION('',(0.,1.,0.));
#1946=DIRECTION('center_axis',(0.,-1.,0.));
#1947=DIRECTION('ref_axis',(1.,0.,0.));
#1948=DIRECTION('center_axis',(0.,-1.,0.));
#1949=DIRECTION('ref_axis',(1.,0.,0.));
#1950=DIRECTION('center_axis',(0.,1.,0.));
#1951=DIRECTION('ref_axis',(0.707106781186547,0.,-0.707106781186547));
#1952=DIRECTION('',(0.,1.,0.));
#1953=DIRECTION('center_axis',(0.,1.,0.));
#1954=DIRECTION('ref_axis',(0.707106781186547,0.,-0.707106781186547));
#1955=DIRECTION('center_axis',(0.,1.,0.));
#1956=DIRECTION('ref_axis',(1.,0.,0.));
#1957=DIRECTION('',(0.,1.,0.));
#1958=DIRECTION('center_axis',(0.,-1.,0.));
#1959=DIRECTION('ref_axis',(1.,0.,0.));
#1960=DIRECTION('center_axis',(0.,1.,0.));
#1961=DIRECTION('ref_axis',(0.,0.,1.));
#1962=DIRECTION('center_axis',(0.,1.,0.));
#1963=DIRECTION('ref_axis',(0.,0.,1.));
#1964=DIRECTION('center_axis',(0.,1.,0.));
#1965=DIRECTION('ref_axis',(1.,0.,0.));
#1966=DIRECTION('center_axis',(0.,-1.,0.));
#1967=DIRECTION('ref_axis',(0.498887651569859,0.,-0.866666666666666));
#1968=DIRECTION('center_axis',(0.,1.,0.));
#1969=DIRECTION('ref_axis',(1.,0.,-1.79166528045522E-11));
#1970=DIRECTION('center_axis',(0.,1.,0.));
#1971=DIRECTION('ref_axis',(-0.908202937545921,0.,0.418530075661188));
#1972=DIRECTION('',(1.,0.,0.));
#1973=DIRECTION('center_axis',(0.,1.,0.));
#1974=DIRECTION('ref_axis',(1.,0.,0.));
#1975=DIRECTION('center_axis',(0.,-1.,0.));
#1976=DIRECTION('ref_axis',(1.,0.,0.));
#1977=DIRECTION('center_axis',(0.,-1.,0.));
#1978=DIRECTION('ref_axis',(1.,0.,0.));
#1979=DIRECTION('center_axis',(0.,-1.,0.));
#1980=DIRECTION('ref_axis',(0.,0.,-1.));
#1981=DIRECTION('',(0.,-1.,0.));
#1982=DIRECTION('center_axis',(0.,1.,0.));
#1983=DIRECTION('ref_axis',(0.,0.,-1.));
#1984=DIRECTION('',(0.,1.,0.));
#1985=DIRECTION('center_axis',(0.,-1.,0.));
#1986=DIRECTION('ref_axis',(0.,0.,-1.));
#1987=DIRECTION('',(0.,1.,0.));
#1988=DIRECTION('',(0.,-1.,0.));
#1989=DIRECTION('center_axis',(0.,1.,0.));
#1990=DIRECTION('ref_axis',(0.,0.,-1.));
#1991=DIRECTION('center_axis',(0.,1.,0.));
#1992=DIRECTION('ref_axis',(1.,0.,0.));
#1993=DIRECTION('',(0.,1.,0.));
#1994=DIRECTION('center_axis',(0.,-1.,0.));
#1995=DIRECTION('ref_axis',(1.,0.,0.));
#1996=DIRECTION('center_axis',(0.,1.,0.));
#1997=DIRECTION('ref_axis',(0.498887651569859,0.,-0.866666666666666));
#1998=DIRECTION('',(0.,1.,0.));
#1999=DIRECTION('center_axis',(0.,1.,0.));
#2000=DIRECTION('ref_axis',(0.498887651569859,0.,-0.866666666666666));
#2001=DIRECTION('center_axis',(0.,1.,0.));
#2002=DIRECTION('ref_axis',(0.,0.,1.));
#2003=DIRECTION('',(1.,0.,0.));
#2004=DIRECTION('center_axis',(0.,1.,0.));
#2005=DIRECTION('ref_axis',(-0.908202937545921,0.,0.418530075661188));
#2006=DIRECTION('center_axis',(0.,1.,0.));
#2007=DIRECTION('ref_axis',(1.,0.,-1.79166528045522E-11));
#2008=DIRECTION('center_axis',(0.,0.,-1.));
#2009=DIRECTION('ref_axis',(0.,1.,0.));
#2010=DIRECTION('',(0.,-1.,0.));
#2011=DIRECTION('center_axis',(0.,1.,0.));
#2012=DIRECTION('ref_axis',(-0.908202937545921,0.,0.418530075661188));
#2013=DIRECTION('',(0.,1.,0.));
#2014=DIRECTION('center_axis',(0.,1.,0.));
#2015=DIRECTION('ref_axis',(1.,0.,-1.79166528045522E-11));
#2016=DIRECTION('center_axis',(0.,1.,0.));
#2017=DIRECTION('ref_axis',(0.,0.,1.));
#2018=DIRECTION('center_axis',(0.,1.,0.));
#2019=DIRECTION('ref_axis',(0.,0.,1.));
#2020=DIRECTION('center_axis',(0.,-1.,0.));
#2021=DIRECTION('ref_axis',(1.,0.,0.));
#2022=DIRECTION('center_axis',(0.,-1.,0.));
#2023=DIRECTION('ref_axis',(0.,0.,-1.));
#2024=DIRECTION('',(0.,0.,-1.));
#2025=DIRECTION('',(1.,0.,0.));
#2026=DIRECTION('',(0.,0.,1.));
#2027=DIRECTION('',(-1.,0.,0.));
#2028=DIRECTION('',(0.,0.,-1.));
#2029=DIRECTION('',(1.,0.,0.));
#2030=DIRECTION('center_axis',(0.,1.,0.));
#2031=DIRECTION('ref_axis',(-1.,0.,8.19016985379215E-16));
#2032=DIRECTION('',(0.,1.,0.));
#2033=DIRECTION('center_axis',(0.,1.,0.));
#2034=DIRECTION('ref_axis',(0.900486440546189,0.,0.434884088456286));
#2035=DIRECTION('',(0.,1.,0.));
#2036=DIRECTION('center_axis',(2.95211224099317E-14,0.,1.));
#2037=DIRECTION('ref_axis',(1.,0.,-2.95211224099317E-14));
#2038=DIRECTION('',(0.,1.,0.));
#2039=DIRECTION('',(1.,0.,0.));
#2040=DIRECTION('center_axis',(0.,0.,-1.));
#2041=DIRECTION('ref_axis',(-1.,0.,0.));
#2042=DIRECTION('',(0.,-1.,0.));
#2043=DIRECTION('center_axis',(0.,0.,-1.));
#2044=DIRECTION('ref_axis',(-0.902338701076074,-0.431027688832567,0.));
#2045=DIRECTION('',(-0.911552539384858,0.411183618279007,0.));
#2046=DIRECTION('center_axis',(0.,0.,1.));
#2047=DIRECTION('ref_axis',(-0.960963942151563,0.276673637856098,0.));
#2048=DIRECTION('center_axis',(0.,0.,1.));
#2049=DIRECTION('ref_axis',(-0.707106781186547,0.707106781186547,0.));
#2050=DIRECTION('center_axis',(0.,0.,-1.));
#2051=DIRECTION('ref_axis',(-0.804651980686631,-0.593746738919113,0.));
#2052=DIRECTION('center_axis',(0.,0.,1.));
#2053=DIRECTION('ref_axis',(0.850782389151161,0.525518150314756,0.));
#2054=DIRECTION('center_axis',(0.,0.,1.));
#2055=DIRECTION('ref_axis',(0.929360348358007,0.369173865407458,0.));
#2056=DIRECTION('center_axis',(0.,0.,-1.));
#2057=DIRECTION('ref_axis',(0.94097094925417,-0.33848733013173,0.));
#2058=DIRECTION('center_axis',(0.,0.,-1.));
#2059=DIRECTION('ref_axis',(-0.994969884914202,0.100174488338201,0.));
#2060=DIRECTION('',(0.0795066555126376,-0.996834335147619,0.));
#2061=DIRECTION('center_axis',(0.,0.,1.));
#2062=DIRECTION('ref_axis',(-0.95683020707215,0.290647475189906,0.));
#2063=DIRECTION('',(-0.965925826289068,0.25881904510252,0.));
#2064=DIRECTION('center_axis',(0.,0.,-1.));
#2065=DIRECTION('ref_axis',(-0.500000000000123,0.866025403784367,0.));
#2066=DIRECTION('',(-0.25881904510252,-0.965925826289069,0.));
#2067=DIRECTION('center_axis',(0.,0.,-1.));
#2068=DIRECTION('ref_axis',(-0.86602540378439,-0.500000000000084,0.));
#2069=DIRECTION('',(-0.965925826289069,0.258819045102518,0.));
#2070=DIRECTION('',(-0.258819045102519,-0.965925826289069,0.));
#2071=DIRECTION('center_axis',(0.,0.,1.));
#2072=DIRECTION('ref_axis',(1.,0.,0.));
#2073=DIRECTION('center_axis',(0.,0.,1.));
#2074=DIRECTION('ref_axis',(-1.,0.,0.));
#2075=DIRECTION('center_axis',(0.,0.,1.));
#2076=DIRECTION('ref_axis',(-1.,0.,0.));
#2077=DIRECTION('center_axis',(0.,0.,1.));
#2078=DIRECTION('ref_axis',(-0.247921073481063,-0.968780233759957,0.));
#2079=DIRECTION('',(0.,0.,1.));
#2080=DIRECTION('center_axis',(0.,0.,-1.));
#2081=DIRECTION('ref_axis',(-0.247921073481063,-0.968780233759957,0.));
#2082=DIRECTION('center_axis',(0.,0.,-1.));
#2083=DIRECTION('ref_axis',(-0.902338701076074,-0.431027688832567,0.));
#2084=DIRECTION('',(0.,0.,1.));
#2085=DIRECTION('center_axis',(0.,0.,-1.));
#2086=DIRECTION('ref_axis',(-0.424259115503046,-0.905540834481015,0.));
#2087=DIRECTION('',(0.,0.,1.));
#2088=DIRECTION('center_axis',(-1.,0.,0.));
#2089=DIRECTION('ref_axis',(0.,0.,1.));
#2090=DIRECTION('',(0.,0.,1.));
#2091=DIRECTION('',(0.,1.,0.));
#2092=DIRECTION('',(0.,1.,0.));
#2093=DIRECTION('',(0.,0.,1.));
#2094=DIRECTION('center_axis',(1.,0.,0.));
#2095=DIRECTION('ref_axis',(0.,0.,-1.));
#2096=DIRECTION('',(0.,1.,0.));
#2097=DIRECTION('',(0.,0.,1.));
#2098=DIRECTION('',(0.,1.,0.));
#2099=DIRECTION('center_axis',(-6.31533265394703E-16,0.,1.));
#2100=DIRECTION('ref_axis',(1.,0.,6.31533265394703E-16));
#2101=DIRECTION('',(-1.,0.,-6.31533265394703E-16));
#2102=DIRECTION('center_axis',(0.,1.,0.));
#2103=DIRECTION('ref_axis',(1.,0.,0.));
#2104=DIRECTION('',(0.,1.,0.));
#2105=DIRECTION('center_axis',(0.,1.,0.));
#2106=DIRECTION('ref_axis',(1.,0.,0.));
#2107=DIRECTION('',(0.,1.,0.));
#2108=DIRECTION('center_axis',(-1.,0.,0.));
#2109=DIRECTION('ref_axis',(0.,0.,1.));
#2110=DIRECTION('',(0.,0.,1.));
#2111=DIRECTION('',(0.,1.,0.));
#2112=DIRECTION('center_axis',(0.,1.,0.));
#2113=DIRECTION('ref_axis',(-1.,0.,1.79166528045522E-11));
#2114=DIRECTION('center_axis',(0.,1.,0.));
#2115=DIRECTION('ref_axis',(-1.,0.,1.79166528045522E-11));
#2116=DIRECTION('',(0.,1.,0.));
#2117=DIRECTION('center_axis',(0.,1.,0.));
#2118=DIRECTION('ref_axis',(1.,0.,0.));
#2119=DIRECTION('center_axis',(0.,1.,0.));
#2120=DIRECTION('ref_axis',(1.,0.,0.));
#2121=DIRECTION('',(0.,1.,0.));
#2122=DIRECTION('center_axis',(0.,0.,1.));
#2123=DIRECTION('ref_axis',(-0.994969884914202,0.100174488338201,0.));
#2124=DIRECTION('',(0.,0.,1.));
#2125=DIRECTION('center_axis',(0.,0.,1.));
#2126=DIRECTION('ref_axis',(-0.994969884914202,0.100174488338201,0.));
#2127=DIRECTION('',(0.,0.,-1.));
#2128=DIRECTION('center_axis',(0.,0.,-1.));
#2129=DIRECTION('ref_axis',(0.94097094925417,-0.33848733013173,0.));
#2130=DIRECTION('',(0.,0.,-1.));
#2131=DIRECTION('center_axis',(0.,0.,1.));
#2132=DIRECTION('ref_axis',(0.94097094925417,-0.33848733013173,0.));
#2133=DIRECTION('center_axis',(0.,0.,1.));
#2134=DIRECTION('ref_axis',(0.929360348358007,0.369173865407458,0.));
#2135=DIRECTION('center_axis',(0.,0.,-1.));
#2136=DIRECTION('ref_axis',(0.929360348358007,0.369173865407458,0.));
#2137=DIRECTION('',(0.,0.,1.));
#2138=DIRECTION('center_axis',(0.996834335147619,0.0795066555126376,0.));
#2139=DIRECTION('ref_axis',(0.0795066555126376,-0.996834335147619,0.));
#2140=DIRECTION('',(-0.0795066555126376,0.996834335147619,0.));
#2141=DIRECTION('',(0.,0.,-1.));
#2142=DIRECTION('center_axis',(0.,0.,-1.));
#2143=DIRECTION('ref_axis',(-0.95683020707215,0.290647475189906,0.));
#2144=DIRECTION('center_axis',(0.,0.,-1.));
#2145=DIRECTION('ref_axis',(-0.95683020707215,0.290647475189906,0.));
#2146=DIRECTION('center_axis',(0.,0.,-1.));
#2147=DIRECTION('ref_axis',(-1.,0.,0.));
#2148=DIRECTION('center_axis',(0.,0.,-1.));
#2149=DIRECTION('ref_axis',(-0.226947615535169,-0.973906966708269,0.));
#2150=DIRECTION('center_axis',(0.,0.,1.));
#2151=DIRECTION('ref_axis',(-1.52368226849265E-11,-1.,0.));
#2152=DIRECTION('',(-1.,0.,0.));
#2153=DIRECTION('center_axis',(0.,0.,-1.));
#2154=DIRECTION('ref_axis',(0.,1.,0.));
#2155=DIRECTION('',(0.161449016216877,-0.986881054212007,0.));
#2156=DIRECTION('center_axis',(0.,0.,-1.));
#2157=DIRECTION('ref_axis',(0.559032231234659,0.829145924696491,0.));
#2158=DIRECTION('center_axis',(0.,0.,-1.));
#2159=DIRECTION('ref_axis',(-0.551503759448795,-0.834172406228979,0.));
#2160=DIRECTION('center_axis',(0.,0.,-1.));
#2161=DIRECTION('ref_axis',(1.,0.,0.));
#2162=DIRECTION('center_axis',(0.,0.,-1.));
#2163=DIRECTION('ref_axis',(-1.,0.,0.));
#2164=DIRECTION('center_axis',(0.,0.,1.));
#2165=DIRECTION('ref_axis',(-1.,0.,0.));
#2166=DIRECTION('',(0.,0.,1.));
#2167=DIRECTION('center_axis',(0.,0.,-1.));
#2168=DIRECTION('ref_axis',(-1.,0.,0.));
#2169=DIRECTION('center_axis',(0.,0.,1.));
#2170=DIRECTION('ref_axis',(-1.,0.,0.));
#2171=DIRECTION('',(0.,0.,1.));
#2172=DIRECTION('center_axis',(0.,0.,-1.));
#2173=DIRECTION('ref_axis',(-1.,0.,0.));
#2174=DIRECTION('center_axis',(0.,-1.,0.));
#2175=DIRECTION('ref_axis',(0.,0.,1.));
#2176=DIRECTION('',(0.,0.,-1.));
#2177=DIRECTION('center_axis',(0.,1.,0.));
#2178=DIRECTION('ref_axis',(0.707106781186547,0.,0.707106781186547));
#2179=DIRECTION('',(1.,0.,0.));
#2180=DIRECTION('center_axis',(0.,-1.,0.));
#2181=DIRECTION('ref_axis',(0.,0.,1.));
#2182=DIRECTION('center_axis',(0.,-1.,0.));
#2183=DIRECTION('ref_axis',(-0.435466571533638,0.,0.900204901717792));
#2184=DIRECTION('',(0.,0.,1.));
#2185=DIRECTION('center_axis',(0.,1.,0.));
#2186=DIRECTION('ref_axis',(1.,0.,-1.79171943767597E-11));
#2187=DIRECTION('',(0.,0.,-1.));
#2188=DIRECTION('center_axis',(0.,-1.,0.));
#2189=DIRECTION('ref_axis',(1.,0.,0.));
#2190=DIRECTION('',(-1.,0.,2.97049638696619E-16));
#2191=DIRECTION('center_axis',(0.,-1.,0.));
#2192=DIRECTION('ref_axis',(0.900486440546189,0.,0.434884088456285));
#2193=DIRECTION('',(0.,0.,1.));
#2194=DIRECTION('center_axis',(0.,-1.,0.));
#2195=DIRECTION('ref_axis',(-1.57367743608507E-11,0.,-1.));
#2196=DIRECTION('',(1.,0.,-6.31533265394703E-16));
#2197=DIRECTION('center_axis',(0.,1.,0.));
#2198=DIRECTION('ref_axis',(-2.92269911975988E-11,0.,-1.));
#2199=DIRECTION('center_axis',(0.,-1.,0.));
#2200=DIRECTION('ref_axis',(0.74593119491288,0.,-0.666023011956676));
#2201=DIRECTION('',(0.,0.,1.));
#2202=DIRECTION('',(0.,0.,1.));
#2203=DIRECTION('center_axis',(0.,-1.,0.));
#2204=DIRECTION('ref_axis',(-1.,0.,0.));
#2205=DIRECTION('center_axis',(0.,-1.,0.));
#2206=DIRECTION('ref_axis',(-0.877628692901064,0.,-0.479341086697948));
#2207=DIRECTION('center_axis',(0.,1.,0.));
#2208=DIRECTION('ref_axis',(0.,0.,1.));
#2209=DIRECTION('',(0.,1.,0.));
#2210=DIRECTION('center_axis',(0.,1.,0.));
#2211=DIRECTION('ref_axis',(-0.435466571533638,0.,0.900204901717792));
#2212=DIRECTION('',(0.,1.,0.));
#2213=DIRECTION('center_axis',(-1.,0.,0.));
#2214=DIRECTION('ref_axis',(0.,0.,1.));
#2215=DIRECTION('',(0.,1.,0.));
#2216=DIRECTION('center_axis',(0.,1.,0.));
#2217=DIRECTION('ref_axis',(1.,0.,-1.79171943767597E-11));
#2218=DIRECTION('',(0.,1.,0.));
#2219=DIRECTION('center_axis',(1.,0.,0.));
#2220=DIRECTION('ref_axis',(0.,0.,-1.));
#2221=DIRECTION('',(0.,1.,0.));
#2222=DIRECTION('center_axis',(0.,1.,0.));
#2223=DIRECTION('ref_axis',(1.,0.,0.));
#2224=DIRECTION('',(0.,1.,0.));
#2225=DIRECTION('center_axis',(2.97049638696619E-16,0.,1.));
#2226=DIRECTION('ref_axis',(1.,0.,-2.97049638696619E-16));
#2227=DIRECTION('',(0.,1.,0.));
#2228=DIRECTION('center_axis',(0.,1.,0.));
#2229=DIRECTION('ref_axis',(0.900486440546189,0.,0.434884088456285));
#2230=DIRECTION('',(0.,1.,0.));
#2231=DIRECTION('center_axis',(1.,0.,0.));
#2232=DIRECTION('ref_axis',(0.,0.,-1.));
#2233=DIRECTION('',(0.,1.,0.));
#2234=DIRECTION('center_axis',(0.,1.,0.));
#2235=DIRECTION('ref_axis',(-1.57367743608507E-11,0.,-1.));
#2236=DIRECTION('',(0.,1.,0.));
#2237=DIRECTION('center_axis',(-6.31533265394703E-16,0.,-1.));
#2238=DIRECTION('ref_axis',(-1.,0.,6.31533265394703E-16));
#2239=DIRECTION('',(0.,1.,0.));
#2240=DIRECTION('center_axis',(0.,1.,0.));
#2241=DIRECTION('ref_axis',(-2.92269911975988E-11,0.,-1.));
#2242=DIRECTION('',(0.,1.,0.));
#2243=DIRECTION('center_axis',(0.,1.,0.));
#2244=DIRECTION('ref_axis',(0.74593119491288,0.,-0.666023011956676));
#2245=DIRECTION('',(0.,1.,0.));
#2246=DIRECTION('center_axis',(1.,0.,0.));
#2247=DIRECTION('ref_axis',(0.,0.,-1.));
#2248=DIRECTION('center_axis',(0.,1.,0.));
#2249=DIRECTION('ref_axis',(1.,0.,0.));
#2250=DIRECTION('',(0.,1.,0.));
#2251=DIRECTION('center_axis',(0.,-1.,0.));
#2252=DIRECTION('ref_axis',(0.707106781186547,0.,0.707106781186547));
#2253=DIRECTION('',(0.,-1.,0.));
#2254=DIRECTION('',(0.,1.,0.));
#2255=DIRECTION('center_axis',(0.,0.,-1.));
#2256=DIRECTION('ref_axis',(-1.,0.,0.));
#2257=DIRECTION('center_axis',(0.,0.,1.));
#2258=DIRECTION('ref_axis',(0.153856594914788,0.988093188014788,0.));
#2259=DIRECTION('center_axis',(0.,0.,1.));
#2260=DIRECTION('ref_axis',(-0.35973909494196,0.933052937174703,0.));
#2261=DIRECTION('center_axis',(0.,0.,1.));
#2262=DIRECTION('ref_axis',(-0.986006679516781,0.166705812581,0.));
#2263=DIRECTION('center_axis',(0.,0.,1.));
#2264=DIRECTION('ref_axis',(-0.58240618350772,-0.812897925579818,0.));
#2265=DIRECTION('',(0.911552539384858,-0.411183618279007,0.));
#2266=DIRECTION('',(-0.258819045102518,-0.965925826289069,0.));
#2267=DIRECTION('',(-0.965925826289068,0.258819045102521,0.));
#2268=DIRECTION('center_axis',(0.,0.,-1.));
#2269=DIRECTION('ref_axis',(0.25881904510251,0.965925826289071,0.));
#2270=DIRECTION('',(0.25881904510252,0.965925826289068,0.));
#2271=DIRECTION('center_axis',(0.,0.,-1.));
#2272=DIRECTION('ref_axis',(0.965925826289065,-0.258819045102533,0.));
#2273=DIRECTION('',(0.965925826289069,-0.258819045102519,0.));
#2274=DIRECTION('center_axis',(0.,0.,-1.));
#2275=DIRECTION('ref_axis',(1.,0.,0.));
#2276=DIRECTION('center_axis',(1.,0.,0.));
#2277=DIRECTION('ref_axis',(0.,0.,-1.));
#2278=DIRECTION('center_axis',(0.,1.,0.));
#2279=DIRECTION('ref_axis',(1.,0.,0.));
#2280=DIRECTION('',(0.,1.,0.));
#2281=DIRECTION('center_axis',(0.,1.,0.));
#2282=DIRECTION('ref_axis',(-0.877628692901064,0.,-0.479341086697948));
#2283=DIRECTION('',(0.,1.,0.));
#2284=DIRECTION('center_axis',(0.,1.,0.));
#2285=DIRECTION('ref_axis',(-1.,0.,0.));
#2286=DIRECTION('',(0.,1.,0.));
#2287=DIRECTION('center_axis',(-1.,0.,0.));
#2288=DIRECTION('ref_axis',(0.,0.,1.));
#2289=DIRECTION('center_axis',(0.,0.,1.));
#2290=DIRECTION('ref_axis',(-0.226947615535169,-0.973906966708269,0.));
#2291=DIRECTION('',(0.,0.,1.));
#2292=DIRECTION('center_axis',(0.,0.,1.));
#2293=DIRECTION('ref_axis',(-1.,0.,0.));
#2294=DIRECTION('',(0.,0.,1.));
#2295=DIRECTION('center_axis',(0.,0.,-1.));
#2296=DIRECTION('ref_axis',(1.,0.,0.));
#2297=DIRECTION('',(0.,0.,-1.));
#2298=DIRECTION('center_axis',(0.,0.,-1.));
#2299=DIRECTION('ref_axis',(0.850782389151161,0.525518150314756,0.));
#2300=DIRECTION('',(0.,0.,-1.));
#2301=DIRECTION('center_axis',(0.411183618279007,0.911552539384858,0.));
#2302=DIRECTION('ref_axis',(0.911552539384858,-0.411183618279007,0.));
#2303=DIRECTION('',(0.,0.,1.));
#2304=DIRECTION('center_axis',(0.,0.,-1.));
#2305=DIRECTION('ref_axis',(-0.960963942151563,0.276673637856098,0.));
#2306=DIRECTION('',(0.,0.,1.));
#2307=DIRECTION('center_axis',(0.,0.,1.));
#2308=DIRECTION('ref_axis',(-0.551503759448795,-0.834172406228979,0.));
#2309=DIRECTION('',(0.,0.,1.));
#2310=DIRECTION('center_axis',(0.,0.,1.));
#2311=DIRECTION('ref_axis',(0.559032231234659,0.829145924696491,0.));
#2312=DIRECTION('',(0.,0.,1.));
#2313=DIRECTION('center_axis',(0.,0.,-1.));
#2314=DIRECTION('ref_axis',(-0.804651980686631,-0.593746738919113,0.));
#2315=DIRECTION('',(0.,0.,-1.));
#2316=DIRECTION('center_axis',(-0.965925826289069,0.258819045102519,0.));
#2317=DIRECTION('ref_axis',(0.258819045102519,0.965925826289069,0.));
#2318=DIRECTION('',(0.,0.,1.));
#2319=DIRECTION('',(0.,0.,1.));
#2320=DIRECTION('center_axis',(0.25881904510252,0.965925826289069,0.));
#2321=DIRECTION('ref_axis',(0.965925826289068,-0.25881904510252,0.));
#2322=DIRECTION('',(0.,0.,1.));
#2323=DIRECTION('center_axis',(-0.258819045102521,-0.965925826289068,0.));
#2324=DIRECTION('ref_axis',(-0.965925826289068,0.258819045102521,0.));
#2325=DIRECTION('',(0.,0.,-1.));
#2326=DIRECTION('center_axis',(0.,0.,1.));
#2327=DIRECTION('ref_axis',(-0.707106781186547,0.707106781186547,0.));
#2328=DIRECTION('center_axis',(0.,0.,-1.));
#2329=DIRECTION('ref_axis',(-0.86602540378439,-0.500000000000084,0.));
#2330=DIRECTION('',(0.,0.,1.));
#2331=DIRECTION('center_axis',(-0.965925826289069,0.25881904510252,0.));
#2332=DIRECTION('ref_axis',(0.25881904510252,0.965925826289069,0.));
#2333=DIRECTION('',(0.,0.,-1.));
#2334=DIRECTION('center_axis',(0.,0.,-1.));
#2335=DIRECTION('ref_axis',(-0.500000000000123,0.866025403784367,0.));
#2336=DIRECTION('center_axis',(0.,0.,1.));
#2337=DIRECTION('ref_axis',(0.,1.,0.));
#2338=DIRECTION('',(0.,0.,1.));
#2339=DIRECTION('',(0.,0.,-1.));
#2340=DIRECTION('center_axis',(0.,-1.,0.));
#2341=DIRECTION('ref_axis',(1.,0.,0.));
#2342=DIRECTION('',(0.,0.,1.));
#2343=DIRECTION('center_axis',(0.,0.,1.));
#2344=DIRECTION('ref_axis',(-1.52368226849265E-11,-1.,0.));
#2345=DIRECTION('center_axis',(0.986881054212007,0.161449016216877,0.));
#2346=DIRECTION('ref_axis',(-0.161449016216877,0.986881054212007,0.));
#2347=DIRECTION('center_axis',(0.,0.,1.));
#2348=DIRECTION('ref_axis',(1.,0.,0.));
#2349=DIRECTION('',(0.,0.,-1.));
#2350=CARTESIAN_POINT('',(0.,0.,0.));
#2351=CARTESIAN_POINT('Origin',(221.486942656927,92.7114934705394,-14.6964836436659));
#2352=CARTESIAN_POINT('',(209.588700835142,92.7114934705394,-17.4464836436659));
#2353=CARTESIAN_POINT('',(209.588700835142,92.7114934705394,-11.3464836436659));
#2354=CARTESIAN_POINT('Origin',(209.588700835094,92.7114934705394,-14.3964836436659));
#2355=CARTESIAN_POINT('',(216.334420859949,92.7114934705394,-17.4464836436659));
#2356=CARTESIAN_POINT('',(209.588700835142,92.7114934705394,-17.4464836436659));
#2357=CARTESIAN_POINT('',(216.334420859949,92.7114934705394,-17.481531507935));
#2358=CARTESIAN_POINT('',(216.334420859949,92.7114934705394,-17.4464836436659));
#2359=CARTESIAN_POINT('',(217.716900692394,92.7114934705394,-18.48780147027));
#2360=CARTESIAN_POINT('Origin',(215.961643306592,92.7114934705394,-19.4464836436659));
#2361=CARTESIAN_POINT('',(218.463700835094,92.7114934705394,-20.0464836436659));
#2362=CARTESIAN_POINT('Origin',(216.463700835094,92.7114934705394,-20.0464836436659));
#2363=CARTESIAN_POINT('',(218.463700835094,92.7114934705394,-25.3133050890012));
#2364=CARTESIAN_POINT('',(218.463700835094,92.7114934705394,-20.0464836436659));
#2365=CARTESIAN_POINT('',(218.563700835094,92.7114934705394,-26.1164240092115));
#2366=CARTESIAN_POINT('Origin',(221.738700835094,92.7114934705394,-25.3133050890012));
#2367=CARTESIAN_POINT('',(218.563700835094,92.7114934705394,-26.6214836436108));
#2368=CARTESIAN_POINT('',(218.563700835094,92.7114934705394,-26.1164240092115));
#2369=CARTESIAN_POINT('',(224.713065455557,92.7114934705394,-26.6839910867916));
#2370=CARTESIAN_POINT('Origin',(221.638700835094,92.7114934705394,-26.6214836436659));
#2371=CARTESIAN_POINT('',(225.013700835094,92.7114934705394,-25.3133050890012));
#2372=CARTESIAN_POINT('Origin',(221.738700835094,92.7114934705394,-25.3133050890012));
#2373=CARTESIAN_POINT('',(225.013700835094,92.7114934705394,-19.29776043681));
#2374=CARTESIAN_POINT('',(225.013700835094,92.7114934705394,-25.3133050890012));
#2375=CARTESIAN_POINT('',(225.521838445268,92.7114934705394,-17.9657144128967));
#2376=CARTESIAN_POINT('Origin',(227.013700835094,92.7114934705394,-19.29776043681));
#2377=CARTESIAN_POINT('',(226.656779728364,92.7114934705394,-17.4464836436659));
#2378=CARTESIAN_POINT('Origin',(226.65677972832,92.7114934705394,-18.9464836436659));
#2379=CARTESIAN_POINT('',(233.688700835046,92.7114934705394,-17.4464836436659));
#2380=CARTESIAN_POINT('',(226.656779728364,92.7114934705394,-17.4464836436659));
#2381=CARTESIAN_POINT('',(236.43518447876,92.7114934705394,-15.7228801134576));
#2382=CARTESIAN_POINT('Origin',(233.688700835094,92.7114934705394,-14.3964836436659));
#2383=CARTESIAN_POINT('',(236.43518447876,92.7114934705394,-13.0700871738742));
#2384=CARTESIAN_POINT('',(236.43518447876,92.7114934705394,-15.7228801134576));
#2385=CARTESIAN_POINT('',(233.688700835046,92.7114934705394,-11.3464836436659));
#2386=CARTESIAN_POINT('Origin',(233.688700835094,92.7114934705394,-14.3964836436659));
#2387=CARTESIAN_POINT('',(226.213700835069,92.7114934705394,-11.3464836436659));
#2388=CARTESIAN_POINT('',(233.688700835046,92.7114934705394,-11.3464836436659));
#2389=CARTESIAN_POINT('',(224.713700835094,92.7114934705394,-9.84648364366589));
#2390=CARTESIAN_POINT('Origin',(226.213700835094,92.7114934705394,-9.84648364366589));
#2391=CARTESIAN_POINT('',(224.713700835094,92.7114934705394,-2.77148364372099));
#2392=CARTESIAN_POINT('',(224.713700835094,92.7114934705394,-9.84648364366589));
#2393=CARTESIAN_POINT('',(218.563700835094,92.7114934705394,-2.77148364372099));
#2394=CARTESIAN_POINT('Origin',(221.638700835094,92.7114934705394,-2.7714836436659));
#2395=CARTESIAN_POINT('',(218.563700835094,92.7114934705394,-9.39648364363368));
#2396=CARTESIAN_POINT('',(218.563700835094,92.7114934705394,-2.77148364372099));
#2397=CARTESIAN_POINT('',(217.716900692394,92.7114934705394,-10.7467909962426));
#2398=CARTESIAN_POINT('Origin',(217.063700835094,92.7114934705394,-9.3964836436659));
#2399=CARTESIAN_POINT('',(216.288916337326,92.7114934705394,-11.3464836436659));
#2400=CARTESIAN_POINT('Origin',(216.288916337326,92.7114934705394,-9.34648364366589));
#2401=CARTESIAN_POINT('',(216.288916337326,92.7114934705394,-11.3464836436659));
#2402=CARTESIAN_POINT('',(232.738700835094,92.7114934705394,-14.6964836436659));
#2403=CARTESIAN_POINT('Origin',(233.738700835094,92.7114934705394,-14.6964836436659));
#2404=CARTESIAN_POINT('',(217.738700835094,92.7114934705394,-14.6964836436659));
#2405=CARTESIAN_POINT('Origin',(221.738700835094,92.7114934705394,-14.6964836436659));
#2406=CARTESIAN_POINT('',(220.738700835094,92.7114934705394,-2.69648364366589));
#2407=CARTESIAN_POINT('Origin',(221.738700835094,92.7114934705394,-2.69648364366589));
#2408=CARTESIAN_POINT('',(220.738700835094,92.7114934705394,-26.6964836436659));
#2409=CARTESIAN_POINT('Origin',(221.738700835094,92.7114934705394,-26.6964836436659));
#2410=CARTESIAN_POINT('',(208.738700835094,92.7114934705394,-14.6964836436659));
#2411=CARTESIAN_POINT('Origin',(209.738700835094,92.7114934705394,-14.6964836436659));
#2412=CARTESIAN_POINT('Origin',(211.091172841033,91.7114934705394,-3.8283262722503));
#2413=CARTESIAN_POINT('',(213.419753026046,101.436600890099,-30.3133050890012));
#2414=CARTESIAN_POINT('',(211.091172841033,101.711493470539,-30.3133050890012));
#2415=CARTESIAN_POINT('Origin',(211.091172841033,91.7114934705394,-30.3133050890012));
#2416=CARTESIAN_POINT('',(211.091172841033,101.711493470539,5.));
#2417=CARTESIAN_POINT('',(211.091172841033,101.711493470539,-3.8283262722503));
#2418=CARTESIAN_POINT('',(213.419753026046,101.436600890099,5.));
#2419=CARTESIAN_POINT('Origin',(211.091172841033,91.7114934705394,5.));
#2420=CARTESIAN_POINT('',(213.419753026046,101.436600890099,-3.8283262722503));
#2421=CARTESIAN_POINT('Origin',(188.854922078704,116.993546717754,-30.3133050890012));
#2422=CARTESIAN_POINT('',(227.225743180494,98.1308939481412,-30.3133050890012));
#2423=CARTESIAN_POINT('',(211.944831232593,101.789756234766,-30.3133050890012));
#2424=CARTESIAN_POINT('',(227.225743180494,89.7614934705394,-30.3133050890012));
#2425=CARTESIAN_POINT('',(227.225743180494,105.127520094147,-30.3133050890012));
#2426=CARTESIAN_POINT('',(192.225743180494,89.7614934705394,-30.3133050890012));
#2427=CARTESIAN_POINT('',(226.43518447876,89.7614934705394,-30.3133050890012));
#2428=CARTESIAN_POINT('',(192.225743180494,99.6922827903475,-30.3133050890012));
#2429=CARTESIAN_POINT('',(192.225743180494,89.7614934705394,-30.3133050890012));
#2430=CARTESIAN_POINT('',(170.857433905332,120.95763015135,-30.3133050890012));
#2431=CARTESIAN_POINT('Origin',(122.51800391352,51.015593238784,-30.3133050890012));
#2432=CARTESIAN_POINT('',(169.407465301672,121.937856528572,-30.3133050890012));
#2433=CARTESIAN_POINT('Origin',(-224.891288433994,-462.878521680578,-30.3133050890012));
#2434=CARTESIAN_POINT('',(167.84340355057,131.498415929609,-30.3133050890012));
#2435=CARTESIAN_POINT('',(167.84340355057,131.498415929609,-30.3133050890012));
#2436=CARTESIAN_POINT('',(172.77780882163,137.305661010693,-30.3133050890012));
#2437=CARTESIAN_POINT('Origin',(172.77780882163,132.305661010693,-30.3133050890012));
#2438=CARTESIAN_POINT('',(175.406879437796,137.305661010693,-30.3133050890012));
#2439=CARTESIAN_POINT('',(175.406879437796,137.305661010693,-30.3133050890012));
#2440=CARTESIAN_POINT('',(179.856311112339,133.666951125374,-30.3133050890012));
#2441=CARTESIAN_POINT('Origin',(175.406879437727,132.765913009644,-30.3133050890012));
#2442=CARTESIAN_POINT('',(180.199074470994,132.273809857739,-30.3133050890012));
#2443=CARTESIAN_POINT('Origin',(227.540978940372,144.660374837009,-30.3133050890012));
#2444=CARTESIAN_POINT('',(201.411730993075,101.711493470539,-30.3133050890012));
#2445=CARTESIAN_POINT('Origin',(224.4672169554,140.356603989738,-30.3133050890012));
#2446=CARTESIAN_POINT('',(192.225743180494,101.711493470539,-30.3133050890012));
#2447=CARTESIAN_POINT('',(183.99217289148,116.691227533228,-30.3133050890012));
#2448=CARTESIAN_POINT('Origin',(182.74217289148,116.691227533228,-30.3133050890012));
#2449=CARTESIAN_POINT('',(169.224548314578,130.607008571239,-30.3133050890012));
#2450=CARTESIAN_POINT('Origin',(173.724548314578,130.607008571239,-30.3133050890012));
#2451=CARTESIAN_POINT('Origin',(237.225743180494,95.7364934705394,5.));
#2452=CARTESIAN_POINT('',(227.225743180494,98.1308939481412,5.));
#2453=CARTESIAN_POINT('',(209.906250935791,102.277873998395,5.));
#2454=CARTESIAN_POINT('',(237.225743180494,95.7364934705394,-5.));
#2455=CARTESIAN_POINT('Origin',(227.225743180494,98.1308939481412,-5.));
#2456=CARTESIAN_POINT('',(237.225743180494,95.7364934705394,-20.3133050890012));
#2457=CARTESIAN_POINT('',(237.225743180494,95.7364934705394,-3.8283262722503));
#2458=CARTESIAN_POINT('Origin',(227.225743180494,98.1308939481412,-20.3133050890012));
#2459=CARTESIAN_POINT('',(217.738700835094,100.402471820427,-14.6964836436659));
#2460=CARTESIAN_POINT('Origin',(221.738700835094,99.4447116293859,-14.6964836436659));
#2461=CARTESIAN_POINT('',(232.944922116565,96.7614934705394,-15.3046903075644));
#2462=CARTESIAN_POINT('',(232.944922116565,96.7614934705394,-14.0882769797674));
#2463=CARTESIAN_POINT('',(232.944922116565,96.7614934705394,-4.84824182183295));
#2464=CARTESIAN_POINT('Origin',(233.738700835094,96.5714310562639,-14.6964836436659));
#2465=CARTESIAN_POINT('Origin',(233.738700835094,89.7614934705394,-14.6964836436659));
#2466=CARTESIAN_POINT('',(232.738700835094,96.7614934705394,-14.6964836436659));
#2467=CARTESIAN_POINT('',(232.738700835094,89.7614934705394,-14.6964836436659));
#2468=CARTESIAN_POINT('Origin',(233.738700835094,96.7614934705394,-14.6964836436659));
#2469=CARTESIAN_POINT('Origin',(233.738700835094,96.7614934705394,-14.6964836436659));
#2470=CARTESIAN_POINT('Origin',(227.225743180494,105.127520094147,-20.3133050890012));
#2471=CARTESIAN_POINT('',(237.225743180494,89.7614934705394,-20.3133050890012));
#2472=CARTESIAN_POINT('',(237.225743180494,91.7114934705394,-20.3133050890012));
#2473=CARTESIAN_POINT('Origin',(227.225743180494,89.7614934705394,-20.3133050890012));
#2474=CARTESIAN_POINT('Origin',(209.738700835094,91.7114934705394,-14.6964836436659));
#2475=CARTESIAN_POINT('',(208.738700835094,96.7614934705394,-14.6964836436659));
#2476=CARTESIAN_POINT('',(208.738700835094,91.7114934705394,-14.6964836436659));
#2477=CARTESIAN_POINT('Origin',(209.738700835094,96.7614934705394,-14.6964836436659));
#2478=CARTESIAN_POINT('Origin',(215.738700835094,96.7614934705394,-20.6964836436659));
#2479=CARTESIAN_POINT('Origin',(225.154738936741,96.7614934705394,-14.6964836436659));
#2480=CARTESIAN_POINT('',(221.909542017021,96.7614934705394,-27.6817822230608));
#2481=CARTESIAN_POINT('',(220.7940834223,96.7614934705394,-28.3133050890012));
#2482=CARTESIAN_POINT('Origin',(216.43518447876,96.7614934705394,-19.3133050890012));
#2483=CARTESIAN_POINT('',(219.60567481216,96.7614934705394,-28.9285229129618));
#2484=CARTESIAN_POINT('Origin',(213.310768648753,96.7614934705394,-15.3133050890012));
#2485=CARTESIAN_POINT('',(224.713065455557,96.7614934705394,-26.6839910867916));
#2486=CARTESIAN_POINT('Origin',(221.638700835094,96.7614934705394,-26.6214836436659));
#2487=CARTESIAN_POINT('',(225.013700835094,96.7614934705394,-25.3133050890012));
#2488=CARTESIAN_POINT('Origin',(221.738700835094,96.7614934705394,-25.3133050890012));
#2489=CARTESIAN_POINT('',(224.43518447876,96.7614934705394,-25.3133050890012));
#2490=CARTESIAN_POINT('',(205.225743180494,96.7614934705394,-25.3133050890012));
#2491=CARTESIAN_POINT('',(222.617888098003,96.7614934705394,-27.1729600404987));
#2492=CARTESIAN_POINT('Origin',(216.43518447876,96.7614934705394,-19.3133050890012));
#2493=CARTESIAN_POINT('',(220.738700835094,96.7614934705394,-26.6964836436659));
#2494=CARTESIAN_POINT('Origin',(221.738700835094,96.7614934705394,-26.6964836436659));
#2495=CARTESIAN_POINT('Origin',(221.738700835094,96.7614934705394,-26.6964836436659));
#2496=CARTESIAN_POINT('Origin',(216.43518447876,90.7614934705394,-19.3133050890012));
#2497=CARTESIAN_POINT('',(221.909542017021,96.6814324248147,-27.6817822230608));
#2498=CARTESIAN_POINT('',(221.909542017021,89.7614934705394,-27.6817822230608));
#2499=CARTESIAN_POINT('',(220.7940834223,96.6814324248147,-28.3133050890012));
#2500=CARTESIAN_POINT('Origin',(216.43518447876,96.6814324248147,-19.3133050890012));
#2501=CARTESIAN_POINT('',(220.7940834223,90.7614934705394,-28.3133050890012));
#2502=CARTESIAN_POINT('Origin',(216.43518447876,90.7614934705394,-19.3133050890012));
#2503=CARTESIAN_POINT('',(222.617888098003,96.6814324248147,-27.1729600404987));
#2504=CARTESIAN_POINT('',(222.617888098003,89.7614934705394,-27.1729600404987));
#2505=CARTESIAN_POINT('',(224.43518447876,96.6814324248147,-25.3133050890012));
#2506=CARTESIAN_POINT('',(224.43518447876,90.7614934705394,-25.3133050890012));
#2507=CARTESIAN_POINT('Origin',(216.43518447876,96.6814324248147,-19.3133050890012));
#2508=CARTESIAN_POINT('Origin',(221.738700835094,89.7614934705394,-26.6964836436659));
#2509=CARTESIAN_POINT('',(220.738700835094,89.7614934705394,-26.6964836436659));
#2510=CARTESIAN_POINT('Origin',(221.738700835094,96.6814324248147,-26.6964836436659));
#2511=CARTESIAN_POINT('Origin',(213.310768648753,90.7614934705394,-15.3133050890012));
#2512=CARTESIAN_POINT('',(219.60567481216,96.6814324248147,-28.9285229129618));
#2513=CARTESIAN_POINT('',(219.60567481216,91.7114934705394,-28.9285229129618));
#2514=CARTESIAN_POINT('Origin',(213.310768648753,96.6814324248147,-15.3133050890012));
#2515=CARTESIAN_POINT('Origin',(205.225743180494,96.6814324248147,-30.3133050890012));
#2516=CARTESIAN_POINT('',(225.013700835094,96.6814324248147,-25.3133050890012));
#2517=CARTESIAN_POINT('',(205.225743180494,96.6814324248147,-25.3133050890012));
#2518=CARTESIAN_POINT('',(224.713065455557,96.6814324248147,-26.6839910867916));
#2519=CARTESIAN_POINT('Origin',(221.738700835094,96.6814324248147,-25.3133050890012));
#2520=CARTESIAN_POINT('Origin',(221.638700835094,96.6814324248147,-26.6214836436659));
#2521=CARTESIAN_POINT('Origin',(205.225743180494,96.6814324248147,-25.3133050890012));
#2522=CARTESIAN_POINT('',(225.013700835094,94.196462947677,-25.3133050890012));
#2523=CARTESIAN_POINT('Origin',(221.738700835094,91.7114934705394,-25.3133050890012));
#2524=CARTESIAN_POINT('',(224.713065455557,91.7114934705394,-26.6839910867916));
#2525=CARTESIAN_POINT('Origin',(221.638700835094,91.7114934705394,-26.6214836436659));
#2526=CARTESIAN_POINT('Origin',(225.154738936741,96.7614934705394,-14.6964836436659));
#2527=CARTESIAN_POINT('Origin',(225.154738936741,96.7614934705394,-14.6964836436659));
#2528=CARTESIAN_POINT('',(220.738700835094,96.7614934705394,-2.69648364366589));
#2529=CARTESIAN_POINT('Origin',(221.738700835094,96.7614934705394,-2.69648364366589));
#2530=CARTESIAN_POINT('Origin',(214.725743180494,101.711493470539,-12.6566525445006));
#2531=CARTESIAN_POINT('',(201.411730993075,101.711493470539,-25.3133050890012));
#2532=CARTESIAN_POINT('',(201.411730993075,101.711493470539,-30.3133050890012));
#2533=CARTESIAN_POINT('',(192.225743180494,101.711493470539,-25.3133050890012));
#2534=CARTESIAN_POINT('',(201.40475870383,101.711493470539,-25.3133050890012));
#2535=CARTESIAN_POINT('',(192.225743180494,101.711493470539,0.));
#2536=CARTESIAN_POINT('',(192.225743180494,101.711493470539,5.));
#2537=CARTESIAN_POINT('',(203.077940013724,101.711493470539,0.));
#2538=CARTESIAN_POINT('',(169.330463829627,101.711493470539,0.));
#2539=CARTESIAN_POINT('',(203.077940013724,101.711493470539,5.));
#2540=CARTESIAN_POINT('',(203.077940013724,101.711493470539,5.));
#2541=CARTESIAN_POINT('',(227.225743180494,101.711493470539,5.));
#2542=CARTESIAN_POINT('Origin',(209.588700835094,89.7614934705394,-14.3964836436659));
#2543=CARTESIAN_POINT('',(209.588700835142,89.7614934705394,-11.3464836436659));
#2544=CARTESIAN_POINT('',(209.588700835142,91.7114934705394,-11.3464836436659));
#2545=CARTESIAN_POINT('',(209.588700835142,89.7614934705394,-17.4464836436659));
#2546=CARTESIAN_POINT('Origin',(209.588700835094,89.7614934705394,-14.3964836436659));
#2547=CARTESIAN_POINT('',(209.588700835142,89.7614934705394,-17.4464836436659));
#2548=CARTESIAN_POINT('Origin',(216.213700835069,88.0614934705394,-11.3464836436659));
#2549=CARTESIAN_POINT('',(216.288916337326,89.7614934705394,-11.3464836436659));
#2550=CARTESIAN_POINT('',(216.288916337326,91.7114934705394,-11.3464836436659));
#2551=CARTESIAN_POINT('',(216.213700835069,89.7614934705394,-11.3464836436659));
#2552=CARTESIAN_POINT('Origin',(123.93518447876,149.016232591362,0.));
#2553=CARTESIAN_POINT('',(192.225743180494,100.797416832773,0.));
#2554=CARTESIAN_POINT('',(192.225743180494,120.363863030951,0.));
#2555=CARTESIAN_POINT('',(169.589402097217,121.857893710628,0.));
#2556=CARTESIAN_POINT('Origin',(148.17024544189,76.1407357691988,0.));
#2557=CARTESIAN_POINT('',(165.986554711502,123.483068080901,0.));
#2558=CARTESIAN_POINT('',(143.730611008958,133.522291344983,5.55111512312578E-16));
#2559=CARTESIAN_POINT('',(162.18215039626,134.432971135454,0.));
#2560=CARTESIAN_POINT('Origin',(171.839581223749,131.652475008406,0.));
#2561=CARTESIAN_POINT('',(165.587396561004,140.403667301911,0.));
#2562=CARTESIAN_POINT('Origin',(172.042217191428,132.765913009644,0.));
#2563=CARTESIAN_POINT('',(183.735352812542,141.076223641788,0.));
#2564=CARTESIAN_POINT('Origin',(175.640117543717,114.329990652919,0.));
#2565=CARTESIAN_POINT('',(194.954519544253,135.069516612691,0.));
#2566=CARTESIAN_POINT('Origin',(180.775403465087,122.066926128677,0.));
#2567=CARTESIAN_POINT('',(196.268908024726,131.760667719116,0.));
#2568=CARTESIAN_POINT('Origin',(191.269404931198,131.69017787728,0.));
#2569=CARTESIAN_POINT('',(195.266166685688,124.270832594872,0.));
#2570=CARTESIAN_POINT('Origin',(170.508333316065,131.397459855685,0.));
#2571=CARTESIAN_POINT('',(194.907613947996,120.709554847658,0.));
#2572=CARTESIAN_POINT('Origin',(204.875957299472,121.504621402785,0.));
#2573=CARTESIAN_POINT('',(194.988459882552,119.695928970642,0.));
#2574=CARTESIAN_POINT('',(194.988459882552,119.695928970642,0.));
#2575=CARTESIAN_POINT('Origin',(228.258867749244,123.849548297097,0.));
#2576=CARTESIAN_POINT('',(192.356339194795,132.467827588327,0.));
#2577=CARTESIAN_POINT('',(170.115595095972,138.427217008674,2.77555756156289E-16));
#2578=CARTESIAN_POINT('',(147.151920723278,144.580315012088,2.77555756156289E-16));
#2579=CARTESIAN_POINT('',(169.870646121693,138.285795652437,2.77555756156289E-16));
#2580=CARTESIAN_POINT('Origin',(170.063831286951,138.234031843416,0.));
#2581=CARTESIAN_POINT('',(166.842463293994,126.984463484854,2.77555756156289E-16));
#2582=CARTESIAN_POINT('',(168.133431189302,131.802421261085,2.77555756156289E-16));
#2583=CARTESIAN_POINT('',(166.983884650231,126.739514510576,0.));
#2584=CARTESIAN_POINT('Origin',(167.035648459252,126.932699675834,0.));
#2585=CARTESIAN_POINT('',(189.224628749055,120.780125090229,0.));
#2586=CARTESIAN_POINT('',(186.660986043057,121.467051082983,0.));
#2587=CARTESIAN_POINT('',(188.593512142465,118.424765848937,-2.77555756156289E-16));
#2588=CARTESIAN_POINT('',(187.043727534487,110.973150421033,0.));
#2589=CARTESIAN_POINT('Origin',(188.543727534487,110.973150421033,0.));
#2590=CARTESIAN_POINT('',(167.705256325173,136.131658368955,0.));
#2591=CARTESIAN_POINT('Origin',(166.705256325173,136.131658368955,0.));
#2592=CARTESIAN_POINT('',(166.152342054558,130.33610341122,0.));
#2593=CARTESIAN_POINT('Origin',(165.152342054558,130.33610341122,0.));
#2594=CARTESIAN_POINT('Origin',(224.4672169554,140.356603989738,-30.3133050890012));
#2595=CARTESIAN_POINT('',(180.199074470994,132.273809857739,-25.3133050890012));
#2596=CARTESIAN_POINT('',(180.199074470994,132.273809857739,-30.3133050890012));
#2597=CARTESIAN_POINT('Origin',(224.4672169554,140.356603989738,-25.3133050890012));
#2598=CARTESIAN_POINT('Origin',(148.17024544189,76.1407357691988,4.));
#2599=CARTESIAN_POINT('',(192.225743180494,100.797416832773,5.));
#2600=CARTESIAN_POINT('',(192.225743180494,100.797416832773,4.));
#2601=CARTESIAN_POINT('',(169.589402097217,121.857893710628,5.));
#2602=CARTESIAN_POINT('Origin',(148.17024544189,76.1407357691988,5.));
#2603=CARTESIAN_POINT('',(169.589402097196,121.857893710637,4.));
#2604=CARTESIAN_POINT('Origin',(192.225743180494,93.2614934705394,-12.6566525445006));
#2605=CARTESIAN_POINT('',(192.225743180494,89.7614934705394,5.));
#2606=CARTESIAN_POINT('',(192.225743180494,89.7614934705394,-29.3133050890012));
#2607=CARTESIAN_POINT('',(192.225743180494,91.7114934705394,5.));
#2608=CARTESIAN_POINT('',(192.225743180494,99.6922827903475,-25.3133050890012));
#2609=CARTESIAN_POINT('',(192.225743180494,96.7375983553155,-25.3133050890012));
#2610=CARTESIAN_POINT('',(192.225743180494,99.6922827903475,-29.3133050890012));
#2611=CARTESIAN_POINT('Origin',(216.334420859949,89.7614934705394,-17.4464836436659));
#2612=CARTESIAN_POINT('',(216.334420859949,89.7614934705394,-17.4464836436659));
#2613=CARTESIAN_POINT('',(216.334420859949,89.7614934705394,-17.4464836436659));
#2614=CARTESIAN_POINT('',(216.334420859949,89.7614934705394,-17.481531507935));
#2615=CARTESIAN_POINT('',(216.334420859949,89.7614934705394,-17.481531507935));
#2616=CARTESIAN_POINT('',(216.334420859949,88.0614934705394,-17.481531507935));
#2617=CARTESIAN_POINT('Origin',(209.588700835142,89.7614934705394,-17.4464836436659));
#2618=CARTESIAN_POINT('',(216.620621941824,89.7614934705394,-17.4464836436659));
#2619=CARTESIAN_POINT('Origin',(221.738700835094,89.7614934705394,-25.3133050890012));
#2620=CARTESIAN_POINT('',(218.463700835094,89.7614934705394,-25.3133050890012));
#2621=CARTESIAN_POINT('',(218.463700835094,88.0614934705394,-25.3133050890012));
#2622=CARTESIAN_POINT('',(218.563700835094,89.7614934705394,-26.1164240092115));
#2623=CARTESIAN_POINT('Origin',(221.738700835094,89.7614934705394,-25.3133050890012));
#2624=CARTESIAN_POINT('',(218.563700835094,89.7614934705394,-26.1164240092115));
#2625=CARTESIAN_POINT('Origin',(218.563700835094,89.7614934705394,-26.6214836436108));
#2626=CARTESIAN_POINT('',(218.563700835094,89.7614934705394,-26.6214836436108));
#2627=CARTESIAN_POINT('',(218.563700835094,89.7614934705394,-27.967394366306));
#2628=CARTESIAN_POINT('',(218.563700835094,91.7114934705394,-26.6214836436108));
#2629=CARTESIAN_POINT('Origin',(221.638700835094,89.7614934705394,-26.6214836436659));
#2630=CARTESIAN_POINT('',(224.713065455557,89.7614934705394,-26.6839910867916));
#2631=CARTESIAN_POINT('Origin',(221.638700835094,89.7614934705394,-26.6214836436659));
#2632=CARTESIAN_POINT('',(224.713065455557,91.7114934705394,-26.6839910867916));
#2633=CARTESIAN_POINT('Origin',(221.738700835094,89.7614934705394,-25.3133050890012));
#2634=CARTESIAN_POINT('',(225.013700835094,89.7614934705394,-25.3133050890012));
#2635=CARTESIAN_POINT('Origin',(221.738700835094,89.7614934705394,-25.3133050890012));
#2636=CARTESIAN_POINT('',(225.013700835094,88.0614934705394,-25.3133050890012));
#2637=CARTESIAN_POINT('Origin',(204.875957299472,121.504621402785,5.));
#2638=CARTESIAN_POINT('',(195.266166685688,124.270832594872,5.));
#2639=CARTESIAN_POINT('',(195.266166685688,124.270832594872,5.));
#2640=CARTESIAN_POINT('',(194.907613947996,120.709554847658,5.));
#2641=CARTESIAN_POINT('Origin',(204.875957299472,121.504621402785,5.));
#2642=CARTESIAN_POINT('',(194.907613947996,120.709554847658,5.));
#2643=CARTESIAN_POINT('Origin',(170.508333316065,131.397459855685,5.));
#2644=CARTESIAN_POINT('',(196.268908024726,131.760667719116,5.));
#2645=CARTESIAN_POINT('',(196.268908024726,131.760667719116,5.));
#2646=CARTESIAN_POINT('Origin',(170.508333316065,131.397459855685,5.));
#2647=CARTESIAN_POINT('Origin',(191.269404931198,131.69017787728,5.));
#2648=CARTESIAN_POINT('',(194.954519544253,135.069516612691,5.));
#2649=CARTESIAN_POINT('Origin',(191.269404931198,131.69017787728,5.));
#2650=CARTESIAN_POINT('',(194.954519544253,135.069516612691,5.));
#2651=CARTESIAN_POINT('Origin',(194.750694990289,122.67696504583,5.));
#2652=CARTESIAN_POINT('',(194.988459882552,119.695928970642,5.));
#2653=CARTESIAN_POINT('',(194.988459882552,119.695928970642,5.));
#2654=CARTESIAN_POINT('',(194.988459882552,119.695928970642,5.));
#2655=CARTESIAN_POINT('Origin',(228.258867749244,123.849548297097,5.));
#2656=CARTESIAN_POINT('Origin',(228.258867749244,123.849548297097,5.));
#2657=CARTESIAN_POINT('Origin',(188.083774227165,101.763703240091,-25.3133050890012));
#2658=CARTESIAN_POINT('',(179.856311112339,133.666951125374,-25.3133050890012));
#2659=CARTESIAN_POINT('Origin',(227.540978940372,144.660374837009,-25.3133050890012));
#2660=CARTESIAN_POINT('',(175.406879437796,137.305661010693,-25.3133050890012));
#2661=CARTESIAN_POINT('Origin',(175.406879437727,132.765913009644,-25.3133050890012));
#2662=CARTESIAN_POINT('',(172.77780882163,137.305661010693,-25.3133050890012));
#2663=CARTESIAN_POINT('',(180.062995709324,137.305661010693,-25.3133050890012));
#2664=CARTESIAN_POINT('',(167.84340355057,131.498415929609,-25.3133050890012));
#2665=CARTESIAN_POINT('Origin',(172.77780882163,132.305661010693,-25.3133050890012));
#2666=CARTESIAN_POINT('',(169.407465301672,121.937856528572,-25.3133050890012));
#2667=CARTESIAN_POINT('',(172.136072374397,105.258841149227,-25.3133050890012));
#2668=CARTESIAN_POINT('',(170.857433905332,120.95763015135,-25.3133050890012));
#2669=CARTESIAN_POINT('Origin',(-224.891288433994,-462.878521680578,-25.3133050890012));
#2670=CARTESIAN_POINT('Origin',(122.51800391352,51.015593238784,-25.3133050890012));
#2671=CARTESIAN_POINT('',(169.224548314578,130.607008571239,-25.3133050890012));
#2672=CARTESIAN_POINT('Origin',(173.724548314578,130.607008571239,-25.3133050890012));
#2673=CARTESIAN_POINT('',(183.99217289148,116.691227533228,-25.3133050890012));
#2674=CARTESIAN_POINT('Origin',(182.74217289148,116.691227533228,-25.3133050890012));
#2675=CARTESIAN_POINT('Origin',(165.152342054558,130.33610341122,0.));
#2676=CARTESIAN_POINT('',(166.152342054558,130.33610341122,5.));
#2677=CARTESIAN_POINT('',(166.152342054558,130.33610341122,0.));
#2678=CARTESIAN_POINT('Origin',(165.152342054558,130.33610341122,5.));
#2679=CARTESIAN_POINT('Origin',(166.705256325173,136.131658368955,0.));
#2680=CARTESIAN_POINT('',(167.705256325173,136.131658368955,5.));
#2681=CARTESIAN_POINT('',(167.705256325173,136.131658368955,0.));
#2682=CARTESIAN_POINT('Origin',(166.705256325173,136.131658368955,5.));
#2683=CARTESIAN_POINT('Origin',(194.225743180494,89.7614934705394,-29.3133050890012));
#2684=CARTESIAN_POINT('',(237.225743180494,89.7614934705394,-5.));
#2685=CARTESIAN_POINT('',(237.225743180494,89.7614934705394,-30.3133050890012));
#2686=CARTESIAN_POINT('',(227.225743180494,89.7614934705394,5.));
#2687=CARTESIAN_POINT('Origin',(227.225743180494,89.7614934705394,-5.));
#2688=CARTESIAN_POINT('',(205.225743180494,89.7614934705394,5.));
#2689=CARTESIAN_POINT('',(217.716900692394,89.7614934705394,-10.7467909962426));
#2690=CARTESIAN_POINT('Origin',(216.288916337326,89.7614934705394,-9.34648364366589));
#2691=CARTESIAN_POINT('',(218.563700835094,89.7614934705394,-9.39648364363368));
#2692=CARTESIAN_POINT('Origin',(217.063700835094,89.7614934705394,-9.3964836436659));
#2693=CARTESIAN_POINT('',(218.563700835094,89.7614934705394,-2.77148364372099));
#2694=CARTESIAN_POINT('',(218.563700835094,89.7614934705394,-16.0423943663611));
#2695=CARTESIAN_POINT('',(224.713700835094,89.7614934705394,-2.77148364372099));
#2696=CARTESIAN_POINT('Origin',(221.638700835094,89.7614934705394,-2.7714836436659));
#2697=CARTESIAN_POINT('',(224.713700835094,89.7614934705394,-9.84648364366589));
#2698=CARTESIAN_POINT('',(224.713700835094,89.7614934705394,-19.5798943663336));
#2699=CARTESIAN_POINT('',(226.213700835069,89.7614934705394,-11.3464836436659));
#2700=CARTESIAN_POINT('Origin',(226.213700835094,89.7614934705394,-9.84648364366589));
#2701=CARTESIAN_POINT('',(233.688700835046,89.7614934705394,-11.3464836436659));
#2702=CARTESIAN_POINT('',(219.45722200777,89.7614934705394,-11.3464836436659));
#2703=CARTESIAN_POINT('',(236.43518447876,89.7614934705394,-13.0700871738742));
#2704=CARTESIAN_POINT('Origin',(233.688700835094,89.7614934705394,-14.3964836436659));
#2705=CARTESIAN_POINT('',(236.43518447876,89.7614934705394,-15.7228801134576));
#2706=CARTESIAN_POINT('',(236.43518447876,89.7614934705394,-5.36144005672879));
#2707=CARTESIAN_POINT('',(233.688700835046,89.7614934705394,-17.4464836436659));
#2708=CARTESIAN_POINT('Origin',(233.688700835094,89.7614934705394,-14.3964836436659));
#2709=CARTESIAN_POINT('',(226.656779728364,89.7614934705394,-17.4464836436659));
#2710=CARTESIAN_POINT('',(215.941261454429,89.7614934705394,-17.4464836436659));
#2711=CARTESIAN_POINT('',(225.521838445268,89.7614934705394,-17.9657144128967));
#2712=CARTESIAN_POINT('Origin',(226.65677972832,89.7614934705394,-18.9464836436659));
#2713=CARTESIAN_POINT('',(225.013700835094,89.7614934705394,-19.29776043681));
#2714=CARTESIAN_POINT('Origin',(227.013700835094,89.7614934705394,-19.29776043681));
#2715=CARTESIAN_POINT('',(225.013700835094,89.7614934705394,-10.1566525445006));
#2716=CARTESIAN_POINT('',(218.463700835094,89.7614934705394,-20.0464836436659));
#2717=CARTESIAN_POINT('',(218.463700835094,89.7614934705394,-24.6798943663336));
#2718=CARTESIAN_POINT('',(217.716900692394,89.7614934705394,-18.48780147027));
#2719=CARTESIAN_POINT('Origin',(216.463700835094,89.7614934705394,-20.0464836436659));
#2720=CARTESIAN_POINT('Origin',(215.961643306592,89.7614934705394,-19.4464836436659));
#2721=CARTESIAN_POINT('Origin',(216.288916337326,88.0614934705394,-9.34648364366589));
#2722=CARTESIAN_POINT('',(217.716900692394,91.7114934705394,-10.7467909962426));
#2723=CARTESIAN_POINT('Origin',(217.063700835094,88.0614934705394,-9.3964836436659));
#2724=CARTESIAN_POINT('',(218.563700835094,91.7114934705394,-9.39648364363368));
#2725=CARTESIAN_POINT('Origin',(218.563700835094,88.0614934705394,-9.39648364363368));
#2726=CARTESIAN_POINT('',(218.563700835094,91.7114934705394,-2.77148364372099));
#2727=CARTESIAN_POINT('Origin',(221.638700835094,88.0614934705394,-2.7714836436659));
#2728=CARTESIAN_POINT('',(224.713700835094,91.7114934705394,-2.77148364372099));
#2729=CARTESIAN_POINT('Origin',(224.713700835094,88.0614934705394,-2.77148364372099));
#2730=CARTESIAN_POINT('',(224.713700835094,91.7114934705394,-9.84648364366589));
#2731=CARTESIAN_POINT('Origin',(226.213700835094,88.0614934705394,-9.84648364366589));
#2732=CARTESIAN_POINT('',(226.213700835069,91.7114934705394,-11.3464836436659));
#2733=CARTESIAN_POINT('Origin',(226.213700835069,88.0614934705394,-11.3464836436659));
#2734=CARTESIAN_POINT('',(233.688700835046,91.7114934705394,-11.3464836436659));
#2735=CARTESIAN_POINT('Origin',(233.688700835094,88.0614934705394,-14.3964836436659));
#2736=CARTESIAN_POINT('',(236.43518447876,91.7114934705394,-13.0700871738742));
#2737=CARTESIAN_POINT('Origin',(236.43518447876,88.0614934705394,-13.0700871738742));
#2738=CARTESIAN_POINT('',(236.43518447876,91.7114934705394,-15.7228801134576));
#2739=CARTESIAN_POINT('Origin',(233.688700835094,88.0614934705394,-14.3964836436659));
#2740=CARTESIAN_POINT('',(233.688700835046,91.7114934705394,-17.4464836436659));
#2741=CARTESIAN_POINT('Origin',(233.688700835046,88.0614934705394,-17.4464836436659));
#2742=CARTESIAN_POINT('',(226.656779728364,91.7114934705394,-17.4464836436659));
#2743=CARTESIAN_POINT('Origin',(226.65677972832,88.0614934705394,-18.9464836436659));
#2744=CARTESIAN_POINT('',(225.521838445268,91.7114934705394,-17.9657144128967));
#2745=CARTESIAN_POINT('Origin',(227.013700835094,88.0614934705394,-19.29776043681));
#2746=CARTESIAN_POINT('',(225.013700835094,91.7114934705394,-19.29776043681));
#2747=CARTESIAN_POINT('Origin',(225.013700835094,88.0614934705394,-19.29776043681));
#2748=CARTESIAN_POINT('Origin',(221.738700835094,93.0614934705394,-14.6964836436659));
#2749=CARTESIAN_POINT('',(217.738700835094,93.0614934705394,-14.6964836436659));
#2750=CARTESIAN_POINT('Origin',(227.225743180494,106.382427695437,-5.));
#2751=CARTESIAN_POINT('',(227.225743180494,106.382427695437,5.));
#2752=CARTESIAN_POINT('',(237.225743180494,91.7114934705394,-5.));
#2753=CARTESIAN_POINT('Origin',(185.144961875802,119.503361920334,5.));
#2754=CARTESIAN_POINT('',(183.735352812542,141.076223641788,5.));
#2755=CARTESIAN_POINT('Origin',(180.775403465087,122.066926128677,5.));
#2756=CARTESIAN_POINT('',(165.587396561004,140.403667301911,5.));
#2757=CARTESIAN_POINT('Origin',(175.640117543717,114.329990652919,5.));
#2758=CARTESIAN_POINT('',(162.18215039626,134.432971135454,5.));
#2759=CARTESIAN_POINT('Origin',(172.042217191428,132.765913009644,5.));
#2760=CARTESIAN_POINT('',(165.986554711502,123.483068080901,5.));
#2761=CARTESIAN_POINT('Origin',(171.839581223749,131.652475008406,5.));
#2762=CARTESIAN_POINT('',(169.589402097217,121.857893710628,5.));
#2763=CARTESIAN_POINT('',(192.356339194795,132.467827588327,5.));
#2764=CARTESIAN_POINT('',(189.224628749055,120.780125090229,5.));
#2765=CARTESIAN_POINT('',(189.224628749055,120.780125090229,5.));
#2766=CARTESIAN_POINT('',(166.983884650231,126.739514510576,5.));
#2767=CARTESIAN_POINT('',(166.983884650231,126.739514510576,5.));
#2768=CARTESIAN_POINT('',(166.842463293994,126.984463484854,5.));
#2769=CARTESIAN_POINT('Origin',(167.035648459252,126.932699675834,5.));
#2770=CARTESIAN_POINT('',(169.870646121693,138.285795652437,5.));
#2771=CARTESIAN_POINT('',(169.870646121693,138.285795652437,5.));
#2772=CARTESIAN_POINT('',(170.115595095972,138.427217008674,5.));
#2773=CARTESIAN_POINT('Origin',(170.063831286951,138.234031843416,5.));
#2774=CARTESIAN_POINT('',(192.356339194795,132.467827588327,5.));
#2775=CARTESIAN_POINT('',(187.043727534487,110.973150421033,5.));
#2776=CARTESIAN_POINT('Origin',(188.543727534487,110.973150421033,5.));
#2777=CARTESIAN_POINT('Origin',(237.225743180494,93.2614934705394,-12.6566525445006));
#2778=CARTESIAN_POINT('Origin',(221.738700835094,89.7614934705394,-2.69648364366589));
#2779=CARTESIAN_POINT('',(220.738700835094,89.7614934705394,-2.69648364366589));
#2780=CARTESIAN_POINT('Origin',(215.961643306592,88.0614934705394,-19.4464836436659));
#2781=CARTESIAN_POINT('',(217.716900692394,88.0614934705394,-18.48780147027));
#2782=CARTESIAN_POINT('Origin',(216.463700835094,88.0614934705394,-20.0464836436659));
#2783=CARTESIAN_POINT('',(218.463700835094,88.0614934705394,-20.0464836436659));
#2784=CARTESIAN_POINT('Origin',(218.463700835094,88.0614934705394,-25.3133050890012));
#2785=CARTESIAN_POINT('Origin',(227.540978940372,144.660374837009,-29.3133050890012));
#2786=CARTESIAN_POINT('',(179.856311112339,133.666951125374,-29.3133050890012));
#2787=CARTESIAN_POINT('Origin',(182.74217289148,116.691227533228,-30.3133050890012));
#2788=CARTESIAN_POINT('',(183.99217289148,116.691227533228,-30.3133050890012));
#2789=CARTESIAN_POINT('Origin',(188.543727534487,110.973150421033,5.));
#2790=CARTESIAN_POINT('',(187.043727534487,110.973150421033,5.));
#2791=CARTESIAN_POINT('Origin',(180.775403465087,122.066926128677,4.));
#2792=CARTESIAN_POINT('',(183.735352812542,141.076223641788,4.));
#2793=CARTESIAN_POINT('Origin',(165.986554711502,123.483068080901,4.));
#2794=CARTESIAN_POINT('',(165.986554711502,123.483068080901,4.));
#2795=CARTESIAN_POINT('Origin',(171.839581223749,131.652475008406,4.));
#2796=CARTESIAN_POINT('',(162.18215039626,134.432971135454,0.));
#2797=CARTESIAN_POINT('Origin',(122.51800391352,51.015593238784,-29.3133050890012));
#2798=CARTESIAN_POINT('',(170.85743390516,120.957630151467,-29.3133050890012));
#2799=CARTESIAN_POINT('Origin',(-224.891288433994,-462.878521680578,-29.3133050890012));
#2800=CARTESIAN_POINT('',(169.407465301679,121.93785652853,-29.3133050890012));
#2801=CARTESIAN_POINT('Origin',(175.640117543717,114.329990652919,4.));
#2802=CARTESIAN_POINT('',(165.587396561004,140.403667301911,4.));
#2803=CARTESIAN_POINT('Origin',(189.224628749055,120.780125090229,4.));
#2804=CARTESIAN_POINT('',(189.224628749055,120.780125090229,0.));
#2805=CARTESIAN_POINT('',(192.356339194795,132.467827588327,0.));
#2806=CARTESIAN_POINT('Origin',(169.922409930714,138.478980817694,4.));
#2807=CARTESIAN_POINT('',(170.115595095972,138.427217008674,4.));
#2808=CARTESIAN_POINT('Origin',(189.10997148169,120.810847412426,4.));
#2809=CARTESIAN_POINT('',(166.983884650231,126.739514510576,4.));
#2810=CARTESIAN_POINT('Origin',(172.042217191428,132.765913009644,2.));
#2811=CARTESIAN_POINT('Origin',(167.035648459252,126.932699675834,4.));
#2812=CARTESIAN_POINT('',(166.842463293994,126.984463484854,4.));
#2813=CARTESIAN_POINT('Origin',(166.790699484973,126.791278319597,4.));
#2814=CARTESIAN_POINT('',(169.870646121693,138.285795652437,4.));
#2815=CARTESIAN_POINT('Origin',(170.063831286951,138.234031843416,4.));
#2816=CARTESIAN_POINT('Origin',(172.77780882163,132.305661010693,-29.3133050890012));
#2817=CARTESIAN_POINT('',(167.84340355057,131.498415929609,-29.3133050890012));
#2818=CARTESIAN_POINT('',(172.77780882163,137.305661010693,-29.3133050890012));
#2819=CARTESIAN_POINT('Origin',(172.042217191483,137.305661010693,-29.3133050890012));
#2820=CARTESIAN_POINT('',(175.406879437796,137.305661010693,-29.3133050890012));
#2821=CARTESIAN_POINT('Origin',(175.406879437727,132.765913009644,-29.3133050890012));
#2822=CARTESIAN_POINT('Origin',(171.163499277292,111.20383843605,-29.3133050890012));
#2823=CARTESIAN_POINT('Origin',(173.724548314578,130.607008571239,-29.3133050890012));
#2824=CARTESIAN_POINT('',(169.224548314578,130.607008571239,-29.3133050890012));
#2825=CARTESIAN_POINT('polyline point',(192.225743180494,89.7614934705394,
-30.3133050890012));
#2826=CARTESIAN_POINT('polyline point',(192.225743180494,99.6922827903475,
-30.3133050890012));
#2827=CARTESIAN_POINT('polyline point',(192.225743180494,89.7614934705394,
-30.3133050890012));
#2828=CARTESIAN_POINT('polyline point',(192.225743180494,89.7614934705394,
5.));
#2829=CARTESIAN_POINT('polyline point',(192.225743180494,89.7614934705394,
5.));
#2830=CARTESIAN_POINT('polyline point',(192.225743180494,100.797416832773,
5.));
#2831=CARTESIAN_POINT('polyline point',(192.225743180494,100.797416832773,
0.));
#2832=CARTESIAN_POINT('polyline point',(192.225743180494,100.797416832773,
5.));
#2833=CARTESIAN_POINT('polyline point',(192.225743180494,101.711493470539,
0.));
#2834=CARTESIAN_POINT('polyline point',(192.225743180494,100.797416832773,
0.));
#2835=CARTESIAN_POINT('polyline point',(192.225743180494,101.711493470539,
-25.3133050890012));
#2836=CARTESIAN_POINT('polyline point',(192.225743180494,101.711493470539,
0.));
#2837=CARTESIAN_POINT('polyline point',(192.225743180494,99.6922827903475,
-25.3133050890012));
#2838=CARTESIAN_POINT('polyline point',(192.225743180494,101.711493470539,
-25.3133050890012));
#2839=CARTESIAN_POINT('polyline point',(192.225743180494,99.6922827903475,
-30.3133050890012));
#2840=CARTESIAN_POINT('polyline point',(192.225743180494,99.6922827903475,
-25.3133050890012));
#2841=CARTESIAN_POINT('',(192.225743180494,0.,0.));
#2842=UNCERTAINTY_MEASURE_WITH_UNIT(LENGTH_MEASURE(0.01),#2846,
'DISTANCE_ACCURACY_VALUE',
'Maximum model space distance between geometric entities at asserted c
onnectivities');
#2843=UNCERTAINTY_MEASURE_WITH_UNIT(LENGTH_MEASURE(0.01),#2846,
'DISTANCE_ACCURACY_VALUE',
'Maximum model space distance between geometric entities at asserted c
onnectivities');
#2844=(
GEOMETRIC_REPRESENTATION_CONTEXT(3)
GLOBAL_UNCERTAINTY_ASSIGNED_CONTEXT((#2842))
GLOBAL_UNIT_ASSIGNED_CONTEXT((#2846,#2848,#2849))
REPRESENTATION_CONTEXT('','3D')
);
#2845=(
GEOMETRIC_REPRESENTATION_CONTEXT(3)
GLOBAL_UNCERTAINTY_ASSIGNED_CONTEXT((#2843))
GLOBAL_UNIT_ASSIGNED_CONTEXT((#2846,#2848,#2849))
REPRESENTATION_CONTEXT('','3D')
);
#2846=(
LENGTH_UNIT()
NAMED_UNIT(*)
SI_UNIT(.MILLI.,.METRE.)
);
#2847=(
LENGTH_UNIT()
NAMED_UNIT(*)
SI_UNIT(.CENTI.,.METRE.)
);
#2848=(
NAMED_UNIT(*)
PLANE_ANGLE_UNIT()
SI_UNIT($,.RADIAN.)
);
#2849=(
NAMED_UNIT(*)
SI_UNIT($,.STERADIAN.)
SOLID_ANGLE_UNIT()
);
#2850=SHAPE_DEFINITION_REPRESENTATION(#2851,#2852);
#2851=PRODUCT_DEFINITION_SHAPE('',$,#2854);
#2852=SHAPE_REPRESENTATION('',(#1657),#2844);
#2853=PRODUCT_DEFINITION_CONTEXT('part definition',#2858,'design');
#2854=PRODUCT_DEFINITION('002_2dof_head - G1_head_mount.stl071301',
'002_2dof_head - G1_head_mount.stl',#2855,#2853);
#2855=PRODUCT_DEFINITION_FORMATION('',$,#2860);
#2856=PRODUCT_RELATED_PRODUCT_CATEGORY(
'002_2dof_head - G1_head_mount.stl','002_2dof_head - G1_head_mount.stl',
(#2860));
#2857=APPLICATION_PROTOCOL_DEFINITION('international standard',
'automotive_design',2009,#2858);
#2858=APPLICATION_CONTEXT(
'Core Data for Automotive Mechanical Design Process');
#2859=PRODUCT_CONTEXT('part definition',#2858,'mechanical');
#2860=PRODUCT('002_2dof_head - G1_head_mount.stl071301',
'002_2dof_head - G1_head_mount.stl',$,(#2859));
#2861=PRESENTATION_STYLE_ASSIGNMENT((#2865));
#2862=PRESENTATION_STYLE_ASSIGNMENT((#2866));
#2863=PRESENTATION_STYLE_ASSIGNMENT((#2867));
#2864=PRESENTATION_STYLE_ASSIGNMENT((#2868));
#2865=SURFACE_STYLE_USAGE(.BOTH.,#2875);
#2866=SURFACE_STYLE_USAGE(.BOTH.,#2876);
#2867=SURFACE_STYLE_USAGE(.BOTH.,#2877);
#2868=SURFACE_STYLE_USAGE(.BOTH.,#2878);
#2869=SURFACE_STYLE_RENDERING_WITH_PROPERTIES($,#2891,(#2872));
#2870=SURFACE_STYLE_RENDERING_WITH_PROPERTIES($,#2892,(#2873));
#2871=SURFACE_STYLE_RENDERING_WITH_PROPERTIES($,#2894,(#2874));
#2872=SURFACE_STYLE_TRANSPARENT(0.);
#2873=SURFACE_STYLE_TRANSPARENT(0.);
#2874=SURFACE_STYLE_TRANSPARENT(0.);
#2875=SURFACE_SIDE_STYLE('',(#2879,#2869));
#2876=SURFACE_SIDE_STYLE('',(#2880,#2870));
#2877=SURFACE_SIDE_STYLE('',(#2881));
#2878=SURFACE_SIDE_STYLE('',(#2882,#2871));
#2879=SURFACE_STYLE_FILL_AREA(#2883);
#2880=SURFACE_STYLE_FILL_AREA(#2884);
#2881=SURFACE_STYLE_FILL_AREA(#2885);
#2882=SURFACE_STYLE_FILL_AREA(#2886);
#2883=FILL_AREA_STYLE('',(#2887));
#2884=FILL_AREA_STYLE('',(#2888));
#2885=FILL_AREA_STYLE('',(#2889));
#2886=FILL_AREA_STYLE('',(#2890));
#2887=FILL_AREA_STYLE_COLOUR('',#2891);
#2888=FILL_AREA_STYLE_COLOUR('',#2892);
#2889=FILL_AREA_STYLE_COLOUR('',#2893);
#2890=FILL_AREA_STYLE_COLOUR('',#2894);
#2891=COLOUR_RGB('',0.,0.490196078431373,0.658823529411765);
#2892=COLOUR_RGB('',0.996078431372549,0.835294117647059,0.);
#2893=COLOUR_RGB('',1.,1.,0.);
#2894=COLOUR_RGB('',0.,0.,0.);
ENDSEC;
END-ISO-10303-21;
