# https://github.com/mikedh/trimesh

o base_link.STL
v 0.32270348 -0.09635925 -0.31421053
v 0.32190195 -0.09598339 -0.31366557
v 0.32074553 -0.09724181 -0.31549016
v 0.32090047 -0.09582514 -0.31343612
v 0.31987220 -0.09591183 -0.31356183
v 0.32282895 -0.09802633 -0.31662762
v 0.32321087 -0.09747738 -0.31583169
v 0.32316649 -0.09688770 -0.31497672
v 0.32007518 -0.09860923 -0.31747279
v 0.32111275 -0.09864581 -0.31752580
v 0.32208681 -0.09843963 -0.31722686
v 0.31824780 -0.09730240 -0.31557801
v 0.31850716 -0.09787396 -0.31640670
v 0.31915355 -0.09833621 -0.31707692
v 0.31899491 -0.09622850 -0.31402096
v 0.31842032 -0.09672037 -0.31473410
v 0.31899491 -0.09334732 -0.31600812
v 0.31770372 -0.09321523 -0.31581661
v 0.31842032 -0.09383919 -0.31672126
v 0.31719717 -0.09387498 -0.31677318
v 0.31824780 -0.09442122 -0.31756517
v 0.31711861 -0.09459331 -0.31781468
v 0.31850716 -0.09499278 -0.31839386
v 0.31747749 -0.09528357 -0.31881547
v 0.31915355 -0.09545504 -0.31906408
v 0.31823057 -0.09586252 -0.31965488
v 0.32007518 -0.09572805 -0.31945994
v 0.32270348 -0.09347807 -0.31619769
v 0.32326049 -0.09285875 -0.31529972
v 0.32190195 -0.09310222 -0.31565273
v 0.32220408 -0.09246095 -0.31472299
v 0.32090047 -0.09294396 -0.31542328
v 0.32097176 -0.09229229 -0.31447843
v 0.31987220 -0.09303065 -0.31554899
v 0.31971213 -0.09237310 -0.31459558
v 0.31857714 -0.09269363 -0.31506035
v 0.31928697 -0.09626030 -0.32023165
v 0.32051930 -0.09642897 -0.32047620
v 0.32111275 -0.09576463 -0.31951296
v 0.32177892 -0.09634816 -0.32035902
v 0.32208681 -0.09555845 -0.31921402
v 0.32291389 -0.09602763 -0.31989428
v 0.32282895 -0.09514515 -0.31861478
v 0.32378733 -0.09550603 -0.31913802
v 0.32321087 -0.09459620 -0.31781885
v 0.32429388 -0.09484628 -0.31818146
v 0.32316649 -0.09400652 -0.31696388
v 0.32437244 -0.09412795 -0.31713995
v 0.32401356 -0.09343769 -0.31613913
v 0.32531378 -0.09436727 -0.32238337
v 0.32531378 -0.09077814 -0.32485881
v 0.32622582 -0.09397057 -0.32180819
v 0.32622582 -0.09038145 -0.32428363
v 0.32733360 -0.09379761 -0.32155743
v 0.32733360 -0.09020849 -0.32403287
v 0.32765898 -0.09082270 -0.31724411
v 0.32765898 -0.08723357 -0.31971955
v 0.32659739 -0.09057325 -0.31688243
v 0.32659739 -0.08698413 -0.31935787
v 0.32577878 -0.09011554 -0.31621879
v 0.32577878 -0.08652642 -0.31869423
v 0.30944455 -0.08773044 -0.32801357
v 0.30944455 -0.08567246 -0.32943296
v 0.30949593 -0.08581648 -0.32964179
v 0.30949593 -0.08787446 -0.32822239
v 0.30966723 -0.08592663 -0.32980150
v 0.30966723 -0.08798461 -0.32838210
v 0.30991259 -0.08597339 -0.32986930
v 0.30991259 -0.08803137 -0.32844988
v 0.31066874 -0.08111802 -0.31842622
v 0.31066874 -0.07906003 -0.31984562
v 0.31041506 -0.07908919 -0.31988791
v 0.31041506 -0.08114718 -0.31846851
v 0.31022105 -0.07918646 -0.32002893
v 0.31022105 -0.08124445 -0.31860954
v 0.31013870 -0.07932577 -0.32023093
v 0.31013870 -0.08138376 -0.31881154
v 0.34120235 -0.08913452 -0.33004934
v 0.34120235 -0.08707654 -0.33146873
v 0.34145600 -0.08704738 -0.33142647
v 0.34145600 -0.08910536 -0.33000708
v 0.34165001 -0.08695011 -0.33128545
v 0.34165001 -0.08900809 -0.32986602
v 0.34173235 -0.08681080 -0.33108345
v 0.34173235 -0.08886878 -0.32966405
v 0.34242651 -0.08252209 -0.32046199
v 0.34242651 -0.08046411 -0.32188141
v 0.34237513 -0.08032008 -0.32167259
v 0.34237513 -0.08237807 -0.32025319
v 0.34220383 -0.08020994 -0.32151288
v 0.34220383 -0.08226793 -0.32009348
v 0.34195846 -0.08016318 -0.32144508
v 0.34195846 -0.08222117 -0.32002568
v 0.33633670 -0.09250271 -0.32735926
v 0.33633670 -0.08896298 -0.32980064
v 0.33659038 -0.08893382 -0.32975835
v 0.33659038 -0.09247355 -0.32731697
v 0.33678439 -0.08883655 -0.32961732
v 0.33678439 -0.09237628 -0.32717595
v 0.33686674 -0.08869724 -0.32941532
v 0.33686674 -0.09223697 -0.32697397
v 0.33756089 -0.08589029 -0.31777191
v 0.33756089 -0.08235055 -0.32021329
v 0.33753476 -0.08224078 -0.32005414
v 0.33753476 -0.08578052 -0.31761277
v 0.33743662 -0.08214505 -0.31991532
v 0.33743662 -0.08568478 -0.31747395
v 0.33728144 -0.08207792 -0.31981799
v 0.33728144 -0.08561765 -0.31737664
v 0.33709282 -0.08204962 -0.31977695
v 0.33709282 -0.08558936 -0.31733561
v 0.33709282 -0.07929855 -0.32167441
v 0.33709282 -0.07999164 -0.32119638
v 0.33733821 -0.08003839 -0.32126415
v 0.33756089 -0.08029257 -0.32163268
v 0.33756089 -0.06596899 -0.33151171
v 0.33750951 -0.06582496 -0.33130288
v 0.33733821 -0.06571482 -0.33114317
v 0.33709282 -0.06566806 -0.33107540
v 0.33709282 -0.07926983 -0.32169420
v 0.33750951 -0.08014854 -0.32142386
v 0.33633670 -0.08618318 -0.33171785
v 0.33633670 -0.07258142 -0.34109905
v 0.33659038 -0.07255226 -0.34105676
v 0.33633670 -0.08690500 -0.33122003
v 0.33633670 -0.08621190 -0.33169806
v 0.33659038 -0.08687583 -0.33117774
v 0.33678439 -0.07245499 -0.34091574
v 0.33678439 -0.08677857 -0.33103672
v 0.33686674 -0.07231568 -0.34071377
v 0.33686674 -0.08663926 -0.33083472
v 0.31477824 -0.08542312 -0.33061585
v 0.31477824 -0.08614493 -0.33011800
v 0.31453288 -0.08609817 -0.33005023
v 0.31453288 -0.07177459 -0.33992925
v 0.31436154 -0.08598802 -0.32989052
v 0.31436154 -0.07166445 -0.33976954
v 0.31431019 -0.08584400 -0.32968169
v 0.31431019 -0.07152043 -0.33956072
v 0.31477824 -0.07182135 -0.33999702
v 0.31553435 -0.07850976 -0.32059219
v 0.31553435 -0.06490800 -0.32997337
v 0.31528068 -0.06493716 -0.33001566
v 0.31528068 -0.07926074 -0.32013664
v 0.31553435 -0.07923158 -0.32009435
v 0.31508666 -0.06503443 -0.33015668
v 0.31508666 -0.07935800 -0.32027766
v 0.31500432 -0.06517374 -0.33035868
v 0.31500432 -0.07949731 -0.32047963
v 0.31553435 -0.08482929 -0.31623358
v 0.31553435 -0.08128956 -0.31867495
v 0.31528068 -0.08131872 -0.31871724
v 0.31528068 -0.08485845 -0.31627586
v 0.31508666 -0.08141599 -0.31885827
v 0.31508666 -0.08495572 -0.31641689
v 0.31500432 -0.08155530 -0.31906024
v 0.31500432 -0.08509503 -0.31661889
v 0.31431019 -0.09144172 -0.32582092
v 0.31431019 -0.08790199 -0.32826230
v 0.31436154 -0.08804601 -0.32847112
v 0.31436154 -0.09158575 -0.32602975
v 0.31453288 -0.08815616 -0.32863081
v 0.31453288 -0.09169589 -0.32618946
v 0.31477824 -0.08820292 -0.32869861
v 0.31477824 -0.09174265 -0.32625723
v 0.30983812 -0.08413210 -0.32279634
v 0.30983812 -0.08207411 -0.32421574
v 0.31138763 -0.08418673 -0.32287556
v 0.31138763 -0.08212874 -0.32429495
v 0.30974513 -0.08498210 -0.32402876
v 0.31129465 -0.08503673 -0.32410797
v 0.30974513 -0.08292411 -0.32544816
v 0.31129465 -0.08297875 -0.32552737
v 0.34203294 -0.08612044 -0.32567924
v 0.34203294 -0.08406246 -0.32709864
v 0.34048343 -0.08606581 -0.32560003
v 0.34048343 -0.08400782 -0.32701942
v 0.34212592 -0.08527043 -0.32444683
v 0.34057641 -0.08521581 -0.32436761
v 0.34212592 -0.08321245 -0.32586622
v 0.34057641 -0.08315782 -0.32578701
v 0.32401356 -0.09114921 -0.31771752
v 0.32437244 -0.09183947 -0.31871831
v 0.32429388 -0.09255780 -0.31975982
v 0.32378733 -0.09321755 -0.32071638
v 0.32220408 -0.09017248 -0.31630135
v 0.32326049 -0.09057026 -0.31687811
v 0.32097176 -0.09000381 -0.31605679
v 0.31994602 -0.08863869 -0.31407753
v 0.31971213 -0.09008462 -0.31617397
v 0.31833130 -0.08889160 -0.31444421
v 0.31857714 -0.09040515 -0.31663871
v 0.31689861 -0.08938434 -0.31515864
v 0.31770372 -0.09092675 -0.31739497
v 0.31575599 -0.09007975 -0.31616691
v 0.31719717 -0.09158650 -0.31835154
v 0.32465169 -0.08941203 -0.31519878
v 0.31928697 -0.09397183 -0.32181001
v 0.31920400 -0.09542307 -0.32391417
v 0.32051930 -0.09414049 -0.32205456
v 0.32086745 -0.09553479 -0.32407618
v 0.32177892 -0.09405968 -0.32193741
v 0.32252172 -0.09538542 -0.32385957
v 0.32291389 -0.09373915 -0.32147267
v 0.32404202 -0.09498621 -0.32328078
v 0.32323003 -0.08890910 -0.31446958
v 0.32162103 -0.08864467 -0.31408620
v 0.32836902 -0.09362830 -0.32131195
v 0.31498963 -0.09092539 -0.31739300
v 0.31465724 -0.09185750 -0.31874445
v 0.31711861 -0.09230483 -0.31939304
v 0.31478396 -0.09280580 -0.32011941
v 0.31747749 -0.09299509 -0.32039386
v 0.31536019 -0.09369878 -0.32141411
v 0.31823057 -0.09357403 -0.32123327
v 0.31634250 -0.09446910 -0.32253101
v 0.31765682 -0.09505869 -0.32338586
v 0.32938942 -0.09150817 -0.31823796
v 0.32864952 -0.09106343 -0.31759316
v 0.32975629 -0.09208336 -0.31907195
v 0.32968950 -0.09269395 -0.31995723
v 0.32920012 -0.09323896 -0.32074744
v 0.32836902 -0.09003918 -0.32378739
v 0.32920012 -0.08964983 -0.32322288
v 0.32968950 -0.08910482 -0.32243267
v 0.32975629 -0.08849424 -0.32154739
v 0.32938942 -0.08791904 -0.32071340
v 0.32864952 -0.08747431 -0.32006857
v 0.33806217 -0.08555380 -0.32485768
v 0.33703211 -0.08898750 -0.32983616
v 0.34009585 -0.08494126 -0.32396954
v 0.33827487 -0.08518606 -0.32432449
v 0.33877692 -0.08492421 -0.32394484
v 0.33944029 -0.08483503 -0.32381552
v 0.33994675 -0.08630449 -0.32594609
v 0.33927310 -0.08636386 -0.32603216
v 0.33863422 -0.08622877 -0.32583630
v 0.33819309 -0.08593366 -0.32540843
v 0.33703211 -0.08692952 -0.33125558
v 0.33994675 -0.08424651 -0.32736549
v 0.33819309 -0.08387568 -0.32682782
v 0.33863422 -0.08417078 -0.32725570
v 0.33927310 -0.08430588 -0.32745156
v 0.34009585 -0.08288328 -0.32538894
v 0.33944029 -0.08277705 -0.32523492
v 0.33806217 -0.08349582 -0.32627708
v 0.33827487 -0.08312808 -0.32574388
v 0.33877692 -0.08286623 -0.32536423
v 0.31177521 -0.08531128 -0.32450604
v 0.31382173 -0.08122918 -0.31858739
v 0.31309414 -0.08532833 -0.32453075
v 0.31243077 -0.08541750 -0.32466006
v 0.31323683 -0.08402377 -0.32263929
v 0.31367797 -0.08431888 -0.32306716
v 0.31380889 -0.08469873 -0.32361791
v 0.31359619 -0.08506647 -0.32415110
v 0.31192431 -0.08394805 -0.32252946
v 0.31259796 -0.08388868 -0.32244340
v 0.31382173 -0.07917120 -0.32000679
v 0.31192431 -0.08189006 -0.32394889
v 0.31380889 -0.08264074 -0.32503730
v 0.31367797 -0.08226089 -0.32448655
v 0.31177521 -0.08325329 -0.32592544
v 0.31309414 -0.08327034 -0.32595015
v 0.31243077 -0.08335952 -0.32607946
v 0.31359619 -0.08300849 -0.32557049
v 0.31259796 -0.08183070 -0.32386282
v 0.31323683 -0.08196579 -0.32405868
v 0.31843582 -0.07195030 -0.34018400
v 0.31919193 -0.06503695 -0.33016035
v 0.32138047 -0.07205412 -0.34033453
v 0.32213661 -0.06514076 -0.33031085
v 0.32382399 -0.07214027 -0.34045944
v 0.32458010 -0.06522691 -0.33043578
v 0.32604367 -0.07221853 -0.34057289
v 0.32679981 -0.06530517 -0.33054924
v 0.32846355 -0.07230385 -0.34069660
v 0.32921970 -0.06539048 -0.33067295
v 0.33061111 -0.07237956 -0.34080637
v 0.33136725 -0.06546620 -0.33078271
v 0.31575599 -0.08649062 -0.31864235
v 0.31498963 -0.08733626 -0.31986845
v 0.31465724 -0.08826838 -0.32121989
v 0.31833130 -0.08530248 -0.31691965
v 0.31919193 -0.08495824 -0.31642056
v 0.31994602 -0.08504956 -0.31655294
v 0.32112360 -0.08502635 -0.31651929
v 0.31689861 -0.08579522 -0.31763408
v 0.32086745 -0.09194567 -0.32655159
v 0.32036746 -0.09193970 -0.32654294
v 0.32138047 -0.09197542 -0.32659474
v 0.32252172 -0.09179629 -0.32633501
v 0.32382399 -0.09206156 -0.32671964
v 0.32404202 -0.09139708 -0.32575619
v 0.32604367 -0.09213983 -0.32683310
v 0.32846355 -0.09222514 -0.32695681
v 0.32162103 -0.08505554 -0.31656161
v 0.32213661 -0.08506206 -0.31657106
v 0.32323003 -0.08531997 -0.31694502
v 0.32458010 -0.08514821 -0.31669599
v 0.32465169 -0.08582290 -0.31767422
v 0.32679981 -0.08522647 -0.31680945
v 0.32921970 -0.08531179 -0.31693313
v 0.33061111 -0.09230085 -0.32706657
v 0.33136725 -0.08538750 -0.31704292
v 0.31478396 -0.08921667 -0.32259482
v 0.31536019 -0.09010965 -0.32388955
v 0.31920400 -0.09183395 -0.32638961
v 0.31843582 -0.09187160 -0.32644421
v 0.31765682 -0.09146956 -0.32586128
v 0.31634250 -0.09087998 -0.32500646
v 0.32703725 -0.08823171 -0.32960349
v 0.32698688 -0.08817460 -0.32963908
v 0.32681715 -0.08774088 -0.32992542
v 0.32675871 -0.08708959 -0.33037019
v 0.32784802 -0.08729415 -0.33031130
v 0.32782191 -0.08677990 -0.33066401
v 0.32679725 -0.08662121 -0.33069617
v 0.32774356 -0.08639406 -0.33092421
v 0.32691291 -0.08624991 -0.33096096
v 0.32701510 -0.08609851 -0.33107311
v 0.32764781 -0.08818503 -0.32968175
v 0.32774109 -0.08800627 -0.32981208
v 0.32782128 -0.08768756 -0.33003792
v 0.32760447 -0.08613736 -0.33109075
v 0.32742554 -0.08601756 -0.33115989
v 0.32729590 -0.08598854 -0.33117011
v 0.32713792 -0.08601468 -0.33114019
v 0.32730833 -0.08835408 -0.32953954
v 0.32716471 -0.08832081 -0.32955164
v 0.32743019 -0.08834299 -0.32955638
v 0.32753217 -0.08830044 -0.32959342
v 0.32857740 -0.08077420 -0.32001427
v 0.32860413 -0.08038079 -0.32028764
v 0.32752061 -0.08037859 -0.32020742
v 0.32751483 -0.08017623 -0.32034653
v 0.32755336 -0.07970785 -0.32067248
v 0.32857803 -0.07986654 -0.32064033
v 0.32849970 -0.07948071 -0.32090053
v 0.32849720 -0.08109291 -0.31978843
v 0.32762024 -0.08101888 -0.31977332
v 0.32840395 -0.08127167 -0.31965807
v 0.32837045 -0.07923482 -0.32106039
v 0.32819358 -0.07910924 -0.32113364
v 0.32805201 -0.07907519 -0.32114646
v 0.32766902 -0.07933655 -0.32093731
v 0.32782555 -0.07913874 -0.32108554
v 0.32784122 -0.07912835 -0.32109389
v 0.32799733 -0.07907663 -0.32114133
v 0.32779336 -0.08131835 -0.31957984
v 0.32792082 -0.08140746 -0.31952798
v 0.32828829 -0.08138708 -0.31956977
v 0.32818633 -0.08142964 -0.31953272
v 0.32806447 -0.08144072 -0.31951588
v 0.32161549 -0.08565699 -0.33097029
v 0.32161549 -0.08566418 -0.33096534
v 0.32138047 -0.08565589 -0.33095333
v 0.32315570 -0.08790025 -0.32953930
v 0.32286379 -0.08810005 -0.32937947
v 0.32227394 -0.08740070 -0.32981732
v 0.33264801 -0.08610339 -0.33149463
v 0.33085236 -0.08604009 -0.33140284
v 0.33061111 -0.08601004 -0.33140537
v 0.33286190 -0.08659298 -0.33117309
v 0.33229238 -0.08782417 -0.33028099
v 0.33228487 -0.08791798 -0.33021572
v 0.33102149 -0.08789834 -0.33013397
v 0.33216077 -0.08739318 -0.33056831
v 0.33216864 -0.08815824 -0.33004123
v 0.33193919 -0.08831140 -0.32991830
v 0.33093941 -0.08789544 -0.33012977
v 0.33085236 -0.08610778 -0.33135617
v 0.33169651 -0.08683142 -0.33092076
v 0.33111623 -0.08831774 -0.32985184
v 0.33139759 -0.08854087 -0.32971919
v 0.33123794 -0.08819120 -0.32994831
v 0.33144575 -0.08830386 -0.32988629
v 0.33169049 -0.08834858 -0.32987389
v 0.33256844 -0.08762262 -0.33044082
v 0.33235019 -0.08730621 -0.33064258
v 0.33277982 -0.08659009 -0.33116892
v 0.33202875 -0.08696771 -0.33085179
v 0.33267537 -0.08800793 -0.33018315
v 0.33264863 -0.08781622 -0.33031335
v 0.33180740 -0.08863578 -0.32968464
v 0.33192071 -0.08863495 -0.32969376
v 0.33231485 -0.08853252 -0.32979414
v 0.33259028 -0.08829268 -0.32998031
v 0.33260861 -0.08643813 -0.33126080
v 0.33240044 -0.08638106 -0.33128446
v 0.33212572 -0.08636395 -0.33127552
v 0.33157423 -0.08654860 -0.33110657
v 0.33132988 -0.08633589 -0.33123484
v 0.31625095 -0.08546786 -0.33069608
v 0.31804413 -0.08815669 -0.32897684
v 0.31804413 -0.08728901 -0.32957530
v 0.31843582 -0.08558079 -0.33078301
v 0.31723830 -0.08564626 -0.33064753
v 0.31735063 -0.08565556 -0.33064958
v 0.31662345 -0.08688238 -0.32974857
v 0.31796205 -0.08815380 -0.32897264
v 0.31633303 -0.08633228 -0.33010608
v 0.31625095 -0.08632939 -0.33010188
v 0.31630105 -0.08715477 -0.32953638
v 0.31651413 -0.08590304 -0.33041579
v 0.31679252 -0.08572004 -0.33056301
v 0.31749925 -0.08791092 -0.32910526
v 0.31711644 -0.08797630 -0.32903129
v 0.31690940 -0.08721157 -0.32954311
v 0.31704268 -0.08797059 -0.32902965
v 0.31667376 -0.08736583 -0.32941893
v 0.31660101 -0.08746275 -0.32934660
v 0.31664121 -0.08801463 -0.32896900
v 0.31634596 -0.08778265 -0.32910672
v 0.31622377 -0.08750787 -0.32928702
v 0.31621861 -0.08743183 -0.32933909
v 0.31779325 -0.08590297 -0.33051232
v 0.31784514 -0.08607996 -0.33039418
v 0.31762013 -0.08574197 -0.33061031
v 0.31778297 -0.08626443 -0.33026224
v 0.31759146 -0.08643409 -0.33013079
v 0.31792825 -0.08674404 -0.32994241
v 0.31733778 -0.08701796 -0.32970896
v 0.31796205 -0.08728612 -0.32957110
v 0.31779116 -0.08771112 -0.32926509
v 0.31815633 -0.08652711 -0.33010924
v 0.31824556 -0.08623561 -0.33031702
v 0.31824023 -0.08615658 -0.33037111
v 0.31625095 -0.08547504 -0.33069113
v 0.31625095 -0.08550376 -0.33067131
v 0.31711397 -0.08812390 -0.32892931
v 0.31736329 -0.08810808 -0.32895902
v 0.31762877 -0.08804359 -0.32902351
v 0.31679243 -0.08788843 -0.32906744
v 0.31662250 -0.08772749 -0.32916564
v 0.31657675 -0.08757164 -0.32926968
v 0.31787601 -0.08802027 -0.32905826
v 0.31791759 -0.08805221 -0.32903937
v 0.31780785 -0.08800478 -0.32906380
v 0.31773695 -0.08801356 -0.32905239
v 0.32529569 -0.08683083 -0.33043832
v 0.32522917 -0.08689413 -0.33038965
v 0.32496431 -0.08701915 -0.33028343
v 0.32406494 -0.08602709 -0.33089980
v 0.32412937 -0.08607698 -0.33087027
v 0.32455021 -0.08706506 -0.33022052
v 0.32382399 -0.08577076 -0.33105844
v 0.32408515 -0.08783430 -0.32965490
v 0.32424024 -0.08807474 -0.32950076
v 0.32419711 -0.08580432 -0.33106342
v 0.32413512 -0.08583177 -0.33103982
v 0.32570606 -0.08638736 -0.33077514
v 0.32551765 -0.08612072 -0.33094481
v 0.32604367 -0.08584901 -0.33117190
v 0.32526466 -0.08834409 -0.32939228
v 0.32491082 -0.08839264 -0.32933208
v 0.32452396 -0.08830389 -0.32936412
v 0.32520181 -0.08732803 -0.33008832
v 0.32543430 -0.08723487 -0.33017009
v 0.32551518 -0.08762626 -0.32990626
v 0.32567212 -0.08702454 -0.33033311
v 0.32561773 -0.08787179 -0.32974464
v 0.32405481 -0.08590144 -0.33098572
v 0.32403788 -0.08595573 -0.33094698
v 0.32403910 -0.08597186 -0.33093596
v 0.32459471 -0.08712775 -0.33018064
v 0.32415974 -0.08780821 -0.32967851
v 0.32455021 -0.08712044 -0.33018231
v 0.32421693 -0.08609743 -0.33086276
v 0.32427415 -0.08609585 -0.33086815
v 0.32462233 -0.08706760 -0.33022422
v 0.32433134 -0.08608710 -0.33087853
v 0.32450545 -0.08602452 -0.33093482
v 0.32469198 -0.08596238 -0.33099174
v 0.32500970 -0.08730119 -0.33009234
v 0.32519045 -0.08749925 -0.32996935
v 0.32524657 -0.08772755 -0.32981613
v 0.32442212 -0.08804669 -0.32953385
v 0.32468599 -0.08813039 -0.32949600
v 0.32474172 -0.08813437 -0.32949746
v 0.32524329 -0.08778305 -0.32977760
v 0.32498294 -0.08809695 -0.32954147
v 0.32516256 -0.08797190 -0.32964128
v 0.32547042 -0.08821544 -0.32949653
v 0.32558233 -0.08806862 -0.32960624
v 0.32561964 -0.08790891 -0.32971919
v 0.32576886 -0.08669367 -0.33056861
v 0.32535601 -0.08674271 -0.33050364
v 0.32486856 -0.08594809 -0.33101493
v 0.32477716 -0.08595000 -0.33100671
v 0.32519117 -0.08604933 -0.33096942
v 0.32537970 -0.08624557 -0.33084831
v 0.32495877 -0.08595724 -0.33101541
v 0.32543561 -0.08646039 -0.33070436
v 0.32541570 -0.08660378 -0.33060396
v 0.32382399 -0.08574203 -0.33107823
v 0.32604367 -0.08582029 -0.33119172
v 0.32456762 -0.08577543 -0.33111131
v 0.32511601 -0.08587272 -0.33108556
v 0.31674835 -0.08557053 -0.33066279
v 0.31634074 -0.08550789 -0.33067524
v 0.31703687 -0.08551198 -0.33072492
v 0.31633303 -0.08547076 -0.33070028
v 0.31715748 -0.08550393 -0.33073959
v 0.31639445 -0.08559798 -0.33061716
v 0.31636572 -0.08556990 -0.33063436
v 0.31644586 -0.08561687 -0.33060801
v 0.31646982 -0.08561917 -0.33060822
v 0.31811213 -0.08586822 -0.33056033
v 0.31780267 -0.08562393 -0.33070549
v 0.31728557 -0.08550434 -0.33074898
v 0.32260287 -0.08583539 -0.33092174
v 0.32271516 -0.08584468 -0.33092380
v 0.32198799 -0.08707151 -0.33002281
v 0.32171050 -0.08797178 -0.32938096
v 0.32200575 -0.08820376 -0.32924321
v 0.32248098 -0.08816543 -0.32930550
v 0.32240722 -0.08815972 -0.32930389
v 0.32203829 -0.08755496 -0.32969317
v 0.32196555 -0.08765188 -0.32962084
v 0.32169756 -0.08652142 -0.33038029
v 0.32187870 -0.08609217 -0.33069000
v 0.32215706 -0.08590917 -0.33083722
v 0.32332659 -0.08747525 -0.32984531
v 0.32270235 -0.08720709 -0.32998317
v 0.32340866 -0.08747815 -0.32984951
v 0.32329279 -0.08693317 -0.33021665
v 0.32352090 -0.08671624 -0.33038345
v 0.32361010 -0.08642475 -0.33059123
v 0.32360476 -0.08634571 -0.33064535
v 0.32347667 -0.08605736 -0.33083457
v 0.32316720 -0.08581305 -0.33097970
v 0.32161549 -0.08651853 -0.33037609
v 0.32166559 -0.08734390 -0.32981062
v 0.32158318 -0.08762097 -0.32961330
v 0.32315782 -0.08609210 -0.33078656
v 0.32320970 -0.08626909 -0.33066839
v 0.32298467 -0.08593111 -0.33088452
v 0.32314751 -0.08645356 -0.33053645
v 0.32295603 -0.08662322 -0.33040500
v 0.32158834 -0.08769700 -0.32956126
v 0.32247850 -0.08831304 -0.32920352
v 0.32272783 -0.08829721 -0.32923323
v 0.32299331 -0.08823273 -0.32929775
v 0.32215697 -0.08807756 -0.32934168
v 0.32198703 -0.08791663 -0.32943985
v 0.32194132 -0.08776077 -0.32954389
v 0.32310152 -0.08820269 -0.32932663
v 0.32317239 -0.08819391 -0.32933801
v 0.32324055 -0.08820939 -0.32933247
v 0.32340866 -0.08834583 -0.32925108
v 0.32332659 -0.08834293 -0.32924688
v 0.32328212 -0.08824134 -0.32931358
v 0.32161549 -0.08569289 -0.33094555
v 0.32138047 -0.08568460 -0.33093354
v 0.32169756 -0.08565989 -0.33097449
v 0.32265010 -0.08569347 -0.33102319
v 0.32252201 -0.08569306 -0.33101380
v 0.32240140 -0.08570112 -0.33099917
v 0.32170528 -0.08569703 -0.33094946
v 0.32211292 -0.08575966 -0.33093700
v 0.32175899 -0.08578711 -0.33089137
v 0.32173026 -0.08575903 -0.33090857
v 0.32181039 -0.08580600 -0.33088222
v 0.32183436 -0.08580830 -0.33088246
v 0.32655367 -0.08800348 -0.32972443
v 0.32689300 -0.08834149 -0.32951689
v 0.32709819 -0.08843949 -0.32946476
v 0.32731083 -0.08847725 -0.32945478
v 0.32764345 -0.08841565 -0.32952237
v 0.32828823 -0.08722967 -0.33038896
v 0.32825205 -0.08683447 -0.33065882
v 0.32846355 -0.08593433 -0.33129561
v 0.32801497 -0.08628003 -0.33102334
v 0.32794294 -0.08619080 -0.33107942
v 0.32656223 -0.08627037 -0.33092040
v 0.32637942 -0.08665725 -0.33063978
v 0.32631850 -0.08712125 -0.33031517
v 0.32634428 -0.08745034 -0.33009014
v 0.32794005 -0.08820610 -0.32968926
v 0.32820117 -0.08778557 -0.32999900
v 0.32761049 -0.08595208 -0.33121899
v 0.32728845 -0.08587136 -0.33125037
v 0.32846355 -0.08590561 -0.33131540
v 0.32719365 -0.08587325 -0.33124194
v 0.32688928 -0.08596344 -0.33115676
v 0.32989672 -0.08699305 -0.33067352
v 0.32983020 -0.08705635 -0.33062482
v 0.32956532 -0.08718136 -0.33051863
v 0.32866597 -0.08618931 -0.33113500
v 0.32873037 -0.08623920 -0.33110544
v 0.32915124 -0.08722728 -0.33045572
v 0.32868615 -0.08799651 -0.32989010
v 0.32884124 -0.08823696 -0.32973596
v 0.33030710 -0.08654957 -0.33101031
v 0.33011869 -0.08628293 -0.33118001
v 0.32971704 -0.08603493 -0.33132076
v 0.32916865 -0.08593765 -0.33134648
v 0.32986569 -0.08850630 -0.32962745
v 0.32951185 -0.08855484 -0.32956728
v 0.32912499 -0.08846611 -0.32959932
v 0.32980284 -0.08749025 -0.33032349
v 0.33003533 -0.08739708 -0.33040529
v 0.33011621 -0.08778847 -0.33014145
v 0.33027315 -0.08718675 -0.33056831
v 0.33021876 -0.08803400 -0.32997984
v 0.32865581 -0.08606365 -0.33122090
v 0.32863891 -0.08611795 -0.33118218
v 0.32864013 -0.08613408 -0.33117115
v 0.32919574 -0.08728997 -0.33041584
v 0.32876077 -0.08797043 -0.32991371
v 0.32915124 -0.08728266 -0.33041751
v 0.32881796 -0.08625964 -0.33109796
v 0.32887518 -0.08625807 -0.33110335
v 0.32922336 -0.08722982 -0.33045942
v 0.32893237 -0.08624931 -0.33111373
v 0.32910648 -0.08618674 -0.33116999
v 0.32929298 -0.08612459 -0.33122694
v 0.32961074 -0.08746340 -0.33032751
v 0.32979149 -0.08766147 -0.33020455
v 0.32984760 -0.08788977 -0.33005133
v 0.32902315 -0.08820891 -0.32976902
v 0.32928702 -0.08829261 -0.32973120
v 0.32934272 -0.08829658 -0.32973266
v 0.32984433 -0.08794526 -0.33001280
v 0.32958397 -0.08825916 -0.32977667
v 0.32976359 -0.08813411 -0.32987645
v 0.33007145 -0.08837765 -0.32973170
v 0.33018336 -0.08823083 -0.32984141
v 0.33022067 -0.08807112 -0.32995439
v 0.33036989 -0.08685589 -0.33080378
v 0.32995704 -0.08690492 -0.33073884
v 0.32946956 -0.08611031 -0.33125010
v 0.32937819 -0.08611221 -0.33124191
v 0.32979220 -0.08621154 -0.33120462
v 0.32998073 -0.08640779 -0.33108351
v 0.32955980 -0.08611946 -0.33125061
v 0.33003661 -0.08662260 -0.33093956
v 0.33001673 -0.08676600 -0.33083916
v 0.33061111 -0.08598132 -0.33142519
v 0.32879812 -0.08596653 -0.33129862
v 0.32873616 -0.08599398 -0.33127502
v 0.31843582 -0.08555207 -0.33080280
v 0.31862608 -0.08753107 -0.32945225
v 0.31866089 -0.08812100 -0.32904798
v 0.32087043 -0.08797522 -0.32931522
v 0.32083049 -0.08799267 -0.32930017
v 0.32053614 -0.08802917 -0.32925278
v 0.32114545 -0.08820860 -0.32917500
v 0.32117778 -0.08762103 -0.32958269
v 0.31924784 -0.08563095 -0.33080965
v 0.31924784 -0.08569865 -0.33076298
v 0.31886742 -0.08786739 -0.32923847
v 0.31879303 -0.08778420 -0.32929024
v 0.31871063 -0.08753405 -0.32945657
v 0.32016805 -0.08580904 -0.33075625
v 0.32027748 -0.08575443 -0.33080217
v 0.32013506 -0.08586501 -0.33071515
v 0.32043168 -0.08574039 -0.33082348
v 0.32011005 -0.08602287 -0.33060440
v 0.32053614 -0.08574407 -0.33082882
v 0.32010835 -0.08609616 -0.33055371
v 0.32053614 -0.08567638 -0.33087552
v 0.32109323 -0.08761805 -0.32957837
v 0.32010835 -0.08801409 -0.32923090
v 0.32106400 -0.08774932 -0.32948560
v 0.32102609 -0.08783722 -0.32942212
v 0.31935477 -0.08570242 -0.33076844
v 0.31938720 -0.08570427 -0.33076960
v 0.31967810 -0.08799892 -0.32920891
v 0.31931251 -0.08798603 -0.32919022
v 0.31967810 -0.08608099 -0.33053172
v 0.31912971 -0.08797292 -0.32918549
v 0.31900910 -0.08794867 -0.32919312
v 0.31966567 -0.08590722 -0.33065063
v 0.31962836 -0.08580847 -0.33071592
v 0.31954277 -0.08574212 -0.33075523
v 0.33160895 -0.08623128 -0.33064649
v 0.33206344 -0.08665037 -0.33039171
v 0.33173123 -0.08651409 -0.33046064
v 0.33289659 -0.08627564 -0.33071300
v 0.33281454 -0.08627275 -0.33070880
v 0.33268273 -0.08578606 -0.33103454
v 0.33264333 -0.08612079 -0.33080071
v 0.33243516 -0.08606373 -0.33082435
v 0.33219546 -0.08707585 -0.33010820
v 0.33216044 -0.08604661 -0.33081543
v 0.33136457 -0.08601855 -0.33077475
v 0.33088708 -0.08572275 -0.33094275
v 0.33238488 -0.08698888 -0.33018249
v 0.33260313 -0.08730529 -0.32998073
v 0.33232707 -0.08750683 -0.32982087
v 0.33268332 -0.08749888 -0.32985324
v 0.33231959 -0.08760064 -0.32975563
v 0.33271009 -0.08769059 -0.32972303
v 0.33220336 -0.08784091 -0.32958114
v 0.33088708 -0.08579044 -0.33089605
v 0.33262497 -0.08797535 -0.32952023
v 0.33234957 -0.08821519 -0.32933402
v 0.33197388 -0.08799408 -0.32945821
v 0.33195543 -0.08831761 -0.32923365
v 0.33172521 -0.08803125 -0.32941380
v 0.33184209 -0.08831844 -0.32922453
v 0.33148047 -0.08798652 -0.32942617
v 0.33143231 -0.08822353 -0.32925907
v 0.33127263 -0.08787386 -0.32948822
v 0.33115095 -0.08800041 -0.32939175
v 0.33105621 -0.08758100 -0.32967386
v 0.33097413 -0.08757811 -0.32966968
v 0.32416984 -0.08551443 -0.33057973
v 0.32423180 -0.08548699 -0.33060333
v 0.32430884 -0.08577852 -0.33040807
v 0.32523653 -0.08701070 -0.32962820
v 0.32554990 -0.08730892 -0.32944617
v 0.32522517 -0.08718192 -0.32950926
v 0.32458490 -0.08680311 -0.32972223
v 0.32458490 -0.08674773 -0.32976043
v 0.32462943 -0.08681042 -0.32972053
v 0.32465705 -0.08675027 -0.32976410
v 0.32504442 -0.08698386 -0.32963222
v 0.32499900 -0.08670182 -0.32982332
v 0.32565245 -0.08755445 -0.32928455
v 0.32527801 -0.08746571 -0.32931751
v 0.32528129 -0.08741022 -0.32935601
v 0.32546902 -0.08691753 -0.32971001
v 0.32526389 -0.08657680 -0.32992953
v 0.32570684 -0.08670720 -0.32987300
v 0.32515073 -0.08555538 -0.33062547
v 0.32499346 -0.08563991 -0.33055532
v 0.32460234 -0.08545810 -0.33065119
v 0.32490325 -0.08563076 -0.33055481
v 0.32436606 -0.08576977 -0.33041841
v 0.32565436 -0.08759157 -0.32925910
v 0.32561705 -0.08775128 -0.32914612
v 0.32519725 -0.08765456 -0.32918116
v 0.32550511 -0.08789811 -0.32903641
v 0.32501766 -0.08777961 -0.32908139
v 0.32529938 -0.08802675 -0.32893217
v 0.32477641 -0.08781704 -0.32903737
v 0.32494554 -0.08807530 -0.32887200
v 0.32472071 -0.08781306 -0.32903591
v 0.32455868 -0.08798657 -0.32890400
v 0.32445684 -0.08772936 -0.32907373
v 0.32427493 -0.08775741 -0.32904065
v 0.32419446 -0.08749088 -0.32921842
v 0.32411984 -0.08751696 -0.32919478
v 0.32481185 -0.08563267 -0.33054662
v 0.32472667 -0.08564505 -0.33053163
v 0.32454014 -0.08570719 -0.33047470
v 0.32533041 -0.08651350 -0.32997820
v 0.32539073 -0.08642537 -0.33004352
v 0.32580358 -0.08637634 -0.33010849
v 0.32545042 -0.08628645 -0.33014387
v 0.32574075 -0.08607002 -0.33031502
v 0.32547030 -0.08614305 -0.33024424
v 0.32555237 -0.08580339 -0.33048472
v 0.32541439 -0.08592824 -0.33038819
v 0.32522589 -0.08573199 -0.33050933
v 0.32408950 -0.08558410 -0.33052561
v 0.32407260 -0.08563840 -0.33048689
v 0.32407382 -0.08565453 -0.33047587
v 0.32425165 -0.08578009 -0.33040267
v 0.32409966 -0.08570976 -0.33043972
v 0.32416406 -0.08575965 -0.33041015
v 0.31866080 -0.08721373 -0.32899213
v 0.31874534 -0.08721671 -0.32899645
v 0.31869560 -0.08780367 -0.32858789
v 0.31882772 -0.08746687 -0.32883015
v 0.31890213 -0.08755005 -0.32877839
v 0.31904379 -0.08763133 -0.32873300
v 0.31916443 -0.08765558 -0.32872537
v 0.32118016 -0.08789127 -0.32871488
v 0.32086521 -0.08767533 -0.32884005
v 0.32090515 -0.08765788 -0.32885510
v 0.32112792 -0.08730071 -0.32911825
v 0.32121250 -0.08730369 -0.32912257
v 0.32109872 -0.08743199 -0.32902551
v 0.32106078 -0.08751988 -0.32896203
v 0.31934720 -0.08766869 -0.32873014
v 0.31971282 -0.08768158 -0.32874882
v 0.32057083 -0.08542673 -0.33036873
v 0.32046637 -0.08542305 -0.33036339
v 0.32057083 -0.08535904 -0.33041540
v 0.32031217 -0.08543710 -0.33034205
v 0.31928256 -0.08531362 -0.33034956
v 0.32020274 -0.08549170 -0.33029616
v 0.31928256 -0.08538131 -0.33030286
v 0.31938949 -0.08538508 -0.33030835
v 0.31942189 -0.08538693 -0.33030951
v 0.31957749 -0.08542478 -0.33029515
v 0.31966308 -0.08549114 -0.33025584
v 0.32016978 -0.08554767 -0.33025506
v 0.31970036 -0.08558989 -0.33019054
v 0.32014477 -0.08570553 -0.33014429
v 0.31971282 -0.08576366 -0.33007163
v 0.32014307 -0.08577882 -0.33009362
v 0.32014307 -0.08769675 -0.32877082
v 0.32057083 -0.08771183 -0.32879269
v 0.31799674 -0.08696879 -0.32911098
v 0.31807882 -0.08697168 -0.32911518
v 0.31782585 -0.08739378 -0.32880497
v 0.31807882 -0.08783936 -0.32851675
v 0.31799674 -0.08783647 -0.32851255
v 0.31795228 -0.08773488 -0.32857925
v 0.31640044 -0.08525257 -0.33017427
v 0.31642914 -0.08528064 -0.33015707
v 0.31654885 -0.08558571 -0.32995567
v 0.31636775 -0.08515342 -0.33024016
v 0.31628567 -0.08515053 -0.33023599
v 0.31628567 -0.08601206 -0.32964176
v 0.31636775 -0.08601495 -0.32964596
v 0.31791070 -0.08770293 -0.32859817
v 0.31753397 -0.08759359 -0.32864514
v 0.31784254 -0.08768744 -0.32860368
v 0.31777167 -0.08769622 -0.32859230
v 0.31648058 -0.08529954 -0.33014789
v 0.31650454 -0.08530183 -0.33014813
v 0.31682724 -0.08540270 -0.33010289
v 0.31678307 -0.08525319 -0.33020270
v 0.31727302 -0.08532893 -0.33018741
v 0.31707156 -0.08519465 -0.33026484
v 0.31719220 -0.08518659 -0.33027947
v 0.31738532 -0.08533822 -0.33018947
v 0.31732029 -0.08518700 -0.33028886
v 0.31765482 -0.08542464 -0.33015019
v 0.31783739 -0.08530659 -0.33024538
v 0.31782797 -0.08558563 -0.33005223
v 0.31814685 -0.08555089 -0.33010024
v 0.31787986 -0.08576263 -0.32993406
v 0.31827492 -0.08583924 -0.32991102
v 0.31828028 -0.08591828 -0.32985690
v 0.31781769 -0.08594710 -0.32980216
v 0.31819105 -0.08620977 -0.32964915
v 0.31762618 -0.08611675 -0.32967070
v 0.31796294 -0.08642671 -0.32948232
v 0.31665814 -0.08656504 -0.32928848
v 0.31714866 -0.08780657 -0.32846919
v 0.31715116 -0.08765896 -0.32857117
v 0.31739798 -0.08779074 -0.32849893
v 0.31766349 -0.08772626 -0.32856342
v 0.31737250 -0.08670063 -0.32924885
v 0.31694412 -0.08689424 -0.32908300
v 0.31633574 -0.08683743 -0.32907629
v 0.31670848 -0.08704849 -0.32895884
v 0.31625333 -0.08711450 -0.32887897
v 0.31663573 -0.08714541 -0.32888651
v 0.31625849 -0.08719053 -0.32882693
v 0.31661147 -0.08725430 -0.32880956
v 0.31638068 -0.08746532 -0.32864663
v 0.31665719 -0.08741016 -0.32870552
v 0.31667590 -0.08769729 -0.32850891
v 0.31682712 -0.08757109 -0.32860735
v 0.31707737 -0.08765326 -0.32856956
v 0.32336128 -0.08715792 -0.32938522
v 0.32344335 -0.08716081 -0.32938939
v 0.32319042 -0.08758292 -0.32907921
v 0.32344335 -0.08802849 -0.32879096
v 0.32336128 -0.08802560 -0.32878676
v 0.32331681 -0.08792401 -0.32885349
v 0.32176498 -0.08544169 -0.33044848
v 0.32179368 -0.08546977 -0.33043128
v 0.32191339 -0.08577484 -0.33022991
v 0.32173228 -0.08534256 -0.33051440
v 0.32165021 -0.08533966 -0.33051020
v 0.32165021 -0.08620119 -0.32991600
v 0.32173228 -0.08620408 -0.32992020
v 0.32327524 -0.08789206 -0.32887238
v 0.32289851 -0.08778272 -0.32891938
v 0.32320711 -0.08787657 -0.32887793
v 0.32313621 -0.08788536 -0.32886651
v 0.32184511 -0.08548867 -0.33042213
v 0.32186908 -0.08549096 -0.33042234
v 0.32219177 -0.08559184 -0.33037713
v 0.32214761 -0.08544233 -0.33047691
v 0.32263756 -0.08551806 -0.33046162
v 0.32243612 -0.08538378 -0.33053905
v 0.32255673 -0.08537573 -0.33055371
v 0.32274988 -0.08552735 -0.33046371
v 0.32268482 -0.08537614 -0.33056307
v 0.32301939 -0.08561377 -0.33042443
v 0.32320192 -0.08549573 -0.33051962
v 0.32319251 -0.08577476 -0.33032644
v 0.32351139 -0.08574002 -0.33037445
v 0.32324439 -0.08595176 -0.33020830
v 0.32363948 -0.08602837 -0.33018523
v 0.32364482 -0.08610741 -0.33013114
v 0.32318223 -0.08613623 -0.33007637
v 0.32355559 -0.08639891 -0.32992336
v 0.32299072 -0.08630589 -0.32994491
v 0.32332751 -0.08661584 -0.32975653
v 0.32202271 -0.08675417 -0.32956269
v 0.32251322 -0.08799570 -0.32874343
v 0.32251570 -0.08784810 -0.32884541
v 0.32276255 -0.08797988 -0.32877314
v 0.32302803 -0.08791539 -0.32883763
v 0.32273704 -0.08688976 -0.32952309
v 0.32230866 -0.08708337 -0.32935724
v 0.32170030 -0.08702657 -0.32935050
v 0.32207301 -0.08723763 -0.32923305
v 0.32161787 -0.08730363 -0.32915321
v 0.32200027 -0.08733454 -0.32916072
v 0.32162303 -0.08737966 -0.32910115
v 0.32197601 -0.08744343 -0.32908380
v 0.32174522 -0.08765445 -0.32892084
v 0.32202175 -0.08759929 -0.32897976
v 0.32204044 -0.08788642 -0.32878312
v 0.32219166 -0.08776022 -0.32888156
v 0.32244194 -0.08784239 -0.32884377
v 0.32797474 -0.08788877 -0.32922915
v 0.32767817 -0.08809831 -0.32906225
v 0.32756686 -0.08798310 -0.32913333
v 0.32692772 -0.08802416 -0.32905680
v 0.32702160 -0.08785727 -0.32917899
v 0.32707196 -0.08791437 -0.32914338
v 0.32713288 -0.08812216 -0.32900468
v 0.32719943 -0.08800348 -0.32909155
v 0.32734552 -0.08815991 -0.32899469
v 0.32734305 -0.08803675 -0.32907945
v 0.32746491 -0.08802566 -0.32909629
v 0.32685184 -0.08742354 -0.32946533
v 0.32658839 -0.08768614 -0.32926431
v 0.32679340 -0.08677226 -0.32991010
v 0.32768252 -0.08786769 -0.32922164
v 0.32777578 -0.08768893 -0.32935196
v 0.32823589 -0.08746824 -0.32953888
v 0.32785600 -0.08737022 -0.32957783
v 0.32832295 -0.08691233 -0.32992887
v 0.32788274 -0.08697681 -0.32985118
v 0.32828677 -0.08651713 -0.33019871
v 0.32785663 -0.08646256 -0.33020389
v 0.32804966 -0.08596270 -0.33056322
v 0.32777828 -0.08607673 -0.33046409
v 0.32797763 -0.08587347 -0.33061934
v 0.32763919 -0.08582003 -0.33063066
v 0.32764518 -0.08563475 -0.33075890
v 0.32746023 -0.08570023 -0.33069977
v 0.32732314 -0.08555403 -0.33079028
v 0.32733062 -0.08567121 -0.33071002
v 0.32722834 -0.08555591 -0.33078182
v 0.32717264 -0.08569735 -0.33068007
v 0.32692397 -0.08564611 -0.33069667
v 0.32704979 -0.08578117 -0.33061299
v 0.32659695 -0.08595303 -0.33046031
v 0.32694760 -0.08593258 -0.33050087
v 0.32641414 -0.08633991 -0.33017969
v 0.32683197 -0.08630387 -0.33023605
v 0.32635319 -0.08680391 -0.32985505
v 0.32637897 -0.08713301 -0.32963002
v 0.32877085 -0.08567665 -0.33081490
v 0.32883283 -0.08564920 -0.33083853
v 0.32890987 -0.08594073 -0.33064327
v 0.32983753 -0.08717291 -0.32986340
v 0.33015090 -0.08747113 -0.32968134
v 0.32982621 -0.08734413 -0.32974446
v 0.32918593 -0.08696532 -0.32995743
v 0.32918593 -0.08690994 -0.32999560
v 0.32923046 -0.08697263 -0.32995573
v 0.32925805 -0.08691248 -0.32999930
v 0.32964543 -0.08714607 -0.32986742
v 0.32960004 -0.08686403 -0.33005852
v 0.33025348 -0.08771667 -0.32951975
v 0.32987905 -0.08762792 -0.32955271
v 0.32988232 -0.08757243 -0.32959121
v 0.33007005 -0.08707975 -0.32994518
v 0.32986489 -0.08673901 -0.33016473
v 0.33030787 -0.08686942 -0.33010820
v 0.32975173 -0.08571760 -0.33086067
v 0.32959449 -0.08580212 -0.33079049
v 0.32920334 -0.08562031 -0.33088639
v 0.32950428 -0.08579297 -0.33079001
v 0.32896709 -0.08593198 -0.33065361
v 0.33025536 -0.08775379 -0.32949427
v 0.33021805 -0.08791350 -0.32938132
v 0.32979828 -0.08781677 -0.32941636
v 0.33010614 -0.08806032 -0.32927161
v 0.32961869 -0.08794183 -0.32931656
v 0.32990041 -0.08818897 -0.32916737
v 0.32937744 -0.08797925 -0.32927257
v 0.32954657 -0.08823752 -0.32910720
v 0.32932171 -0.08797527 -0.32927111
v 0.32915971 -0.08814878 -0.32913920
v 0.32905784 -0.08789157 -0.32930893
v 0.32887596 -0.08791962 -0.32927585
v 0.32879546 -0.08765309 -0.32945362
v 0.32872087 -0.08767918 -0.32942998
v 0.32941288 -0.08579488 -0.33078179
v 0.32932770 -0.08580726 -0.33076683
v 0.32914117 -0.08586940 -0.33070990
v 0.32993144 -0.08667571 -0.33021340
v 0.32999173 -0.08658759 -0.33027872
v 0.33040458 -0.08653855 -0.33034369
v 0.33005142 -0.08644866 -0.33037904
v 0.33034179 -0.08623224 -0.33055022
v 0.33007133 -0.08630527 -0.33047944
v 0.33015341 -0.08596560 -0.33071992
v 0.33001542 -0.08609045 -0.33062339
v 0.32982689 -0.08589420 -0.33074453
v 0.32869053 -0.08574632 -0.33076081
v 0.32867360 -0.08580061 -0.33072209
v 0.32867485 -0.08581674 -0.33071104
v 0.32885268 -0.08594231 -0.33063787
v 0.32870069 -0.08587197 -0.33067492
v 0.32876509 -0.08592186 -0.33064535
v 0.32213661 -0.07877125 -0.32090986
v 0.32213661 -0.07874253 -0.32092968
v 0.31919193 -0.07863872 -0.32077914
v 0.32953930 -0.07905823 -0.32127035
v 0.32992476 -0.07902429 -0.32132283
v 0.32921970 -0.07902097 -0.32127193
v 0.33136725 -0.07906797 -0.32140154
v 0.31860128 -0.07916660 -0.32037050
v 0.31858996 -0.07908073 -0.32042888
v 0.31849444 -0.07892068 -0.32053205
v 0.31708914 -0.07941893 -0.32008243
v 0.31919193 -0.07866743 -0.32075936
v 0.31880024 -0.08037566 -0.31955162
v 0.31880024 -0.08124334 -0.31895319
v 0.31750900 -0.07882357 -0.32052469
v 0.31726706 -0.07899331 -0.32038939
v 0.31793526 -0.07873219 -0.32061988
v 0.31799445 -0.07873290 -0.32062384
v 0.31793272 -0.08106323 -0.31901196
v 0.31766552 -0.08029822 -0.31951943
v 0.31787258 -0.08106294 -0.31900764
v 0.31742987 -0.08045247 -0.31939527
v 0.31862289 -0.07874530 -0.32066271
v 0.31891245 -0.07901664 -0.32049739
v 0.31900167 -0.07932226 -0.32029337
v 0.31733277 -0.08106637 -0.31896454
v 0.31742290 -0.08087248 -0.31910506
v 0.31761143 -0.08100747 -0.31902620
v 0.31733915 -0.08071776 -0.31920546
v 0.31733289 -0.08065828 -0.31924602
v 0.31735712 -0.08054939 -0.31932294
v 0.31830812 -0.08097499 -0.31910113
v 0.31855300 -0.08079089 -0.31924659
v 0.31809393 -0.08010460 -0.31968528
v 0.31871817 -0.08037276 -0.31954744
v 0.31877047 -0.07976969 -0.31996733
v 0.31892064 -0.07960080 -0.32009512
v 0.31838489 -0.08113024 -0.31899986
v 0.31811941 -0.08119472 -0.31893536
v 0.31705996 -0.08081049 -0.31912044
v 0.31697476 -0.08051848 -0.31931543
v 0.31698880 -0.08039712 -0.31940019
v 0.31714484 -0.08013643 -0.31959176
v 0.31829715 -0.07879037 -0.32060707
v 0.31849310 -0.08110020 -0.31902874
v 0.31871316 -0.08122233 -0.31896111
v 0.31787008 -0.08121055 -0.31890562
v 0.31773892 -0.08120007 -0.31890297
v 0.31871817 -0.08124045 -0.31894898
v 0.31855181 -0.07933113 -0.32025331
v 0.31834760 -0.07952073 -0.32010713
v 0.31738523 -0.07996592 -0.31972748
v 0.31866825 -0.08113258 -0.31901962
v 0.31862497 -0.08110373 -0.31903625
v 0.31856397 -0.08109142 -0.31904015
v 0.31700709 -0.07941604 -0.32007822
v 0.31700709 -0.07859040 -0.32064766
v 0.31700709 -0.07856169 -0.32066748
v 0.31700709 -0.07855450 -0.32067242
v 0.31804168 -0.07859098 -0.32072529
v 0.31818843 -0.07860279 -0.32072821
v 0.31791359 -0.07859057 -0.32071593
v 0.31708914 -0.07855740 -0.32067662
v 0.33136725 -0.07909668 -0.32138172
v 0.33160850 -0.07912673 -0.32137918
v 0.33340412 -0.07919004 -0.32147098
v 0.33272517 -0.08020814 -0.32071757
v 0.33160850 -0.07919442 -0.32133251
v 0.33169553 -0.08098208 -0.32010612
v 0.33302301 -0.08072872 -0.32038099
v 0.33252066 -0.08143421 -0.31985652
v 0.33244663 -0.08143523 -0.31985024
v 0.33300182 -0.08165154 -0.31974292
v 0.33217189 -0.08137924 -0.31986812
v 0.33192986 -0.08122062 -0.31995928
v 0.33177760 -0.08098498 -0.32011032
v 0.33332455 -0.08070926 -0.32041717
v 0.33340475 -0.08090286 -0.32028970
v 0.33256352 -0.08172242 -0.31966096
v 0.33248702 -0.08171742 -0.31965864
v 0.33211380 -0.08160686 -0.31970677
v 0.33187440 -0.08140696 -0.31982657
v 0.33208600 -0.07942253 -0.32121119
v 0.33233035 -0.07963525 -0.32108292
v 0.33288187 -0.07945059 -0.32125187
v 0.33278486 -0.08005435 -0.32082814
v 0.33331490 -0.07950252 -0.32124871
v 0.33343148 -0.08109457 -0.32015949
v 0.33342588 -0.08117279 -0.32010511
v 0.33330113 -0.08143902 -0.31991208
v 0.33276966 -0.08136463 -0.31992328
v 0.33296803 -0.08119004 -0.32005867
v 0.33304849 -0.08091081 -0.32025734
v 0.33361802 -0.07967962 -0.32114944
v 0.33310631 -0.08039285 -0.32061893
v 0.33353594 -0.07967673 -0.32114524
v 0.33349046 -0.07962061 -0.32118052
v 0.32516953 -0.08132431 -0.31937781
v 0.32484126 -0.08092094 -0.31963125
v 0.32483301 -0.07896139 -0.32098213
v 0.32493827 -0.07889602 -0.32103515
v 0.32458010 -0.07885740 -0.32103476
v 0.32479718 -0.07901842 -0.32094008
v 0.32679981 -0.07893565 -0.32114825
v 0.32587212 -0.07895936 -0.32106191
v 0.32627380 -0.07920736 -0.32092115
v 0.32622653 -0.08130208 -0.31947285
v 0.32598963 -0.08144142 -0.31935889
v 0.32566696 -0.08147927 -0.31930843
v 0.32549730 -0.08146100 -0.31930825
v 0.32491586 -0.08089486 -0.31965485
v 0.32500446 -0.08099882 -0.31958982
v 0.32571575 -0.08035538 -0.32008728
v 0.32497308 -0.07918407 -0.32083911
v 0.32494983 -0.07918221 -0.32083863
v 0.32530633 -0.08015171 -0.32019687
v 0.32634661 -0.08020822 -0.32023636
v 0.32595792 -0.08041468 -0.32006463
v 0.32606441 -0.08049781 -0.32001534
v 0.32524499 -0.08116614 -0.31949258
v 0.32549784 -0.08122101 -0.31947380
v 0.32558674 -0.08121873 -0.31948209
v 0.32486975 -0.07915515 -0.32085127
v 0.32481098 -0.07909980 -0.32088500
v 0.32479399 -0.07904238 -0.32092333
v 0.32544810 -0.07904902 -0.32096809
v 0.32526156 -0.07911117 -0.32091114
v 0.32572043 -0.08010579 -0.32025978
v 0.32632065 -0.08079177 -0.31983191
v 0.32637575 -0.08099555 -0.31969553
v 0.32633844 -0.08115526 -0.31958255
v 0.32593051 -0.08055743 -0.31996411
v 0.32600272 -0.08081420 -0.31979248
v 0.32594669 -0.08102052 -0.31964594
v 0.32580042 -0.08115438 -0.31954259
v 0.32537845 -0.08015425 -0.32020056
v 0.32508746 -0.07917374 -0.32085487
v 0.32503027 -0.07918250 -0.32084450
v 0.32646218 -0.07947400 -0.32075146
v 0.32652497 -0.07978032 -0.32054493
v 0.32646477 -0.08004865 -0.32035533
v 0.32605183 -0.07991748 -0.32041466
v 0.32611212 -0.07982935 -0.32047999
v 0.32553327 -0.07903664 -0.32098305
v 0.32598528 -0.07998078 -0.32036597
v 0.32608074 -0.07925376 -0.32087460
v 0.32586238 -0.07908885 -0.32097188
v 0.32618573 -0.07947309 -0.32073125
v 0.32562467 -0.07903474 -0.32099125
v 0.32619172 -0.07954703 -0.32068071
v 0.32617182 -0.07969043 -0.32058030
v 0.32679981 -0.07890694 -0.32116804
v 0.32458010 -0.07882868 -0.32105458
v 0.32532373 -0.07886208 -0.32108763
v 0.31779298 -0.07859863 -0.32070127
v 0.31709737 -0.07859649 -0.32065028
v 0.31750450 -0.07865717 -0.32063913
v 0.31713104 -0.07866856 -0.32060310
v 0.31716767 -0.07869370 -0.32058853
v 0.31722593 -0.07870581 -0.32058457
v 0.32416478 -0.08056479 -0.31982586
v 0.32416478 -0.08143247 -0.31922740
v 0.32235336 -0.08058625 -0.31967440
v 0.32250941 -0.08032556 -0.31986597
v 0.32245371 -0.07960806 -0.32035664
v 0.32274976 -0.08015504 -0.32000172
v 0.32269731 -0.08125550 -0.31923875
v 0.32242450 -0.08099963 -0.31939468
v 0.32233930 -0.08070760 -0.31958964
v 0.32329729 -0.08125237 -0.31928620
v 0.32303005 -0.08048735 -0.31979367
v 0.32323712 -0.08125208 -0.31928185
v 0.32279441 -0.08064160 -0.31966949
v 0.32398745 -0.07893443 -0.32093695
v 0.32427698 -0.07920577 -0.32077163
v 0.32436624 -0.07951139 -0.32056758
v 0.32278743 -0.08106162 -0.31937930
v 0.32297599 -0.08119660 -0.31930041
v 0.32270369 -0.08090690 -0.31947967
v 0.32269743 -0.08084741 -0.31952024
v 0.32272169 -0.08073852 -0.31959715
v 0.32367265 -0.08116412 -0.31937537
v 0.32391757 -0.08098003 -0.31952080
v 0.32345846 -0.08029374 -0.31995952
v 0.32408270 -0.08056189 -0.31982166
v 0.32413501 -0.07995883 -0.32024154
v 0.32428518 -0.07978994 -0.32036933
v 0.32374945 -0.08131937 -0.31927410
v 0.32348394 -0.08138385 -0.31920958
v 0.32371214 -0.07970987 -0.32038134
v 0.32335898 -0.07892203 -0.32089809
v 0.32391638 -0.07952026 -0.32052752
v 0.32323462 -0.08139968 -0.31917986
v 0.32310346 -0.08138920 -0.31917718
v 0.32263163 -0.07918244 -0.32066360
v 0.32287353 -0.07901270 -0.32079893
v 0.32329980 -0.07892132 -0.32089412
v 0.32385901 -0.07910982 -0.32080629
v 0.32366168 -0.07897950 -0.32088128
v 0.32395449 -0.07926986 -0.32070309
v 0.32396582 -0.07935573 -0.32064474
v 0.32530633 -0.08020709 -0.32015866
v 0.32408270 -0.08142958 -0.31922323
v 0.32407770 -0.08141147 -0.31923532
v 0.32385764 -0.08128934 -0.31930295
v 0.32403278 -0.08132171 -0.31929383
v 0.32398951 -0.08129286 -0.31931049
v 0.32392851 -0.08128055 -0.31931436
v 0.32355297 -0.07879192 -0.32100245
v 0.32237163 -0.07875082 -0.32094169
v 0.32237163 -0.07874364 -0.32094663
v 0.32340622 -0.07878011 -0.32099953
v 0.32327816 -0.07877970 -0.32099015
v 0.32245371 -0.07874653 -0.32095084
v 0.32315752 -0.07878776 -0.32097548
v 0.32246193 -0.07878562 -0.32092449
v 0.32286903 -0.07884630 -0.32091334
v 0.32249561 -0.07885769 -0.32087734
v 0.32253221 -0.07888283 -0.32086274
v 0.32259047 -0.07889494 -0.32085881
v 0.32237163 -0.07877953 -0.32092187
v 0.32237163 -0.07960517 -0.32035244
v 0.32731834 -0.07935701 -0.32089674
v 0.32746404 -0.07918507 -0.32102633
v 0.32777315 -0.07899463 -0.32118100
v 0.32804456 -0.07895800 -0.32122672
v 0.32853815 -0.07913505 -0.32114184
v 0.32890037 -0.07958696 -0.32085750
v 0.32904434 -0.08031631 -0.32036531
v 0.32895732 -0.08087222 -0.31997535
v 0.32869616 -0.08129275 -0.31966558
v 0.32863763 -0.08134835 -0.31962281
v 0.32764912 -0.08142813 -0.31949323
v 0.32755288 -0.08136077 -0.31953242
v 0.32833359 -0.08152722 -0.31947652
v 0.32806695 -0.08156389 -0.31943113
v 0.32785431 -0.08152614 -0.31944111
v 0.32721993 -0.08092841 -0.31980553
v 0.32707462 -0.08020789 -0.32029149
v 0.32713556 -0.07974389 -0.32061613
v 0.32817751 -0.07897484 -0.32122514
v 0.32921970 -0.07899226 -0.32129174
v 0.32943404 -0.07912360 -0.32121733
v 0.32944229 -0.08108316 -0.31986642
v 0.32951689 -0.08105706 -0.31989005
v 0.32990736 -0.08031392 -0.32043207
v 0.32955086 -0.07934442 -0.32107383
v 0.32947075 -0.07931737 -0.32108644
v 0.33047315 -0.07912157 -0.32129711
v 0.33087480 -0.07936957 -0.32115635
v 0.33009833 -0.08162321 -0.31954345
v 0.33026797 -0.08164149 -0.31954363
v 0.33059067 -0.08160364 -0.31959409
v 0.33082756 -0.08146430 -0.31970805
v 0.32960549 -0.08116103 -0.31982502
v 0.33031678 -0.08051759 -0.32032248
v 0.32990736 -0.08036930 -0.32039386
v 0.32957408 -0.07934628 -0.32107431
v 0.33094764 -0.08037043 -0.32047155
v 0.33055896 -0.08057689 -0.32029983
v 0.33066544 -0.08066002 -0.32025054
v 0.32984602 -0.08132835 -0.31972778
v 0.33009887 -0.08138322 -0.31970900
v 0.33018777 -0.08138094 -0.31971729
v 0.32941201 -0.07926202 -0.32112020
v 0.32939503 -0.07920459 -0.32115853
v 0.32939819 -0.07918064 -0.32117528
v 0.33004913 -0.07921124 -0.32120326
v 0.32986259 -0.07927338 -0.32114634
v 0.33032146 -0.08026800 -0.32049495
v 0.32977057 -0.08148652 -0.31961298
v 0.33092165 -0.08095399 -0.32006711
v 0.33097678 -0.08115777 -0.31993073
v 0.33093947 -0.08131748 -0.31981775
v 0.33053154 -0.08071964 -0.32019931
v 0.33060372 -0.08097641 -0.32002768
v 0.33054772 -0.08118273 -0.31988114
v 0.33040145 -0.08131660 -0.31977779
v 0.32997948 -0.08031646 -0.32043573
v 0.32968849 -0.07933596 -0.32109004
v 0.32963130 -0.07934471 -0.32107970
v 0.33106321 -0.07963622 -0.32098666
v 0.33112600 -0.07994253 -0.32078013
v 0.33106577 -0.08021086 -0.32059053
v 0.33065283 -0.08007969 -0.32064983
v 0.33071315 -0.07999156 -0.32071516
v 0.33013430 -0.07919885 -0.32121825
v 0.33058631 -0.08014299 -0.32060117
v 0.33068174 -0.07941597 -0.32110980
v 0.33046338 -0.07925107 -0.32120705
v 0.33078673 -0.07963530 -0.32096645
v 0.33022571 -0.07919695 -0.32122645
v 0.33079275 -0.07970925 -0.32091591
v 0.33077285 -0.07985264 -0.32081550
v 0.32006863 -0.08107267 -0.31916657
v 0.32043421 -0.08108556 -0.31918526
v 0.32043421 -0.07916763 -0.32050806
v 0.32193390 -0.08070767 -0.31955901
v 0.32190156 -0.08129524 -0.31915134
v 0.31988582 -0.08105956 -0.31916183
v 0.31941703 -0.08120765 -0.31902432
v 0.31938219 -0.08061771 -0.31942859
v 0.32037055 -0.07887936 -0.32070208
v 0.32027629 -0.07881899 -0.32073662
v 0.32011092 -0.07878906 -0.32074478
v 0.32000396 -0.07878529 -0.32073930
v 0.32000396 -0.07871760 -0.32078600
v 0.32129225 -0.07876302 -0.32085186
v 0.31946677 -0.08062069 -0.31943291
v 0.31949848 -0.08076927 -0.31933281
v 0.32129225 -0.07883071 -0.32080516
v 0.32086447 -0.07918280 -0.32053006
v 0.32086447 -0.08110073 -0.31920725
v 0.32129225 -0.08111581 -0.31922913
v 0.32038447 -0.07889511 -0.32069227
v 0.32042149 -0.07899228 -0.32062805
v 0.32043421 -0.07916517 -0.32050976
v 0.31961814 -0.08094921 -0.31921774
v 0.31976521 -0.08103531 -0.31916946
v 0.32184935 -0.08070469 -0.31955469
v 0.32118779 -0.07882703 -0.32079983
v 0.32118198 -0.07882684 -0.32079950
v 0.32102925 -0.07884224 -0.32077739
v 0.32092416 -0.07889568 -0.32073259
v 0.32150039 -0.08110300 -0.31925365
v 0.32162496 -0.08106265 -0.31929088
v 0.32178220 -0.08092386 -0.31939846
v 0.32182011 -0.08083597 -0.31946194
v 0.32087940 -0.07899512 -0.32066062
v 0.32091695 -0.07890327 -0.32072681
v 0.33298829 -0.08104605 -0.32084110
v 0.33301377 -0.08122814 -0.32071742
v 0.33337006 -0.08122019 -0.32074979
v 0.33336943 -0.07950737 -0.32193109
v 0.33157378 -0.07944407 -0.32183930
v 0.33157378 -0.07951175 -0.32179260
v 0.33350125 -0.07999406 -0.32160535
v 0.33358333 -0.07999696 -0.32160956
v 0.33345577 -0.07993795 -0.32164061
v 0.33328021 -0.07981986 -0.32170883
v 0.33339679 -0.08141191 -0.32061958
v 0.33293331 -0.08150738 -0.32051876
v 0.33339119 -0.08149012 -0.32056522
v 0.33269048 -0.08052547 -0.32117769
v 0.33229566 -0.07995258 -0.32154301
v 0.33205131 -0.07973987 -0.32167131
v 0.33284715 -0.07976793 -0.32171199
v 0.33328983 -0.08102660 -0.32087725
v 0.33307159 -0.08071019 -0.32107902
v 0.33275014 -0.08037168 -0.32128826
v 0.33174291 -0.08130231 -0.32057041
v 0.33166084 -0.08129942 -0.32056621
v 0.33189517 -0.08153795 -0.32041937
v 0.33183968 -0.08172429 -0.32028666
v 0.33213720 -0.08169658 -0.32032824
v 0.33207908 -0.08192419 -0.32016686
v 0.33241192 -0.08175256 -0.32031032
v 0.33245230 -0.08203476 -0.32011876
v 0.33248597 -0.08175154 -0.32031664
v 0.33252880 -0.08203976 -0.32012108
v 0.33273494 -0.08168197 -0.32038340
v 0.33296710 -0.08196887 -0.32020304
v 0.33326641 -0.08175635 -0.32037216
v 0.32549858 -0.07935397 -0.32144314
v 0.32558995 -0.07935207 -0.32145137
v 0.32528904 -0.07917941 -0.32154775
v 0.32619184 -0.08161942 -0.31993297
v 0.32591200 -0.08133785 -0.32010606
v 0.32576570 -0.08147172 -0.32000268
v 0.32592323 -0.08073201 -0.32052475
v 0.32568103 -0.08067271 -0.32054737
v 0.32602972 -0.08081514 -0.32047546
v 0.32589579 -0.08087476 -0.32042423
v 0.32628593 -0.08110911 -0.32029203
v 0.32596800 -0.08113153 -0.32025257
v 0.32634106 -0.08131289 -0.32015562
v 0.32630375 -0.08147260 -0.32004267
v 0.32583743 -0.07927670 -0.32152203
v 0.32582766 -0.07940619 -0.32143196
v 0.32623908 -0.07952470 -0.32138127
v 0.32604602 -0.07957109 -0.32133469
v 0.32642749 -0.07979134 -0.32121158
v 0.32527164 -0.08046904 -0.32065696
v 0.32527164 -0.08052442 -0.32061878
v 0.32534376 -0.08047158 -0.32066065
v 0.32568571 -0.08042312 -0.32071987
v 0.32595059 -0.08029811 -0.32082608
v 0.32631192 -0.08052555 -0.32069647
v 0.32488117 -0.08121219 -0.32011497
v 0.32480654 -0.08123828 -0.32009134
v 0.32496974 -0.08131615 -0.32004994
v 0.32513484 -0.08164164 -0.31983790
v 0.32521030 -0.08148348 -0.31995270
v 0.32491514 -0.07949954 -0.32129875
v 0.32493836 -0.07950141 -0.32129923
v 0.32490358 -0.07921335 -0.32149526
v 0.32499558 -0.07949983 -0.32130462
v 0.32546312 -0.08153834 -0.31993392
v 0.32546258 -0.08177833 -0.31976834
v 0.32555202 -0.08153606 -0.31994218
v 0.32563224 -0.08179661 -0.31976855
v 0.32595494 -0.08175876 -0.31981900
v 0.32505277 -0.07949108 -0.32131496
v 0.32522684 -0.07942850 -0.32137126
v 0.32541338 -0.07936636 -0.32142818
v 0.32479832 -0.07927872 -0.32144225
v 0.32476246 -0.07933576 -0.32140020
v 0.32475930 -0.07935971 -0.32138345
v 0.32477629 -0.07941714 -0.32134509
v 0.32483503 -0.07947249 -0.32131135
v 0.32615101 -0.07979042 -0.32119134
v 0.32615700 -0.07986437 -0.32114080
v 0.32649028 -0.08009765 -0.32100505
v 0.32613713 -0.08000776 -0.32104039
v 0.32643005 -0.08036599 -0.32081544
v 0.32607743 -0.08014669 -0.32094008
v 0.32601711 -0.08023481 -0.32087475
v 0.32174748 -0.08124119 -0.31985858
v 0.32159027 -0.08137998 -0.31975099
v 0.32186687 -0.08161258 -0.31961143
v 0.32146567 -0.08142033 -0.31971377
v 0.31985113 -0.08137690 -0.31962192
v 0.31973049 -0.08135264 -0.31962955
v 0.31938231 -0.08152498 -0.31948441
v 0.32189921 -0.08102500 -0.32001913
v 0.32181463 -0.08102202 -0.32001480
v 0.32178542 -0.08115330 -0.31992206
v 0.32125753 -0.08143315 -0.31968921
v 0.32082978 -0.08141807 -0.31966737
v 0.31996927 -0.07910263 -0.32119942
v 0.32007620 -0.07910640 -0.32120487
v 0.31996927 -0.07903493 -0.32124609
v 0.32024160 -0.07913633 -0.32119671
v 0.32125753 -0.07908035 -0.32131195
v 0.32088223 -0.07922061 -0.32118690
v 0.32088947 -0.07921302 -0.32119268
v 0.32034978 -0.07921245 -0.32115236
v 0.31943205 -0.08093803 -0.31989300
v 0.31934750 -0.08093505 -0.31988868
v 0.31946379 -0.08108661 -0.31979293
v 0.31958342 -0.08126654 -0.31967783
v 0.32125753 -0.07914805 -0.32126528
v 0.32115307 -0.07914436 -0.32125992
v 0.32114726 -0.07914418 -0.32125962
v 0.32099456 -0.07915957 -0.32123747
v 0.32033587 -0.07919670 -0.32116219
v 0.32084468 -0.07931246 -0.32112074
v 0.32038680 -0.07930961 -0.32108814
v 0.32082978 -0.07950014 -0.32099015
v 0.32039952 -0.07948250 -0.32096988
v 0.32039952 -0.07948497 -0.32096815
v 0.32039952 -0.08140290 -0.31964538
v 0.32003391 -0.08139001 -0.31962666
v 0.31867844 -0.08153967 -0.31942120
v 0.31868345 -0.08155778 -0.31940910
v 0.31876552 -0.08156067 -0.31941327
v 0.31863353 -0.08144991 -0.31947973
v 0.31697237 -0.07973337 -0.32053831
v 0.31709635 -0.07898589 -0.32106322
v 0.31697237 -0.07887184 -0.32113251
v 0.31706268 -0.07891382 -0.32111037
v 0.31705445 -0.07887474 -0.32113671
v 0.31852925 -0.08140875 -0.31950024
v 0.31859025 -0.08142106 -0.31949636
v 0.31851831 -0.08110823 -0.31970668
v 0.31868345 -0.08069009 -0.32000753
v 0.31876552 -0.08069299 -0.32001173
v 0.31705445 -0.07973626 -0.32054251
v 0.31723237 -0.07931064 -0.32084948
v 0.31713295 -0.07901103 -0.32104862
v 0.31729805 -0.08138371 -0.31942463
v 0.31770420 -0.08151741 -0.31936306
v 0.31783786 -0.08138028 -0.31946772
v 0.31783536 -0.08152788 -0.31936574
v 0.31789804 -0.08138057 -0.31947207
v 0.31808469 -0.08151206 -0.31939545
v 0.31827340 -0.08129232 -0.31956124
v 0.31835020 -0.08144757 -0.31945997
v 0.31845838 -0.08141754 -0.31948882
v 0.31757674 -0.08132480 -0.31948629
v 0.31738818 -0.08118982 -0.31956518
v 0.31702524 -0.08112783 -0.31958055
v 0.31730443 -0.08103510 -0.31966555
v 0.31694004 -0.08083580 -0.31977552
v 0.31729817 -0.08097561 -0.31970611
v 0.31695411 -0.08071446 -0.31986028
v 0.31732243 -0.08086672 -0.31978303
v 0.31711015 -0.08045376 -0.32005185
v 0.31739518 -0.08076980 -0.31985539
v 0.31735051 -0.08028325 -0.32018760
v 0.31790054 -0.07904952 -0.32108000
v 0.31775829 -0.07891596 -0.32116136
v 0.31747428 -0.07914090 -0.32098481
v 0.31746978 -0.07897450 -0.32109922
v 0.31719124 -0.07902315 -0.32104468
v 0.31763083 -0.08061555 -0.31997955
v 0.31805921 -0.08042194 -0.32014540
v 0.31831288 -0.07983807 -0.32056722
v 0.31873575 -0.08008703 -0.32042742
v 0.31851712 -0.07964846 -0.32071340
v 0.31888592 -0.07991814 -0.32055524
v 0.31856656 -0.07948393 -0.32083061
v 0.31896698 -0.07963959 -0.32075346
v 0.31855524 -0.07939807 -0.32088897
v 0.31887773 -0.07933398 -0.32095751
v 0.31845975 -0.07923802 -0.32099217
v 0.31858820 -0.07906263 -0.32112283
v 0.31826246 -0.07910770 -0.32106715
v 0.31815374 -0.07892013 -0.32118833
v 0.31795973 -0.07905024 -0.32108396
v 0.31800699 -0.07890832 -0.32118541
v 0.31787890 -0.07890790 -0.32117602
v 0.32404301 -0.08172880 -0.31969541
v 0.32404801 -0.08174691 -0.31968331
v 0.32413006 -0.08174980 -0.31968752
v 0.32399806 -0.08163904 -0.31975394
v 0.32233691 -0.07992250 -0.32081255
v 0.32246089 -0.07917503 -0.32133743
v 0.32233691 -0.07906097 -0.32140675
v 0.32242721 -0.07910296 -0.32138461
v 0.32241899 -0.07906387 -0.32141092
v 0.32389382 -0.08159789 -0.31977448
v 0.32395482 -0.08161020 -0.31977057
v 0.32388285 -0.08129736 -0.31998092
v 0.32404801 -0.08087923 -0.32028174
v 0.32413006 -0.08088212 -0.32028595
v 0.32241899 -0.07992540 -0.32081673
v 0.32259691 -0.07949977 -0.32112372
v 0.32249752 -0.07920016 -0.32132286
v 0.32266259 -0.08157284 -0.31969887
v 0.32306874 -0.08170654 -0.31963730
v 0.32320240 -0.08156941 -0.31974196
v 0.32319993 -0.08171701 -0.31963995
v 0.32326257 -0.08156970 -0.31974629
v 0.32344925 -0.08170119 -0.31966969
v 0.32363793 -0.08148146 -0.31983545
v 0.32371473 -0.08163670 -0.31973419
v 0.32382292 -0.08160667 -0.31976306
v 0.32294127 -0.08151393 -0.31976050
v 0.32275274 -0.08137895 -0.31983939
v 0.32238981 -0.08131696 -0.31985477
v 0.32266897 -0.08122423 -0.31993979
v 0.32230458 -0.08102494 -0.32004973
v 0.32266271 -0.08116475 -0.31998032
v 0.32231864 -0.08090359 -0.32013449
v 0.32268697 -0.08105586 -0.32005727
v 0.32247469 -0.08064289 -0.32032609
v 0.32275972 -0.08095893 -0.32012960
v 0.32271504 -0.08047238 -0.32046181
v 0.32326511 -0.07923865 -0.32135421
v 0.32312283 -0.07910509 -0.32143560
v 0.32283881 -0.07933003 -0.32125902
v 0.32283431 -0.07916363 -0.32137346
v 0.32255578 -0.07921228 -0.32131889
v 0.32299536 -0.08080468 -0.32025376
v 0.32342374 -0.08061107 -0.32041961
v 0.32367742 -0.08002720 -0.32084146
v 0.32410032 -0.08027616 -0.32070163
v 0.32388166 -0.07983760 -0.32098761
v 0.32425046 -0.08010727 -0.32082945
v 0.32393110 -0.07967307 -0.32110482
v 0.32433152 -0.07982872 -0.32102770
v 0.32391980 -0.07958720 -0.32116321
v 0.32424226 -0.07952311 -0.32123172
v 0.32382429 -0.07942715 -0.32126638
v 0.32395273 -0.07925177 -0.32139704
v 0.32362700 -0.07929683 -0.32134140
v 0.32351828 -0.07910926 -0.32146254
v 0.32332426 -0.07923937 -0.32135817
v 0.32337153 -0.07909745 -0.32145962
v 0.32324344 -0.07909703 -0.32145026
v 0.32800984 -0.07927533 -0.32168683
v 0.32801732 -0.07939252 -0.32160658
v 0.32814279 -0.07929218 -0.32168525
v 0.32815886 -0.07942658 -0.32159376
v 0.32850346 -0.07945239 -0.32160196
v 0.32833573 -0.07955216 -0.32152048
v 0.32886565 -0.07990430 -0.32131758
v 0.32775867 -0.08163568 -0.32003993
v 0.32758552 -0.08133622 -0.32023343
v 0.32718521 -0.08124574 -0.32026562
v 0.32703990 -0.08052523 -0.32075161
v 0.32829887 -0.08184455 -0.31993663
v 0.32815161 -0.08174697 -0.31999281
v 0.32803223 -0.08188123 -0.31989121
v 0.32802975 -0.08175806 -0.31997597
v 0.32781959 -0.08184347 -0.31990123
v 0.32788613 -0.08172479 -0.31998810
v 0.32761443 -0.08174547 -0.31995332
v 0.32751817 -0.08167811 -0.31999254
v 0.32773843 -0.07931196 -0.32164109
v 0.32742932 -0.07950240 -0.32148641
v 0.32763430 -0.07965389 -0.32139739
v 0.32728365 -0.07967434 -0.32135683
v 0.32751867 -0.08002519 -0.32113260
v 0.32710084 -0.08006123 -0.32107621
v 0.32748011 -0.08049357 -0.32080665
v 0.32748589 -0.08069593 -0.32066751
v 0.32779086 -0.07945608 -0.32154566
v 0.32780650 -0.07944569 -0.32155401
v 0.32796264 -0.07939397 -0.32160145
v 0.32846498 -0.07979804 -0.32136065
v 0.32854334 -0.08018388 -0.32110044
v 0.32900965 -0.08063365 -0.32082540
v 0.32856944 -0.08069813 -0.32074773
v 0.32892260 -0.08118955 -0.32043543
v 0.32854271 -0.08109154 -0.32047439
v 0.32866147 -0.08161008 -0.32012570
v 0.32846248 -0.08141024 -0.32024851
v 0.32860291 -0.08166569 -0.32008293
v 0.32836923 -0.08158901 -0.32011819
v 0.32825360 -0.08170442 -0.32002985
v 0.33009958 -0.07951619 -0.32167834
v 0.33019099 -0.07951429 -0.32168657
v 0.32989004 -0.07934163 -0.32178295
v 0.33079284 -0.08178163 -0.32016817
v 0.33051300 -0.08150007 -0.32034123
v 0.33036673 -0.08163393 -0.32023787
v 0.33052427 -0.08089422 -0.32075995
v 0.33028206 -0.08083493 -0.32078257
v 0.33063075 -0.08097736 -0.32071063
v 0.33049682 -0.08103698 -0.32065943
v 0.33088696 -0.08127132 -0.32052723
v 0.33056903 -0.08129375 -0.32048777
v 0.33094206 -0.08147510 -0.32039082
v 0.33090478 -0.08163481 -0.32027787
v 0.33043844 -0.07943891 -0.32175720
v 0.33042869 -0.07956840 -0.32166716
v 0.33084011 -0.07968691 -0.32161647
v 0.33064705 -0.07973330 -0.32156989
v 0.33102849 -0.07995355 -0.32144678
v 0.32987264 -0.08063126 -0.32089216
v 0.32987264 -0.08068664 -0.32085395
v 0.32994476 -0.08063380 -0.32089585
v 0.33028674 -0.08058534 -0.32095507
v 0.33055162 -0.08046032 -0.32106128
v 0.33091292 -0.08068777 -0.32093164
v 0.32948217 -0.08137440 -0.32035014
v 0.32940757 -0.08140049 -0.32032654
v 0.32957077 -0.08147836 -0.32028514
v 0.32973588 -0.08180385 -0.32007310
v 0.32981130 -0.08164568 -0.32018787
v 0.32951614 -0.07966176 -0.32153395
v 0.32953939 -0.07966362 -0.32153440
v 0.32950458 -0.07937557 -0.32173043
v 0.32959658 -0.07966205 -0.32153982
v 0.33006415 -0.08170056 -0.32016909
v 0.33006361 -0.08194055 -0.32000354
v 0.33015305 -0.08169828 -0.32017738
v 0.33023328 -0.08195882 -0.32000372
v 0.33055598 -0.08192097 -0.32005417
v 0.32965380 -0.07965329 -0.32155016
v 0.32982787 -0.07959072 -0.32160646
v 0.33001441 -0.07952857 -0.32166338
v 0.32939935 -0.07944094 -0.32167742
v 0.32936350 -0.07949797 -0.32163540
v 0.32936031 -0.07952192 -0.32161862
v 0.32937729 -0.07957935 -0.32158029
v 0.32943606 -0.07963470 -0.32154655
v 0.33075204 -0.07995263 -0.32142654
v 0.33075804 -0.08002658 -0.32137600
v 0.33109128 -0.08025987 -0.32124025
v 0.33073813 -0.08016998 -0.32127559
v 0.33103108 -0.08052820 -0.32105061
v 0.33067846 -0.08030890 -0.32117528
v 0.33061814 -0.08039702 -0.32110995
v 0.28727293 -0.01445608 -0.22617652
v 0.28727293 -0.01116331 -0.22844756
v 0.28717864 -0.01192531 -0.22955239
v 0.28717864 -0.01521808 -0.22728135
v 0.28744602 -0.01267395 -0.23063783
v 0.28744602 -0.01596672 -0.22836679
v 0.28801286 -0.00914530 -0.22552165
v 0.28801286 -0.01243808 -0.22325061
v 0.29300055 -0.01022642 -0.22004394
v 0.29300055 -0.00693364 -0.22231498
v 0.29078540 -0.00719810 -0.22269841
v 0.29078540 -0.01049087 -0.22042738
v 0.28900144 -0.00798916 -0.22384536
v 0.28900144 -0.01128193 -0.22157432
v 0.29545635 -0.00702022 -0.22244051
v 0.29545635 -0.01031300 -0.22016947
v 0.29833278 -0.01096795 -0.22111909
v 0.29833278 -0.00767518 -0.22339013
v 0.29698610 -0.00721812 -0.22272745
v 0.29698610 -0.01051090 -0.22045641
v 0.31232607 -0.01594498 -0.22833526
v 0.31187493 -0.01254431 -0.23044987
v 0.30496508 -0.01378668 -0.22520596
v 0.30496508 -0.01049390 -0.22747700
v 0.29927579 -0.01143098 -0.22179043
v 0.32841146 -0.01806302 -0.23140620
v 0.32841146 -0.01477024 -0.23367724
v 0.32021371 -0.01738359 -0.23042110
v 0.32021371 -0.01409081 -0.23269214
v 0.31232607 -0.01265220 -0.23060630
v 0.32841462 -0.01477037 -0.23367743
v 0.32841462 -0.01806315 -0.23140639
v 0.30046511 -0.06417978 -0.30531603
v 0.30046511 -0.06747255 -0.30304497
v 0.30169210 -0.05296108 -0.28905004
v 0.30228370 -0.05084472 -0.27893633
v 0.30228370 -0.04755194 -0.28120735
v 0.27724877 -0.04179284 -0.26581201
v 0.27724877 -0.03850006 -0.26808307
v 0.27733013 -0.03966833 -0.26977691
v 0.27733013 -0.04296111 -0.26750588
v 0.27823308 -0.04071912 -0.27130046
v 0.27823308 -0.04401189 -0.26902941
v 0.27839699 -0.04083258 -0.27146497
v 0.27980480 -0.04476733 -0.27012473
v 0.27980480 -0.04147455 -0.27239576
v 0.28177923 -0.04180676 -0.27287742
v 0.28177923 -0.04509953 -0.27060640
v 0.27732542 -0.03829097 -0.26777989
v 0.27732542 -0.04158375 -0.26550886
v 0.27760860 -0.03782189 -0.26709977
v 0.27760860 -0.04111466 -0.26482874
v 0.27891883 -0.03918805 -0.26203534
v 0.27891883 -0.03589528 -0.26430640
v 0.27794424 -0.03678855 -0.26560155
v 0.27794424 -0.04008133 -0.26333049
v 0.28342408 -0.03262252 -0.25956121
v 0.28342408 -0.03591529 -0.25729018
v 0.28680417 -0.02893864 -0.25421998
v 0.28680417 -0.03223142 -0.25194892
v 0.28707212 -0.02855733 -0.25366712
v 0.28894603 -0.02825964 -0.24619026
v 0.28846309 -0.02612847 -0.25014549
v 0.28927243 -0.01998898 -0.23419866
v 0.28927243 -0.01669620 -0.23646970
v 0.28977808 -0.02413282 -0.24020679
v 0.28977808 -0.02084005 -0.24247783
v 0.28894603 -0.02496687 -0.24846131
v 0.28205407 -0.04015997 -0.27048975
v 0.28205407 -0.04345274 -0.26821870
v 0.28311557 -0.04003793 -0.27031282
v 0.28311557 -0.04333071 -0.26804176
v 0.28392741 -0.03963090 -0.26972267
v 0.28392741 -0.04292368 -0.26745161
v 0.28427202 -0.03904794 -0.26887742
v 0.28427202 -0.04234072 -0.26660639
v 0.28405708 -0.03844526 -0.26800358
v 0.28405708 -0.04173803 -0.26573256
v 0.28334019 -0.03798433 -0.26733530
v 0.28334019 -0.04127710 -0.26506424
v 0.28231341 -0.03778867 -0.26705161
v 0.28231341 -0.04108145 -0.26478058
v 0.28125188 -0.03791070 -0.26722854
v 0.28125188 -0.04120348 -0.26495752
v 0.28044006 -0.03831773 -0.26781869
v 0.28044006 -0.04161051 -0.26554766
v 0.28009543 -0.03890069 -0.26866391
v 0.28009543 -0.04219347 -0.26639289
v 0.28031039 -0.03950338 -0.26953778
v 0.28031039 -0.04279616 -0.26726672
v 0.28102729 -0.03996431 -0.27020606
v 0.28102729 -0.04325708 -0.26793504
v 0.29275894 -0.01104098 -0.22827019
v 0.29275894 -0.01433375 -0.22599916
v 0.29389039 -0.01091090 -0.22808160
v 0.29389039 -0.01420368 -0.22581056
v 0.29475567 -0.01047707 -0.22745258
v 0.29475567 -0.01376984 -0.22518153
v 0.29512298 -0.00985571 -0.22655167
v 0.29512298 -0.01314848 -0.22428063
v 0.29489389 -0.00921332 -0.22562027
v 0.29489389 -0.01250609 -0.22334923
v 0.29412976 -0.00872203 -0.22490796
v 0.29412976 -0.01201481 -0.22263692
v 0.29303536 -0.00851348 -0.22460559
v 0.29303536 -0.01180626 -0.22233455
v 0.29190391 -0.00864356 -0.22479418
v 0.29190391 -0.01193633 -0.22252314
v 0.29103860 -0.00907740 -0.22542320
v 0.29103860 -0.01237017 -0.22315216
v 0.29067129 -0.00969876 -0.22632411
v 0.29067129 -0.01299153 -0.22405307
v 0.29090041 -0.01034114 -0.22725551
v 0.29090041 -0.01363392 -0.22498447
v 0.29166451 -0.01083243 -0.22796781
v 0.29166451 -0.01412521 -0.22569679
v 0.30327708 -0.03915087 -0.26902667
v 0.30327708 -0.03585809 -0.27129769
v 0.30176637 -0.05296370 -0.28905386
v 0.30053475 -0.06093177 -0.30765197
v 0.30053475 -0.06422455 -0.30538094
v 0.30691114 -0.03670239 -0.26547661
v 0.30691114 -0.03340962 -0.26774767
v 0.29722908 -0.02729246 -0.25183317
v 0.29465708 -0.02149993 -0.25047985
v 0.29465708 -0.02479271 -0.24820879
v 0.32513499 -0.04804932 -0.27488327
v 0.32221314 -0.04704496 -0.27389899
v 0.32202142 -0.04782276 -0.27455479
v 0.31930473 -0.04660857 -0.27326626
v 0.31898654 -0.04736740 -0.27389455
v 0.31652153 -0.04596038 -0.27232647
v 0.31608233 -0.04669102 -0.27291387
v 0.31391117 -0.04511148 -0.27109563
v 0.31335846 -0.04580521 -0.27162954
v 0.31151828 -0.04407639 -0.26959488
v 0.31086153 -0.04472512 -0.27006352
v 0.30938384 -0.04287283 -0.26784983
v 0.30863425 -0.04346922 -0.26824260
v 0.30754435 -0.04152139 -0.26589039
v 0.30671477 -0.04205902 -0.26619795
v 0.30603129 -0.04004519 -0.26375005
v 0.30513594 -0.04051862 -0.26396453
v 0.30487055 -0.03846949 -0.26146543
v 0.30392471 -0.03887441 -0.26158059
v 0.30408198 -0.03682125 -0.25907564
v 0.30310187 -0.03715450 -0.25908688
v 0.30367908 -0.03512866 -0.25662160
v 0.30268145 -0.03538832 -0.25652611
v 0.30366877 -0.03342071 -0.25414523
v 0.30267069 -0.03360610 -0.25394207
v 0.30405116 -0.03172660 -0.25168896
v 0.30306971 -0.03183832 -0.25137898
v 0.30481979 -0.03007533 -0.24929476
v 0.30387175 -0.03011525 -0.24888070
v 0.30596146 -0.02849514 -0.24700364
v 0.30506307 -0.02846635 -0.24648997
v 0.30745661 -0.02701307 -0.24485481
v 0.30662325 -0.02691984 -0.24424769
v 0.30927974 -0.02565449 -0.24288501
v 0.30852562 -0.02550218 -0.24219222
v 0.31139955 -0.02444264 -0.24112794
v 0.31073764 -0.02423763 -0.24035877
v 0.31377986 -0.02339825 -0.23961368
v 0.31322145 -0.02314783 -0.23877867
v 0.31637990 -0.02253919 -0.23836814
v 0.31593454 -0.02225143 -0.23747897
v 0.31915522 -0.02188017 -0.23741263
v 0.31883052 -0.02156374 -0.23648190
v 0.32205826 -0.02143245 -0.23676348
v 0.32185981 -0.02109656 -0.23580453
v 0.32503942 -0.02120371 -0.23643182
v 0.32497060 -0.02085787 -0.23545845
v 0.32804766 -0.02119784 -0.23642333
v 0.32810962 -0.02085175 -0.23544958
v 0.33103150 -0.02141497 -0.23673813
v 0.33122322 -0.02107831 -0.23577808
v 0.33393991 -0.02185135 -0.23737085
v 0.33425808 -0.02153368 -0.23643830
v 0.33672309 -0.02249954 -0.23831065
v 0.33716232 -0.02221005 -0.23741898
v 0.33933347 -0.02334845 -0.23954147
v 0.33988619 -0.02309586 -0.23870331
v 0.34172636 -0.02438353 -0.24104224
v 0.34238312 -0.02417596 -0.24026933
v 0.34386081 -0.02558709 -0.24278729
v 0.34461036 -0.02543185 -0.24209026
v 0.34570029 -0.02693854 -0.24474673
v 0.34652984 -0.02684206 -0.24413492
v 0.34721336 -0.02841474 -0.24688707
v 0.34810871 -0.02838245 -0.24636832
v 0.34837410 -0.02999044 -0.24917169
v 0.34931991 -0.03002667 -0.24875227
v 0.34916267 -0.03163868 -0.25156146
v 0.35014278 -0.03174658 -0.25124598
v 0.34956554 -0.03333126 -0.25401554
v 0.35056317 -0.03351276 -0.25380674
v 0.34957588 -0.03503921 -0.25649190
v 0.35057396 -0.03529498 -0.25639078
v 0.34919345 -0.03673332 -0.25894818
v 0.35017490 -0.03706275 -0.25895387
v 0.34842485 -0.03838460 -0.26134235
v 0.34937286 -0.03878583 -0.26145217
v 0.34728318 -0.03996479 -0.26363346
v 0.34818158 -0.04043473 -0.26384288
v 0.34578800 -0.04144685 -0.26578230
v 0.34662139 -0.04198123 -0.26608518
v 0.34396490 -0.04280543 -0.26775211
v 0.34471902 -0.04339889 -0.26814061
v 0.34184507 -0.04401729 -0.26950917
v 0.34250700 -0.04466344 -0.26997408
v 0.33946475 -0.04506167 -0.27102342
v 0.34002319 -0.04575324 -0.27155420
v 0.33686471 -0.04592073 -0.27226898
v 0.33731008 -0.04664965 -0.27285388
v 0.33408943 -0.04657976 -0.27322450
v 0.33441409 -0.04733733 -0.27385095
v 0.33118635 -0.04702746 -0.27387363
v 0.33138481 -0.04780451 -0.27452832
v 0.32820520 -0.04725621 -0.27420530
v 0.32827404 -0.04804320 -0.27487439
v 0.32519698 -0.04726208 -0.27421379
v 0.32235348 -0.04603442 -0.27372319
v 0.31953767 -0.04561192 -0.27311060
v 0.31684306 -0.04498437 -0.27220070
v 0.31431577 -0.04416249 -0.27100906
v 0.31199905 -0.04316035 -0.26955608
v 0.30993256 -0.04199510 -0.26786658
v 0.30815163 -0.04068667 -0.26596949
v 0.30668673 -0.03925746 -0.26389727
v 0.30556291 -0.03773192 -0.26168540
v 0.30479947 -0.03613614 -0.25937170
v 0.30440938 -0.03449744 -0.25699574
v 0.30439940 -0.03284385 -0.25459820
v 0.30476964 -0.03120367 -0.25222009
v 0.30551380 -0.02960495 -0.24990214
v 0.30661911 -0.02807507 -0.24768396
v 0.30806670 -0.02664018 -0.24560352
v 0.30983177 -0.02532484 -0.24369641
v 0.31188414 -0.02415156 -0.24199528
v 0.31418866 -0.02314042 -0.24052922
v 0.31670594 -0.02230871 -0.23932333
v 0.31939289 -0.02167066 -0.23839822
v 0.32220355 -0.02123720 -0.23776975
v 0.32508981 -0.02101573 -0.23744865
v 0.32800227 -0.02101006 -0.23744042
v 0.33089116 -0.02122026 -0.23774520
v 0.33370697 -0.02164277 -0.23835778
v 0.33640158 -0.02227032 -0.23926766
v 0.33892885 -0.02309220 -0.24045931
v 0.34124556 -0.02409434 -0.24191231
v 0.34331208 -0.02525959 -0.24360180
v 0.34509301 -0.02656801 -0.24549888
v 0.34655792 -0.02799722 -0.24757110
v 0.34768170 -0.02952277 -0.24978298
v 0.34844518 -0.03111854 -0.25209668
v 0.34883523 -0.03275724 -0.25447264
v 0.34884524 -0.03441083 -0.25687018
v 0.34847498 -0.03605102 -0.25924826
v 0.34773085 -0.03764973 -0.26156625
v 0.34662554 -0.03917962 -0.26378441
v 0.34517795 -0.04061451 -0.26586485
v 0.34341288 -0.04192984 -0.26777196
v 0.34136051 -0.04310312 -0.26947311
v 0.33905596 -0.04411427 -0.27093914
v 0.33653867 -0.04494597 -0.27214506
v 0.33385172 -0.04558402 -0.27307016
v 0.33104110 -0.04601749 -0.27369863
v 0.32815483 -0.04623895 -0.27401972
v 0.32524234 -0.04624463 -0.27402797
v 0.32240486 -0.04506192 -0.27407447
v 0.31962290 -0.04464450 -0.27346924
v 0.31696075 -0.04402450 -0.27257031
v 0.31446388 -0.04321251 -0.27139300
v 0.31217504 -0.04222243 -0.26995748
v 0.31013340 -0.04107120 -0.26828834
v 0.30837390 -0.03977852 -0.26641408
v 0.30692664 -0.03836651 -0.26436681
v 0.30581635 -0.03685933 -0.26218155
v 0.30506209 -0.03528276 -0.25989568
v 0.30467671 -0.03366377 -0.25754833
v 0.30466685 -0.03203009 -0.25517964
v 0.30503261 -0.03040964 -0.25283015
v 0.30576780 -0.02883017 -0.25054008
v 0.30685982 -0.02731869 -0.24834859
v 0.30829000 -0.02590107 -0.24629319
v 0.31003383 -0.02460156 -0.24440904
v 0.31206149 -0.02344240 -0.24272838
v 0.31433830 -0.02244342 -0.24127996
v 0.31682527 -0.02162172 -0.24008858
v 0.31947991 -0.02099136 -0.23917460
v 0.32225671 -0.02056311 -0.23855370
v 0.32510826 -0.02034431 -0.23823646
v 0.32798567 -0.02033870 -0.23822832
v 0.33083978 -0.02054638 -0.23852944
v 0.33362171 -0.02096379 -0.23913465
v 0.33628389 -0.02158380 -0.24003358
v 0.33878076 -0.02239579 -0.24121089
v 0.34106961 -0.02338586 -0.24264640
v 0.34311122 -0.02453709 -0.24431556
v 0.34487075 -0.02582977 -0.24618982
v 0.34631801 -0.02724179 -0.24823709
v 0.34742826 -0.02874897 -0.25042236
v 0.34818256 -0.03032554 -0.25270823
v 0.34856793 -0.03194452 -0.25505558
v 0.34857780 -0.03357821 -0.25742427
v 0.34821200 -0.03519865 -0.25977373
v 0.34747681 -0.03677813 -0.26206383
v 0.34638479 -0.03828961 -0.26425532
v 0.34495464 -0.03970723 -0.26631072
v 0.34321082 -0.04100673 -0.26819485
v 0.34118316 -0.04216589 -0.26987553
v 0.33890635 -0.04316487 -0.27132395
v 0.33641934 -0.04398657 -0.27251533
v 0.33376473 -0.04461694 -0.27342927
v 0.33098790 -0.04504519 -0.27405021
v 0.32813638 -0.04526399 -0.27436745
v 0.32525894 -0.04526959 -0.27437556
v 0.29413831 -0.02116779 -0.24999826
v 0.29413831 -0.02446056 -0.24772722
v 0.29343492 -0.02097395 -0.24971721
v 0.29343492 -0.02426672 -0.24744616
v 0.29265437 -0.02094803 -0.24967964
v 0.29265437 -0.02424081 -0.24740860
v 0.29191598 -0.02109400 -0.24989128
v 0.29191598 -0.02438678 -0.24762024
v 0.29107627 -0.02466726 -0.24802691
v 0.29107627 -0.02137449 -0.25029796
v 0.29035127 -0.02179249 -0.25090402
v 0.29035127 -0.02508527 -0.24863298
v 0.29009047 -0.02236016 -0.25172707
v 0.29009047 -0.02565293 -0.24945603
v 0.29036352 -0.02292596 -0.25254744
v 0.29036352 -0.02621874 -0.25027639
v 0.37002623 -0.01408086 -0.23267771
v 0.37002623 -0.01737363 -0.23040667
v 0.36995378 -0.01813640 -0.23151261
v 0.36995378 -0.01484363 -0.23378365
v 0.36952531 -0.01886051 -0.23256248
v 0.36952531 -0.01556774 -0.23483352
v 0.36973172 -0.01202638 -0.22969893
v 0.36973172 -0.01531916 -0.22742788
v 0.36526427 -0.00948137 -0.22600892
v 0.36526427 -0.01277415 -0.22373788
v 0.36740479 -0.01319217 -0.22434397
v 0.36740479 -0.00989939 -0.22661501
v 0.36900270 -0.01410246 -0.22566380
v 0.36900270 -0.01080968 -0.22793484
v 0.36280850 -0.00939479 -0.22588339
v 0.36280850 -0.01268757 -0.22361235
v 0.35981143 -0.00984267 -0.22653277
v 0.35981143 -0.01313544 -0.22426173
v 0.36124736 -0.01277649 -0.22374128
v 0.36124736 -0.00948372 -0.22601232
v 0.35261589 -0.01546666 -0.22764175
v 0.35261589 -0.01217388 -0.22991279
v 0.34531233 -0.01372318 -0.23215911
v 0.34484112 -0.01709133 -0.22999735
v 0.34484112 -0.01379855 -0.23226839
v 0.33670062 -0.01796485 -0.23126388
v 0.33670062 -0.01467207 -0.23353492
v 0.32841781 -0.01806324 -0.23140652
v 0.32841781 -0.01477046 -0.23367757
v 0.36877921 -0.04487423 -0.27732494
v 0.36877921 -0.04816701 -0.27505389
v 0.36502928 -0.04474202 -0.27713326
v 0.36502928 -0.04803479 -0.27486223
v 0.35656023 -0.04444344 -0.27670035
v 0.35656023 -0.04773621 -0.27442929
v 0.37401667 -0.04191171 -0.27302960
v 0.37401667 -0.04520449 -0.27075857
v 0.37367943 -0.04636088 -0.27243522
v 0.37367943 -0.04306811 -0.27470624
v 0.37254882 -0.04734162 -0.27385718
v 0.37254882 -0.04404885 -0.27612823
v 0.37236804 -0.04743892 -0.27399826
v 0.37081721 -0.04468708 -0.27705359
v 0.36972338 -0.04814169 -0.27501720
v 0.37081721 -0.04797986 -0.27478257
v 0.37398615 -0.04169884 -0.27272096
v 0.37398615 -0.04499162 -0.27044994
v 0.37380734 -0.04450624 -0.26974618
v 0.37380734 -0.04121347 -0.27201721
v 0.37292701 -0.03920963 -0.26911187
v 0.37292701 -0.04250241 -0.26684082
v 0.37369946 -0.04345727 -0.26822528
v 0.37369946 -0.04016449 -0.27049631
v 0.36916953 -0.03893833 -0.26167327
v 0.36916953 -0.03564556 -0.26394433
v 0.36661813 -0.03504534 -0.25602883
v 0.36661813 -0.03175256 -0.25829986
v 0.36643529 -0.03135536 -0.25772396
v 0.36558431 -0.02884745 -0.25408775
v 0.36535814 -0.03095363 -0.25009626
v 0.36535814 -0.02766085 -0.25236732
v 0.36543176 -0.02680007 -0.24407403
v 0.36543176 -0.02350729 -0.24634507
v 0.36683646 -0.02272358 -0.23816355
v 0.36683646 -0.01943080 -0.24043459
v 0.36888659 -0.04651411 -0.27265736
v 0.36888659 -0.04322133 -0.27492842
v 0.36785981 -0.04631845 -0.27237371
v 0.36785981 -0.04302568 -0.27464473
v 0.36714292 -0.04585752 -0.27170539
v 0.36714292 -0.04256475 -0.27397645
v 0.36692798 -0.04525483 -0.27083156
v 0.36692798 -0.04196206 -0.27310261
v 0.36727259 -0.04467188 -0.26998633
v 0.36727259 -0.04137910 -0.27225736
v 0.36808443 -0.04426485 -0.26939619
v 0.36808443 -0.04097207 -0.27166721
v 0.36914593 -0.04414281 -0.26921925
v 0.36914593 -0.04085004 -0.27149028
v 0.37017271 -0.04433847 -0.26950291
v 0.37017271 -0.04104570 -0.27177396
v 0.37088960 -0.04479940 -0.27017123
v 0.37088960 -0.04150662 -0.27244225
v 0.37110457 -0.04540208 -0.27104506
v 0.37110457 -0.04210931 -0.27331609
v 0.37075993 -0.04598505 -0.27189028
v 0.37075993 -0.04269227 -0.27416134
v 0.36994812 -0.04639208 -0.27248043
v 0.36994812 -0.04309930 -0.27475148
v 0.36460906 -0.01686690 -0.22967196
v 0.36460906 -0.01357413 -0.23194300
v 0.36351463 -0.01665835 -0.22936958
v 0.36351463 -0.01336558 -0.23164062
v 0.36275053 -0.01616707 -0.22865728
v 0.36275053 -0.01287429 -0.23092832
v 0.36252141 -0.01552468 -0.22772588
v 0.36252141 -0.01223191 -0.22999692
v 0.36288872 -0.01490332 -0.22682497
v 0.36288872 -0.01161054 -0.22909601
v 0.36375403 -0.01446948 -0.22619595
v 0.36375403 -0.01117670 -0.22846699
v 0.36488548 -0.01433941 -0.22600736
v 0.36488548 -0.01104663 -0.22827840
v 0.36597988 -0.01454795 -0.22630972
v 0.36597988 -0.01125518 -0.22858076
v 0.36674401 -0.01503924 -0.22702204
v 0.36674401 -0.01174647 -0.22929308
v 0.36697310 -0.01568163 -0.22795343
v 0.36697310 -0.01238885 -0.23022448
v 0.36660579 -0.01630299 -0.22885434
v 0.36660579 -0.01301021 -0.23112538
v 0.36574048 -0.01673683 -0.22948337
v 0.36574048 -0.01344405 -0.23175441
v 0.36367878 -0.02551077 -0.25629514
v 0.36367878 -0.02880354 -0.25402409
v 0.34845379 -0.03681719 -0.27268830
v 0.34845379 -0.04010996 -0.27041724
v 0.34497389 -0.03804434 -0.26742229
v 0.34497389 -0.03475156 -0.26969334
v 0.34495464 -0.03476806 -0.26971728
v 0.34818256 -0.02867915 -0.25384375
v 0.34857780 -0.03193182 -0.25855979
v 0.34631801 -0.02559540 -0.24937262
v 0.34311122 -0.02289070 -0.24545108
v 0.33878076 -0.02074940 -0.24234641
v 0.33362171 -0.01931741 -0.24027017
v 0.32798567 -0.01869231 -0.23936385
v 0.32225671 -0.01891672 -0.23968922
v 0.32798246 -0.01869220 -0.23936369
v 0.31682527 -0.01997534 -0.24122410
v 0.31206149 -0.02179601 -0.24386390
v 0.30829000 -0.02425468 -0.24742872
v 0.30576780 -0.02718378 -0.25167561
v 0.30466685 -0.03038370 -0.25631517
v 0.30692664 -0.03342735 -0.26777336
v 0.30506209 -0.03363637 -0.26103121
v 0.33098790 -0.04010602 -0.27745676
v 0.32525894 -0.04033043 -0.27778214
v 0.33641934 -0.03904741 -0.27592188
v 0.34118316 -0.03722673 -0.27328208
v 0.34747681 -0.03513174 -0.26319933
v 0.31013340 -0.03613204 -0.27169490
v 0.31446388 -0.03827335 -0.27479956
v 0.31962290 -0.03970534 -0.27687582
v 0.33595020 -0.07131793 -0.32271084
v 0.33595020 -0.07461070 -0.32043979
v 0.33671120 -0.07123043 -0.32258397
v 0.33671120 -0.07452321 -0.32031295
v 0.33729321 -0.07093864 -0.32216090
v 0.33729321 -0.07423142 -0.31988984
v 0.33754027 -0.07052071 -0.32155493
v 0.33754027 -0.07381348 -0.31928390
v 0.33738619 -0.07008863 -0.32092848
v 0.33738619 -0.07338141 -0.31865746
v 0.33687222 -0.06975818 -0.32044938
v 0.33687222 -0.07305096 -0.31817833
v 0.33613613 -0.06961792 -0.32024598
v 0.33613613 -0.07291070 -0.31797495
v 0.33537510 -0.06970540 -0.32037285
v 0.33537510 -0.07299818 -0.31810179
v 0.33479309 -0.06999721 -0.32079592
v 0.33479309 -0.07328999 -0.31852490
v 0.33454603 -0.07041514 -0.32140189
v 0.33454603 -0.07370792 -0.31913084
v 0.33470014 -0.07084721 -0.32202834
v 0.33470014 -0.07413999 -0.31975731
v 0.33521408 -0.07117765 -0.32250744
v 0.33521408 -0.07447043 -0.32023641
v 0.33606002 -0.07469048 -0.32760069
v 0.33606002 -0.07798326 -0.32532966
v 0.33672023 -0.07447672 -0.32729074
v 0.33672023 -0.07776950 -0.32501972
v 0.33711115 -0.07410667 -0.32675421
v 0.33711115 -0.07739945 -0.32448319
v 0.33713242 -0.07367533 -0.32612881
v 0.33713242 -0.07696810 -0.32385778
v 0.33677858 -0.07329343 -0.32557511
v 0.33677858 -0.07658621 -0.32330409
v 0.33614051 -0.07305903 -0.32523525
v 0.33614051 -0.07635181 -0.32296422
v 0.33538195 -0.07303229 -0.32519647
v 0.33538195 -0.07632507 -0.32292545
v 0.33469766 -0.07322007 -0.32546875
v 0.33469766 -0.07651284 -0.32319769
v 0.33426335 -0.07357418 -0.32598215
v 0.33426335 -0.07686695 -0.32371113
v 0.33419046 -0.07400370 -0.32660493
v 0.33419046 -0.07729647 -0.32433388
v 0.33449775 -0.07439836 -0.32717714
v 0.33449775 -0.07769114 -0.32490611
v 0.33510631 -0.07465686 -0.32755193
v 0.33510631 -0.07794964 -0.32528090
v 0.35972896 -0.02379411 -0.25380614
v 0.35662851 -0.02938935 -0.25487345
v 0.35972896 -0.02708688 -0.25153512
v 0.36253744 -0.02687661 -0.25123024
v 0.36253744 -0.02358383 -0.25350127
v 0.36183652 -0.02338712 -0.25321606
v 0.36183652 -0.02667989 -0.25094503
v 0.36105633 -0.02335800 -0.25317386
v 0.36105633 -0.02665078 -0.25090280
v 0.36031610 -0.02350095 -0.25338110
v 0.36031610 -0.02679373 -0.25111008
v 0.36330956 -0.02392115 -0.25399035
v 0.36330956 -0.02721392 -0.25171930
v 0.36407301 -0.02496848 -0.25550887
v 0.36407301 -0.02826126 -0.25323784
v 0.36393791 -0.02438686 -0.25466558
v 0.36393791 -0.02767964 -0.25239456
v 0.30322146 -0.08009840 -0.32861656
v 0.30324417 -0.07958967 -0.32852364
v 0.30279788 -0.08078153 -0.33643210
v 0.30327514 -0.07919605 -0.32818890
v 0.30332881 -0.07911690 -0.32719347
v 0.30354211 -0.08056256 -0.32202414
v 0.30367801 -0.07664459 -0.32206774
v 0.30354723 -0.08051551 -0.32195592
v 0.30417836 -0.07474512 -0.31358945
v 0.30404988 -0.07332691 -0.31708130
v 0.30417320 -0.07479217 -0.31365767
v 0.30398169 -0.07395025 -0.31798509
v 0.30417320 -0.08402840 -0.30728740
v 0.30398169 -0.08312885 -0.31165454
v 0.30354723 -0.08975175 -0.31558567
v 0.30374616 -0.08528219 -0.31477666
v 0.30374616 -0.07602126 -0.32116398
v 0.30279788 -0.09660333 -0.32551974
v 0.30322146 -0.08092159 -0.32804880
v 0.30321318 -0.08058592 -0.32844275
v 0.30439904 -0.07015488 -0.31243816
v 0.30404988 -0.07262719 -0.31756389
v 0.30442172 -0.07024878 -0.31192961
v 0.30445272 -0.07007574 -0.31144276
v 0.30333713 -0.07945257 -0.32679951
v 0.30332881 -0.07994010 -0.32662570
v 0.30354211 -0.08979880 -0.31565389
v 0.30367801 -0.07602720 -0.32249355
v 0.30330613 -0.07902300 -0.32770202
v 0.30330613 -0.08044881 -0.32671863
v 0.30327514 -0.08084244 -0.32705337
v 0.30324417 -0.08101548 -0.32754025
v 0.30439073 -0.06981920 -0.31283212
v 0.30439904 -0.06933169 -0.31300592
v 0.30442172 -0.06882297 -0.31291303
v 0.30457488 -0.06453425 -0.31287518
v 0.30445272 -0.06842934 -0.31257826
v 0.30448371 -0.06825630 -0.31209141
v 0.30448371 -0.06968211 -0.31110802
v 0.30417836 -0.08398135 -0.30721918
v 0.30457488 -0.08035604 -0.30196285
v 0.30450639 -0.06835019 -0.31158286
v 0.30451471 -0.06868587 -0.31118891
v 0.30450639 -0.06917339 -0.31101510
v 0.30430102 -0.01306693 -0.23120761
v 0.30430102 -0.01635970 -0.22893657
v 0.30354002 -0.01315441 -0.23133445
v 0.30354002 -0.01644719 -0.22906341
v 0.30295801 -0.01344621 -0.23175754
v 0.30295801 -0.01673899 -0.22948650
v 0.30271095 -0.01386414 -0.23236349
v 0.30271095 -0.01715692 -0.23009245
v 0.30286506 -0.01429622 -0.23298997
v 0.30286506 -0.01758900 -0.23071893
v 0.30337900 -0.01462666 -0.23346907
v 0.30337900 -0.01791943 -0.23119803
v 0.30411512 -0.01476693 -0.23367244
v 0.30411512 -0.01805971 -0.23140140
v 0.30487612 -0.01467944 -0.23354559
v 0.30487612 -0.01797222 -0.23127456
v 0.30545813 -0.01438764 -0.23312251
v 0.30545813 -0.01768042 -0.23085147
v 0.30570519 -0.01396971 -0.23251656
v 0.30570519 -0.01726248 -0.23024552
v 0.30555108 -0.01353764 -0.23189010
v 0.30555108 -0.01683041 -0.22961906
v 0.30503714 -0.01320719 -0.23141098
v 0.30503714 -0.01649997 -0.22913994
v 0.35270780 -0.01477355 -0.23368205
v 0.35270780 -0.01806633 -0.23141101
v 0.35194677 -0.01486104 -0.23380889
v 0.35194677 -0.01815381 -0.23153785
v 0.35136476 -0.01515284 -0.23423198
v 0.35136476 -0.01844562 -0.23196094
v 0.35111773 -0.01557077 -0.23483793
v 0.35111773 -0.01886355 -0.23256689
v 0.35127181 -0.01600285 -0.23546439
v 0.35127181 -0.01929562 -0.23319335
v 0.35178575 -0.01633329 -0.23594350
v 0.35178575 -0.01962606 -0.23367245
v 0.35252187 -0.01647356 -0.23614688
v 0.35252187 -0.01976633 -0.23387584
v 0.35328287 -0.01638607 -0.23602003
v 0.35328287 -0.01967885 -0.23374899
v 0.35386488 -0.01609427 -0.23559695
v 0.35386488 -0.01938705 -0.23332591
v 0.35411194 -0.01567634 -0.23499098
v 0.35411194 -0.01896911 -0.23271994
v 0.35395786 -0.01524427 -0.23436452
v 0.35395786 -0.01853704 -0.23209348
v 0.35344389 -0.01491382 -0.23388542
v 0.35344389 -0.01820660 -0.23161438
v 0.29889435 -0.01206680 -0.22975753
v 0.35829407 -0.01416099 -0.23279390
v 0.34538299 -0.06576341 -0.30761212
v 0.34527525 -0.06606701 -0.30805230
v 0.34653577 -0.05454209 -0.29134235
v 0.30217919 -0.04711288 -0.28057078
v 0.30178669 -0.04672994 -0.28001553
v 0.29539460 -0.04262021 -0.27405685
v 0.29401943 -0.04223850 -0.27350339
v 0.29477388 -0.04235170 -0.27366754
v 0.30300784 -0.03850772 -0.26809415
v 0.30322671 -0.03881793 -0.26854393
v 0.28555039 -0.04193991 -0.27307048
v 0.29732421 -0.02642270 -0.25057212
v 0.35672393 -0.02851690 -0.25360849
v 0.35511243 -0.04472562 -0.27710947
v 0.34787393 -0.04835479 -0.28237140
v 0.34804648 -0.04072926 -0.27131516
v 0.35578689 -0.04450278 -0.27678639
v 0.34816900 -0.04040241 -0.27084127
v 0.34740099 -0.04870722 -0.28288239
v 0.34720162 -0.04913557 -0.28350344
v 0.34661001 -0.05454470 -0.29134613
v 0.36833522 -0.01451501 -0.23330718
v 0.28885636 -0.01171290 -0.22924441
v 0.28181690 -0.04180828 -0.27287963
v 0.30103174 -0.06504656 -0.30657277
v 0.30096212 -0.06500178 -0.30650783
v 0.30063927 -0.06466362 -0.30601752
v 0.30056962 -0.06461885 -0.30595261
v 0.34518361 -0.06289898 -0.31050423
v 0.34527525 -0.06277423 -0.31032336
v 0.34538299 -0.06905618 -0.30534106
v 0.34518361 -0.06948453 -0.30596215
v 0.34471068 -0.06983696 -0.30647311
v 0.34471068 -0.06325141 -0.31101519
v 0.30103174 -0.06175378 -0.30884379
v 0.30063927 -0.06137084 -0.30828857
v 0.30407786 -0.07029779 -0.30714127
v 0.30407786 -0.06371224 -0.31168336
v 0.30447036 -0.06409518 -0.31223860
v 0.30447036 -0.07991697 -0.30132625
v 0.30407786 -0.07953403 -0.30077103
v 0.30056962 -0.06791162 -0.30368158
v 0.30096212 -0.06829455 -0.30423680
v 0.35511243 -0.04801840 -0.27483845
v 0.34787393 -0.05164757 -0.28010038
v 0.35578689 -0.04779555 -0.27451533
v 0.34720162 -0.05242834 -0.28123242
v 0.34740099 -0.05200000 -0.28061134
v 0.34804648 -0.03743649 -0.27358621
v 0.34816900 -0.03710964 -0.27311230
v 0.30178669 -0.05002271 -0.27774450
v 0.29539460 -0.04591298 -0.27178580
v 0.30217919 -0.05040566 -0.27829972
v 0.29477388 -0.04564448 -0.27139649
v 0.29401943 -0.04553127 -0.27123237
v 0.28555039 -0.04523269 -0.27079946
v 0.28181690 -0.04510106 -0.27060860
v 0.30300784 -0.03521494 -0.27036521
v 0.30322671 -0.03552515 -0.27081496
v 0.30562255 -0.07939409 -0.32032999
v 0.30711967 -0.07944687 -0.32040653
v 0.30720201 -0.07930756 -0.32020453
v 0.33521330 -0.08120557 -0.32295644
v 0.33559382 -0.08116183 -0.32289302
v 0.33856490 -0.07231815 -0.31007060
v 0.30561021 -0.06958126 -0.30610240
v 0.30560148 -0.06959523 -0.30612263
v 0.30560604 -0.06960983 -0.30614379
v 0.30592686 -0.07661188 -0.31629607
v 0.33455044 -0.08475149 -0.32809764
v 0.33484146 -0.08460558 -0.32788610
v 0.33325046 -0.07968552 -0.32075253
v 0.33819214 -0.07572638 -0.31501219
v 0.30652002 -0.07118838 -0.30843255
v 0.33977330 -0.07077152 -0.30782816
v 0.30633011 -0.07034925 -0.30721590
v 0.30565557 -0.06956867 -0.30608413
v 0.30562997 -0.06957157 -0.30608833
v 0.30577713 -0.07660660 -0.31628841
v 0.30603063 -0.07428879 -0.31292784
v 0.30622926 -0.07384698 -0.31228724
v 0.31018829 -0.07887243 -0.31957364
v 0.33673376 -0.08859260 -0.33366686
v 0.33247575 -0.08676887 -0.33102268
v 0.30479088 -0.08746642 -0.33203402
v 0.30941355 -0.08595580 -0.32984379
v 0.30961809 -0.08408578 -0.32713246
v 0.30762193 -0.08401541 -0.32703042
v 0.30739602 -0.07921030 -0.32006350
v 0.30764970 -0.07918113 -0.32002121
v 0.30811775 -0.07948206 -0.32045755
v 0.31011391 -0.07955244 -0.32055956
v 0.30806640 -0.07933804 -0.32024869
v 0.30789506 -0.07922789 -0.32008901
v 0.33829296 -0.07617875 -0.31566808
v 0.33596188 -0.08123196 -0.32299471
v 0.33770701 -0.08153618 -0.32343578
v 0.33522195 -0.08456184 -0.32782269
v 0.33629590 -0.08161321 -0.32354748
v 0.33617237 -0.08182218 -0.32385045
v 0.33492231 -0.08135147 -0.32316798
v 0.33893308 -0.07150260 -0.30888814
v 0.33980507 -0.07082164 -0.30790082
v 0.33979583 -0.07077541 -0.30783379
v 0.30475575 -0.08745666 -0.33201990
v 0.30477160 -0.08746353 -0.33202985
v 0.33981806 -0.07081050 -0.30788463
v 0.33982089 -0.07079721 -0.30786538
v 0.33981290 -0.07078463 -0.30784714
v 0.33588135 -0.08196808 -0.32406202
v 0.33550087 -0.08201183 -0.32412544
v 0.33621886 -0.08139718 -0.32323426
v 0.33750841 -0.08197799 -0.32407638
v 0.33559000 -0.08463197 -0.32792437
v 0.33442691 -0.08496045 -0.32840061
v 0.33450395 -0.08517648 -0.32871386
v 0.33513281 -0.08194169 -0.32402375
v 0.33487582 -0.08177647 -0.32378420
v 0.33479878 -0.08156043 -0.32347095
v 0.33584699 -0.08479720 -0.32816392
v 0.33592403 -0.08501323 -0.32847714
v 0.33678794 -0.08856544 -0.33362749
v 0.33512899 -0.08541184 -0.32905510
v 0.33476093 -0.08534171 -0.32895342
v 0.30474570 -0.08744688 -0.33200571
v 0.30709189 -0.08428115 -0.32741573
v 0.30474305 -0.08743566 -0.33198944
v 0.30684653 -0.08423439 -0.32734793
v 0.30512673 -0.08392744 -0.32690287
v 0.30667523 -0.08412425 -0.32718822
v 0.30662385 -0.08398022 -0.32697940
v 0.30734557 -0.08425198 -0.32737345
v 0.30753958 -0.08415473 -0.32723242
v 0.33580050 -0.08522219 -0.32878014
v 0.33550948 -0.08536810 -0.32899168
v 0.33677951 -0.08857967 -0.33364815
v 0.33675969 -0.08858961 -0.33366254
v 0.35012713 -0.04739159 -0.27392963
v 0.28885636 -0.01500567 -0.22697337
v 0.30414081 -0.06885409 -0.30504805
v 0.30487829 -0.06855061 -0.30460805
v 0.30577636 -0.06846429 -0.30448288
v 0.30369428 -0.06982876 -0.30646122
v 0.30371681 -0.06931178 -0.30571166
v 0.32283321 -0.06906565 -0.30535480
v 0.28556323 -0.04511532 -0.27062929
v 0.29560122 -0.04546922 -0.27114239
v 0.29851422 -0.01883529 -0.23252591
v 0.29889435 -0.01535957 -0.22748649
v 0.32821247 -0.01988233 -0.23404402
v 0.35342026 -0.01728194 -0.23027372
v 0.36833522 -0.01780778 -0.23103614
v 0.35304013 -0.02075765 -0.23531315
v 0.36504209 -0.04791743 -0.27469206
v 0.34113818 -0.07162879 -0.30907109
v 0.34118238 -0.07160595 -0.30903798
v 0.34164730 -0.07119226 -0.30843818
v 0.34175736 -0.07067244 -0.30768448
v 0.34144494 -0.07017984 -0.30697027
v 0.33989409 -0.06966714 -0.30622691
v 0.34077647 -0.06981919 -0.30644736
v 0.33989409 -0.07890338 -0.29985663
v 0.30577636 -0.07770053 -0.29811263
v 0.30487829 -0.07778685 -0.29823777
v 0.30414081 -0.07809032 -0.29867777
v 0.30371681 -0.07854802 -0.29934141
v 0.30369428 -0.07906500 -0.30009097
v 0.34118238 -0.06502040 -0.31358007
v 0.33325046 -0.07309996 -0.32529461
v 0.31018829 -0.07228688 -0.32411572
v 0.33247575 -0.08018332 -0.33556476
v 0.33414641 -0.08287685 -0.33947009
v 0.33346233 -0.08244819 -0.33884859
v 0.33511364 -0.08305856 -0.33973354
v 0.33323893 -0.08188383 -0.33803031
v 0.30828568 -0.08100408 -0.33675477
v 0.30941355 -0.07937025 -0.33438587
v 0.31011391 -0.07296689 -0.32510164
v 0.30811775 -0.07289651 -0.32499963
v 0.30794102 -0.08154842 -0.33754399
v 0.30716881 -0.08192573 -0.33809105
v 0.30562255 -0.07280854 -0.32487208
v 0.30512673 -0.07734188 -0.33144495
v 0.30662385 -0.07739466 -0.33152148
v 0.33479878 -0.07497488 -0.32801303
v 0.33487582 -0.07519092 -0.32832628
v 0.33840367 -0.08260570 -0.33907697
v 0.33762765 -0.08299477 -0.33964106
v 0.33661297 -0.08311142 -0.33981019
v 0.33584699 -0.07821164 -0.33270600
v 0.34051007 -0.06580118 -0.31471211
v 0.33592403 -0.07842767 -0.33301923
v 0.33873308 -0.08204847 -0.33826903
v 0.33580050 -0.07863664 -0.33332223
v 0.33550948 -0.07878254 -0.33353376
v 0.33621886 -0.07481162 -0.32777634
v 0.33629590 -0.07502766 -0.32808957
v 0.33513281 -0.07535614 -0.32856584
v 0.33455044 -0.07816593 -0.33263972
v 0.33442691 -0.07837489 -0.33294269
v 0.30806640 -0.07275248 -0.32479078
v 0.30789506 -0.07264234 -0.32463109
v 0.33512899 -0.07882629 -0.33359718
v 0.33476093 -0.07875615 -0.33349550
v 0.33450395 -0.07859093 -0.33325595
v 0.30764970 -0.07259558 -0.32456329
v 0.30739602 -0.07262474 -0.32460558
v 0.30720201 -0.07272201 -0.32474661
v 0.30711967 -0.07286132 -0.32494861
v 0.33492231 -0.07476591 -0.32771006
v 0.33588135 -0.07538253 -0.32860410
v 0.33559000 -0.07804642 -0.33246645
v 0.33550087 -0.07542627 -0.32866752
v 0.33522195 -0.07797629 -0.33236477
v 0.33484146 -0.07802003 -0.33242819
v 0.30616939 -0.08203810 -0.33825397
v 0.30467010 -0.08198524 -0.33817735
v 0.30709189 -0.07769560 -0.33195779
v 0.30762193 -0.07742985 -0.33157250
v 0.30961809 -0.07750023 -0.33167455
v 0.30753958 -0.07756917 -0.33177450
v 0.30734557 -0.07766643 -0.33191550
v 0.34070945 -0.06537282 -0.31409106
v 0.30667523 -0.07753870 -0.33173031
v 0.30684653 -0.07764883 -0.33189002
v 0.30300334 -0.08135763 -0.33726737
v 0.30368862 -0.08179822 -0.33790618
v 0.33617237 -0.07523663 -0.32839254
v 0.30300334 -0.09717942 -0.32635504
v 0.30368862 -0.09762001 -0.32699382
v 0.30467010 -0.09780703 -0.32726499
v 0.30828568 -0.08429739 -0.33448336
v 0.33323893 -0.08517715 -0.33575889
v 0.30817544 -0.08464722 -0.33485150
v 0.33328629 -0.08553253 -0.33613512
v 0.30794102 -0.08507599 -0.33511099
v 0.33346233 -0.08597577 -0.33641559
v 0.33414641 -0.08700499 -0.33662289
v 0.30716881 -0.08605387 -0.33524385
v 0.33511364 -0.08799773 -0.33632699
v 0.30616939 -0.08697727 -0.33484742
v 0.30622926 -0.08308322 -0.30591697
v 0.30603063 -0.08352503 -0.30655757
v 0.30538154 -0.09083410 -0.31715494
v 0.30474305 -0.09667190 -0.32561916
v 0.30562255 -0.07610132 -0.32260102
v 0.30538154 -0.07830508 -0.32579625
v 0.30518931 -0.08108407 -0.32763967
v 0.30522031 -0.08091102 -0.32715282
v 0.30518931 -0.07965825 -0.32862306
v 0.30516663 -0.08016698 -0.32871598
v 0.30515835 -0.08065449 -0.32854217
v 0.30516663 -0.08099017 -0.32814822
v 0.30525130 -0.08051740 -0.32681805
v 0.30527398 -0.08000867 -0.32672516
v 0.30528229 -0.07952116 -0.32689896
v 0.30527398 -0.07918548 -0.32729292
v 0.30525130 -0.07909158 -0.32780144
v 0.30522031 -0.07926463 -0.32828832
v 0.30652002 -0.08042461 -0.30206227
v 0.30633011 -0.07958549 -0.30084562
v 0.30560604 -0.07884606 -0.29977354
v 0.30565557 -0.07880491 -0.29971385
v 0.30562997 -0.07880780 -0.29971805
v 0.30561021 -0.07881750 -0.29973212
v 0.30560148 -0.07883146 -0.29975235
v 0.33977330 -0.08000776 -0.30145788
v 0.33980507 -0.08005788 -0.30153054
v 0.33981806 -0.08004674 -0.30151439
v 0.33982089 -0.08003344 -0.30149511
v 0.33981290 -0.08002087 -0.30147687
v 0.33979583 -0.08001165 -0.30146351
v 0.33661297 -0.09893321 -0.32889783
v 0.33873308 -0.09787025 -0.32735667
v 0.33840367 -0.09842750 -0.32816461
v 0.33762765 -0.09881657 -0.32872871
v 0.34010905 -0.07605912 -0.31549463
v 0.34011358 -0.07601205 -0.31542638
v 0.34011358 -0.08524828 -0.30905610
v 0.34051007 -0.08162297 -0.30379978
v 0.33947730 -0.09106573 -0.31749082
v 0.33947730 -0.08182950 -0.32386106
v 0.33948308 -0.08178247 -0.32379287
v 0.33948308 -0.09101871 -0.31742263
v 0.34010905 -0.08529536 -0.30912435
v 0.34113818 -0.08086503 -0.30270082
v 0.34070945 -0.08119462 -0.30317870
v 0.34164730 -0.08042850 -0.30206791
v 0.34175736 -0.07990868 -0.30131423
v 0.34144494 -0.07941608 -0.30059999
v 0.34077647 -0.07905542 -0.30007708
v 0.33893308 -0.08073884 -0.30251786
v 0.33856490 -0.08155439 -0.30370033
v 0.33819214 -0.08496262 -0.30864191
v 0.33829296 -0.08541499 -0.30929780
v 0.33770701 -0.09077242 -0.31706554
v 0.33750841 -0.09121423 -0.31770611
v 0.33678794 -0.09780168 -0.32725722
v 0.33673376 -0.09782884 -0.32729661
v 0.33675969 -0.09782585 -0.32729226
v 0.33677951 -0.09781591 -0.32727787
v 0.30479088 -0.09670266 -0.32566378
v 0.30474570 -0.09668311 -0.32563543
v 0.30475575 -0.09669290 -0.32564962
v 0.30477160 -0.09669976 -0.32565957
v 0.30528072 -0.09038172 -0.31649905
v 0.30554163 -0.08534549 -0.31486845
v 0.30577713 -0.08319215 -0.31174633
v 0.30577713 -0.07401355 -0.31807685
v 0.30584532 -0.07339021 -0.31717309
v 0.30592686 -0.07331911 -0.31856710
v 0.30577713 -0.07331382 -0.31855947
v 0.30584532 -0.07269049 -0.31765568
v 0.30547345 -0.07609050 -0.32258534
v 0.30528072 -0.07785271 -0.32514036
v 0.30547345 -0.07670790 -0.32215953
v 0.30554163 -0.07608456 -0.32125574
v 0.33604315 -0.07376070 -0.31920737
v 0.33596188 -0.07793918 -0.32526574
v 0.33559382 -0.07786905 -0.32516405
v 0.33521330 -0.07791279 -0.32522747
v 0.30941212 -0.06899891 -0.31316811
v 0.30938944 -0.06950763 -0.31326103
v 0.30944312 -0.06942848 -0.31226560
v 0.30938113 -0.06999515 -0.31308722
v 0.30938944 -0.07033083 -0.31269327
v 0.30949679 -0.06852613 -0.31183794
v 0.30947411 -0.06843224 -0.31234649
v 0.30944312 -0.06860529 -0.31283337
v 0.30947411 -0.06985806 -0.31136310
v 0.30949679 -0.06934933 -0.31127018
v 0.30950508 -0.06886181 -0.31144398
v 0.30941212 -0.07042473 -0.31218472
v 0.30944312 -0.07025167 -0.31169784
v 0.30249569 0.00386324 -0.20666061
v 0.30473676 0.00281717 -0.20817728
v 0.30282509 0.00442048 -0.20585267
v 0.30531877 0.00310898 -0.20775421
v 0.35610595 -0.01714033 -0.23711362
v 0.35577655 -0.01769757 -0.23792157
v 0.30607978 0.00319647 -0.20762736
v 0.30461580 0.00492620 -0.20511942
v 0.30360112 0.00480955 -0.20528856
v 0.30487612 -0.01467944 -0.23354560
v 0.35398585 -0.01820329 -0.23865482
v 0.35500056 -0.01808664 -0.23848568
v 0.35356450 -0.00006990 -0.21236326
v 0.30681589 0.00305619 -0.20783074
v 0.35430062 -0.00021017 -0.21256663
v 0.30732983 0.00272575 -0.20830984
v 0.30748394 0.00229368 -0.20893630
v 0.30723688 0.00187575 -0.20954226
v 0.30228543 -0.01638054 -0.23601201
v 0.30411509 -0.01476693 -0.23367244
v 0.30130398 -0.01619351 -0.23574084
v 0.30061871 -0.01575292 -0.23510204
v 0.30286506 -0.01429622 -0.23298995
v 0.30041325 -0.01517683 -0.23426676
v 0.30354002 -0.01315441 -0.23133446
v 0.30665487 0.00158395 -0.20996535
v 0.35111770 -0.01557077 -0.23483793
v 0.35305056 0.00026054 -0.21188414
v 0.35289645 0.00069262 -0.21125768
v 0.35314351 0.00111055 -0.21065173
v 0.35372552 0.00140235 -0.21022864
v 0.35631621 0.00310345 -0.20776223
v 0.35448655 0.00148984 -0.21010180
v 0.35729769 0.00291642 -0.20803340
v 0.35522264 0.00134957 -0.21030517
v 0.35798293 0.00247583 -0.20867221
v 0.35573661 0.00101912 -0.21078429
v 0.35818839 0.00189973 -0.20950748
v 0.35589069 0.00058705 -0.21141075
v 0.35564363 0.00016912 -0.21201670
v 0.35506162 -0.00012268 -0.21243978
v 0.30464378 0.00196717 -0.20940971
v 0.30448970 0.00239924 -0.20878325
v 0.30430102 -0.01306692 -0.23120761
v 0.30589384 0.00149646 -0.21009219
v 0.30515775 0.00163673 -0.20988882
v 0.35411194 -0.01567634 -0.23499100
v 0.30461580 0.00739578 -0.20682271
v 0.35631621 0.00557303 -0.20946550
v 0.30228543 -0.01391096 -0.23771529
v 0.35398585 -0.01573371 -0.24035810
v 0.35111770 -0.01310119 -0.23654121
v 0.35136476 -0.01268326 -0.23593526
v 0.35194677 -0.01239146 -0.23551218
v 0.35270780 -0.01230397 -0.23538533
v 0.35344389 -0.01244424 -0.23558870
v 0.35395786 -0.01277468 -0.23606782
v 0.35411194 -0.01320676 -0.23669428
v 0.35386488 -0.01362469 -0.23730023
v 0.35328287 -0.01391649 -0.23772331
v 0.35252187 -0.01400398 -0.23785016
v 0.35178575 -0.01386371 -0.23764679
v 0.35127181 -0.01353326 -0.23716767
v 0.35289645 0.00316220 -0.21296096
v 0.35314351 0.00358013 -0.21235500
v 0.35372552 0.00387193 -0.21193193
v 0.35448655 0.00395942 -0.21180508
v 0.35522264 0.00381915 -0.21200845
v 0.35573661 0.00348871 -0.21248756
v 0.35589069 0.00305663 -0.21311402
v 0.35564363 0.00263870 -0.21371998
v 0.35506162 0.00234690 -0.21414307
v 0.35430062 0.00225941 -0.21426991
v 0.35356450 0.00239968 -0.21406654
v 0.35305056 0.00273013 -0.21358742
v 0.30271095 -0.01139456 -0.23406678
v 0.30295801 -0.01097663 -0.23346083
v 0.30354002 -0.01068483 -0.23303774
v 0.30430102 -0.01059734 -0.23291089
v 0.30503714 -0.01073761 -0.23311427
v 0.30555108 -0.01106805 -0.23359337
v 0.30570519 -0.01150013 -0.23421983
v 0.30545813 -0.01191806 -0.23482579
v 0.30487612 -0.01220986 -0.23524888
v 0.30411509 -0.01229735 -0.23537572
v 0.30337900 -0.01215708 -0.23517235
v 0.30286506 -0.01182664 -0.23469324
v 0.30448970 0.00486883 -0.21048653
v 0.30473676 0.00528676 -0.20988058
v 0.30531877 0.00557856 -0.20945749
v 0.30607978 0.00566605 -0.20933063
v 0.30681589 0.00552578 -0.20953402
v 0.30732983 0.00519534 -0.21001312
v 0.30748394 0.00476326 -0.21063958
v 0.30723688 0.00434533 -0.21124554
v 0.30665487 0.00405353 -0.21166863
v 0.30589384 0.00396604 -0.21179548
v 0.30515775 0.00410631 -0.21159209
v 0.30464378 0.00443675 -0.21111299
v 0.30130398 -0.01372393 -0.23744413
v 0.30061871 -0.01328334 -0.23680532
v 0.30041325 -0.01270725 -0.23597004
v 0.30249569 0.00633282 -0.20836389
v 0.30282509 0.00689006 -0.20755595
v 0.30360112 0.00727913 -0.20699184
v 0.35610595 -0.01467075 -0.23881692
v 0.35577655 -0.01522799 -0.23962486
v 0.35500056 -0.01561706 -0.24018897
v 0.35818839 0.00436932 -0.21121077
v 0.35729769 0.00538600 -0.20973668
v 0.35798293 0.00494541 -0.21037549
v 0.35331285 -0.01925855 -0.23402025
v 0.35368896 -0.01909919 -0.23378919
v 0.35357261 -0.01928728 -0.23352169
v 0.35286269 -0.01950345 -0.23383510
v 0.35286841 -0.01934412 -0.23414432
v 0.35323724 -0.01942938 -0.23372771
v 0.35327604 -0.01941733 -0.23371023
v 0.35395995 -0.01888164 -0.23347378
v 0.35409924 -0.01862719 -0.23310485
v 0.35393843 -0.01886642 -0.23291147
v 0.35385072 -0.01904756 -0.23317410
v 0.35381421 -0.01909330 -0.23324043
v 0.35361773 -0.01925967 -0.23348165
v 0.35409325 -0.01836076 -0.23271856
v 0.35394251 -0.01810843 -0.23235270
v 0.35379869 -0.01840385 -0.23224080
v 0.35390422 -0.01855536 -0.23246045
v 0.35393307 -0.01862886 -0.23256703
v 0.35394979 -0.01880399 -0.23282096
v 0.35366184 -0.01789488 -0.23204309
v 0.35327867 -0.01774104 -0.23182002
v 0.35320675 -0.01807627 -0.23176582
v 0.35341394 -0.01814829 -0.23187025
v 0.35354841 -0.01821345 -0.23196472
v 0.35371888 -0.01832860 -0.23213169
v 0.35236126 -0.01766535 -0.23171028
v 0.35258666 -0.01799802 -0.23165238
v 0.35283053 -0.01766195 -0.23170534
v 0.35280716 -0.01800574 -0.23166357
v 0.35302240 -0.01803396 -0.23170449
v 0.35191682 -0.01775092 -0.23183435
v 0.35215402 -0.01804435 -0.23171955
v 0.35238871 -0.01800878 -0.23166798
v 0.35154068 -0.01791028 -0.23206541
v 0.35177130 -0.01816792 -0.23189873
v 0.35199243 -0.01808508 -0.23177861
v 0.35126972 -0.01812783 -0.23238084
v 0.35147998 -0.01835536 -0.23217049
v 0.35165706 -0.01822718 -0.23198463
v 0.35113043 -0.01838228 -0.23274975
v 0.35131162 -0.01858635 -0.23250540
v 0.35141546 -0.01842116 -0.23226589
v 0.35113642 -0.01864871 -0.23313604
v 0.35128450 -0.01883586 -0.23286715
v 0.35129124 -0.01864804 -0.23259483
v 0.35128713 -0.01890104 -0.23350191
v 0.35140157 -0.01907684 -0.23321657
v 0.35129657 -0.01888560 -0.23293929
v 0.35156780 -0.01911459 -0.23381153
v 0.35165009 -0.01928319 -0.23351575
v 0.35143098 -0.01911060 -0.23326552
v 0.35284093 -0.01950568 -0.23383833
v 0.35242251 -0.01950872 -0.23384273
v 0.35239914 -0.01934752 -0.23414926
v 0.35202292 -0.01943819 -0.23374048
v 0.35195100 -0.01926843 -0.23403458
v 0.35200316 -0.01943254 -0.23373230
v 0.35168123 -0.01930101 -0.23354159
v 0.35286269 -0.01966256 -0.23372537
v 0.35242251 -0.01966782 -0.23373300
v 0.35327604 -0.01957643 -0.23360050
v 0.35361773 -0.01941877 -0.23337190
v 0.35385072 -0.01920666 -0.23306437
v 0.35394979 -0.01896309 -0.23271123
v 0.35390422 -0.01871446 -0.23235072
v 0.35371888 -0.01848770 -0.23202194
v 0.35341394 -0.01830739 -0.23176052
v 0.35302240 -0.01819307 -0.23159476
v 0.35258666 -0.01815712 -0.23154265
v 0.35215402 -0.01820345 -0.23160982
v 0.35177130 -0.01832703 -0.23178899
v 0.35147998 -0.01851447 -0.23206076
v 0.35131162 -0.01874546 -0.23239566
v 0.35128450 -0.01899496 -0.23275742
v 0.35140157 -0.01923594 -0.23310682
v 0.35165009 -0.01944229 -0.23340601
v 0.35200316 -0.01959165 -0.23362257
v 0.35349861 -0.02042479 -0.23483054
v 0.35286209 -0.02049985 -0.23493937
v 0.35221222 -0.02048954 -0.23492441
v 0.35204548 -0.01735982 -0.23038663
v 0.35269305 -0.01732722 -0.23033938
v 0.35499966 -0.01974934 -0.23385121
v 0.35459700 -0.02003914 -0.23427139
v 0.35408750 -0.02026841 -0.23460381
v 0.35538480 -0.01868412 -0.23230673
v 0.35540447 -0.01905306 -0.23284167
v 0.35527372 -0.01941464 -0.23336591
v 0.35333639 -0.01738030 -0.23041633
v 0.35394087 -0.01751618 -0.23061335
v 0.35447386 -0.01772755 -0.23091981
v 0.35490662 -0.01800300 -0.23131919
v 0.35521582 -0.01832769 -0.23178996
v 0.35007581 -0.01824614 -0.23167172
v 0.35041648 -0.01793176 -0.23121589
v 0.35087565 -0.01767046 -0.23083703
v 0.35142857 -0.01747632 -0.23055556
v 0.34991106 -0.01932955 -0.23324256
v 0.34981611 -0.01896440 -0.23271312
v 0.34987202 -0.01859665 -0.23217992
v 0.35158405 -0.02039442 -0.23478650
v 0.35101146 -0.02021961 -0.23453304
v 0.35052532 -0.01997454 -0.23417772
v 0.35015181 -0.01967243 -0.23373969
v 0.35238799 -0.02015079 -0.23225597
v 0.35238275 -0.02018216 -0.23227309
v 0.35261482 -0.01973953 -0.23207566
v 0.35232338 -0.02038753 -0.23237702
v 0.35220590 -0.02079162 -0.23257910
v 0.35245791 -0.02083033 -0.23263523
v 0.35277858 -0.02007345 -0.23222761
v 0.35280719 -0.02005252 -0.23220690
v 0.35290807 -0.02003614 -0.23215468
v 0.35295072 -0.02004535 -0.23213974
v 0.35323080 -0.02020327 -0.23210986
v 0.35362661 -0.02044936 -0.23208286
v 0.35367569 -0.02036247 -0.23195687
v 0.35292950 -0.01980181 -0.23183376
v 0.35292342 -0.01979756 -0.23183030
v 0.35290629 -0.01968807 -0.23136286
v 0.35302377 -0.01964274 -0.23091334
v 0.35296753 -0.01963084 -0.23089609
v 0.35232157 -0.01977104 -0.23177032
v 0.35223290 -0.01980517 -0.23175485
v 0.35236564 -0.01975230 -0.23176415
v 0.35238940 -0.01974210 -0.23175585
v 0.35218504 -0.01982005 -0.23173311
v 0.35199884 -0.01987232 -0.23163003
v 0.35185909 -0.01991196 -0.23155230
v 0.35160306 -0.01998500 -0.23140958
v 0.35152501 -0.02018504 -0.23169963
v 0.35245106 -0.01971614 -0.23170954
v 0.35240954 -0.01973352 -0.23174527
v 0.35247114 -0.01970771 -0.23168203
v 0.35248959 -0.01969934 -0.23164527
v 0.35251066 -0.01968209 -0.23153310
v 0.35249606 -0.01969601 -0.23162752
v 0.35251075 -0.01965544 -0.23131555
v 0.35285106 -0.01974017 -0.23173124
v 0.35284829 -0.01973709 -0.23172110
v 0.35287663 -0.01976275 -0.23178579
v 0.35285109 -0.01971018 -0.23157382
v 0.35284165 -0.01971711 -0.23162718
v 0.35289022 -0.01977331 -0.23180297
v 0.35300845 -0.01985205 -0.23185378
v 0.35299194 -0.01984234 -0.23185261
v 0.35309407 -0.01989504 -0.23184185
v 0.35328829 -0.01997870 -0.23178425
v 0.35343406 -0.02004189 -0.23174070
v 0.35370114 -0.02015809 -0.23166054
v 0.35299674 -0.02006273 -0.23212829
v 0.35304460 -0.02008833 -0.23212209
v 0.35284024 -0.02003939 -0.23218688
v 0.35282013 -0.02004623 -0.23219867
v 0.35274008 -0.02012756 -0.23226614
v 0.35273361 -0.02014296 -0.23227556
v 0.35271931 -0.02021394 -0.23231553
v 0.35271892 -0.02083395 -0.23264046
v 0.35271892 -0.02042016 -0.23242433
v 0.35271901 -0.02022629 -0.23232213
v 0.35237858 -0.02019821 -0.23228140
v 0.35234860 -0.02001423 -0.23215148
v 0.35235304 -0.02001873 -0.23215693
v 0.35238138 -0.02007009 -0.23220392
v 0.35233945 -0.02000643 -0.23214097
v 0.35223261 -0.01998518 -0.23205578
v 0.35223773 -0.01998457 -0.23205881
v 0.35230017 -0.01998777 -0.23210339
v 0.35222122 -0.01998691 -0.23204932
v 0.35213557 -0.02001334 -0.23201337
v 0.35152853 -0.02027628 -0.23183191
v 0.35194138 -0.02009690 -0.23195563
v 0.35277176 -0.01960403 -0.23085722
v 0.35257062 -0.01959810 -0.23084863
v 0.35251075 -0.01960042 -0.23085198
v 0.35275397 -0.02151612 -0.23259734
v 0.35275006 -0.02155734 -0.23266332
v 0.35277224 -0.02145191 -0.23235571
v 0.35275435 -0.02146331 -0.23256551
v 0.35281616 -0.02114398 -0.23169464
v 0.35275176 -0.02139432 -0.23255895
v 0.35278526 -0.02137634 -0.23216817
v 0.35275406 -0.02144868 -0.23256128
v 0.35213110 -0.02098365 -0.23146217
v 0.35219434 -0.02099704 -0.23147269
v 0.35225558 -0.02102763 -0.23151292
v 0.35228655 -0.02106721 -0.23157442
v 0.35228413 -0.02110009 -0.23163101
v 0.35117671 -0.02077862 -0.23152803
v 0.35109898 -0.02077349 -0.23152682
v 0.35140949 -0.02085778 -0.23149541
v 0.35123289 -0.02075792 -0.23154275
v 0.35127747 -0.02071276 -0.23157075
v 0.35160938 -0.02090223 -0.23148076
v 0.35124469 -0.02074981 -0.23154798
v 0.35126802 -0.02039160 -0.23096420
v 0.35150409 -0.02048817 -0.23095949
v 0.35125455 -0.02039095 -0.23096043
v 0.35120016 -0.02037817 -0.23095363
v 0.35132465 -0.02038165 -0.23099062
v 0.35137174 -0.02034440 -0.23103666
v 0.35169944 -0.02055026 -0.23097043
v 0.35220841 -0.02068159 -0.23102422
v 0.35207009 -0.02146553 -0.23252130
v 0.35212162 -0.02139824 -0.23227789
v 0.35206664 -0.02147451 -0.23253147
v 0.35205379 -0.02149990 -0.23258004
v 0.35216531 -0.02132520 -0.23209402
v 0.35208619 -0.02141429 -0.23248784
v 0.35210297 -0.02134080 -0.23248135
v 0.35283244 -0.02111225 -0.23163971
v 0.35288292 -0.02107938 -0.23158795
v 0.35295603 -0.02105988 -0.23156379
v 0.35302126 -0.02105708 -0.23156865
v 0.35234675 -0.02067147 -0.23099650
v 0.35241351 -0.02059469 -0.23089822
v 0.35239723 -0.02063476 -0.23094741
v 0.35227364 -0.02068712 -0.23102333
v 0.35247567 -0.01988311 -0.23022963
v 0.35247958 -0.01983608 -0.23016767
v 0.35245740 -0.02008616 -0.23037550
v 0.35247532 -0.01989410 -0.23029031
v 0.35247791 -0.01987572 -0.23035713
v 0.35244441 -0.02023461 -0.23051278
v 0.35247561 -0.01989285 -0.23030548
v 0.35315955 -0.01993622 -0.23030394
v 0.35310805 -0.02013983 -0.23045333
v 0.35316303 -0.01992989 -0.23029193
v 0.35317588 -0.01989352 -0.23025095
v 0.35294551 -0.02063858 -0.23096184
v 0.35306436 -0.02028576 -0.23058693
v 0.35314345 -0.01994928 -0.23036373
v 0.35312670 -0.01992924 -0.23043473
v 0.35309857 -0.02075502 -0.23113069
v 0.35303533 -0.02074996 -0.23111443
v 0.35297406 -0.02072322 -0.23107155
v 0.35294309 -0.02067979 -0.23101269
v 0.35405296 -0.02062061 -0.23129894
v 0.35413066 -0.02061993 -0.23130415
v 0.35382017 -0.02067924 -0.23123653
v 0.35399675 -0.02059949 -0.23131306
v 0.35395220 -0.02055728 -0.23134531
v 0.35362029 -0.02070872 -0.23120019
v 0.35398498 -0.02059173 -0.23131877
v 0.35396162 -0.02101015 -0.23186103
v 0.35372558 -0.02104886 -0.23177244
v 0.35397512 -0.02101345 -0.23186298
v 0.35402948 -0.02101525 -0.23187734
v 0.35353023 -0.02106070 -0.23171051
v 0.35390499 -0.02098192 -0.23186095
v 0.35385793 -0.02092564 -0.23187941
v 0.35534006 -0.02050692 -0.23232698
v 0.35527369 -0.02064039 -0.23252049
v 0.35318419 -0.02169859 -0.23405477
v 0.35349861 -0.02165054 -0.23398511
v 0.35380107 -0.02158209 -0.23388585
v 0.35408750 -0.02149416 -0.23375838
v 0.35435399 -0.02138795 -0.23360439
v 0.35459700 -0.02126489 -0.23342596
v 0.35481316 -0.02112665 -0.23322552
v 0.35499963 -0.02097509 -0.23300578
v 0.35515383 -0.02081227 -0.23276971
v 0.35538572 -0.02037068 -0.23212944
v 0.35540444 -0.02027882 -0.23199625
v 0.35531855 -0.01972887 -0.23119889
v 0.35538477 -0.01990988 -0.23146133
v 0.35541353 -0.02009403 -0.23172832
v 0.35507783 -0.01938600 -0.23070176
v 0.35521579 -0.01955346 -0.23094456
v 0.35470432 -0.01908389 -0.23026372
v 0.35490659 -0.01922877 -0.23047379
v 0.35421818 -0.01883882 -0.22990841
v 0.35447383 -0.01895332 -0.23007442
v 0.35301745 -0.01856890 -0.22951704
v 0.35333639 -0.01860607 -0.22957094
v 0.35364559 -0.01866402 -0.22965495
v 0.35394084 -0.01874196 -0.22976796
v 0.35269305 -0.01855300 -0.22949399
v 0.35236758 -0.01855859 -0.22950210
v 0.35204548 -0.01858559 -0.22954124
v 0.35173106 -0.01863365 -0.22961092
v 0.35142860 -0.01870210 -0.22971016
v 0.35063267 -0.01901929 -0.23017007
v 0.35087565 -0.01889623 -0.22999164
v 0.35114217 -0.01879002 -0.22983766
v 0.35023004 -0.01930909 -0.23059024
v 0.35041648 -0.01915753 -0.23037051
v 0.34982523 -0.02000536 -0.23159976
v 0.34987205 -0.01982242 -0.23133452
v 0.34995598 -0.01964379 -0.23107553
v 0.35007584 -0.01947191 -0.23082632
v 0.34981614 -0.02019016 -0.23186770
v 0.34984490 -0.02037430 -0.23213470
v 0.34991109 -0.02055531 -0.23239714
v 0.35075584 -0.02133086 -0.23352161
v 0.35052532 -0.02120029 -0.23333229
v 0.35032308 -0.02105541 -0.23312223
v 0.35015181 -0.02089818 -0.23289427
v 0.35001388 -0.02073072 -0.23265147
v 0.35101148 -0.02144536 -0.23368761
v 0.35128880 -0.02154223 -0.23382807
v 0.35158405 -0.02162016 -0.23394106
v 0.35286209 -0.02172559 -0.23409393
v 0.35253662 -0.02173118 -0.23410204
v 0.35221222 -0.02171529 -0.23407897
v 0.35189325 -0.02167811 -0.23402508
v 0.35137442 -0.02097612 -0.23170702
v 0.35109326 -0.02067973 -0.23139088
v 0.35110879 -0.02057247 -0.23123536
v 0.35089797 -0.02049465 -0.23125181
v 0.35328206 -0.02055420 -0.23091331
v 0.35385525 -0.02052348 -0.23105073
v 0.35186464 -0.02135461 -0.23225579
v 0.35378206 -0.02162769 -0.23380500
v 0.35402486 -0.02155406 -0.23369268
v 0.35345477 -0.02167779 -0.23360267
v 0.35045174 -0.01924201 -0.23034601
v 0.35026827 -0.01939114 -0.23056222
v 0.35051289 -0.01956807 -0.23054379
v 0.35011655 -0.01955135 -0.23079452
v 0.34999859 -0.01972048 -0.23103973
v 0.35043851 -0.01993500 -0.23091266
v 0.34991604 -0.01989624 -0.23129457
v 0.34986997 -0.02007625 -0.23155557
v 0.35036305 -0.02025532 -0.23132245
v 0.34988931 -0.02043927 -0.23208192
v 0.34995446 -0.02061738 -0.23234014
v 0.35021323 -0.02073900 -0.23224153
v 0.35160059 -0.02166516 -0.23385932
v 0.35190484 -0.02172217 -0.23394199
v 0.35170683 -0.02163701 -0.23338039
v 0.35228765 -0.02171955 -0.23344544
v 0.35131007 -0.02158847 -0.23374814
v 0.35113868 -0.02148672 -0.23332565
v 0.35103717 -0.02149315 -0.23360993
v 0.35078564 -0.02138050 -0.23344660
v 0.35059109 -0.02127079 -0.23328197
v 0.35055882 -0.02125202 -0.23326032
v 0.35035983 -0.02110946 -0.23305362
v 0.35066399 -0.02116903 -0.23274273
v 0.35019132 -0.02095475 -0.23282930
v 0.35014093 -0.02089561 -0.23273799
v 0.35005558 -0.02078998 -0.23259041
v 0.35116577 -0.01888040 -0.22982171
v 0.35090354 -0.01898490 -0.22997323
v 0.35113192 -0.01934060 -0.23009171
v 0.35066447 -0.01910599 -0.23014879
v 0.35058519 -0.01915964 -0.23022102
v 0.35120481 -0.01887271 -0.22980499
v 0.35177487 -0.01900080 -0.22972132
v 0.35144761 -0.01879388 -0.22969627
v 0.35174522 -0.01872653 -0.22959861
v 0.35205460 -0.01867924 -0.22953005
v 0.35235664 -0.01909789 -0.22969893
v 0.35237154 -0.01865267 -0.22949153
v 0.35269180 -0.01864717 -0.22948356
v 0.35294202 -0.01916262 -0.22973815
v 0.35301098 -0.01866282 -0.22950624
v 0.35332483 -0.01869940 -0.22955927
v 0.35352284 -0.01919409 -0.22983842
v 0.35362908 -0.01875642 -0.22964194
v 0.35409099 -0.01919187 -0.22999835
v 0.35419247 -0.01892842 -0.22989133
v 0.35391960 -0.01883310 -0.22975314
v 0.35444403 -0.01904108 -0.23005468
v 0.35463858 -0.01915598 -0.23021571
v 0.35467082 -0.01916955 -0.23024096
v 0.35456568 -0.01962388 -0.23050243
v 0.35486984 -0.01931211 -0.23044765
v 0.35503834 -0.01946682 -0.23067196
v 0.35508874 -0.01953116 -0.23075970
v 0.35517406 -0.01963159 -0.23091087
v 0.35501644 -0.01993959 -0.23108247
v 0.35527521 -0.01980419 -0.23116112
v 0.35534036 -0.01998230 -0.23141935
v 0.35494205 -0.02030653 -0.23145133
v 0.35536864 -0.02016349 -0.23168206
v 0.35535970 -0.02034532 -0.23194569
v 0.35486659 -0.02062685 -0.23186113
v 0.35534129 -0.02043571 -0.23207675
v 0.35529637 -0.02056977 -0.23227112
v 0.35479116 -0.02089610 -0.23230615
v 0.35523105 -0.02070109 -0.23246153
v 0.35511312 -0.02087022 -0.23270674
v 0.35471678 -0.02111053 -0.23278020
v 0.35496140 -0.02103043 -0.23293903
v 0.35477793 -0.02117956 -0.23315525
v 0.35464448 -0.02126713 -0.23327667
v 0.35456520 -0.02131558 -0.23335248
v 0.35406387 -0.02154117 -0.23367956
v 0.35432610 -0.02143667 -0.23352803
v 0.35409772 -0.02145230 -0.23315345
v 0.35287300 -0.02173321 -0.23351988
v 0.35317507 -0.02174233 -0.23397121
v 0.35348442 -0.02169504 -0.23390266
v 0.35221866 -0.02175875 -0.23399502
v 0.35253787 -0.02177440 -0.23401771
v 0.35285813 -0.02176890 -0.23400974
v 0.35236537 -0.02161106 -0.23287049
v 0.35239601 -0.02155178 -0.23265526
v 0.35221046 -0.02152970 -0.23262323
v 0.35178402 -0.02152926 -0.23280944
v 0.35295019 -0.02162547 -0.23294893
v 0.35258493 -0.02156059 -0.23266803
v 0.35303083 -0.02145082 -0.23239528
v 0.35311377 -0.02121169 -0.23186661
v 0.35369051 -0.02116720 -0.23198405
v 0.35425225 -0.02106151 -0.23213124
v 0.35408199 -0.02092629 -0.23174836
v 0.35433170 -0.02077792 -0.23166253
v 0.35412088 -0.02082095 -0.23159564
v 0.35441115 -0.02044054 -0.23123090
v 0.35413638 -0.02071369 -0.23144011
v 0.35336500 -0.02014499 -0.23050196
v 0.35344565 -0.01968951 -0.23014198
v 0.35301918 -0.01986372 -0.23020774
v 0.35286430 -0.01966151 -0.23004384
v 0.35283366 -0.01984164 -0.23017573
v 0.35227945 -0.01959330 -0.23000251
v 0.35264474 -0.01983283 -0.23016295
v 0.35219884 -0.02004878 -0.23036247
v 0.35211587 -0.02045799 -0.23077382
v 0.35153916 -0.02033241 -0.23077369
v 0.35097742 -0.02015726 -0.23082018
v 0.35114768 -0.02046713 -0.23108262
v 0.35081849 -0.02077824 -0.23172054
v 0.35194761 -0.02111549 -0.23172712
v 0.35228655 -0.02106722 -0.23157442
v 0.35219434 -0.02099705 -0.23147267
v 0.34986103 -0.02025808 -0.23181921
v 0.35028762 -0.02052457 -0.23176748
v 0.35105577 -0.01977079 -0.23043168
v 0.35169932 -0.01948583 -0.23001853
v 0.35162038 -0.01993177 -0.23037095
v 0.35074013 -0.02100408 -0.23221983
v 0.35129318 -0.02121024 -0.23222460
v 0.35121423 -0.02138123 -0.23276666
v 0.35393646 -0.02012284 -0.23064800
v 0.35401541 -0.01967691 -0.23029555
v 0.35448951 -0.02005406 -0.23084240
v 0.35360929 -0.02140131 -0.23250164
v 0.35417390 -0.02128735 -0.23263055
v 0.35353035 -0.02157230 -0.23304370
v 0.35532844 -0.02054437 -0.23229782
v 0.35526237 -0.02067727 -0.23249051
v 0.35514301 -0.02084842 -0.23273866
v 0.35498947 -0.02101055 -0.23297372
v 0.35480380 -0.02116146 -0.23319253
v 0.35458854 -0.02129911 -0.23339212
v 0.35434657 -0.02142164 -0.23356979
v 0.35408121 -0.02152740 -0.23372312
v 0.35379601 -0.02161495 -0.23385006
v 0.35349485 -0.02168311 -0.23394889
v 0.35318175 -0.02173096 -0.23401825
v 0.35286102 -0.02175785 -0.23405725
v 0.35253695 -0.02176341 -0.23406531
v 0.35221392 -0.02174758 -0.23404236
v 0.35189635 -0.02171056 -0.23398869
v 0.35158846 -0.02165286 -0.23390503
v 0.35129446 -0.02157526 -0.23379251
v 0.35101831 -0.02147880 -0.23365265
v 0.35076377 -0.02136480 -0.23348737
v 0.35053423 -0.02123478 -0.23329885
v 0.35033286 -0.02109052 -0.23308969
v 0.35016233 -0.02093396 -0.23286270
v 0.35002497 -0.02076722 -0.23262092
v 0.34992263 -0.02059255 -0.23236768
v 0.34985670 -0.02041232 -0.23210636
v 0.34982806 -0.02022896 -0.23184051
v 0.34983712 -0.02004495 -0.23157372
v 0.34988374 -0.01986278 -0.23130959
v 0.34996730 -0.01968492 -0.23105171
v 0.35008666 -0.01951377 -0.23080356
v 0.35024020 -0.01935164 -0.23056850
v 0.35042587 -0.01920073 -0.23034969
v 0.35064113 -0.01906308 -0.23015010
v 0.35088307 -0.01894055 -0.22997244
v 0.35114846 -0.01883479 -0.22981910
v 0.35143363 -0.01874724 -0.22969216
v 0.35173482 -0.01867908 -0.22959334
v 0.35204789 -0.01863123 -0.22952397
v 0.35236862 -0.01860434 -0.22948498
v 0.35269272 -0.01859878 -0.22947691
v 0.35301572 -0.01861461 -0.22949986
v 0.35333332 -0.01865163 -0.22955354
v 0.35364121 -0.01870932 -0.22963719
v 0.35393521 -0.01878693 -0.22974971
v 0.35421136 -0.01888338 -0.22988957
v 0.35446590 -0.01899739 -0.23005486
v 0.35469544 -0.01912740 -0.23024337
v 0.35489681 -0.01927167 -0.23045254
v 0.35506734 -0.01942823 -0.23067953
v 0.35520470 -0.01959497 -0.23092130
v 0.35530704 -0.01976964 -0.23117454
v 0.35537297 -0.01994987 -0.23143587
v 0.35540161 -0.02013323 -0.23170172
v 0.35539255 -0.02031724 -0.23196851
v 0.35537389 -0.02040871 -0.23210113
v 0.35131881 -0.02043222 -0.23116399
v 0.35127074 -0.02062002 -0.23143630
v 0.35128444 -0.02052527 -0.23129891
v 0.35122618 -0.02066319 -0.23140545
v 0.35116234 -0.02068466 -0.23138912
v 0.35117671 -0.02077861 -0.23152803
v 0.35117719 -0.02058227 -0.23124066
v 0.35121429 -0.02048171 -0.23109487
v 0.35124034 -0.02056530 -0.23126352
v 0.35127583 -0.02046916 -0.23112413
v 0.35297203 -0.01989918 -0.23039114
v 0.35280815 -0.01987968 -0.23036288
v 0.35264125 -0.01987189 -0.23035158
v 0.35264212 -0.01989026 -0.23028478
v 0.35264337 -0.01987621 -0.23021695
v 0.35282373 -0.01988463 -0.23022915
v 0.35300082 -0.01990570 -0.23025970
v 0.35281456 -0.01989830 -0.23029645
v 0.35298386 -0.01991845 -0.23032567
v 0.35391086 -0.02083782 -0.23175208
v 0.35395893 -0.02065002 -0.23147978
v 0.35394523 -0.02074477 -0.23161717
v 0.35400349 -0.02069418 -0.23145039
v 0.35406730 -0.02071708 -0.23143612
v 0.35405248 -0.02081947 -0.23158458
v 0.35401535 -0.02092003 -0.23173037
v 0.35398933 -0.02079208 -0.23159233
v 0.35395384 -0.02088821 -0.23173171
v 0.35225764 -0.02137086 -0.23252493
v 0.35258842 -0.02139814 -0.23256449
v 0.35242152 -0.02139036 -0.23255320
v 0.35258755 -0.02146711 -0.23257105
v 0.35258627 -0.02152553 -0.23260829
v 0.35240594 -0.02151711 -0.23259608
v 0.35222882 -0.02149604 -0.23256554
v 0.35241511 -0.02145907 -0.23255940
v 0.35224578 -0.02143892 -0.23253018
v 0.35244325 -0.00970846 -0.24042863
v 0.35208672 -0.00964554 -0.24033740
v 0.35261482 -0.00903800 -0.23945655
v 0.35281655 -0.00970575 -0.24042471
v 0.35368487 -0.00933784 -0.23989128
v 0.35346931 -0.00951090 -0.24014220
v 0.35317013 -0.00963767 -0.24032600
v 0.35367104 -0.00872273 -0.23899944
v 0.35379094 -0.00892347 -0.23929049
v 0.35379571 -0.00913542 -0.23959780
v 0.35278642 -0.00836755 -0.23848446
v 0.35314292 -0.00843047 -0.23857568
v 0.35344774 -0.00855286 -0.23875313
v 0.35176033 -0.00856511 -0.23877089
v 0.35205954 -0.00843833 -0.23858708
v 0.35241312 -0.00837026 -0.23848839
v 0.35143873 -0.00915253 -0.23962261
v 0.35143396 -0.00894058 -0.23931530
v 0.35154477 -0.00873817 -0.23902182
v 0.35178190 -0.00952315 -0.24015996
v 0.35155863 -0.00935327 -0.23991366
v 0.35239914 -0.01013337 -0.24050429
v 0.35195100 -0.01005428 -0.24038963
v 0.35156780 -0.00990043 -0.24016656
v 0.35128713 -0.00968689 -0.23985694
v 0.35113642 -0.00943455 -0.23949109
v 0.35113043 -0.00916812 -0.23910479
v 0.35126972 -0.00891368 -0.23873587
v 0.35154068 -0.00869613 -0.23842044
v 0.35191682 -0.00853677 -0.23818940
v 0.35236126 -0.00845120 -0.23806532
v 0.35283053 -0.00844779 -0.23806038
v 0.35327867 -0.00852688 -0.23817505
v 0.35366184 -0.00868073 -0.23839812
v 0.35394251 -0.00889427 -0.23870774
v 0.35409325 -0.00914661 -0.23907360
v 0.35409924 -0.00941304 -0.23945989
v 0.35395995 -0.00966748 -0.23982881
v 0.35368896 -0.00988503 -0.24014424
v 0.35331285 -0.01004439 -0.24037530
v 0.35286841 -0.01012996 -0.24049936
v 0.30590418 -0.01758710 -0.23159683
v 0.30628029 -0.01742775 -0.23136579
v 0.30616391 -0.01761584 -0.23109826
v 0.30545402 -0.01783201 -0.23141170
v 0.30545971 -0.01767268 -0.23172091
v 0.30582854 -0.01775794 -0.23130429
v 0.30586734 -0.01774589 -0.23128681
v 0.30655125 -0.01721020 -0.23105036
v 0.30669054 -0.01695575 -0.23068143
v 0.30652976 -0.01719498 -0.23048806
v 0.30644202 -0.01737612 -0.23075069
v 0.30640554 -0.01742186 -0.23081701
v 0.30620903 -0.01758823 -0.23105823
v 0.30668455 -0.01668932 -0.23029514
v 0.30653384 -0.01643699 -0.22992928
v 0.30639002 -0.01673242 -0.22981738
v 0.30649552 -0.01688392 -0.23003705
v 0.30652440 -0.01695742 -0.23014361
v 0.30654112 -0.01713255 -0.23039754
v 0.30625317 -0.01622344 -0.22961967
v 0.30587000 -0.01606960 -0.22939660
v 0.30579808 -0.01640482 -0.22934242
v 0.30600524 -0.01647685 -0.22944683
v 0.30613974 -0.01654200 -0.22954130
v 0.30631021 -0.01665716 -0.22970827
v 0.30495256 -0.01599391 -0.22928686
v 0.30517799 -0.01632658 -0.22922896
v 0.30542183 -0.01599050 -0.22928193
v 0.30539846 -0.01633430 -0.22924016
v 0.30561370 -0.01636252 -0.22928108
v 0.30450812 -0.01607948 -0.22941093
v 0.30474532 -0.01637291 -0.22929613
v 0.30498004 -0.01633734 -0.22924456
v 0.30413201 -0.01623884 -0.22964199
v 0.30436260 -0.01649649 -0.22947530
v 0.30458376 -0.01641364 -0.22935519
v 0.30386105 -0.01645639 -0.22995742
v 0.30407128 -0.01668392 -0.22974707
v 0.30424836 -0.01655574 -0.22956122
v 0.30372173 -0.01671083 -0.23032632
v 0.30390295 -0.01691491 -0.23008199
v 0.30400676 -0.01674972 -0.22984247
v 0.30372775 -0.01697727 -0.23071262
v 0.30387583 -0.01716442 -0.23044375
v 0.30388254 -0.01697660 -0.23017143
v 0.30387846 -0.01722960 -0.23107849
v 0.30399287 -0.01740540 -0.23079315
v 0.30388790 -0.01721416 -0.23051587
v 0.30415913 -0.01744315 -0.23138811
v 0.30424142 -0.01761175 -0.23109233
v 0.30402228 -0.01743916 -0.23084210
v 0.30543226 -0.01783424 -0.23141491
v 0.30501384 -0.01783728 -0.23141932
v 0.30499047 -0.01767609 -0.23172584
v 0.30461422 -0.01776675 -0.23131707
v 0.30454230 -0.01759699 -0.23161118
v 0.30459446 -0.01776110 -0.23130888
v 0.30427256 -0.01762957 -0.23111817
v 0.30545402 -0.01799112 -0.23130195
v 0.30501384 -0.01799638 -0.23130958
v 0.30586734 -0.01790499 -0.23117708
v 0.30620903 -0.01774733 -0.23094849
v 0.30644202 -0.01753522 -0.23064095
v 0.30654112 -0.01729165 -0.23028781
v 0.30649552 -0.01704302 -0.22992732
v 0.30631021 -0.01681626 -0.22959854
v 0.30600524 -0.01663595 -0.22933710
v 0.30561370 -0.01652163 -0.22917135
v 0.30517799 -0.01648568 -0.22911923
v 0.30474532 -0.01653201 -0.22918640
v 0.30436260 -0.01665559 -0.22936557
v 0.30407128 -0.01684303 -0.22963734
v 0.30390295 -0.01707401 -0.22997224
v 0.30387583 -0.01732352 -0.23033401
v 0.30399287 -0.01756450 -0.23068342
v 0.30424142 -0.01777085 -0.23098260
v 0.30459446 -0.01792021 -0.23119915
v 0.30608994 -0.01875335 -0.23240712
v 0.30545339 -0.01882841 -0.23251595
v 0.30480352 -0.01881810 -0.23250100
v 0.30463678 -0.01568838 -0.22796322
v 0.30528435 -0.01565578 -0.22791596
v 0.30759096 -0.01807790 -0.23142779
v 0.30718833 -0.01836770 -0.23184797
v 0.30667883 -0.01859697 -0.23218039
v 0.30797613 -0.01701268 -0.22988331
v 0.30799577 -0.01738162 -0.23041825
v 0.30786502 -0.01774319 -0.23094249
v 0.30592772 -0.01570886 -0.22799292
v 0.30653217 -0.01584474 -0.22818993
v 0.30706516 -0.01605611 -0.22849639
v 0.30749792 -0.01633156 -0.22889577
v 0.30780712 -0.01665625 -0.22936654
v 0.30266711 -0.01657470 -0.22924830
v 0.30300778 -0.01626032 -0.22879247
v 0.30346695 -0.01599902 -0.22841363
v 0.30401990 -0.01580488 -0.22813214
v 0.30250239 -0.01765811 -0.23081914
v 0.30240741 -0.01729296 -0.23028970
v 0.30246335 -0.01692521 -0.22975650
v 0.30417538 -0.01872298 -0.23236308
v 0.30360278 -0.01854817 -0.23210962
v 0.30311662 -0.01830310 -0.23175430
v 0.30274311 -0.01800099 -0.23131627
v 0.30497932 -0.01847935 -0.22983254
v 0.30497408 -0.01851072 -0.22984968
v 0.30520615 -0.01806809 -0.22965224
v 0.30491468 -0.01871609 -0.22995360
v 0.30479720 -0.01912018 -0.23015569
v 0.30504924 -0.01915889 -0.23021181
v 0.30536991 -0.01840200 -0.22980419
v 0.30539849 -0.01838108 -0.22978348
v 0.30549940 -0.01836470 -0.22973128
v 0.30554205 -0.01837391 -0.22971632
v 0.30582213 -0.01853183 -0.22968645
v 0.30621791 -0.01877792 -0.22965944
v 0.30626699 -0.01869103 -0.22953345
v 0.30552080 -0.01813037 -0.22941035
v 0.30551472 -0.01812612 -0.22940688
v 0.30549759 -0.01801663 -0.22893946
v 0.30561510 -0.01797130 -0.22848992
v 0.30555883 -0.01795940 -0.22847266
v 0.30491289 -0.01809960 -0.22934690
v 0.30482423 -0.01813373 -0.22933143
v 0.30495694 -0.01808086 -0.22934075
v 0.30498073 -0.01807066 -0.22933243
v 0.30477637 -0.01814861 -0.22930969
v 0.30459017 -0.01820088 -0.22920661
v 0.30445042 -0.01824052 -0.22912890
v 0.30419439 -0.01831356 -0.22898616
v 0.30411634 -0.01851360 -0.22927621
v 0.30504239 -0.01804470 -0.22928613
v 0.30500084 -0.01806208 -0.22932185
v 0.30506244 -0.01803627 -0.22925863
v 0.30508089 -0.01802791 -0.22922185
v 0.30510196 -0.01801065 -0.22910967
v 0.30508739 -0.01802457 -0.22920412
v 0.30510205 -0.01798400 -0.22889215
v 0.30544239 -0.01806873 -0.22930782
v 0.30543959 -0.01806565 -0.22929768
v 0.30546796 -0.01809131 -0.22936238
v 0.30544242 -0.01803874 -0.22915040
v 0.30543298 -0.01804567 -0.22920376
v 0.30548155 -0.01810187 -0.22937955
v 0.30559975 -0.01818061 -0.22943036
v 0.30558327 -0.01817090 -0.22942919
v 0.30568540 -0.01822360 -0.22941843
v 0.30587959 -0.01830726 -0.22936083
v 0.30602536 -0.01837045 -0.22931728
v 0.30629244 -0.01848665 -0.22923712
v 0.30558807 -0.01839129 -0.22970487
v 0.30563593 -0.01841689 -0.22969867
v 0.30543157 -0.01836794 -0.22976346
v 0.30541146 -0.01837479 -0.22977525
v 0.30533141 -0.01845612 -0.22984272
v 0.30532491 -0.01847152 -0.22985214
v 0.30531064 -0.01854249 -0.22989210
v 0.30531022 -0.01916251 -0.23021705
v 0.30531025 -0.01874872 -0.23000091
v 0.30531034 -0.01855485 -0.22989871
v 0.30496988 -0.01852676 -0.22985798
v 0.30493993 -0.01834279 -0.22972807
v 0.30494434 -0.01834729 -0.22973353
v 0.30497268 -0.01839865 -0.22978050
v 0.30493075 -0.01833499 -0.22971755
v 0.30482394 -0.01831374 -0.22963236
v 0.30482903 -0.01831312 -0.22963539
v 0.30489147 -0.01831633 -0.22967997
v 0.30481255 -0.01831547 -0.22962590
v 0.30472690 -0.01834190 -0.22958995
v 0.30411983 -0.01860484 -0.22940849
v 0.30453268 -0.01842546 -0.22953221
v 0.30536306 -0.01793259 -0.22843380
v 0.30516195 -0.01792666 -0.22842520
v 0.30510205 -0.01792898 -0.22842856
v 0.30534530 -0.01984468 -0.23017392
v 0.30534139 -0.01988590 -0.23023990
v 0.30536357 -0.01978047 -0.22993229
v 0.30534565 -0.01979187 -0.23014209
v 0.30540749 -0.01947254 -0.22927122
v 0.30534306 -0.01972288 -0.23013553
v 0.30537656 -0.01970490 -0.22974475
v 0.30534536 -0.01977724 -0.23013785
v 0.30472240 -0.01931221 -0.22903875
v 0.30478564 -0.01932560 -0.22904927
v 0.30484691 -0.01935619 -0.22908950
v 0.30487788 -0.01939577 -0.22915100
v 0.30487546 -0.01942865 -0.22920759
v 0.30376804 -0.01910717 -0.22910461
v 0.30369031 -0.01910205 -0.22910340
v 0.30400079 -0.01918634 -0.22907199
v 0.30382422 -0.01908648 -0.22911935
v 0.30386877 -0.01904132 -0.22914734
v 0.30420068 -0.01923079 -0.22905734
v 0.30383599 -0.01907837 -0.22912456
v 0.30385935 -0.01872016 -0.22854078
v 0.30409539 -0.01881673 -0.22853608
v 0.30384588 -0.01871951 -0.22853701
v 0.30379149 -0.01870673 -0.22853023
v 0.30391598 -0.01871021 -0.22856720
v 0.30396307 -0.01867296 -0.22861324
v 0.30429077 -0.01887882 -0.22854701
v 0.30479971 -0.01901015 -0.22860080
v 0.30466142 -0.01979409 -0.23009787
v 0.30471295 -0.01972680 -0.22985448
v 0.30465794 -0.01980307 -0.23010805
v 0.30464509 -0.01982846 -0.23015662
v 0.30475664 -0.01965376 -0.22967060
v 0.30467752 -0.01974285 -0.23006442
v 0.30469427 -0.01966936 -0.23005792
v 0.30542374 -0.01944081 -0.22921629
v 0.30547422 -0.01940794 -0.22916453
v 0.30554733 -0.01938844 -0.22914037
v 0.30561259 -0.01938564 -0.22914523
v 0.30493805 -0.01900003 -0.22857310
v 0.30500481 -0.01892325 -0.22847480
v 0.30498856 -0.01896332 -0.22852398
v 0.30486497 -0.01901568 -0.22859991
v 0.30506700 -0.01821167 -0.22780621
v 0.30507091 -0.01816464 -0.22774425
v 0.30504873 -0.01841472 -0.22795208
v 0.30506662 -0.01822266 -0.22786689
v 0.30506921 -0.01820428 -0.22793370
v 0.30503574 -0.01856317 -0.22808936
v 0.30506691 -0.01822141 -0.22788207
v 0.30575088 -0.01826478 -0.22788052
v 0.30569935 -0.01846839 -0.22802991
v 0.30575433 -0.01825845 -0.22786851
v 0.30576718 -0.01822208 -0.22782753
v 0.30553684 -0.01896713 -0.22853844
v 0.30565566 -0.01861431 -0.22816351
v 0.30573478 -0.01827784 -0.22794031
v 0.30571803 -0.01825780 -0.22801131
v 0.30568990 -0.01908358 -0.22870727
v 0.30562666 -0.01907852 -0.22869101
v 0.30556539 -0.01905178 -0.22864813
v 0.30553442 -0.01900835 -0.22858928
v 0.30664426 -0.01894917 -0.22887553
v 0.30672199 -0.01894849 -0.22888075
v 0.30641150 -0.01900780 -0.22881311
v 0.30658808 -0.01892805 -0.22888964
v 0.30654350 -0.01888584 -0.22892191
v 0.30621162 -0.01903728 -0.22877677
v 0.30657628 -0.01892029 -0.22889537
v 0.30655295 -0.01933871 -0.22943762
v 0.30631691 -0.01937742 -0.22934902
v 0.30656642 -0.01934201 -0.22943956
v 0.30662081 -0.01934381 -0.22945392
v 0.30612153 -0.01938925 -0.22928710
v 0.30649632 -0.01931048 -0.22943753
v 0.30644923 -0.01925420 -0.22945599
v 0.30793139 -0.01883548 -0.22990356
v 0.30786502 -0.01896895 -0.23009707
v 0.30577549 -0.02002715 -0.23163135
v 0.30608994 -0.01997910 -0.23156169
v 0.30639240 -0.01991065 -0.23146243
v 0.30667880 -0.01982272 -0.23133495
v 0.30694532 -0.01971651 -0.23118097
v 0.30718830 -0.01959345 -0.23100254
v 0.30740449 -0.01945521 -0.23080210
v 0.30759093 -0.01930366 -0.23058236
v 0.30774516 -0.01914083 -0.23034629
v 0.30797702 -0.01869924 -0.22970602
v 0.30799574 -0.01860738 -0.22957283
v 0.30790988 -0.01805743 -0.22877547
v 0.30797610 -0.01823844 -0.22903791
v 0.30800483 -0.01842258 -0.22930491
v 0.30766916 -0.01771456 -0.22827834
v 0.30780709 -0.01788202 -0.22852114
v 0.30729565 -0.01741245 -0.22784030
v 0.30749789 -0.01755733 -0.22805037
v 0.30680951 -0.01716738 -0.22748499
v 0.30706516 -0.01728188 -0.22765100
v 0.30560875 -0.01689746 -0.22709362
v 0.30592772 -0.01693463 -0.22714752
v 0.30623692 -0.01699258 -0.22723155
v 0.30653217 -0.01707052 -0.22734454
v 0.30528435 -0.01688156 -0.22707057
v 0.30495891 -0.01688715 -0.22707868
v 0.30463678 -0.01691415 -0.22711782
v 0.30432236 -0.01696220 -0.22718750
v 0.30401990 -0.01703066 -0.22728674
v 0.30322400 -0.01734785 -0.22774665
v 0.30346698 -0.01722479 -0.22756822
v 0.30373347 -0.01711858 -0.22741424
v 0.30282134 -0.01763765 -0.22816682
v 0.30300781 -0.01748609 -0.22794709
v 0.30241653 -0.01833392 -0.22917636
v 0.30246335 -0.01815098 -0.22891110
v 0.30254728 -0.01797235 -0.22865212
v 0.30266714 -0.01780047 -0.22840290
v 0.30240744 -0.01851872 -0.22944428
v 0.30243620 -0.01870286 -0.22971128
v 0.30250242 -0.01888387 -0.22997372
v 0.30334714 -0.01965942 -0.23109819
v 0.30311665 -0.01952885 -0.23090889
v 0.30291438 -0.01938397 -0.23069882
v 0.30274314 -0.01922674 -0.23047085
v 0.30260518 -0.01905928 -0.23022805
v 0.30360278 -0.01977392 -0.23126420
v 0.30388013 -0.01987079 -0.23140465
v 0.30417538 -0.01994872 -0.23151764
v 0.30545339 -0.02005415 -0.23167051
v 0.30512792 -0.02005974 -0.23167862
v 0.30480352 -0.02004384 -0.23165557
v 0.30448458 -0.02000667 -0.23160167
v 0.30396572 -0.01930468 -0.22928360
v 0.30368459 -0.01900829 -0.22896746
v 0.30370012 -0.01890103 -0.22881193
v 0.30348927 -0.01882320 -0.22882839
v 0.30587336 -0.01888276 -0.22848989
v 0.30644655 -0.01885204 -0.22862731
v 0.30445597 -0.01968317 -0.22983237
v 0.30637336 -0.01995625 -0.23138158
v 0.30661616 -0.01988262 -0.23126927
v 0.30604610 -0.02000635 -0.23117927
v 0.30304307 -0.01757057 -0.22792259
v 0.30285960 -0.01771970 -0.22813882
v 0.30310419 -0.01789663 -0.22812037
v 0.30270785 -0.01787991 -0.22837110
v 0.30258992 -0.01804904 -0.22861633
v 0.30302981 -0.01826356 -0.22848924
v 0.30250734 -0.01822480 -0.22887115
v 0.30246127 -0.01840481 -0.22913215
v 0.30295438 -0.01858388 -0.22889903
v 0.30248061 -0.01876783 -0.22965850
v 0.30254576 -0.01894594 -0.22991674
v 0.30280453 -0.01906756 -0.22981811
v 0.30419192 -0.01999371 -0.23143591
v 0.30449614 -0.02005073 -0.23151857
v 0.30429816 -0.01996557 -0.23095697
v 0.30487895 -0.02004811 -0.23102202
v 0.30390137 -0.01991703 -0.23132472
v 0.30372998 -0.01981528 -0.23090222
v 0.30362850 -0.01982171 -0.23118652
v 0.30337694 -0.01970905 -0.23102318
v 0.30318242 -0.01959935 -0.23085855
v 0.30315015 -0.01958058 -0.23083690
v 0.30295113 -0.01943802 -0.23063020
v 0.30325529 -0.01949759 -0.23031932
v 0.30278262 -0.01928331 -0.23040590
v 0.30273223 -0.01922417 -0.23031457
v 0.30264691 -0.01911854 -0.23016699
v 0.30375710 -0.01720896 -0.22739829
v 0.30349487 -0.01731346 -0.22754981
v 0.30372325 -0.01766916 -0.22766829
v 0.30325577 -0.01743455 -0.22772537
v 0.30317652 -0.01748820 -0.22779760
v 0.30379614 -0.01720127 -0.22738159
v 0.30436620 -0.01732936 -0.22729790
v 0.30403891 -0.01712244 -0.22727285
v 0.30433655 -0.01705509 -0.22717519
v 0.30464593 -0.01700780 -0.22710663
v 0.30494797 -0.01742645 -0.22727552
v 0.30496287 -0.01698123 -0.22706811
v 0.30528310 -0.01697573 -0.22706014
v 0.30553332 -0.01749118 -0.22731473
v 0.30560231 -0.01699138 -0.22708282
v 0.30591616 -0.01702796 -0.22713585
v 0.30611414 -0.01752265 -0.22741500
v 0.30622038 -0.01708497 -0.22721852
v 0.30668229 -0.01752043 -0.22757493
v 0.30678380 -0.01725698 -0.22746791
v 0.30651093 -0.01716166 -0.22732972
v 0.30703533 -0.01736964 -0.22763126
v 0.30722988 -0.01748454 -0.22779229
v 0.30726215 -0.01749811 -0.22781754
v 0.30715698 -0.01795244 -0.22807901
v 0.30746114 -0.01764067 -0.22802423
v 0.30762964 -0.01779538 -0.22824854
v 0.30768004 -0.01785972 -0.22833627
v 0.30776539 -0.01796015 -0.22848745
v 0.30760774 -0.01826815 -0.22865905
v 0.30786651 -0.01813275 -0.22873770
v 0.30793166 -0.01831086 -0.22899593
v 0.30753335 -0.01863509 -0.22902791
v 0.30795997 -0.01849205 -0.22925864
v 0.30795100 -0.01867388 -0.22952227
v 0.30745792 -0.01895541 -0.22943771
v 0.30793259 -0.01876427 -0.22965333
v 0.30788767 -0.01889833 -0.22984770
v 0.30738246 -0.01922466 -0.22988273
v 0.30782238 -0.01902965 -0.23003811
v 0.30770442 -0.01919878 -0.23028333
v 0.30730808 -0.01943908 -0.23035678
v 0.30755270 -0.01935899 -0.23051561
v 0.30736923 -0.01950812 -0.23073183
v 0.30723578 -0.01959569 -0.23085324
v 0.30715653 -0.01964414 -0.23092906
v 0.30665520 -0.01986973 -0.23125614
v 0.30691743 -0.01976523 -0.23110461
v 0.30668905 -0.01978086 -0.23073003
v 0.30546433 -0.02006177 -0.23109646
v 0.30576637 -0.02007089 -0.23154779
v 0.30607575 -0.02002360 -0.23147924
v 0.30480999 -0.02008731 -0.23157161
v 0.30512920 -0.02010296 -0.23159429
v 0.30544943 -0.02009746 -0.23158632
v 0.30495667 -0.01993961 -0.23044707
v 0.30498731 -0.01988034 -0.23023184
v 0.30480179 -0.01985826 -0.23019981
v 0.30437532 -0.01985782 -0.23038603
v 0.30554152 -0.01995403 -0.23052552
v 0.30517623 -0.01988915 -0.23024461
v 0.30562213 -0.01977938 -0.22997186
v 0.30570510 -0.01954025 -0.22944319
v 0.30628183 -0.01949576 -0.22956063
v 0.30684355 -0.01939007 -0.22970784
v 0.30667329 -0.01925485 -0.22932494
v 0.30692303 -0.01910648 -0.22923911
v 0.30671218 -0.01914951 -0.22917221
v 0.30700248 -0.01876909 -0.22880748
v 0.30672771 -0.01904225 -0.22901669
v 0.30595633 -0.01847355 -0.22807854
v 0.30603695 -0.01801807 -0.22771858
v 0.30561051 -0.01819228 -0.22778432
v 0.30545563 -0.01799007 -0.22762042
v 0.30542499 -0.01817020 -0.22775231
v 0.30487078 -0.01792186 -0.22757909
v 0.30523604 -0.01816139 -0.22773953
v 0.30479014 -0.01837734 -0.22793905
v 0.30470720 -0.01878655 -0.22835042
v 0.30413046 -0.01866096 -0.22835028
v 0.30356872 -0.01848582 -0.22839677
v 0.30373898 -0.01879569 -0.22865920
v 0.30340981 -0.01910679 -0.22929712
v 0.30453894 -0.01944404 -0.22930370
v 0.30245233 -0.01858664 -0.22939579
v 0.30287892 -0.01885313 -0.22934406
v 0.30364707 -0.01809935 -0.22800826
v 0.30429062 -0.01781439 -0.22759511
v 0.30421168 -0.01826033 -0.22794753
v 0.30333146 -0.01933264 -0.22979641
v 0.30388451 -0.01953880 -0.22980118
v 0.30380556 -0.01970979 -0.23034325
v 0.30652779 -0.01845140 -0.22822458
v 0.30660674 -0.01800546 -0.22787215
v 0.30708084 -0.01838262 -0.22841898
v 0.30620059 -0.01972987 -0.23007822
v 0.30676520 -0.01961591 -0.23020713
v 0.30612165 -0.01990086 -0.23062028
v 0.30791977 -0.01887293 -0.22987440
v 0.30785367 -0.01900583 -0.23006709
v 0.30773431 -0.01917698 -0.23031525
v 0.30758077 -0.01933911 -0.23055032
v 0.30739510 -0.01949002 -0.23076911
v 0.30717987 -0.01962767 -0.23096870
v 0.30693790 -0.01975020 -0.23114637
v 0.30667254 -0.01985596 -0.23129970
v 0.30638734 -0.01994351 -0.23142664
v 0.30608615 -0.02001167 -0.23152547
v 0.30577308 -0.02005952 -0.23159483
v 0.30545235 -0.02008641 -0.23163383
v 0.30512828 -0.02009197 -0.23164189
v 0.30480525 -0.02007614 -0.23161894
v 0.30448765 -0.02003912 -0.23156527
v 0.30417976 -0.01998142 -0.23148161
v 0.30388576 -0.01990382 -0.23136909
v 0.30360964 -0.01980736 -0.23122925
v 0.30335507 -0.01969336 -0.23106395
v 0.30312556 -0.01956335 -0.23087543
v 0.30292416 -0.01941908 -0.23066626
v 0.30275363 -0.01926252 -0.23043928
v 0.30261627 -0.01909578 -0.23019752
v 0.30251393 -0.01892111 -0.22994426
v 0.30244800 -0.01874088 -0.22968294
v 0.30241939 -0.01855751 -0.22941709
v 0.30242845 -0.01837351 -0.22915030
v 0.30247506 -0.01819134 -0.22888617
v 0.30255860 -0.01801348 -0.22862829
v 0.30267796 -0.01784233 -0.22838014
v 0.30283153 -0.01768020 -0.22814508
v 0.30301717 -0.01752929 -0.22792627
v 0.30323243 -0.01739164 -0.22772668
v 0.30347440 -0.01726911 -0.22754903
v 0.30373976 -0.01716335 -0.22739568
v 0.30402496 -0.01707580 -0.22726876
v 0.30432615 -0.01700764 -0.22716993
v 0.30463922 -0.01695979 -0.22710055
v 0.30495995 -0.01693290 -0.22706157
v 0.30528402 -0.01692734 -0.22705349
v 0.30560705 -0.01694317 -0.22707646
v 0.30592465 -0.01698018 -0.22713012
v 0.30623251 -0.01703788 -0.22721379
v 0.30652651 -0.01711549 -0.22732629
v 0.30680266 -0.01721194 -0.22746615
v 0.30705723 -0.01732595 -0.22763145
v 0.30728674 -0.01745596 -0.22781995
v 0.30748811 -0.01760023 -0.22802912
v 0.30765864 -0.01775679 -0.22825612
v 0.30779600 -0.01792353 -0.22849788
v 0.30789834 -0.01809820 -0.22875112
v 0.30796427 -0.01827843 -0.22901244
v 0.30799291 -0.01846179 -0.22927830
v 0.30798385 -0.01864580 -0.22954509
v 0.30796522 -0.01873727 -0.22967771
v 0.30391011 -0.01876078 -0.22874057
v 0.30386204 -0.01894858 -0.22901288
v 0.30387577 -0.01885383 -0.22887549
v 0.30381748 -0.01899175 -0.22898203
v 0.30375367 -0.01901322 -0.22896570
v 0.30376849 -0.01891083 -0.22881724
v 0.30380562 -0.01881027 -0.22867145
v 0.30383167 -0.01889385 -0.22884010
v 0.30386713 -0.01879772 -0.22870071
v 0.30556333 -0.01822774 -0.22796774
v 0.30539945 -0.01820824 -0.22793946
v 0.30523255 -0.01820045 -0.22792816
v 0.30523345 -0.01821882 -0.22786137
v 0.30523470 -0.01820477 -0.22779353
v 0.30541503 -0.01821319 -0.22780573
v 0.30559215 -0.01823426 -0.22783630
v 0.30540586 -0.01822686 -0.22787303
v 0.30557519 -0.01824702 -0.22790225
v 0.30650219 -0.01916638 -0.22932866
v 0.30655023 -0.01897858 -0.22905637
v 0.30653653 -0.01907333 -0.22919375
v 0.30659479 -0.01902274 -0.22902697
v 0.30665863 -0.01904564 -0.22901270
v 0.30664381 -0.01914803 -0.22916116
v 0.30660668 -0.01924859 -0.22930695
v 0.30658063 -0.01912064 -0.22916891
v 0.30654514 -0.01921677 -0.22930829
v 0.30484894 -0.01969942 -0.23010151
v 0.30517972 -0.01972670 -0.23014107
v 0.30501285 -0.01971892 -0.23012978
v 0.30517885 -0.01979567 -0.23014763
v 0.30517760 -0.01985409 -0.23018487
v 0.30499727 -0.01984568 -0.23017268
v 0.30482015 -0.01982460 -0.23014212
v 0.30500641 -0.01978763 -0.23013598
v 0.30483711 -0.01976748 -0.23010676
v 0.30503455 -0.00803702 -0.23800522
v 0.30467805 -0.00797410 -0.23791400
v 0.30520615 -0.00736656 -0.23703313
v 0.30540788 -0.00803431 -0.23800129
v 0.30627620 -0.00766639 -0.23746786
v 0.30606064 -0.00783946 -0.23771878
v 0.30576143 -0.00796623 -0.23790258
v 0.30626234 -0.00705129 -0.23657602
v 0.30638224 -0.00725203 -0.23686707
v 0.30638701 -0.00746398 -0.23717438
v 0.30537772 -0.00669611 -0.23606104
v 0.30573425 -0.00675903 -0.23615226
v 0.30603907 -0.00688142 -0.23632972
v 0.30435166 -0.00689367 -0.23634748
v 0.30465087 -0.00676689 -0.23616366
v 0.30500442 -0.00669882 -0.23606497
v 0.30403003 -0.00748109 -0.23719919
v 0.30402526 -0.00726914 -0.23689188
v 0.30413610 -0.00706673 -0.23659840
v 0.30437323 -0.00785171 -0.23773654
v 0.30414996 -0.00768183 -0.23749024
v 0.30499047 -0.00846193 -0.23808089
v 0.30454230 -0.00838284 -0.23796621
v 0.30415913 -0.00822899 -0.23774314
v 0.30387846 -0.00801545 -0.23743352
v 0.30372775 -0.00776311 -0.23706767
v 0.30372173 -0.00749668 -0.23668137
v 0.30386105 -0.00724224 -0.23631245
v 0.30413201 -0.00702469 -0.23599704
v 0.30450812 -0.00686533 -0.23576598
v 0.30495256 -0.00677976 -0.23564191
v 0.30542183 -0.00677635 -0.23563696
v 0.30587000 -0.00685544 -0.23575164
v 0.30625317 -0.00700929 -0.23597470
v 0.30653384 -0.00722283 -0.23628432
v 0.30668455 -0.00747517 -0.23665018
v 0.30669054 -0.00774160 -0.23703648
v 0.30655125 -0.00799604 -0.23740539
v 0.30628029 -0.00821359 -0.23772082
v 0.30590418 -0.00837295 -0.23795187
v 0.30545971 -0.00845852 -0.23807594
v 0.35570183 -0.01124971 -0.23702711
v 0.35351384 -0.00994311 -0.23513266
v 0.35570183 -0.01273146 -0.23600514
v 0.35351384 -0.01142486 -0.23411070
v 0.35042685 -0.01036562 -0.23574528
v 0.35042685 -0.01184737 -0.23472331
v 0.34952784 -0.01209474 -0.23825231
v 0.34952784 -0.01357649 -0.23723035
v 0.35171580 -0.01340134 -0.24014676
v 0.35171580 -0.01488309 -0.23912479
v 0.35480282 -0.01297882 -0.23953414
v 0.35480282 -0.01446057 -0.23851217
v 0.35260907 -0.01230226 -0.23538285
v 0.35295516 -0.01232447 -0.23541504
v 0.35370201 -0.01256711 -0.23576686
v 0.35357466 -0.01249942 -0.23566870
v 0.35328293 -0.01239139 -0.23551208
v 0.35381466 -0.01264274 -0.23587650
v 0.35398999 -0.01281362 -0.23612426
v 0.35409117 -0.01300285 -0.23639862
v 0.35411274 -0.01320023 -0.23668480
v 0.35405359 -0.01339511 -0.23696737
v 0.35391685 -0.01357699 -0.23723108
v 0.35370994 -0.01373607 -0.23746172
v 0.35131857 -0.01358267 -0.23723930
v 0.35117939 -0.01340139 -0.23697646
v 0.35344398 -0.01386377 -0.23764686
v 0.35313332 -0.01395320 -0.23777653
v 0.35279471 -0.01399954 -0.23784374
v 0.35244641 -0.01400030 -0.23784484
v 0.35210717 -0.01395544 -0.23777978
v 0.35179532 -0.01386737 -0.23765209
v 0.35152763 -0.01374083 -0.23746863
v 0.35111758 -0.01320677 -0.23669429
v 0.35113651 -0.01300930 -0.23640798
v 0.35123512 -0.01281964 -0.23613299
v 0.35140809 -0.01264800 -0.23588413
v 0.35164616 -0.01250363 -0.23567481
v 0.35193643 -0.01239433 -0.23551634
v 0.35226327 -0.01232598 -0.23541723
v 0.35155243 -0.01337670 -0.23721588
v 0.35147449 -0.01328633 -0.23708485
v 0.35143834 -0.01322813 -0.23700047
v 0.35139599 -0.01311711 -0.23683950
v 0.35138768 -0.01306862 -0.23676918
v 0.35139409 -0.01294214 -0.23658581
v 0.35140321 -0.01290678 -0.23653454
v 0.35146889 -0.01277239 -0.23633969
v 0.35148403 -0.01275133 -0.23630916
v 0.35161570 -0.01261853 -0.23611662
v 0.35162580 -0.01261065 -0.23610519
v 0.35182092 -0.01249233 -0.23593363
v 0.35205880 -0.01240275 -0.23580375
v 0.35208449 -0.01239557 -0.23579334
v 0.35232669 -0.01234673 -0.23572253
v 0.35237700 -0.01234047 -0.23571345
v 0.35261011 -0.01232729 -0.23569435
v 0.35268447 -0.01232841 -0.23569596
v 0.35289377 -0.01234549 -0.23572072
v 0.35298753 -0.01236014 -0.23574196
v 0.35316241 -0.01240034 -0.23580025
v 0.35326719 -0.01243366 -0.23584856
v 0.35340151 -0.01248888 -0.23592864
v 0.35350588 -0.01254436 -0.23600908
v 0.35359821 -0.01260635 -0.23609895
v 0.35368857 -0.01268529 -0.23621340
v 0.35374188 -0.01274640 -0.23630200
v 0.35380378 -0.01284758 -0.23644871
v 0.35382482 -0.01290149 -0.23652688
v 0.35384431 -0.01302104 -0.23670021
v 0.35384253 -0.01306326 -0.23676142
v 0.35380757 -0.01319477 -0.23695210
v 0.35379404 -0.01322298 -0.23699300
v 0.35369590 -0.01335786 -0.23718856
v 0.35368195 -0.01337205 -0.23720914
v 0.35351628 -0.01350006 -0.23739474
v 0.35351238 -0.01350243 -0.23739818
v 0.35329440 -0.01360709 -0.23754992
v 0.35328004 -0.01361242 -0.23755765
v 0.35303977 -0.01368039 -0.23765619
v 0.35300198 -0.01368790 -0.23766708
v 0.35276225 -0.01371837 -0.23771127
v 0.35269961 -0.01372175 -0.23771617
v 0.35247681 -0.01371900 -0.23771217
v 0.35239190 -0.01371184 -0.23770180
v 0.35219875 -0.01368223 -0.23765886
v 0.35209823 -0.01365880 -0.23762488
v 0.35194317 -0.01361004 -0.23755421
v 0.35183698 -0.01356595 -0.23749027
v 0.35172379 -0.01350634 -0.23740384
v 0.35162464 -0.01343914 -0.23730640
v 0.35113850 -0.01182335 -0.23785883
v 0.35123968 -0.01201258 -0.23813319
v 0.35141498 -0.01218346 -0.23838095
v 0.35152763 -0.01225909 -0.23849060
v 0.35165498 -0.01232678 -0.23858875
v 0.35194674 -0.01243481 -0.23874538
v 0.35329324 -0.01243187 -0.23874111
v 0.35358351 -0.01232257 -0.23858264
v 0.35227448 -0.01250173 -0.23884241
v 0.35262060 -0.01252393 -0.23887460
v 0.35296640 -0.01250022 -0.23884022
v 0.35411209 -0.01161943 -0.23756316
v 0.35405028 -0.01142481 -0.23728099
v 0.35382155 -0.01217820 -0.23837332
v 0.35399455 -0.01200656 -0.23812446
v 0.35409316 -0.01181690 -0.23784947
v 0.35178569 -0.01096243 -0.23661059
v 0.35151973 -0.01109013 -0.23679574
v 0.35391110 -0.01124353 -0.23701815
v 0.35370201 -0.01108536 -0.23678882
v 0.35343435 -0.01095883 -0.23660536
v 0.35312247 -0.01087076 -0.23647767
v 0.35278326 -0.01082589 -0.23641261
v 0.35243493 -0.01082665 -0.23641372
v 0.35209635 -0.01087300 -0.23648092
v 0.35131279 -0.01124921 -0.23702638
v 0.35117608 -0.01143109 -0.23729008
v 0.35111690 -0.01162597 -0.23757266
v 0.35350588 -0.01131986 -0.23685361
v 0.35367724 -0.01144950 -0.23704158
v 0.35368857 -0.01146078 -0.23705794
v 0.35379133 -0.01159807 -0.23725699
v 0.35380378 -0.01162308 -0.23729324
v 0.35384196 -0.01175758 -0.23748827
v 0.35384431 -0.01179654 -0.23754475
v 0.35382646 -0.01191942 -0.23772292
v 0.35380757 -0.01197027 -0.23779665
v 0.35374564 -0.01207487 -0.23794830
v 0.35369590 -0.01213336 -0.23803310
v 0.35360387 -0.01221555 -0.23815227
v 0.35351628 -0.01227555 -0.23823927
v 0.35340875 -0.01233386 -0.23832382
v 0.35328004 -0.01238792 -0.23840219
v 0.35317084 -0.01242345 -0.23845370
v 0.35300198 -0.01246340 -0.23851164
v 0.35290298 -0.01247947 -0.23853493
v 0.35269961 -0.01249725 -0.23856071
v 0.35261956 -0.01249890 -0.23856311
v 0.35239190 -0.01248734 -0.23854634
v 0.35233590 -0.01248071 -0.23853673
v 0.35209823 -0.01243430 -0.23846944
v 0.35206726 -0.01242586 -0.23845720
v 0.35183698 -0.01234145 -0.23833482
v 0.35182816 -0.01233732 -0.23832883
v 0.35172379 -0.01228184 -0.23824838
v 0.35163146 -0.01221985 -0.23815851
v 0.35162464 -0.01221464 -0.23815095
v 0.35148776 -0.01207980 -0.23795545
v 0.35147449 -0.01206182 -0.23792939
v 0.35140485 -0.01192471 -0.23773058
v 0.35139599 -0.01189261 -0.23768404
v 0.35138714 -0.01176294 -0.23749603
v 0.35139409 -0.01171764 -0.23743035
v 0.35143563 -0.01160322 -0.23726445
v 0.35146889 -0.01154789 -0.23718423
v 0.35154769 -0.01145415 -0.23704831
v 0.35161570 -0.01139403 -0.23696116
v 0.35171729 -0.01132377 -0.23685928
v 0.35182530 -0.01126574 -0.23677514
v 0.35193527 -0.01121911 -0.23670754
v 0.35208449 -0.01117107 -0.23663789
v 0.35218987 -0.01114581 -0.23660126
v 0.35237700 -0.01111597 -0.23655801
v 0.35246739 -0.01110782 -0.23654619
v 0.35268447 -0.01110391 -0.23654051
v 0.35275286 -0.01110720 -0.23654528
v 0.35298753 -0.01113563 -0.23658651
v 0.35303089 -0.01114397 -0.23659860
v 0.35326719 -0.01120916 -0.23669311
v 0.35328650 -0.01121616 -0.23670326
v 0.30433103 -0.08240426 -0.30532002
v 0.30416447 -0.08392718 -0.30752811
v 0.30416447 -0.08117770 -0.30942443
v 0.30362731 -0.08807815 -0.31517380
v 0.30360359 -0.08823233 -0.31553146
v 0.30360359 -0.08630605 -0.31686002
v 0.30406910 -0.07244361 -0.31731448
v 0.30407462 -0.07207166 -0.31746295
v 0.30416447 -0.07124999 -0.31627160
v 0.30444649 -0.08052564 -0.30435753
v 0.30442277 -0.08080516 -0.30462873
v 0.30433103 -0.07965478 -0.30721635
v 0.30440265 -0.08116744 -0.30477223
v 0.30438921 -0.08155735 -0.30476612
v 0.30438450 -0.08191550 -0.30461138
v 0.30405360 -0.07284292 -0.31734186
v 0.30416447 -0.07242687 -0.31545991
v 0.30403125 -0.07319047 -0.31753969
v 0.30401883 -0.07375854 -0.31739071
v 0.30387318 -0.07509021 -0.31932148
v 0.30387318 -0.07391334 -0.32013318
v 0.30396307 -0.07309166 -0.31894186
v 0.30396858 -0.07336260 -0.31864691
v 0.30398405 -0.07347888 -0.31826395
v 0.30400643 -0.07341744 -0.31786877
v 0.30387318 -0.08659052 -0.31138968
v 0.30366558 -0.08848885 -0.31414208
v 0.30387318 -0.08384105 -0.31328601
v 0.30366084 -0.08821698 -0.31442189
v 0.30364740 -0.08807275 -0.31478420
v 0.30384529 -0.07713949 -0.31845370
v 0.30385691 -0.07699188 -0.31832817
v 0.30387318 -0.07802902 -0.31729460
v 0.30386543 -0.07680111 -0.31829333
v 0.30360359 -0.08049403 -0.32086858
v 0.30382517 -0.07716917 -0.31882697
v 0.30383366 -0.07720438 -0.31863627
v 0.30386853 -0.07661829 -0.31835851
v 0.30386543 -0.07649241 -0.31850624
v 0.30385691 -0.07645720 -0.31869695
v 0.30384529 -0.07652209 -0.31887951
v 0.30360359 -0.08340018 -0.31886420
v 0.30387318 -0.08093517 -0.31529021
v 0.30383366 -0.07666970 -0.31900504
v 0.30360359 -0.07755522 -0.32289550
v 0.30382517 -0.07686047 -0.31903988
v 0.30382207 -0.07704329 -0.31897470
v 0.30360359 -0.07637835 -0.32370719
v 0.30391270 -0.08520008 -0.31157574
v 0.30401883 -0.08525885 -0.30945891
v 0.30390108 -0.08534768 -0.31170127
v 0.30388945 -0.08541258 -0.31188384
v 0.30392119 -0.08500930 -0.31154090
v 0.30392432 -0.08482649 -0.31160608
v 0.30401883 -0.08250938 -0.31135523
v 0.30388945 -0.08487789 -0.31225261
v 0.30388096 -0.08506867 -0.31228745
v 0.30387783 -0.08525149 -0.31222227
v 0.30388096 -0.08537736 -0.31207457
v 0.30392119 -0.08470061 -0.31175381
v 0.30391270 -0.08466540 -0.31194451
v 0.30390108 -0.08473029 -0.31212708
v 0.30392119 -0.08210342 -0.31354511
v 0.30401883 -0.07960350 -0.31335941
v 0.30392432 -0.08192061 -0.31361029
v 0.30392119 -0.08179472 -0.31375802
v 0.30388096 -0.08247149 -0.31407875
v 0.30388945 -0.08250671 -0.31388804
v 0.30390108 -0.08244181 -0.31370547
v 0.30391270 -0.08229421 -0.31357995
v 0.30387783 -0.08234560 -0.31422648
v 0.30388096 -0.08216279 -0.31429166
v 0.30391270 -0.08175952 -0.31394872
v 0.30390108 -0.08182441 -0.31413129
v 0.30388945 -0.08197202 -0.31425682
v 0.30388945 -0.07960082 -0.31589225
v 0.30390108 -0.07953594 -0.31570965
v 0.30391270 -0.07938832 -0.31558412
v 0.30392119 -0.07919756 -0.31554928
v 0.30392432 -0.07901473 -0.31561446
v 0.30388945 -0.07906615 -0.31626099
v 0.30388096 -0.07925691 -0.31629586
v 0.30387783 -0.07943974 -0.31623068
v 0.30388096 -0.07956561 -0.31608292
v 0.30392119 -0.07888886 -0.31576219
v 0.30401883 -0.07669735 -0.31536379
v 0.30391270 -0.07885365 -0.31595290
v 0.30390108 -0.07891854 -0.31613550
v 0.30413660 -0.08319434 -0.30857915
v 0.30414823 -0.08304673 -0.30845362
v 0.30414823 -0.08251205 -0.30882239
v 0.30413660 -0.08257695 -0.30900496
v 0.30412498 -0.08325924 -0.30876172
v 0.30411646 -0.08322402 -0.30895242
v 0.30415672 -0.08285595 -0.30841878
v 0.30415982 -0.08267315 -0.30848396
v 0.30415672 -0.08254727 -0.30863169
v 0.30412498 -0.08272455 -0.30913049
v 0.30411646 -0.08291534 -0.30916533
v 0.30411336 -0.08309815 -0.30910015
v 0.30413660 -0.08028846 -0.31058335
v 0.30414823 -0.08014087 -0.31045780
v 0.30412498 -0.08035336 -0.31076592
v 0.30415672 -0.07995009 -0.31042299
v 0.30415982 -0.07976726 -0.31048816
v 0.30416447 -0.07827183 -0.31142864
v 0.30415672 -0.07964139 -0.31063589
v 0.30412498 -0.07981868 -0.31113470
v 0.30413660 -0.07967106 -0.31100917
v 0.30414823 -0.07960618 -0.31082657
v 0.30411646 -0.08000945 -0.31116953
v 0.30411336 -0.08019227 -0.31110436
v 0.30411646 -0.08031815 -0.31095663
v 0.30411336 -0.07728640 -0.31310856
v 0.30411646 -0.07741228 -0.31296080
v 0.30412498 -0.07744748 -0.31277013
v 0.30413660 -0.07738259 -0.31258753
v 0.30414823 -0.07723498 -0.31246200
v 0.30411646 -0.07710358 -0.31317374
v 0.30415672 -0.07673552 -0.31264007
v 0.30416447 -0.07536568 -0.31343302
v 0.30415982 -0.07686140 -0.31249234
v 0.30415672 -0.07704422 -0.31242716
v 0.30414823 -0.07670031 -0.31283078
v 0.30413660 -0.07676519 -0.31301335
v 0.30412498 -0.07691281 -0.31313887
v 0.30433103 -0.07674891 -0.30922055
v 0.30433103 -0.07384276 -0.31122494
v 0.30418074 -0.07349636 -0.31440401
v 0.30417225 -0.07368713 -0.31443888
v 0.30421251 -0.07362776 -0.31369230
v 0.30421561 -0.07344495 -0.31375748
v 0.30416912 -0.07386994 -0.31437370
v 0.30417225 -0.07399583 -0.31422594
v 0.30433103 -0.07090395 -0.31325182
v 0.30418074 -0.07403103 -0.31403524
v 0.30419236 -0.07396615 -0.31385267
v 0.30420399 -0.07381853 -0.31372714
v 0.30421251 -0.07331906 -0.31390521
v 0.30420399 -0.07328386 -0.31409591
v 0.30419236 -0.07334875 -0.31427848
v 0.30433103 -0.06972707 -0.31406352
v 0.30444649 -0.07859936 -0.30568612
v 0.30444649 -0.07569349 -0.30769029
v 0.30444649 -0.07278734 -0.30969468
v 0.30444649 -0.06984853 -0.31172159
v 0.30444649 -0.06867165 -0.31253329
v 0.30296499 -0.07305647 -0.31889084
v 0.30297050 -0.07332741 -0.31859589
v 0.30298597 -0.07344370 -0.31821293
v 0.30300835 -0.07338225 -0.31781775
v 0.30303317 -0.07315528 -0.31748867
v 0.30305552 -0.07280774 -0.31729084
v 0.30307102 -0.07240843 -0.31726345
v 0.30307654 -0.07203647 -0.31741193
v 0.30344841 -0.08049045 -0.30430654
v 0.30294937 -0.08006126 -0.30456489
v 0.29945609 -0.08034970 -0.30410245
v 0.29995513 -0.07995570 -0.30441183
v 0.29945609 -0.07211777 -0.30978003
v 0.29995513 -0.07254695 -0.30952168
v 0.30344841 -0.07225852 -0.30998412
v 0.30294937 -0.07265252 -0.30967474
v 0.30344841 -0.06863646 -0.31248227
v 0.30333683 -0.06965647 -0.31396118
v 0.30260551 -0.07634316 -0.32365617
v 0.30271706 -0.07532315 -0.32217729
v 0.30260551 -0.07996521 -0.32115802
v 0.30260551 -0.08819714 -0.31548044
v 0.30210647 -0.08035921 -0.32084864
v 0.30210647 -0.08776796 -0.31573880
v 0.29911223 -0.08766239 -0.31558576
v 0.29861319 -0.08805639 -0.31527635
v 0.29911223 -0.08025365 -0.32069558
v 0.29861319 -0.07982446 -0.32095397
v 0.30266750 -0.08845367 -0.31409106
v 0.30266276 -0.08818179 -0.31437087
v 0.30264932 -0.08803756 -0.31473318
v 0.30262923 -0.08804296 -0.31512281
v 0.30338642 -0.08188031 -0.30456036
v 0.30342469 -0.08076998 -0.30457771
v 0.30340457 -0.08113226 -0.30472121
v 0.30339113 -0.08152216 -0.30471510
v 0.30271706 -0.07696953 -0.32104176
v 0.30333683 -0.07130285 -0.31282565
v 0.30297738 -0.07656520 -0.31622836
v 0.30307654 -0.08389046 -0.30923620
v 0.30297738 -0.08479713 -0.31055078
v 0.30307654 -0.07565853 -0.31491378
v 0.29908422 -0.07551777 -0.31470972
v 0.29908422 -0.08374970 -0.30903211
v 0.30263948 -0.07548586 -0.31378278
v 0.29964525 -0.07538029 -0.31362972
v 0.30263948 -0.08289461 -0.30867293
v 0.29964525 -0.08278904 -0.30851990
v 0.29898506 -0.07642444 -0.31602427
v 0.29898506 -0.08465637 -0.31034669
v 0.29942212 -0.07742030 -0.31658754
v 0.30241635 -0.07752586 -0.31674060
v 0.29942212 -0.08482905 -0.31147769
v 0.30241635 -0.08493461 -0.31163076
v 0.29934454 -0.07116210 -0.31262156
v 0.29934454 -0.06622293 -0.31602812
v 0.29872477 -0.07682878 -0.32083768
v 0.29872477 -0.07188962 -0.32424426
v 0.30271706 -0.07203037 -0.32444832
v 0.30333683 -0.06636368 -0.31623220
v 0.29951981 -0.07149101 -0.32366630
v 0.30004659 -0.06667432 -0.31668261
v 0.30254179 -0.06676229 -0.31681016
v 0.30201501 -0.07157898 -0.32379386
v 0.29951981 -0.07560697 -0.32082751
v 0.30004659 -0.07079029 -0.31384382
v 0.30201501 -0.07569495 -0.32095507
v 0.30254179 -0.07087826 -0.31397134
v 0.30615771 -0.08326560 -0.30868247
v 0.30614609 -0.08333050 -0.30886504
v 0.30613756 -0.08329528 -0.30905575
v 0.30613446 -0.08316941 -0.30920348
v 0.30613756 -0.08298659 -0.30926865
v 0.30614609 -0.08279581 -0.30923381
v 0.30615771 -0.08264820 -0.30910829
v 0.30616933 -0.08258331 -0.30892572
v 0.30617782 -0.08261853 -0.30873501
v 0.30618095 -0.08274440 -0.30858725
v 0.30617782 -0.08292721 -0.30852211
v 0.30616933 -0.08311799 -0.30855694
v 0.30647177 -0.08298317 -0.30909860
v 0.30647603 -0.08288778 -0.30908117
v 0.30653197 -0.08297010 -0.30891451
v 0.30647022 -0.08307458 -0.30906600
v 0.30647177 -0.08313752 -0.30899212
v 0.30647603 -0.08315513 -0.30889678
v 0.30648184 -0.08312267 -0.30880550
v 0.30648765 -0.08304888 -0.30874273
v 0.30649191 -0.08295349 -0.30872530
v 0.30649346 -0.08286208 -0.30875787
v 0.30649191 -0.08279914 -0.30883175
v 0.30648765 -0.08278152 -0.30892712
v 0.30648184 -0.08281399 -0.30901840
v 0.30633476 -0.08282399 -0.30919805
v 0.30632740 -0.08298920 -0.30922821
v 0.30632472 -0.08314753 -0.30917177
v 0.30632740 -0.08325655 -0.30904382
v 0.30633476 -0.08328704 -0.30887866
v 0.30634484 -0.08323084 -0.30872056
v 0.30635491 -0.08310301 -0.30861184
v 0.30636227 -0.08293780 -0.30858168
v 0.30636495 -0.08277947 -0.30863813
v 0.30636227 -0.08267045 -0.30876607
v 0.30635491 -0.08263995 -0.30893120
v 0.30634484 -0.08269615 -0.30908933
v 0.30592218 -0.08541894 -0.31180459
v 0.30591056 -0.08548383 -0.31198716
v 0.30590206 -0.08544862 -0.31217787
v 0.30589893 -0.08532275 -0.31232560
v 0.30590206 -0.08513993 -0.31239077
v 0.30591056 -0.08494914 -0.31235594
v 0.30592218 -0.08480155 -0.31223041
v 0.30593380 -0.08473665 -0.31204784
v 0.30594233 -0.08477186 -0.31185713
v 0.30594543 -0.08489775 -0.31170937
v 0.30594233 -0.08508056 -0.31164423
v 0.30593380 -0.08527134 -0.31167907
v 0.30623627 -0.08513651 -0.31222072
v 0.30624050 -0.08504112 -0.31220329
v 0.30629647 -0.08512344 -0.31203663
v 0.30623469 -0.08522792 -0.31218812
v 0.30623627 -0.08529086 -0.31211424
v 0.30624050 -0.08530847 -0.31201890
v 0.30624631 -0.08527602 -0.31192762
v 0.30625212 -0.08520222 -0.31186485
v 0.30625638 -0.08510683 -0.31184742
v 0.30625793 -0.08501542 -0.31188002
v 0.30625638 -0.08495247 -0.31195387
v 0.30625212 -0.08493487 -0.31204924
v 0.30624631 -0.08496733 -0.31214052
v 0.30609927 -0.08497733 -0.31232017
v 0.30609190 -0.08514254 -0.31235033
v 0.30608919 -0.08530088 -0.31229389
v 0.30609190 -0.08540989 -0.31216595
v 0.30609927 -0.08544038 -0.31200078
v 0.30610934 -0.08538418 -0.31184268
v 0.30611938 -0.08525635 -0.31173396
v 0.30612674 -0.08509114 -0.31170380
v 0.30612946 -0.08493281 -0.31176025
v 0.30612674 -0.08482379 -0.31188819
v 0.30611938 -0.08479330 -0.31205332
v 0.30610934 -0.08484950 -0.31221145
v 0.30592218 -0.08251306 -0.31380877
v 0.30591056 -0.08257796 -0.31399134
v 0.30590206 -0.08254275 -0.31418207
v 0.30589893 -0.08241686 -0.31432980
v 0.30590206 -0.08223405 -0.31439498
v 0.30591056 -0.08204328 -0.31436011
v 0.30592218 -0.08189566 -0.31423461
v 0.30593380 -0.08183078 -0.31405202
v 0.30594233 -0.08186598 -0.31386131
v 0.30594543 -0.08199187 -0.31371358
v 0.30594233 -0.08217468 -0.31364840
v 0.30593380 -0.08236546 -0.31368324
v 0.30623627 -0.08223064 -0.31422490
v 0.30624050 -0.08213525 -0.31420749
v 0.30629647 -0.08221756 -0.31404084
v 0.30623469 -0.08232204 -0.31419232
v 0.30623627 -0.08238499 -0.31411844
v 0.30624050 -0.08240259 -0.31402311
v 0.30624631 -0.08237014 -0.31393182
v 0.30625212 -0.08229633 -0.31386906
v 0.30625638 -0.08220095 -0.31385162
v 0.30625793 -0.08210954 -0.31388420
v 0.30625638 -0.08204661 -0.31395808
v 0.30625212 -0.08202900 -0.31405342
v 0.30624631 -0.08206144 -0.31414473
v 0.30609927 -0.08207146 -0.31432435
v 0.30609190 -0.08223667 -0.31435454
v 0.30608919 -0.08239499 -0.31429809
v 0.30609190 -0.08250400 -0.31417015
v 0.30609927 -0.08253451 -0.31400499
v 0.30610934 -0.08247831 -0.31384686
v 0.30611938 -0.08235048 -0.31373817
v 0.30612674 -0.08218525 -0.31370798
v 0.30612946 -0.08202693 -0.31376442
v 0.30612674 -0.08191792 -0.31389236
v 0.30611938 -0.08188742 -0.31405753
v 0.30610934 -0.08194362 -0.31421563
v 0.30615771 -0.08035972 -0.31068665
v 0.30614609 -0.08042462 -0.31086922
v 0.30613756 -0.08038940 -0.31105995
v 0.30613446 -0.08026353 -0.31120768
v 0.30613756 -0.08008070 -0.31127286
v 0.30614609 -0.07988994 -0.31123799
v 0.30615771 -0.07974232 -0.31111249
v 0.30616933 -0.07967743 -0.31092989
v 0.30617782 -0.07971264 -0.31073919
v 0.30618095 -0.07983852 -0.31059146
v 0.30617782 -0.08002134 -0.31052628
v 0.30616933 -0.08021212 -0.31056112
v 0.30647177 -0.08007730 -0.31110278
v 0.30647603 -0.07998191 -0.31108534
v 0.30653197 -0.08006421 -0.31091869
v 0.30647022 -0.08016870 -0.31107020
v 0.30647177 -0.08023165 -0.31099632
v 0.30647603 -0.08024924 -0.31090096
v 0.30648184 -0.08021680 -0.31080967
v 0.30648765 -0.08014299 -0.31074691
v 0.30649191 -0.08004761 -0.31072950
v 0.30649346 -0.07995620 -0.31076208
v 0.30649191 -0.07989327 -0.31083596
v 0.30648765 -0.07987566 -0.31093130
v 0.30648184 -0.07990810 -0.31102258
v 0.30633476 -0.07991812 -0.31120223
v 0.30632740 -0.08008333 -0.31123242
v 0.30632472 -0.08024165 -0.31117597
v 0.30632740 -0.08035067 -0.31104803
v 0.30633476 -0.08038117 -0.31088287
v 0.30634484 -0.08032497 -0.31072474
v 0.30635491 -0.08019713 -0.31061605
v 0.30636227 -0.08003192 -0.31058586
v 0.30636495 -0.07987359 -0.31064230
v 0.30636227 -0.07976458 -0.31077024
v 0.30635491 -0.07973409 -0.31093541
v 0.30634484 -0.07979028 -0.31109351
v 0.30615771 -0.07745385 -0.31269085
v 0.30614609 -0.07751874 -0.31287342
v 0.30613756 -0.07748353 -0.31306413
v 0.30613446 -0.07735765 -0.31321186
v 0.30613756 -0.07717483 -0.31327704
v 0.30614609 -0.07698406 -0.31324220
v 0.30615771 -0.07683645 -0.31311667
v 0.30616933 -0.07677156 -0.31293410
v 0.30617782 -0.07680677 -0.31274340
v 0.30618095 -0.07693265 -0.31259567
v 0.30617782 -0.07711547 -0.31253049
v 0.30616933 -0.07730623 -0.31256533
v 0.30647177 -0.07717143 -0.31310695
v 0.30647603 -0.07707603 -0.31308955
v 0.30653197 -0.07715835 -0.31292289
v 0.30647022 -0.07726283 -0.31307438
v 0.30647177 -0.07732577 -0.31300053
v 0.30647603 -0.07734337 -0.31290516
v 0.30648184 -0.07731093 -0.31281388
v 0.30648765 -0.07723712 -0.31275111
v 0.30649191 -0.07714173 -0.31273368
v 0.30649346 -0.07705033 -0.31276628
v 0.30649191 -0.07698739 -0.31284013
v 0.30648765 -0.07696979 -0.31293550
v 0.30648184 -0.07700223 -0.31302679
v 0.30633476 -0.07701225 -0.31320643
v 0.30632740 -0.07717746 -0.31323659
v 0.30632472 -0.07733578 -0.31318015
v 0.30632740 -0.07744479 -0.31305221
v 0.30633476 -0.07747529 -0.31288707
v 0.30634484 -0.07741909 -0.31272894
v 0.30635491 -0.07729125 -0.31262022
v 0.30636227 -0.07712604 -0.31259006
v 0.30636495 -0.07696772 -0.31264651
v 0.30636227 -0.07685871 -0.31277445
v 0.30635491 -0.07682821 -0.31293958
v 0.30634484 -0.07688441 -0.31309772
v 0.30592218 -0.07960720 -0.31581298
v 0.30591056 -0.07967208 -0.31599554
v 0.30590206 -0.07963687 -0.31618625
v 0.30589893 -0.07951099 -0.31633398
v 0.30590206 -0.07932817 -0.31639916
v 0.30591056 -0.07913741 -0.31636432
v 0.30592218 -0.07898980 -0.31623879
v 0.30593380 -0.07892491 -0.31605622
v 0.30594233 -0.07896011 -0.31586552
v 0.30594543 -0.07908599 -0.31571779
v 0.30594233 -0.07926881 -0.31565261
v 0.30593380 -0.07945958 -0.31568745
v 0.30623627 -0.07932477 -0.31622908
v 0.30624050 -0.07922938 -0.31621167
v 0.30629647 -0.07931169 -0.31604502
v 0.30623469 -0.07941617 -0.31619650
v 0.30623627 -0.07947911 -0.31612265
v 0.30624050 -0.07949672 -0.31602728
v 0.30624631 -0.07946427 -0.31593600
v 0.30625212 -0.07939047 -0.31587324
v 0.30625638 -0.07929507 -0.31585580
v 0.30625793 -0.07920367 -0.31588840
v 0.30625638 -0.07914074 -0.31596226
v 0.30625212 -0.07912312 -0.31605762
v 0.30624631 -0.07915557 -0.31614891
v 0.30609927 -0.07916559 -0.31632856
v 0.30609190 -0.07933079 -0.31635872
v 0.30608919 -0.07948912 -0.31630227
v 0.30609190 -0.07959814 -0.31617433
v 0.30609927 -0.07962862 -0.31600919
v 0.30610934 -0.07957243 -0.31585106
v 0.30611938 -0.07944459 -0.31574234
v 0.30612674 -0.07927939 -0.31571218
v 0.30612946 -0.07912106 -0.31576863
v 0.30612674 -0.07901204 -0.31589657
v 0.30611938 -0.07898156 -0.31606171
v 0.30610934 -0.07903776 -0.31621984
v 0.30621347 -0.07403740 -0.31395599
v 0.30620185 -0.07410229 -0.31413856
v 0.30619335 -0.07406709 -0.31432927
v 0.30619022 -0.07394120 -0.31447700
v 0.30619335 -0.07375839 -0.31454217
v 0.30620185 -0.07356761 -0.31450734
v 0.30621347 -0.07342000 -0.31438181
v 0.30622509 -0.07335512 -0.31419924
v 0.30623361 -0.07339032 -0.31400853
v 0.30623671 -0.07351620 -0.31386080
v 0.30623361 -0.07369902 -0.31379563
v 0.30622509 -0.07388978 -0.31383047
v 0.30652755 -0.07375498 -0.31437209
v 0.30653182 -0.07365958 -0.31435469
v 0.30658776 -0.07374190 -0.31418803
v 0.30652601 -0.07384638 -0.31433952
v 0.30652755 -0.07390933 -0.31426564
v 0.30653182 -0.07392693 -0.31417030
v 0.30653760 -0.07389448 -0.31407902
v 0.30654341 -0.07382067 -0.31401625
v 0.30654767 -0.07372530 -0.31399882
v 0.30654922 -0.07363388 -0.31403142
v 0.30654767 -0.07357094 -0.31410527
v 0.30654341 -0.07355333 -0.31420064
v 0.30653760 -0.07358578 -0.31429192
v 0.30639055 -0.07359580 -0.31447157
v 0.30638319 -0.07376101 -0.31450173
v 0.30638048 -0.07391933 -0.31444529
v 0.30638319 -0.07402834 -0.31431735
v 0.30639055 -0.07405884 -0.31415221
v 0.30640063 -0.07400264 -0.31399408
v 0.30641067 -0.07387480 -0.31388536
v 0.30641806 -0.07370959 -0.31385520
v 0.30642074 -0.07355127 -0.31391165
v 0.30641806 -0.07344226 -0.31403959
v 0.30641067 -0.07341176 -0.31420472
v 0.30640063 -0.07346796 -0.31436285
v 0.30586639 -0.07721075 -0.31855702
v 0.30585480 -0.07727563 -0.31873959
v 0.30584627 -0.07724043 -0.31893030
v 0.30584317 -0.07711454 -0.31907803
v 0.30584627 -0.07693173 -0.31914321
v 0.30585480 -0.07674096 -0.31910837
v 0.30586639 -0.07659335 -0.31898284
v 0.30587801 -0.07652846 -0.31880024
v 0.30588654 -0.07656366 -0.31860957
v 0.30588964 -0.07668955 -0.31846181
v 0.30588654 -0.07687236 -0.31839663
v 0.30587801 -0.07706314 -0.31843150
v 0.30618048 -0.07692832 -0.31897312
v 0.30618474 -0.07683293 -0.31895572
v 0.30624068 -0.07691524 -0.31878906
v 0.30617893 -0.07701972 -0.31894055
v 0.30618048 -0.07708267 -0.31886667
v 0.30618474 -0.07710026 -0.31877133
v 0.30619055 -0.07706782 -0.31868005
v 0.30619636 -0.07699402 -0.31861728
v 0.30620059 -0.07689863 -0.31859985
v 0.30620217 -0.07680722 -0.31863245
v 0.30620059 -0.07674429 -0.31870630
v 0.30619636 -0.07672668 -0.31880167
v 0.30619055 -0.07675912 -0.31889296
v 0.30604348 -0.07676914 -0.31907257
v 0.30603611 -0.07693435 -0.31910276
v 0.30603340 -0.07709268 -0.31904632
v 0.30603611 -0.07720169 -0.31891838
v 0.30604348 -0.07723218 -0.31875321
v 0.30605355 -0.07717598 -0.31859511
v 0.30606362 -0.07704815 -0.31848639
v 0.30607098 -0.07688294 -0.31845623
v 0.30607367 -0.07672461 -0.31851265
v 0.30607098 -0.07661560 -0.31864059
v 0.30606362 -0.07658511 -0.31880575
v 0.30605355 -0.07664131 -0.31896389
v 0.30829313 -0.00957827 -0.23460369
v 0.30610517 -0.00827167 -0.23270926
v 0.30829313 -0.01106002 -0.23358172
v 0.30610517 -0.00975342 -0.23168728
v 0.30301818 -0.00869418 -0.23332186
v 0.30301818 -0.01017593 -0.23229989
v 0.30211917 -0.01042330 -0.23582891
v 0.30211917 -0.01190505 -0.23480694
v 0.30430713 -0.01172990 -0.23772334
v 0.30430713 -0.01321165 -0.23670137
v 0.30739412 -0.01130738 -0.23711073
v 0.30739412 -0.01278913 -0.23608877
v 0.30520037 -0.01063082 -0.23295943
v 0.30554649 -0.01065303 -0.23299162
v 0.30629334 -0.01089567 -0.23334344
v 0.30616599 -0.01082798 -0.23324530
v 0.30587423 -0.01071995 -0.23308866
v 0.30640599 -0.01097130 -0.23345309
v 0.30658129 -0.01114218 -0.23370084
v 0.30668247 -0.01133141 -0.23397522
v 0.30670407 -0.01152879 -0.23426139
v 0.30664489 -0.01172367 -0.23454395
v 0.30650818 -0.01190555 -0.23480766
v 0.30630127 -0.01206463 -0.23503831
v 0.30390990 -0.01191123 -0.23481588
v 0.30377069 -0.01172994 -0.23455305
v 0.30603531 -0.01219233 -0.23522346
v 0.30572465 -0.01228176 -0.23535311
v 0.30538604 -0.01232810 -0.23542032
v 0.30503774 -0.01232886 -0.23542142
v 0.30469850 -0.01228400 -0.23535638
v 0.30438665 -0.01219593 -0.23522867
v 0.30411896 -0.01206939 -0.23504521
v 0.30370891 -0.01153533 -0.23427087
v 0.30372781 -0.01133786 -0.23398456
v 0.30382642 -0.01114820 -0.23370957
v 0.30399942 -0.01097656 -0.23346071
v 0.30423746 -0.01083219 -0.23325139
v 0.30452773 -0.01072289 -0.23309292
v 0.30485457 -0.01065454 -0.23299381
v 0.30414373 -0.01170526 -0.23479247
v 0.30406579 -0.01161488 -0.23466143
v 0.30402967 -0.01155669 -0.23457704
v 0.30398732 -0.01144567 -0.23441608
v 0.30397901 -0.01139718 -0.23434578
v 0.30398542 -0.01127070 -0.23416239
v 0.30399451 -0.01123534 -0.23411112
v 0.30406022 -0.01110095 -0.23391627
v 0.30407533 -0.01107989 -0.23388574
v 0.30420703 -0.01094709 -0.23369320
v 0.30421713 -0.01093921 -0.23368177
v 0.30441222 -0.01082089 -0.23351023
v 0.30465013 -0.01073131 -0.23338033
v 0.30467579 -0.01072413 -0.23336993
v 0.30491799 -0.01067529 -0.23329911
v 0.30496830 -0.01066903 -0.23329003
v 0.30520141 -0.01065585 -0.23327093
v 0.30527577 -0.01065697 -0.23327255
v 0.30548507 -0.01067405 -0.23329732
v 0.30557886 -0.01068870 -0.23331855
v 0.30575371 -0.01072890 -0.23337683
v 0.30585852 -0.01076222 -0.23342516
v 0.30599281 -0.01081744 -0.23350522
v 0.30609721 -0.01087292 -0.23358566
v 0.30618954 -0.01093491 -0.23367552
v 0.30627990 -0.01101385 -0.23378998
v 0.30633321 -0.01107496 -0.23387858
v 0.30639511 -0.01117614 -0.23402528
v 0.30641612 -0.01123005 -0.23410346
v 0.30643561 -0.01134960 -0.23427679
v 0.30643383 -0.01139182 -0.23433800
v 0.30639890 -0.01152333 -0.23452869
v 0.30638534 -0.01155154 -0.23456958
v 0.30628720 -0.01168642 -0.23476514
v 0.30627328 -0.01170061 -0.23478572
v 0.30610758 -0.01182861 -0.23497131
v 0.30610368 -0.01183099 -0.23497476
v 0.30588570 -0.01193565 -0.23512651
v 0.30587134 -0.01194098 -0.23513423
v 0.30563110 -0.01200895 -0.23523279
v 0.30559328 -0.01201646 -0.23524366
v 0.30535358 -0.01204693 -0.23528785
v 0.30529091 -0.01205031 -0.23529275
v 0.30506811 -0.01204756 -0.23528875
v 0.30498323 -0.01204040 -0.23527838
v 0.30479008 -0.01201079 -0.23523544
v 0.30468953 -0.01198736 -0.23520148
v 0.30453449 -0.01193860 -0.23513079
v 0.30442831 -0.01189451 -0.23506686
v 0.30431509 -0.01183490 -0.23498042
v 0.30421594 -0.01176770 -0.23488300
v 0.30372980 -0.01015191 -0.23543541
v 0.30383098 -0.01034114 -0.23570977
v 0.30400631 -0.01051202 -0.23595753
v 0.30411896 -0.01058765 -0.23606718
v 0.30424631 -0.01065534 -0.23616533
v 0.30453804 -0.01076337 -0.23632197
v 0.30588457 -0.01076043 -0.23631769
v 0.30617481 -0.01065113 -0.23615922
v 0.30486581 -0.01083029 -0.23641899
v 0.30521190 -0.01085249 -0.23645118
v 0.30555770 -0.01082878 -0.23641680
v 0.30670339 -0.00994799 -0.23513974
v 0.30664158 -0.00975337 -0.23485757
v 0.30641288 -0.01050676 -0.23594990
v 0.30658588 -0.01033512 -0.23570105
v 0.30668449 -0.01014546 -0.23542605
v 0.30437699 -0.00929099 -0.23418717
v 0.30411103 -0.00941869 -0.23437232
v 0.30650240 -0.00957209 -0.23459473
v 0.30629334 -0.00941392 -0.23436540
v 0.30602565 -0.00928739 -0.23418194
v 0.30571380 -0.00919932 -0.23405425
v 0.30537456 -0.00915445 -0.23398919
v 0.30502626 -0.00915521 -0.23399030
v 0.30468765 -0.00920156 -0.23405750
v 0.30390412 -0.00957777 -0.23460296
v 0.30376738 -0.00975965 -0.23486668
v 0.30370823 -0.00995453 -0.23514923
v 0.30609721 -0.00964842 -0.23443019
v 0.30626854 -0.00977805 -0.23461816
v 0.30627990 -0.00978934 -0.23463452
v 0.30638263 -0.00992663 -0.23483358
v 0.30639511 -0.00995164 -0.23486984
v 0.30643329 -0.01008614 -0.23506485
v 0.30643561 -0.01012510 -0.23512134
v 0.30641779 -0.01024798 -0.23529950
v 0.30639890 -0.01029883 -0.23537323
v 0.30633697 -0.01040343 -0.23552488
v 0.30628720 -0.01046192 -0.23560970
v 0.30619517 -0.01054410 -0.23572885
v 0.30610758 -0.01060411 -0.23581585
v 0.30600008 -0.01066242 -0.23590040
v 0.30587134 -0.01071648 -0.23597878
v 0.30576217 -0.01075201 -0.23603030
v 0.30559328 -0.01079196 -0.23608822
v 0.30549428 -0.01080803 -0.23611151
v 0.30529091 -0.01082581 -0.23613729
v 0.30521089 -0.01082746 -0.23613968
v 0.30498323 -0.01081590 -0.23612292
v 0.30492720 -0.01080927 -0.23611331
v 0.30468953 -0.01076286 -0.23604602
v 0.30465859 -0.01075442 -0.23603378
v 0.30442831 -0.01067001 -0.23591140
v 0.30441946 -0.01066588 -0.23590541
v 0.30431509 -0.01061040 -0.23582496
v 0.30422276 -0.01054841 -0.23573509
v 0.30421594 -0.01054320 -0.23572753
v 0.30407909 -0.01040836 -0.23553203
v 0.30406579 -0.01039038 -0.23550597
v 0.30399615 -0.01025327 -0.23530717
v 0.30398732 -0.01022117 -0.23526064
v 0.30397847 -0.01009150 -0.23507261
v 0.30398542 -0.01004620 -0.23500693
v 0.30402696 -0.00993178 -0.23484103
v 0.30406022 -0.00987645 -0.23476081
v 0.30413902 -0.00978271 -0.23462489
v 0.30420703 -0.00972259 -0.23453774
v 0.30430859 -0.00965233 -0.23443586
v 0.30441660 -0.00959430 -0.23435172
v 0.30452657 -0.00954767 -0.23428412
v 0.30467579 -0.00949963 -0.23421447
v 0.30478120 -0.00947437 -0.23417784
v 0.30496830 -0.00944453 -0.23413458
v 0.30505872 -0.00943638 -0.23412277
v 0.30527577 -0.00943247 -0.23411709
v 0.30534419 -0.00943576 -0.23412186
v 0.30557886 -0.00946419 -0.23416309
v 0.30562222 -0.00947253 -0.23417518
v 0.30585852 -0.00953772 -0.23426969
v 0.30587780 -0.00954472 -0.23427984
f 1 2 3
f 3 2 4
f 3 4 5
f 6 7 3
f 3 7 8
f 3 8 1
f 9 10 3
f 3 10 11
f 3 11 6
f 12 13 3
f 3 13 14
f 3 14 9
f 5 15 3
f 3 15 16
f 3 16 12
f 17 18 19
f 19 18 20
f 19 20 21
f 21 20 22
f 21 22 23
f 23 22 24
f 23 24 25
f 25 24 26
f 25 26 27
f 28 29 30
f 30 29 31
f 30 31 32
f 32 31 33
f 32 33 34
f 34 33 35
f 34 35 17
f 17 35 36
f 17 36 18
f 26 37 27
f 27 37 38
f 27 38 39
f 39 38 40
f 39 40 41
f 41 40 42
f 41 42 43
f 43 42 44
f 43 44 45
f 45 44 46
f 45 46 47
f 47 46 48
f 47 48 28
f 28 48 49
f 28 49 29
f 50 51 52
f 52 51 53
f 52 53 54
f 54 53 55
f 56 57 58
f 58 57 59
f 58 59 60
f 60 59 61
f 62 63 64
f 62 64 65
f 65 64 66
f 65 66 67
f 67 66 68
f 67 68 69
f 70 71 72
f 70 72 73
f 73 72 74
f 73 74 75
f 75 74 76
f 75 76 77
f 78 79 80
f 78 80 81
f 81 80 82
f 81 82 83
f 83 82 84
f 83 84 85
f 86 87 88
f 86 88 89
f 89 88 90
f 89 90 91
f 91 90 92
f 91 92 93
f 94 95 96
f 94 96 97
f 97 96 98
f 97 98 99
f 99 98 100
f 99 100 101
f 102 103 104
f 102 104 105
f 105 104 106
f 105 106 107
f 107 106 108
f 107 108 109
f 109 108 110
f 109 110 111
f 112 113 114
f 115 116 117
f 118 119 120
f 115 117 121
f 121 117 118
f 121 118 114
f 114 118 120
f 114 120 112
f 122 123 124
f 125 126 127
f 127 126 122
f 122 124 127
f 127 124 128
f 127 128 129
f 129 128 130
f 129 130 131
f 132 133 134
f 135 136 137
f 137 136 138
f 137 138 139
f 140 132 135
f 135 132 134
f 135 134 136
f 141 142 143
f 144 145 141
f 141 143 144
f 144 143 146
f 144 146 147
f 147 146 148
f 147 148 149
f 150 151 152
f 150 152 153
f 153 152 154
f 153 154 155
f 155 154 156
f 155 156 157
f 158 159 160
f 158 160 161
f 161 160 162
f 161 162 163
f 163 162 164
f 163 164 165
f 166 167 168
f 168 167 169
f 170 171 172
f 172 171 173
f 174 175 176
f 176 175 177
f 178 179 180
f 180 179 181
f 182 183 52
f 52 183 184
f 52 184 185
f 186 187 58
f 58 187 182
f 58 182 56
f 188 189 190
f 190 189 191
f 190 191 192
f 192 191 193
f 192 193 194
f 194 193 195
f 194 195 196
f 186 58 188
f 188 58 60
f 188 60 197
f 198 199 200
f 200 199 201
f 200 201 202
f 202 201 203
f 202 203 204
f 204 203 205
f 204 205 185
f 185 205 50
f 185 50 52
f 197 206 188
f 188 206 207
f 188 207 189
f 182 52 56
f 56 52 54
f 56 54 208
f 195 209 196
f 196 209 210
f 196 210 211
f 211 210 212
f 211 212 213
f 213 212 214
f 213 214 215
f 215 214 216
f 215 216 198
f 198 216 217
f 198 217 199
f 218 219 220
f 220 219 56
f 220 56 221
f 221 56 208
f 221 208 222
f 54 55 223
f 54 223 208
f 208 223 224
f 208 224 222
f 222 224 225
f 222 225 221
f 221 225 226
f 221 226 220
f 220 226 227
f 220 227 218
f 218 227 228
f 218 228 219
f 219 228 57
f 219 57 56
f 86 178 87
f 87 178 180
f 229 103 100
f 100 98 230
f 230 98 96
f 230 96 95
f 179 178 231
f 231 178 86
f 229 232 103
f 103 232 233
f 103 233 234
f 110 108 93
f 93 108 106
f 93 106 104
f 230 78 235
f 235 78 81
f 235 236 230
f 230 236 237
f 230 237 100
f 100 237 238
f 100 238 229
f 89 91 93
f 174 176 85
f 85 176 235
f 85 235 83
f 83 235 81
f 86 89 231
f 231 89 93
f 231 93 234
f 234 93 104
f 234 104 103
f 114 113 92
f 129 239 127
f 127 239 125
f 114 92 121
f 177 175 240
f 240 175 84
f 241 242 131
f 131 242 243
f 180 181 87
f 87 181 244
f 87 244 88
f 244 245 121
f 241 131 246
f 246 131 115
f 246 115 247
f 82 80 79
f 121 245 115
f 115 245 248
f 115 248 247
f 121 92 244
f 244 92 90
f 244 90 88
f 84 82 240
f 240 82 79
f 240 79 243
f 243 79 239
f 243 239 131
f 131 239 129
f 160 69 162
f 162 69 164
f 171 170 249
f 249 170 62
f 156 154 250
f 250 154 152
f 250 152 151
f 159 251 252
f 253 254 156
f 156 254 255
f 156 255 159
f 159 255 256
f 159 256 251
f 65 67 69
f 166 168 77
f 77 168 257
f 253 156 258
f 258 156 250
f 258 250 257
f 62 65 249
f 249 65 69
f 249 69 252
f 252 69 160
f 252 160 159
f 75 77 73
f 73 77 257
f 73 257 70
f 70 257 250
f 259 145 144
f 133 68 134
f 134 68 136
f 169 167 260
f 260 167 76
f 259 261 262
f 172 173 63
f 63 173 263
f 63 263 64
f 74 72 71
f 264 138 265
f 265 138 136
f 265 136 263
f 144 147 259
f 259 147 149
f 259 149 261
f 261 149 138
f 261 138 266
f 266 138 264
f 76 74 260
f 260 74 71
f 260 71 267
f 267 71 259
f 267 259 268
f 268 259 262
f 136 68 263
f 263 68 66
f 263 66 64
f 62 170 63
f 63 170 172
f 140 135 137
f 146 143 148
f 148 143 142
f 148 142 139
f 137 139 140
f 140 139 142
f 140 142 269
f 269 142 270
f 269 270 271
f 271 270 272
f 271 272 273
f 273 272 274
f 273 274 275
f 275 274 276
f 275 276 277
f 277 276 278
f 277 278 279
f 279 278 280
f 118 117 119
f 119 117 116
f 130 128 124
f 124 123 130
f 130 123 279
f 130 279 116
f 116 279 280
f 116 280 119
f 281 157 282
f 282 157 283
f 150 284 285
f 285 284 286
f 285 286 287
f 155 157 153
f 153 157 281
f 153 281 150
f 150 281 288
f 150 288 284
f 157 156 283
f 283 156 159
f 283 159 158
f 102 101 103
f 103 101 100
f 148 139 149
f 149 139 138
f 130 116 131
f 131 116 115
f 289 290 291
f 61 59 57
f 225 101 226
f 226 101 102
f 226 102 105
f 289 291 292
f 292 291 293
f 292 293 294
f 294 293 295
f 294 295 51
f 51 295 296
f 51 296 53
f 287 297 298
f 298 297 299
f 298 299 300
f 300 299 301
f 300 301 302
f 302 301 303
f 99 101 97
f 97 101 225
f 97 225 94
f 94 225 224
f 94 224 304
f 304 224 223
f 304 223 296
f 296 223 55
f 296 55 53
f 301 61 303
f 303 61 57
f 303 57 305
f 305 57 228
f 305 228 111
f 111 228 227
f 111 227 109
f 109 227 226
f 109 226 107
f 107 226 105
f 283 158 306
f 306 158 307
f 290 308 309
f 309 308 310
f 309 310 165
f 165 310 311
f 165 311 163
f 163 311 307
f 163 307 161
f 161 307 158
f 84 175 85
f 85 175 174
f 76 167 77
f 77 167 166
f 312 313 314
f 314 315 316
f 316 315 317
f 317 315 318
f 317 318 319
f 319 318 320
f 319 320 321
f 322 312 323
f 323 312 314
f 323 314 324
f 324 314 316
f 325 319 326
f 326 319 321
f 326 321 327
f 327 321 328
f 329 330 331
f 331 330 312
f 331 312 332
f 332 312 322
f 333 334 335
f 335 334 336
f 336 334 337
f 337 334 338
f 337 338 339
f 333 335 340
f 340 335 341
f 340 341 342
f 343 344 339
f 339 344 345
f 346 337 347
f 347 337 339
f 347 339 348
f 348 339 345
f 348 345 349
f 341 350 351
f 352 342 353
f 353 342 341
f 353 341 354
f 354 341 351
f 188 31 186
f 186 31 29
f 186 29 187
f 187 29 49
f 187 49 182
f 182 49 48
f 182 48 183
f 183 48 46
f 183 46 184
f 184 46 44
f 184 44 185
f 185 44 42
f 185 42 204
f 204 42 40
f 204 40 202
f 202 40 38
f 202 38 200
f 200 38 37
f 200 37 198
f 198 37 26
f 198 26 215
f 215 26 24
f 215 24 213
f 213 24 22
f 213 22 211
f 211 22 20
f 211 20 196
f 196 20 18
f 196 18 194
f 194 18 36
f 194 36 192
f 192 36 35
f 192 35 190
f 190 35 33
f 190 33 188
f 188 33 31
f 60 61 301
f 60 301 197
f 197 301 299
f 197 299 206
f 206 299 297
f 206 297 207
f 207 297 287
f 207 287 189
f 287 286 189
f 189 286 284
f 189 284 191
f 191 284 288
f 191 288 193
f 193 288 281
f 193 281 195
f 195 281 282
f 195 282 209
f 209 282 283
f 209 283 210
f 210 283 306
f 210 306 212
f 212 306 307
f 212 307 214
f 214 307 311
f 214 311 216
f 216 311 310
f 216 310 217
f 217 310 308
f 217 308 199
f 199 308 290
f 199 290 201
f 290 289 201
f 201 289 292
f 201 292 203
f 203 292 294
f 203 294 205
f 205 294 51
f 205 51 50
f 176 177 235
f 235 177 240
f 235 240 236
f 236 240 243
f 236 243 237
f 237 243 242
f 237 242 238
f 238 242 241
f 238 241 229
f 229 241 246
f 229 246 232
f 232 246 247
f 232 247 233
f 233 247 248
f 233 248 234
f 234 248 245
f 234 245 231
f 231 245 244
f 231 244 179
f 179 244 181
f 168 169 257
f 257 169 260
f 257 260 258
f 258 260 267
f 258 267 253
f 253 267 268
f 253 268 254
f 254 268 262
f 254 262 255
f 255 262 261
f 255 261 256
f 256 261 266
f 256 266 251
f 251 266 264
f 251 264 252
f 252 264 265
f 252 265 249
f 249 265 263
f 249 263 171
f 171 263 173
f 32 2 30
f 30 2 1
f 30 1 28
f 28 1 8
f 28 8 47
f 47 8 7
f 47 7 45
f 45 7 6
f 45 6 43
f 43 6 11
f 43 11 41
f 41 11 10
f 41 10 39
f 39 10 9
f 39 9 27
f 27 9 14
f 27 14 25
f 25 14 13
f 25 13 23
f 23 13 12
f 23 12 21
f 21 12 16
f 21 16 19
f 19 16 15
f 19 15 17
f 17 15 5
f 17 5 34
f 34 5 4
f 34 4 32
f 32 4 2
f 355 356 357
f 358 359 360
f 361 362 363
f 126 125 364
f 364 125 230
f 365 366 367
f 365 367 368
f 366 369 370
f 371 372 367
f 367 372 373
f 367 373 368
f 362 372 363
f 363 372 371
f 363 371 304
f 304 371 374
f 304 374 375
f 376 367 377
f 377 367 366
f 377 366 378
f 378 366 370
f 379 380 381
f 381 380 382
f 230 95 364
f 364 95 383
f 364 383 381
f 381 383 384
f 381 384 379
f 375 385 304
f 304 385 386
f 304 386 94
f 94 386 387
f 94 387 95
f 95 387 388
f 95 388 383
f 389 381 390
f 390 381 382
f 390 382 391
f 391 382 392
f 391 392 393
f 125 239 230
f 230 239 79
f 230 79 78
f 364 361 126
f 126 361 363
f 126 363 122
f 132 140 394
f 69 68 164
f 164 68 133
f 395 396 397
f 398 399 400
f 309 165 401
f 402 400 403
f 403 400 404
f 402 405 400
f 400 405 406
f 400 406 398
f 407 408 409
f 409 408 410
f 409 410 411
f 411 410 412
f 413 165 414
f 414 165 164
f 414 164 415
f 415 164 416
f 417 418 419
f 419 418 420
f 419 420 399
f 399 420 421
f 399 421 400
f 422 396 423
f 423 396 424
f 423 424 409
f 409 424 425
f 409 425 407
f 422 426 396
f 396 426 427
f 396 427 397
f 397 427 428
f 394 429 132
f 132 429 430
f 132 430 133
f 133 430 403
f 133 403 164
f 164 403 404
f 164 404 416
f 413 431 165
f 165 431 432
f 165 432 401
f 401 432 433
f 434 435 410
f 410 435 436
f 410 436 412
f 437 438 439
f 439 438 401
f 439 401 440
f 440 401 433
f 441 442 443
f 444 445 446
f 447 448 293
f 293 448 449
f 447 450 451
f 452 453 454
f 455 295 456
f 456 295 293
f 456 293 457
f 457 293 449
f 458 459 460
f 460 459 461
f 460 461 462
f 451 463 447
f 447 463 464
f 447 464 465
f 466 467 468
f 468 467 448
f 468 448 446
f 446 448 447
f 446 447 444
f 444 447 465
f 445 469 446
f 446 469 470
f 446 470 471
f 471 470 472
f 471 472 443
f 443 472 473
f 443 473 474
f 466 475 467
f 467 475 476
f 467 476 477
f 478 467 479
f 479 467 477
f 479 477 480
f 480 477 481
f 480 481 482
f 482 481 483
f 455 484 295
f 295 484 485
f 295 485 486
f 452 454 487
f 487 454 295
f 487 295 461
f 461 295 486
f 461 486 462
f 488 441 489
f 489 441 443
f 489 443 490
f 490 443 474
f 491 492 493
f 493 492 494
f 493 494 489
f 489 494 495
f 489 495 488
f 496 497 498
f 498 497 454
f 498 454 499
f 499 454 453
f 500 501 502
f 502 501 503
f 502 503 504
f 505 506 507
f 507 506 501
f 507 501 508
f 508 501 500
f 428 509 397
f 397 509 510
f 397 510 511
f 512 513 514
f 515 516 291
f 359 517 360
f 360 517 518
f 360 518 519
f 519 518 520
f 521 522 514
f 514 522 523
f 514 523 512
f 358 360 524
f 524 360 525
f 524 525 526
f 526 525 527
f 526 527 528
f 529 530 447
f 447 530 531
f 447 531 532
f 521 514 533
f 533 514 534
f 533 534 535
f 536 537 538
f 538 537 539
f 538 539 513
f 513 539 540
f 513 540 514
f 515 291 541
f 516 542 291
f 291 542 543
f 291 543 544
f 545 546 518
f 518 546 547
f 518 547 520
f 544 548 291
f 291 548 549
f 291 549 550
f 528 529 526
f 526 529 447
f 526 447 551
f 551 447 293
f 551 293 552
f 552 293 291
f 552 291 553
f 553 291 550
f 356 554 555
f 555 554 533
f 555 533 291
f 291 533 535
f 291 535 541
f 556 355 271
f 496 557 271
f 271 557 558
f 271 558 556
f 556 558 559
f 556 559 560
f 560 559 561
f 562 563 564
f 564 563 560
f 564 560 565
f 565 560 561
f 498 450 496
f 496 450 447
f 496 447 557
f 557 447 532
f 566 567 295
f 295 567 568
f 295 568 296
f 296 568 569
f 296 569 570
f 571 572 573
f 573 572 574
f 573 574 575
f 576 577 454
f 454 577 578
f 454 578 295
f 295 578 579
f 295 579 566
f 570 580 296
f 296 580 581
f 296 581 571
f 575 582 573
f 573 582 583
f 573 583 584
f 584 583 497
f 497 583 585
f 497 585 454
f 454 585 586
f 454 586 576
f 587 588 589
f 590 591 592
f 571 573 296
f 296 573 593
f 296 593 594
f 595 596 363
f 363 596 597
f 363 597 598
f 599 304 600
f 600 304 296
f 600 296 601
f 601 296 594
f 602 603 604
f 604 603 605
f 604 605 606
f 607 608 573
f 573 608 609
f 610 611 612
f 612 611 593
f 612 593 592
f 592 593 573
f 592 573 590
f 590 573 609
f 591 613 592
f 592 613 614
f 592 614 615
f 615 614 616
f 615 616 589
f 589 616 617
f 589 617 618
f 610 619 611
f 611 619 620
f 611 620 621
f 622 611 623
f 623 611 621
f 623 621 624
f 624 621 625
f 624 625 626
f 626 625 627
f 599 628 304
f 304 628 629
f 304 629 630
f 595 363 631
f 631 363 304
f 631 304 605
f 605 304 630
f 605 630 606
f 632 587 633
f 633 587 589
f 633 589 634
f 634 589 618
f 635 636 637
f 637 636 638
f 637 638 633
f 633 638 639
f 633 639 632
f 122 363 640
f 640 363 598
f 640 598 584
f 584 598 641
f 584 641 573
f 573 641 642
f 573 642 607
f 355 357 271
f 271 357 643
f 271 643 269
f 271 273 496
f 496 273 275
f 496 275 497
f 497 275 277
f 497 277 584
f 584 277 279
f 584 279 640
f 640 279 123
f 640 123 122
f 356 555 357
f 357 555 397
f 357 397 643
f 643 397 511
f 643 511 269
f 269 511 504
f 269 504 140
f 140 504 503
f 140 503 394
f 644 645 309
f 646 647 648
f 309 645 290
f 290 645 649
f 290 649 291
f 291 649 650
f 291 650 555
f 397 651 652
f 653 654 655
f 656 657 658
f 658 657 659
f 658 659 660
f 660 659 661
f 660 661 662
f 651 397 663
f 663 397 555
f 663 555 661
f 661 555 650
f 661 650 662
f 662 650 664
f 662 664 665
f 665 664 666
f 665 666 648
f 648 666 667
f 648 667 646
f 401 395 309
f 309 395 397
f 309 397 644
f 644 397 652
f 644 652 655
f 655 652 668
f 655 668 669
f 670 671 672
f 672 671 673
f 672 673 674
f 674 653 672
f 672 653 655
f 672 655 675
f 675 655 669
f 675 669 676
f 676 669 677
f 678 679 680
f 681 682 683
f 683 682 684
f 683 684 685
f 680 679 686
f 685 687 683
f 683 687 688
f 683 688 689
f 679 690 686
f 686 690 691
f 686 691 692
f 692 691 693
f 692 693 694
f 694 693 695
f 694 695 696
f 678 680 688
f 688 680 697
f 688 697 689
f 695 698 696
f 696 698 699
f 696 699 700
f 700 699 701
f 700 701 702
f 702 701 703
f 702 703 704
f 704 703 705
f 704 705 706
f 706 705 707
f 706 707 708
f 708 707 709
f 681 683 364
f 364 683 361
f 683 689 361
f 361 689 362
f 689 697 362
f 362 697 372
f 372 697 680
f 372 680 373
f 373 680 686
f 373 686 368
f 368 686 692
f 368 692 365
f 365 692 694
f 365 694 366
f 366 694 696
f 366 696 369
f 369 696 700
f 369 700 370
f 370 700 702
f 370 702 378
f 378 702 704
f 378 704 377
f 377 704 706
f 377 706 376
f 376 706 708
f 376 708 367
f 708 709 367
f 367 709 371
f 371 709 707
f 371 707 374
f 374 707 705
f 374 705 375
f 375 705 703
f 375 703 385
f 385 703 701
f 385 701 386
f 386 701 699
f 386 699 387
f 387 699 698
f 387 698 388
f 388 698 695
f 388 695 383
f 383 695 693
f 383 693 384
f 384 693 691
f 384 691 379
f 379 691 690
f 379 690 380
f 380 690 679
f 380 679 382
f 382 679 678
f 382 678 392
f 392 678 688
f 392 688 393
f 688 687 393
f 393 687 391
f 391 687 685
f 391 685 390
f 390 685 684
f 390 684 389
f 389 684 682
f 389 682 381
f 682 681 381
f 381 681 364
f 710 711 712
f 713 714 715
f 716 717 718
f 718 717 719
f 718 719 720
f 720 719 721
f 722 723 714
f 714 723 724
f 714 724 715
f 715 720 713
f 713 720 721
f 713 721 725
f 725 721 726
f 725 726 727
f 728 729 730
f 730 729 731
f 712 711 732
f 722 733 723
f 723 733 734
f 723 734 735
f 735 734 736
f 735 736 737
f 737 736 738
f 737 738 739
f 739 738 740
f 739 740 741
f 741 740 742
f 741 742 743
f 743 742 744
f 743 744 745
f 745 744 746
f 731 747 730
f 730 747 748
f 730 748 711
f 711 748 749
f 711 749 732
f 726 750 727
f 727 750 751
f 727 751 752
f 752 751 753
f 752 753 754
f 754 753 755
f 754 755 756
f 756 755 757
f 756 757 728
f 728 757 758
f 728 758 729
f 759 710 760
f 760 710 712
f 760 712 761
f 761 712 762
f 761 762 763
f 763 762 764
f 448 746 744
f 448 744 449
f 449 744 742
f 449 742 457
f 457 742 740
f 457 740 456
f 456 740 738
f 456 738 455
f 455 738 736
f 455 736 484
f 484 736 734
f 484 734 485
f 485 734 733
f 485 733 486
f 486 733 722
f 486 722 462
f 462 722 714
f 462 714 460
f 460 714 713
f 460 713 458
f 458 713 725
f 458 725 459
f 459 725 727
f 459 727 461
f 461 727 752
f 461 752 487
f 487 752 754
f 487 754 452
f 452 754 756
f 452 756 453
f 453 756 728
f 453 728 499
f 499 728 730
f 499 730 498
f 498 730 711
f 498 711 450
f 450 711 710
f 450 710 451
f 451 710 759
f 451 759 463
f 463 759 760
f 463 760 464
f 464 760 761
f 464 761 465
f 465 761 763
f 465 763 444
f 444 763 764
f 444 764 445
f 445 764 762
f 445 762 469
f 469 762 712
f 469 712 470
f 470 712 732
f 470 732 472
f 472 732 749
f 472 749 473
f 473 749 748
f 473 748 474
f 474 748 747
f 474 747 490
f 490 747 731
f 490 731 489
f 489 731 729
f 489 729 493
f 493 729 758
f 493 758 491
f 491 758 757
f 491 757 492
f 492 757 755
f 492 755 494
f 494 755 753
f 494 753 495
f 495 753 751
f 495 751 488
f 488 751 750
f 488 750 441
f 441 750 726
f 441 726 442
f 442 726 721
f 442 721 443
f 443 721 719
f 443 719 471
f 719 717 471
f 471 717 446
f 717 716 446
f 446 716 468
f 468 716 718
f 468 718 466
f 466 718 720
f 466 720 475
f 475 720 715
f 475 715 476
f 476 715 724
f 476 724 477
f 477 724 723
f 477 723 481
f 481 723 735
f 481 735 483
f 483 735 737
f 483 737 482
f 482 737 739
f 482 739 480
f 480 739 741
f 480 741 479
f 479 741 743
f 479 743 478
f 478 743 745
f 478 745 467
f 745 746 467
f 467 746 448
f 765 766 767
f 767 766 768
f 768 769 767
f 767 769 770
f 767 770 771
f 772 773 774
f 775 776 777
f 777 776 772
f 777 772 778
f 778 772 774
f 771 779 767
f 767 779 780
f 767 780 772
f 781 782 783
f 783 782 784
f 783 784 785
f 785 784 786
f 787 785 788
f 788 785 789
f 789 785 790
f 790 785 786
f 790 786 791
f 791 786 792
f 791 792 793
f 793 792 794
f 793 794 795
f 795 794 796
f 795 796 780
f 780 796 797
f 780 797 772
f 772 797 798
f 772 798 773
f 772 776 649
f 649 776 650
f 776 775 650
f 650 775 664
f 664 775 777
f 664 777 666
f 666 777 778
f 666 778 667
f 667 778 774
f 667 774 646
f 646 774 773
f 646 773 647
f 647 773 798
f 647 798 648
f 798 797 648
f 648 797 665
f 797 796 665
f 665 796 662
f 662 796 794
f 662 794 660
f 660 794 792
f 660 792 658
f 658 792 786
f 658 786 656
f 656 786 784
f 656 784 657
f 657 784 782
f 657 782 659
f 782 781 659
f 659 781 661
f 781 783 661
f 661 783 663
f 783 785 663
f 663 785 651
f 785 787 651
f 651 787 652
f 787 788 652
f 652 788 668
f 668 788 789
f 668 789 669
f 669 789 790
f 669 790 677
f 677 790 791
f 677 791 676
f 676 791 793
f 676 793 675
f 675 793 795
f 675 795 672
f 795 780 672
f 672 780 670
f 780 779 670
f 670 779 671
f 671 779 771
f 671 771 673
f 673 771 770
f 673 770 674
f 674 770 769
f 674 769 653
f 653 769 768
f 653 768 654
f 654 768 766
f 654 766 655
f 766 765 655
f 655 765 644
f 765 767 644
f 644 767 645
f 767 772 645
f 645 772 649
f 799 800 801
f 801 800 802
f 802 803 804
f 805 806 807
f 808 805 809
f 809 805 807
f 809 807 810
f 810 807 811
f 802 804 801
f 801 804 812
f 801 812 813
f 813 812 814
f 813 814 815
f 806 816 807
f 807 816 817
f 807 817 818
f 818 817 819
f 818 819 820
f 819 821 820
f 820 821 822
f 820 822 823
f 823 822 824
f 823 824 825
f 825 824 826
f 825 826 827
f 827 826 828
f 827 828 829
f 828 830 829
f 829 830 831
f 829 831 832
f 832 831 833
f 832 833 834
f 834 833 835
f 834 835 836
f 837 838 839
f 839 838 813
f 839 813 840
f 840 813 815
f 835 841 836
f 836 841 842
f 836 842 843
f 843 842 844
f 843 844 845
f 845 844 846
f 845 846 847
f 847 846 848
f 847 848 849
f 849 848 850
f 849 850 851
f 851 850 852
f 851 852 837
f 837 852 853
f 837 853 838
f 802 800 395
f 395 800 396
f 800 799 396
f 396 799 424
f 424 799 801
f 424 801 425
f 425 801 813
f 425 813 407
f 407 813 838
f 407 838 408
f 408 838 853
f 408 853 410
f 410 853 852
f 410 852 434
f 434 852 850
f 434 850 435
f 435 850 848
f 435 848 436
f 436 848 846
f 436 846 412
f 412 846 844
f 412 844 411
f 411 844 842
f 411 842 409
f 409 842 841
f 409 841 423
f 423 841 835
f 423 835 422
f 422 835 833
f 422 833 426
f 426 833 831
f 426 831 427
f 427 831 830
f 427 830 428
f 428 830 828
f 428 828 509
f 509 828 826
f 509 826 510
f 510 826 824
f 510 824 511
f 511 824 822
f 511 822 504
f 504 822 821
f 504 821 502
f 502 821 819
f 502 819 500
f 500 819 817
f 500 817 508
f 508 817 816
f 508 816 507
f 507 816 806
f 507 806 505
f 505 806 805
f 505 805 506
f 506 805 501
f 501 805 808
f 501 808 503
f 808 809 503
f 503 809 394
f 809 810 403
f 403 430 809
f 809 430 429
f 809 429 394
f 810 811 403
f 403 811 402
f 402 811 807
f 402 807 405
f 405 807 818
f 405 818 406
f 406 818 820
f 406 820 398
f 398 820 823
f 398 823 399
f 399 823 825
f 399 825 419
f 419 825 827
f 419 827 417
f 417 827 829
f 417 829 418
f 418 829 832
f 418 832 420
f 420 832 834
f 420 834 421
f 421 834 836
f 421 836 400
f 400 836 843
f 400 843 404
f 404 843 845
f 404 845 416
f 416 845 847
f 416 847 415
f 415 847 849
f 415 849 414
f 414 849 851
f 414 851 413
f 413 851 837
f 413 837 431
f 431 837 839
f 431 839 432
f 432 839 840
f 432 840 433
f 433 840 815
f 433 815 440
f 440 815 814
f 440 814 439
f 439 814 812
f 439 812 437
f 437 812 804
f 437 804 438
f 438 804 803
f 438 803 401
f 803 802 401
f 401 802 395
f 854 855 856
f 856 855 857
f 857 858 859
f 860 861 862
f 863 860 864
f 864 860 862
f 864 862 865
f 865 862 866
f 857 859 856
f 856 859 867
f 856 867 868
f 868 867 869
f 868 869 870
f 861 871 862
f 862 871 872
f 862 872 873
f 873 872 874
f 873 874 875
f 874 876 875
f 875 876 877
f 875 877 878
f 878 877 879
f 878 879 880
f 880 879 881
f 880 881 882
f 882 881 883
f 882 883 884
f 883 885 884
f 884 885 886
f 884 886 887
f 887 886 888
f 887 888 889
f 889 888 890
f 889 890 891
f 892 893 894
f 894 893 868
f 894 868 895
f 895 868 870
f 890 896 891
f 891 896 897
f 891 897 898
f 898 897 899
f 898 899 900
f 900 899 901
f 900 901 902
f 902 901 903
f 902 903 904
f 904 903 905
f 904 905 906
f 906 905 907
f 906 907 892
f 892 907 908
f 892 908 893
f 857 855 551
f 551 855 526
f 855 854 526
f 526 854 524
f 524 854 856
f 524 856 358
f 358 856 868
f 358 868 359
f 359 868 893
f 359 893 517
f 517 893 908
f 517 908 518
f 518 908 907
f 518 907 545
f 545 907 905
f 545 905 546
f 546 905 903
f 546 903 547
f 547 903 901
f 547 901 520
f 520 901 899
f 520 899 519
f 519 899 897
f 519 897 360
f 360 897 896
f 360 896 525
f 525 896 890
f 525 890 527
f 527 890 888
f 527 888 528
f 528 888 886
f 528 886 529
f 529 886 885
f 529 885 530
f 530 885 883
f 530 883 531
f 531 883 881
f 531 881 532
f 532 881 879
f 532 879 557
f 557 879 877
f 557 877 558
f 558 877 876
f 558 876 559
f 559 876 874
f 559 874 561
f 561 874 872
f 561 872 565
f 565 872 871
f 565 871 564
f 564 871 861
f 564 861 562
f 562 861 860
f 562 860 563
f 563 860 560
f 560 860 863
f 560 863 556
f 863 864 556
f 556 864 355
f 864 865 533
f 533 554 864
f 864 554 356
f 864 356 355
f 865 866 533
f 533 866 521
f 521 866 862
f 521 862 522
f 522 862 873
f 522 873 523
f 523 873 875
f 523 875 512
f 512 875 878
f 512 878 513
f 513 878 880
f 513 880 538
f 538 880 882
f 538 882 536
f 536 882 884
f 536 884 537
f 537 884 887
f 537 887 539
f 539 887 889
f 539 889 540
f 540 889 891
f 540 891 514
f 514 891 898
f 514 898 534
f 534 898 900
f 534 900 535
f 535 900 902
f 535 902 541
f 541 902 904
f 541 904 515
f 515 904 906
f 515 906 516
f 516 906 892
f 516 892 542
f 542 892 894
f 542 894 543
f 543 894 895
f 543 895 544
f 544 895 870
f 544 870 548
f 548 870 869
f 548 869 549
f 549 869 867
f 549 867 550
f 550 867 859
f 550 859 553
f 553 859 858
f 553 858 552
f 858 857 552
f 552 857 551
f 909 910 911
f 912 913 914
f 912 914 915
f 915 914 916
f 915 916 917
f 917 916 918
f 917 918 910
f 910 918 919
f 910 919 911
f 913 912 920
f 920 912 921
f 920 921 922
f 911 923 909
f 909 923 924
f 909 924 925
f 925 924 926
f 925 926 927
f 927 926 928
f 927 928 929
f 929 928 930
f 929 930 931
f 931 930 932
f 931 932 933
f 933 932 934
f 933 934 935
f 935 934 936
f 935 936 937
f 937 936 938
f 937 938 939
f 939 938 940
f 939 940 941
f 941 940 942
f 941 942 943
f 943 942 944
f 943 944 945
f 945 944 946
f 945 946 947
f 947 946 922
f 947 922 948
f 948 922 921
f 578 947 948
f 578 948 579
f 579 948 921
f 579 921 566
f 566 921 912
f 566 912 567
f 567 912 915
f 567 915 568
f 568 915 917
f 568 917 569
f 569 917 910
f 569 910 570
f 570 910 909
f 570 909 580
f 580 909 925
f 580 925 581
f 581 925 927
f 581 927 571
f 571 927 929
f 571 929 572
f 572 929 931
f 572 931 574
f 574 931 933
f 574 933 575
f 575 933 935
f 575 935 582
f 582 935 937
f 582 937 583
f 583 937 939
f 583 939 585
f 585 939 941
f 585 941 586
f 586 941 943
f 586 943 576
f 576 943 945
f 576 945 577
f 577 945 947
f 577 947 578
f 315 922 946
f 315 946 318
f 318 946 944
f 318 944 320
f 312 914 913
f 312 913 313
f 313 913 920
f 313 920 314
f 314 920 922
f 314 922 315
f 329 918 916
f 329 916 330
f 330 916 914
f 330 914 312
f 332 911 919
f 332 919 331
f 331 919 918
f 331 918 329
f 323 924 923
f 323 923 322
f 322 923 911
f 322 911 332
f 316 928 926
f 316 926 324
f 324 926 924
f 324 924 323
f 319 932 930
f 319 930 317
f 317 930 928
f 317 928 316
f 327 938 936
f 327 936 326
f 326 936 934
f 326 934 325
f 325 934 932
f 325 932 319
f 320 944 942
f 320 942 321
f 321 942 940
f 321 940 328
f 328 940 938
f 328 938 327
f 949 950 951
f 952 953 954
f 955 956 957
f 957 956 958
f 957 958 959
f 959 958 960
f 961 962 953
f 953 962 963
f 953 963 954
f 954 959 952
f 952 959 960
f 952 960 964
f 964 960 965
f 964 965 966
f 967 968 969
f 969 968 970
f 951 950 971
f 961 972 962
f 962 972 973
f 962 973 974
f 974 973 975
f 974 975 976
f 976 975 977
f 976 977 978
f 978 977 979
f 978 979 980
f 980 979 981
f 980 981 982
f 982 981 983
f 982 983 984
f 984 983 985
f 970 986 969
f 969 986 987
f 969 987 950
f 950 987 988
f 950 988 971
f 965 989 966
f 966 989 990
f 966 990 991
f 991 990 992
f 991 992 993
f 993 992 994
f 993 994 995
f 995 994 996
f 995 996 967
f 967 996 997
f 967 997 968
f 998 949 999
f 999 949 951
f 999 951 1000
f 1000 951 1001
f 1000 1001 1002
f 1002 1001 1003
f 593 985 983
f 593 983 594
f 594 983 981
f 594 981 601
f 601 981 979
f 601 979 600
f 600 979 977
f 600 977 599
f 599 977 975
f 599 975 628
f 628 975 973
f 628 973 629
f 629 973 972
f 629 972 630
f 630 972 961
f 630 961 606
f 606 961 953
f 606 953 604
f 604 953 952
f 604 952 602
f 602 952 964
f 602 964 603
f 603 964 966
f 603 966 605
f 605 966 991
f 605 991 631
f 631 991 993
f 631 993 595
f 595 993 995
f 595 995 596
f 596 995 967
f 596 967 597
f 597 967 969
f 597 969 598
f 598 969 950
f 598 950 641
f 641 950 949
f 641 949 642
f 642 949 998
f 642 998 607
f 607 998 999
f 607 999 608
f 608 999 1000
f 608 1000 609
f 609 1000 1002
f 609 1002 590
f 590 1002 1003
f 590 1003 591
f 591 1003 1001
f 591 1001 613
f 613 1001 951
f 613 951 614
f 614 951 971
f 614 971 616
f 616 971 988
f 616 988 617
f 617 988 987
f 617 987 618
f 618 987 986
f 618 986 634
f 634 986 970
f 634 970 633
f 633 970 968
f 633 968 637
f 637 968 997
f 637 997 635
f 635 997 996
f 635 996 636
f 636 996 994
f 636 994 638
f 638 994 992
f 638 992 639
f 639 992 990
f 639 990 632
f 632 990 989
f 632 989 587
f 587 989 965
f 587 965 588
f 588 965 960
f 588 960 589
f 589 960 958
f 589 958 615
f 958 956 615
f 615 956 592
f 956 955 592
f 592 955 612
f 612 955 957
f 612 957 610
f 610 957 959
f 610 959 619
f 619 959 954
f 619 954 620
f 620 954 963
f 620 963 621
f 621 963 962
f 621 962 625
f 625 962 974
f 625 974 627
f 627 974 976
f 627 976 626
f 626 976 978
f 626 978 624
f 624 978 980
f 624 980 623
f 623 980 982
f 623 982 622
f 622 982 984
f 622 984 611
f 984 985 611
f 611 985 593
f 1004 1005 1006
f 1007 1008 1009
f 112 120 1010
f 1011 1012 1013
f 145 259 250
f 250 259 71
f 250 71 70
f 250 151 1014
f 1015 1016 1017
f 1018 1019 1020
f 1020 1019 1014
f 1020 1014 1021
f 1022 1023 1024
f 1024 1023 1025
f 1026 1027 1015
f 1015 1027 1028
f 1015 1028 1016
f 151 150 1029
f 1030 1031 1032
f 1032 1031 1024
f 1032 1024 1033
f 1033 1024 1025
f 1033 1025 1034
f 1022 1035 1023
f 1023 1035 1036
f 1023 1036 1037
f 1037 1036 1038
f 1037 1038 1039
f 1039 1038 1016
f 1039 1016 1040
f 1040 1016 1028
f 1041 1042 150
f 1029 1043 151
f 151 1043 1044
f 151 1044 1045
f 1045 1046 151
f 151 1046 1013
f 151 1013 1014
f 1014 1013 1047
f 1014 1047 1021
f 1048 1041 1049
f 1042 1050 150
f 150 1050 1051
f 150 1051 1029
f 1049 1041 1052
f 1052 1041 150
f 1052 150 1017
f 1017 150 285
f 1017 285 1015
f 1053 1011 1054
f 1054 1011 1013
f 1054 1013 1055
f 1055 1013 1046
f 1056 1057 1049
f 1049 1057 1058
f 1049 1058 1048
f 1014 1059 250
f 250 1059 1060
f 250 1060 145
f 145 1060 1061
f 145 1061 141
f 141 1061 1062
f 270 1063 1064
f 1065 1063 1066
f 1066 1063 270
f 1066 270 1062
f 1062 270 142
f 1062 142 141
f 93 92 110
f 110 92 113
f 1067 1068 1069
f 1070 1071 1072
f 1073 1070 1074
f 1074 1070 1075
f 305 111 1076
f 1077 1075 1078
f 1078 1075 1070
f 1078 1070 1079
f 1079 1070 1072
f 1080 1081 110
f 1076 1082 305
f 305 1082 1083
f 305 1083 1084
f 1084 1085 305
f 305 1085 1072
f 305 1072 1067
f 1067 1072 1071
f 1067 1071 1068
f 1086 1087 1088
f 1088 1087 1089
f 1088 1089 1090
f 1081 1091 110
f 110 1091 1092
f 110 1092 111
f 111 1092 1093
f 111 1093 1076
f 1094 1095 1074
f 1074 1095 1096
f 1074 1096 1073
f 1080 1097 1098
f 1098 1097 1099
f 1098 1099 1089
f 1089 1099 1100
f 1089 1100 1090
f 300 1101 1102
f 1103 1104 1105
f 1103 1105 1106
f 1107 1108 1109
f 1110 1111 302
f 302 1111 1112
f 302 1112 300
f 300 1112 1113
f 300 1113 1101
f 1114 1115 1116
f 1117 1118 1119
f 1120 1121 1122
f 1115 1123 1116
f 1116 1123 1124
f 1116 1124 1125
f 1118 1126 1119
f 1119 1126 1127
f 1119 1127 1105
f 1105 1127 1128
f 1105 1128 1106
f 1129 1130 1131
f 1122 1132 1120
f 1120 1132 1133
f 1120 1133 302
f 302 1133 1134
f 302 1134 1110
f 1135 1116 1136
f 1136 1116 1125
f 1136 1125 1137
f 1137 1125 1138
f 1131 1130 1139
f 1139 1130 1140
f 1139 1140 1119
f 1119 1140 1141
f 1119 1141 1117
f 1109 1142 1107
f 1107 1142 1143
f 1107 1143 302
f 302 1143 1144
f 302 1144 1120
f 1145 1146 1147
f 1129 1131 1147
f 1147 1131 1148
f 1147 1148 1145
f 1149 1150 1151
f 1151 1150 1152
f 1151 1152 1153
f 1153 1152 1147
f 1153 1147 1154
f 1154 1147 1146
f 1155 1156 1157
f 1065 1066 1158
f 1158 1066 1159
f 1158 1159 1160
f 1161 1162 1159
f 1159 1162 1163
f 1159 1163 1160
f 1105 1164 1165
f 1166 1167 1168
f 1168 1167 1169
f 1170 1171 298
f 298 1171 1172
f 1173 1174 1175
f 1175 1174 1176
f 1177 1178 1105
f 1105 1178 1179
f 1105 1179 1164
f 1180 1181 1182
f 1182 1181 1175
f 1182 1175 1183
f 1183 1175 1176
f 1183 1176 1184
f 1173 1185 1174
f 1174 1185 1186
f 1174 1186 1187
f 1187 1186 1188
f 1187 1188 1189
f 1189 1188 1164
f 1189 1164 1190
f 1190 1164 1179
f 1191 1192 298
f 1169 1193 1194
f 1194 1193 1195
f 1192 1196 298
f 298 1196 1197
f 298 1197 1170
f 1198 1168 1199
f 1199 1168 1169
f 1199 1169 1200
f 1200 1169 1194
f 1201 1202 1203
f 1203 1202 1194
f 1203 1194 1204
f 1204 1194 1195
f 1116 1205 1114
f 1114 1205 1119
f 1114 1119 1102
f 1102 1119 1105
f 1102 1105 300
f 300 1105 1165
f 300 1165 298
f 298 1165 1206
f 298 1206 1191
f 1191 1206 1207
f 1191 1207 1208
f 1209 1210 1207
f 1207 1210 1211
f 1207 1211 1208
f 1104 1157 1105
f 1105 1157 1156
f 1105 1156 1177
f 1177 1156 1212
f 1005 1213 1214
f 274 1215 1212
f 1216 1217 1218
f 1218 1217 1219
f 1218 1219 1220
f 1221 1222 1219
f 1219 1222 1223
f 1219 1223 1220
f 1213 1005 1224
f 1224 1005 1004
f 1224 1004 1225
f 1226 1227 1107
f 1107 1227 1228
f 1107 1228 1229
f 1230 1231 1009
f 1009 1231 1232
f 1009 1232 303
f 1232 1233 303
f 303 1233 1234
f 303 1234 1235
f 1236 1237 302
f 1235 1238 303
f 303 1238 1239
f 303 1239 302
f 302 1239 1240
f 302 1240 1236
f 1237 1241 302
f 302 1241 1242
f 302 1242 1107
f 1107 1242 1243
f 1107 1243 1226
f 1244 1245 1229
f 1229 1245 1155
f 1229 1155 1107
f 1107 1155 1157
f 1107 1157 1108
f 1007 1009 1246
f 1247 1248 1249
f 1250 1251 1249
f 1008 1252 1067
f 1067 1252 1253
f 1254 303 1255
f 1255 303 305
f 1255 305 1256
f 1256 305 1257
f 1258 1259 1248
f 1248 1259 1260
f 1248 1260 1249
f 1250 1249 1261
f 1262 1263 1264
f 1258 1265 1259
f 1259 1265 1266
f 1259 1266 1267
f 1268 1269 1009
f 1009 1269 1270
f 1009 1270 1246
f 1271 1272 1273
f 1251 1268 1249
f 1249 1268 1009
f 1249 1009 1247
f 1247 1009 303
f 1247 303 1274
f 1274 303 1254
f 1264 1275 1262
f 1262 1275 1276
f 1262 1276 305
f 305 1276 1277
f 305 1277 1257
f 1278 1259 1279
f 1279 1259 1267
f 1279 1267 1280
f 1280 1267 1281
f 1273 1272 1282
f 1282 1272 1283
f 1282 1283 1249
f 1249 1283 1284
f 1249 1284 1261
f 1253 1285 1067
f 1067 1285 1286
f 1067 1286 305
f 305 1286 1287
f 305 1287 1262
f 1288 1289 1290
f 1271 1273 1290
f 1290 1273 1291
f 1290 1291 1288
f 1292 1293 1294
f 1294 1293 1295
f 1294 1295 1296
f 1296 1295 1290
f 1296 1290 1297
f 1297 1290 1289
f 1080 110 1097
f 1097 110 113
f 1097 113 1069
f 1069 113 112
f 1069 112 1067
f 1067 112 1010
f 1067 1010 1008
f 1008 1010 1245
f 1008 1245 1009
f 1009 1245 1244
f 1009 1244 1230
f 1212 1156 274
f 274 1156 1155
f 274 1155 276
f 276 1155 1245
f 276 1245 278
f 278 1245 1010
f 278 1010 280
f 280 1010 120
f 280 120 119
f 1064 1006 270
f 270 1006 1005
f 270 1005 272
f 272 1005 1214
f 272 1214 274
f 274 1214 1217
f 274 1217 1215
f 1215 1217 1216
f 1298 1299 1300
f 1301 1302 298
f 1298 1300 1303
f 298 1302 287
f 287 1302 1304
f 287 1304 285
f 285 1304 1305
f 285 1305 1015
f 1306 1307 1308
f 1305 1309 1015
f 1015 1309 1310
f 1015 1310 1311
f 1300 1312 1313
f 1064 1026 1006
f 1006 1026 1015
f 1006 1015 1004
f 1004 1015 1311
f 1004 1311 1314
f 1315 1316 1317
f 1318 1306 1319
f 1319 1306 1308
f 1319 1308 1320
f 1320 1308 1309
f 1320 1309 1300
f 1300 1309 1305
f 1300 1305 1312
f 1313 1321 1300
f 1300 1321 1322
f 1300 1322 1303
f 1166 1168 1172
f 1172 1168 1225
f 1172 1225 298
f 298 1225 1004
f 298 1004 1301
f 1301 1004 1314
f 1301 1314 1323
f 1323 1314 1324
f 1323 1324 1325
f 1325 1326 1327
f 1317 1328 1315
f 1315 1328 1329
f 1315 1329 1330
f 1330 1331 1315
f 1315 1331 1323
f 1315 1323 1332
f 1332 1323 1325
f 1332 1325 1333
f 1333 1325 1327
f 1334 1335 1336
f 1337 1338 1339
f 1340 1341 1342
f 1342 1341 1337
f 1342 1337 1343
f 1336 1335 1344
f 1344 1335 1345
f 1344 1345 1346
f 1347 1348 1339
f 1339 1348 1349
f 1339 1349 1337
f 1337 1349 1350
f 1337 1350 1343
f 1336 1351 1334
f 1334 1351 1352
f 1334 1352 1347
f 1347 1352 1353
f 1347 1353 1348
f 1354 1355 1356
f 1356 1355 1357
f 1356 1357 1358
f 1358 1357 1359
f 1358 1359 1360
f 1360 1359 1361
f 1360 1361 1362
f 1362 1361 1363
f 1362 1363 1364
f 1364 1363 1365
f 1364 1365 1345
f 1345 1365 1366
f 1345 1366 1346
f 1337 1341 1069
f 1069 1341 1097
f 1338 1337 1068
f 1068 1337 1069
f 1339 1338 1071
f 1071 1338 1068
f 1096 1335 1334
f 1096 1334 1073
f 1073 1334 1347
f 1073 1347 1070
f 1070 1347 1339
f 1070 1339 1071
f 1075 1360 1362
f 1075 1362 1074
f 1074 1362 1364
f 1074 1364 1094
f 1094 1364 1345
f 1094 1345 1095
f 1095 1345 1335
f 1095 1335 1096
f 1079 1354 1356
f 1079 1356 1078
f 1078 1356 1358
f 1078 1358 1077
f 1077 1358 1360
f 1077 1360 1075
f 1355 1354 1072
f 1072 1354 1079
f 1082 1363 1361
f 1082 1361 1083
f 1083 1361 1359
f 1083 1359 1084
f 1084 1359 1357
f 1084 1357 1085
f 1085 1357 1355
f 1085 1355 1072
f 1091 1344 1346
f 1091 1346 1092
f 1092 1346 1366
f 1092 1366 1093
f 1093 1366 1365
f 1093 1365 1076
f 1076 1365 1363
f 1076 1363 1082
f 1080 1351 1336
f 1080 1336 1081
f 1081 1336 1344
f 1081 1344 1091
f 1089 1353 1352
f 1089 1352 1098
f 1098 1352 1351
f 1098 1351 1080
f 1086 1349 1348
f 1086 1348 1087
f 1087 1348 1353
f 1087 1353 1089
f 1350 1349 1088
f 1088 1349 1086
f 1099 1340 1342
f 1099 1342 1100
f 1100 1342 1343
f 1100 1343 1090
f 1090 1343 1350
f 1090 1350 1088
f 1341 1340 1097
f 1097 1340 1099
f 1367 1368 1369
f 1370 1371 1372
f 1373 1374 1375
f 1375 1374 1376
f 1375 1376 1377
f 1377 1376 1378
f 1377 1378 1379
f 1379 1378 1371
f 1379 1371 1380
f 1380 1371 1370
f 1369 1368 1381
f 1381 1368 1382
f 1381 1382 1383
f 1383 1382 1384
f 1383 1384 1385
f 1386 1387 1388
f 1388 1387 1374
f 1388 1374 1389
f 1389 1374 1373
f 1389 1373 1390
f 1390 1373 1391
f 1392 1393 1394
f 1394 1393 1395
f 1394 1395 1396
f 1397 1398 1399
f 1399 1398 1400
f 1396 1395 1401
f 1401 1395 1402
f 1401 1402 1403
f 1403 1402 1404
f 1403 1404 1372
f 1372 1404 1405
f 1372 1405 1370
f 1400 1406 1399
f 1399 1406 1407
f 1399 1407 1369
f 1369 1407 1408
f 1369 1408 1367
f 1409 1410 1399
f 1399 1410 1411
f 1411 1412 1399
f 1399 1412 1413
f 1399 1413 1397
f 1384 1414 1385
f 1385 1414 1415
f 1385 1415 1416
f 1416 1415 1417
f 1416 1417 1418
f 1418 1417 1419
f 1418 1419 1391
f 1391 1419 1420
f 1391 1420 1390
f 1112 1404 1402
f 1112 1402 1113
f 1113 1402 1395
f 1113 1395 1101
f 1101 1395 1393
f 1101 1393 1102
f 1110 1370 1405
f 1110 1405 1111
f 1111 1405 1404
f 1111 1404 1112
f 1133 1379 1380
f 1133 1380 1134
f 1134 1380 1370
f 1134 1370 1110
f 1121 1373 1375
f 1121 1375 1122
f 1122 1375 1377
f 1122 1377 1132
f 1132 1377 1379
f 1132 1379 1133
f 1143 1416 1418
f 1143 1418 1144
f 1144 1418 1391
f 1144 1391 1120
f 1120 1391 1373
f 1120 1373 1121
f 1109 1383 1385
f 1109 1385 1142
f 1142 1385 1416
f 1142 1416 1143
f 1157 1369 1381
f 1157 1381 1108
f 1108 1381 1383
f 1108 1383 1109
f 1128 1411 1410
f 1128 1410 1106
f 1106 1410 1409
f 1106 1409 1103
f 1103 1409 1399
f 1103 1399 1104
f 1104 1399 1369
f 1104 1369 1157
f 1117 1398 1397
f 1117 1397 1118
f 1118 1397 1413
f 1118 1413 1126
f 1126 1413 1412
f 1126 1412 1127
f 1127 1412 1411
f 1127 1411 1128
f 1140 1406 1400
f 1140 1400 1141
f 1141 1400 1398
f 1141 1398 1117
f 1129 1408 1407
f 1129 1407 1130
f 1130 1407 1406
f 1130 1406 1140
f 1152 1368 1367
f 1152 1367 1147
f 1147 1367 1408
f 1147 1408 1129
f 1153 1415 1414
f 1153 1414 1151
f 1151 1414 1384
f 1151 1384 1149
f 1149 1384 1382
f 1149 1382 1150
f 1150 1382 1368
f 1150 1368 1152
f 1146 1419 1417
f 1146 1417 1154
f 1154 1417 1415
f 1154 1415 1153
f 1148 1390 1420
f 1148 1420 1145
f 1145 1420 1419
f 1145 1419 1146
f 1139 1388 1389
f 1139 1389 1131
f 1131 1389 1390
f 1131 1390 1148
f 1386 1388 1119
f 1119 1388 1139
f 1387 1386 1205
f 1205 1386 1119
f 1136 1378 1376
f 1136 1376 1135
f 1135 1376 1374
f 1135 1374 1116
f 1116 1374 1387
f 1116 1387 1205
f 1124 1401 1403
f 1124 1403 1125
f 1125 1403 1372
f 1125 1372 1138
f 1138 1372 1371
f 1138 1371 1137
f 1137 1371 1378
f 1137 1378 1136
f 1114 1392 1394
f 1114 1394 1115
f 1115 1394 1396
f 1115 1396 1123
f 1123 1396 1401
f 1123 1401 1124
f 1393 1392 1102
f 1102 1392 1114
f 1421 1422 1423
f 1423 1422 1424
f 1425 1426 1427
f 1428 1429 1423
f 1423 1429 1430
f 1423 1430 1421
f 1424 1431 1423
f 1423 1431 1432
f 1423 1432 1427
f 1433 1434 1435
f 1435 1434 1436
f 1435 1436 1437
f 1438 1439 1440
f 1441 1442 1443
f 1443 1442 1427
f 1443 1427 1444
f 1444 1427 1426
f 1445 1437 1446
f 1446 1437 1447
f 1447 1437 1448
f 1448 1437 1436
f 1448 1436 1439
f 1439 1436 1449
f 1439 1449 1440
f 1438 1440 1450
f 1450 1440 1451
f 1450 1451 1452
f 1451 1453 1452
f 1452 1453 1454
f 1452 1454 1432
f 1432 1454 1455
f 1432 1455 1427
f 1427 1455 1456
f 1427 1456 1425
f 1428 1423 1301
f 1301 1423 1302
f 1429 1428 1323
f 1323 1428 1301
f 1330 1421 1430
f 1330 1430 1331
f 1331 1430 1429
f 1331 1429 1323
f 1317 1431 1424
f 1317 1424 1328
f 1328 1424 1422
f 1328 1422 1329
f 1329 1422 1421
f 1329 1421 1330
f 1432 1431 1316
f 1316 1431 1317
f 1452 1432 1315
f 1315 1432 1316
f 1327 1439 1438
f 1327 1438 1333
f 1333 1438 1450
f 1333 1450 1332
f 1332 1450 1452
f 1332 1452 1315
f 1324 1446 1447
f 1324 1447 1325
f 1325 1447 1448
f 1325 1448 1326
f 1326 1448 1439
f 1326 1439 1327
f 1445 1446 1314
f 1314 1446 1324
f 1437 1445 1311
f 1311 1445 1314
f 1435 1437 1310
f 1310 1437 1311
f 1433 1435 1309
f 1309 1435 1310
f 1434 1433 1308
f 1308 1433 1309
f 1318 1440 1449
f 1318 1449 1306
f 1306 1449 1436
f 1306 1436 1307
f 1307 1436 1434
f 1307 1434 1308
f 1300 1454 1453
f 1300 1453 1320
f 1320 1453 1451
f 1320 1451 1319
f 1319 1451 1440
f 1319 1440 1318
f 1455 1454 1299
f 1299 1454 1300
f 1456 1455 1298
f 1298 1455 1299
f 1322 1426 1425
f 1322 1425 1303
f 1303 1425 1456
f 1303 1456 1298
f 1312 1441 1443
f 1312 1443 1313
f 1313 1443 1444
f 1313 1444 1321
f 1321 1444 1426
f 1321 1426 1322
f 1442 1441 1305
f 1305 1441 1312
f 1427 1442 1304
f 1304 1442 1305
f 1423 1427 1302
f 1302 1427 1304
f 1457 1458 1459
f 1457 1459 1460
f 1461 1462 1463
f 1463 1462 1464
f 1463 1464 1465
f 1466 1467 1468
f 1468 1467 1460
f 1468 1460 1469
f 1469 1460 1459
f 1469 1459 1470
f 1461 1471 1462
f 1462 1471 1472
f 1462 1472 1473
f 1474 1475 1476
f 1476 1475 1477
f 1476 1477 1478
f 1478 1477 1479
f 1478 1479 1480
f 1480 1479 1481
f 1480 1481 1468
f 1468 1481 1482
f 1468 1482 1466
f 1476 1483 1474
f 1474 1483 1484
f 1474 1484 1485
f 1485 1484 1486
f 1485 1486 1487
f 1487 1486 1488
f 1487 1488 1489
f 1489 1488 1490
f 1489 1490 1491
f 1491 1490 1492
f 1491 1492 1493
f 1494 1495 1496
f 1496 1495 1497
f 1496 1497 1472
f 1472 1497 1498
f 1472 1498 1473
f 1492 1499 1493
f 1493 1499 1500
f 1493 1500 1501
f 1501 1500 1502
f 1501 1502 1503
f 1503 1502 1504
f 1503 1504 1505
f 1505 1504 1506
f 1505 1506 1507
f 1507 1506 1508
f 1507 1508 1509
f 1509 1508 1510
f 1509 1510 1511
f 1511 1510 1512
f 1511 1512 1513
f 1513 1512 1514
f 1513 1514 1494
f 1494 1514 1515
f 1494 1515 1495
f 1470 1459 1016
f 1016 1459 1017
f 1469 1470 1038
f 1038 1470 1016
f 1024 1476 1478
f 1024 1478 1022
f 1022 1478 1480
f 1022 1480 1035
f 1035 1480 1468
f 1035 1468 1036
f 1036 1468 1469
f 1036 1469 1038
f 1033 1488 1486
f 1033 1486 1032
f 1032 1486 1484
f 1032 1484 1030
f 1030 1484 1483
f 1030 1483 1031
f 1031 1483 1476
f 1031 1476 1024
f 1025 1492 1490
f 1025 1490 1034
f 1034 1490 1488
f 1034 1488 1033
f 1037 1500 1499
f 1037 1499 1023
f 1023 1499 1492
f 1023 1492 1025
f 1028 1506 1504
f 1028 1504 1040
f 1040 1504 1502
f 1040 1502 1039
f 1039 1502 1500
f 1039 1500 1037
f 1063 1514 1512
f 1063 1512 1064
f 1064 1512 1510
f 1064 1510 1026
f 1026 1510 1508
f 1026 1508 1027
f 1027 1508 1506
f 1027 1506 1028
f 1158 1495 1515
f 1158 1515 1065
f 1065 1515 1514
f 1065 1514 1063
f 1163 1498 1497
f 1163 1497 1160
f 1160 1497 1495
f 1160 1495 1158
f 1066 1465 1464
f 1066 1464 1159
f 1159 1464 1462
f 1159 1462 1161
f 1161 1462 1473
f 1161 1473 1162
f 1162 1473 1498
f 1162 1498 1163
f 1463 1465 1062
f 1062 1465 1066
f 1059 1461 1060
f 1060 1461 1463
f 1060 1463 1061
f 1061 1463 1062
f 1471 1461 1014
f 1014 1461 1059
f 1021 1513 1494
f 1021 1494 1020
f 1020 1494 1496
f 1020 1496 1018
f 1018 1496 1472
f 1018 1472 1019
f 1019 1472 1471
f 1019 1471 1014
f 1011 1505 1507
f 1011 1507 1012
f 1012 1507 1509
f 1012 1509 1013
f 1013 1509 1511
f 1013 1511 1047
f 1047 1511 1513
f 1047 1513 1021
f 1054 1501 1503
f 1054 1503 1053
f 1053 1503 1505
f 1053 1505 1011
f 1044 1487 1489
f 1044 1489 1045
f 1045 1489 1491
f 1045 1491 1046
f 1046 1491 1493
f 1046 1493 1055
f 1055 1493 1501
f 1055 1501 1054
f 1050 1477 1475
f 1050 1475 1051
f 1051 1475 1474
f 1051 1474 1029
f 1029 1474 1485
f 1029 1485 1043
f 1043 1485 1487
f 1043 1487 1044
f 1041 1481 1479
f 1041 1479 1042
f 1042 1479 1477
f 1042 1477 1050
f 1058 1466 1482
f 1058 1482 1048
f 1048 1482 1481
f 1048 1481 1041
f 1052 1458 1457
f 1052 1457 1049
f 1049 1457 1460
f 1049 1460 1056
f 1056 1460 1467
f 1056 1467 1057
f 1057 1467 1466
f 1057 1466 1058
f 1459 1458 1017
f 1017 1458 1052
f 1516 1517 1518
f 1516 1518 1519
f 1520 1521 1522
f 1522 1521 1523
f 1522 1523 1524
f 1525 1526 1527
f 1527 1526 1519
f 1527 1519 1528
f 1528 1519 1518
f 1528 1518 1529
f 1520 1530 1521
f 1521 1530 1531
f 1521 1531 1532
f 1533 1534 1535
f 1535 1534 1536
f 1535 1536 1537
f 1537 1536 1538
f 1537 1538 1539
f 1539 1538 1540
f 1539 1540 1527
f 1527 1540 1541
f 1527 1541 1525
f 1535 1542 1533
f 1533 1542 1543
f 1533 1543 1544
f 1544 1543 1545
f 1544 1545 1546
f 1546 1545 1547
f 1546 1547 1548
f 1548 1547 1549
f 1548 1549 1550
f 1550 1549 1551
f 1550 1551 1552
f 1553 1554 1555
f 1555 1554 1556
f 1555 1556 1531
f 1531 1556 1557
f 1531 1557 1532
f 1551 1558 1552
f 1552 1558 1559
f 1552 1559 1560
f 1560 1559 1561
f 1560 1561 1562
f 1562 1561 1563
f 1562 1563 1564
f 1564 1563 1565
f 1564 1565 1566
f 1566 1565 1567
f 1566 1567 1568
f 1568 1567 1569
f 1568 1569 1570
f 1570 1569 1571
f 1570 1571 1572
f 1572 1571 1573
f 1572 1573 1553
f 1553 1573 1574
f 1553 1574 1554
f 1529 1518 1164
f 1164 1518 1165
f 1528 1529 1188
f 1188 1529 1164
f 1175 1535 1537
f 1175 1537 1173
f 1173 1537 1539
f 1173 1539 1185
f 1185 1539 1527
f 1185 1527 1186
f 1186 1527 1528
f 1186 1528 1188
f 1183 1547 1545
f 1183 1545 1182
f 1182 1545 1543
f 1182 1543 1180
f 1180 1543 1542
f 1180 1542 1181
f 1181 1542 1535
f 1181 1535 1175
f 1176 1551 1549
f 1176 1549 1184
f 1184 1549 1547
f 1184 1547 1183
f 1187 1559 1558
f 1187 1558 1174
f 1174 1558 1551
f 1174 1551 1176
f 1179 1565 1563
f 1179 1563 1190
f 1190 1563 1561
f 1190 1561 1189
f 1189 1561 1559
f 1189 1559 1187
f 1215 1573 1571
f 1215 1571 1212
f 1212 1571 1569
f 1212 1569 1177
f 1177 1569 1567
f 1177 1567 1178
f 1178 1567 1565
f 1178 1565 1179
f 1218 1554 1574
f 1218 1574 1216
f 1216 1574 1573
f 1216 1573 1215
f 1223 1557 1556
f 1223 1556 1220
f 1220 1556 1554
f 1220 1554 1218
f 1217 1524 1523
f 1217 1523 1219
f 1219 1523 1521
f 1219 1521 1221
f 1221 1521 1532
f 1221 1532 1222
f 1222 1532 1557
f 1222 1557 1223
f 1522 1524 1214
f 1214 1524 1217
f 1225 1520 1224
f 1224 1520 1522
f 1224 1522 1213
f 1213 1522 1214
f 1530 1520 1168
f 1168 1520 1225
f 1194 1572 1553
f 1194 1553 1200
f 1200 1553 1555
f 1200 1555 1199
f 1199 1555 1531
f 1199 1531 1198
f 1198 1531 1530
f 1198 1530 1168
f 1204 1564 1566
f 1204 1566 1203
f 1203 1566 1568
f 1203 1568 1201
f 1201 1568 1570
f 1201 1570 1202
f 1202 1570 1572
f 1202 1572 1194
f 1193 1560 1562
f 1193 1562 1195
f 1195 1562 1564
f 1195 1564 1204
f 1172 1546 1548
f 1172 1548 1166
f 1166 1548 1550
f 1166 1550 1167
f 1167 1550 1552
f 1167 1552 1169
f 1169 1552 1560
f 1169 1560 1193
f 1196 1536 1534
f 1196 1534 1197
f 1197 1534 1533
f 1197 1533 1170
f 1170 1533 1544
f 1170 1544 1171
f 1171 1544 1546
f 1171 1546 1172
f 1191 1540 1538
f 1191 1538 1192
f 1192 1538 1536
f 1192 1536 1196
f 1211 1525 1541
f 1211 1541 1208
f 1208 1541 1540
f 1208 1540 1191
f 1206 1517 1516
f 1206 1516 1207
f 1207 1516 1519
f 1207 1519 1209
f 1209 1519 1526
f 1209 1526 1210
f 1210 1526 1525
f 1210 1525 1211
f 1518 1517 1165
f 1165 1517 1206
f 1575 1576 1577
f 1577 1576 1578
f 1577 1578 1579
f 1579 1578 1580
f 1579 1580 1581
f 1582 1583 1584
f 1584 1583 1585
f 1586 1587 1588
f 1588 1587 1589
f 1588 1589 1590
f 1590 1589 1591
f 1590 1591 1592
f 1592 1591 1582
f 1592 1582 1593
f 1593 1582 1584
f 1594 1595 1596
f 1596 1595 1597
f 1596 1597 1598
f 1598 1597 1599
f 1598 1599 1600
f 1600 1599 1585
f 1600 1585 1601
f 1601 1585 1583
f 1596 1602 1594
f 1594 1602 1603
f 1594 1603 1575
f 1575 1603 1604
f 1575 1604 1576
f 1580 1605 1581
f 1581 1605 1606
f 1581 1606 1607
f 1607 1606 1608
f 1607 1608 1609
f 1609 1608 1610
f 1609 1610 1611
f 1611 1610 1612
f 1611 1612 1613
f 1613 1612 1614
f 1613 1614 1586
f 1586 1614 1615
f 1586 1615 1587
f 1236 1592 1593
f 1236 1593 1237
f 1237 1593 1584
f 1237 1584 1241
f 1241 1584 1585
f 1241 1585 1242
f 1239 1588 1590
f 1239 1590 1240
f 1240 1590 1592
f 1240 1592 1236
f 1234 1611 1613
f 1234 1613 1235
f 1235 1613 1586
f 1235 1586 1238
f 1238 1586 1588
f 1238 1588 1239
f 1232 1607 1609
f 1232 1609 1233
f 1233 1609 1611
f 1233 1611 1234
f 1229 1575 1577
f 1229 1577 1244
f 1244 1577 1579
f 1244 1579 1230
f 1230 1579 1581
f 1230 1581 1231
f 1231 1581 1607
f 1231 1607 1232
f 1226 1597 1595
f 1226 1595 1227
f 1227 1595 1594
f 1227 1594 1228
f 1228 1594 1575
f 1228 1575 1229
f 1242 1585 1599
f 1242 1599 1243
f 1243 1599 1597
f 1243 1597 1226
f 346 1596 1598
f 346 1598 337
f 337 1598 1600
f 337 1600 336
f 336 1600 1601
f 336 1601 335
f 335 1601 1583
f 335 1583 341
f 341 1583 1582
f 341 1582 350
f 350 1582 1591
f 350 1591 351
f 351 1591 1589
f 351 1589 354
f 354 1589 1587
f 354 1587 353
f 353 1587 1615
f 353 1615 352
f 352 1615 1614
f 352 1614 342
f 342 1614 1612
f 342 1612 340
f 340 1612 1610
f 340 1610 333
f 333 1610 1608
f 333 1608 334
f 334 1608 1606
f 334 1606 338
f 338 1606 1605
f 338 1605 339
f 339 1605 1580
f 339 1580 343
f 343 1580 1578
f 343 1578 344
f 344 1578 1576
f 344 1576 345
f 345 1576 1604
f 345 1604 349
f 349 1604 1603
f 349 1603 348
f 348 1603 1602
f 348 1602 347
f 347 1602 1596
f 347 1596 346
f 1616 1617 1618
f 1619 1620 1621
f 1622 1623 1624
f 1624 1623 1625
f 1624 1625 1626
f 1626 1625 1627
f 1626 1627 1628
f 1628 1627 1620
f 1628 1620 1629
f 1629 1620 1619
f 1618 1617 1630
f 1630 1617 1631
f 1630 1631 1632
f 1632 1631 1633
f 1632 1633 1634
f 1635 1636 1637
f 1637 1636 1623
f 1637 1623 1638
f 1638 1623 1622
f 1638 1622 1639
f 1639 1622 1640
f 1641 1642 1643
f 1643 1642 1644
f 1643 1644 1645
f 1646 1647 1648
f 1648 1647 1649
f 1645 1644 1650
f 1650 1644 1651
f 1650 1651 1652
f 1652 1651 1653
f 1652 1653 1621
f 1621 1653 1654
f 1621 1654 1619
f 1649 1655 1648
f 1648 1655 1656
f 1648 1656 1618
f 1618 1656 1657
f 1618 1657 1616
f 1658 1659 1648
f 1648 1659 1660
f 1660 1661 1648
f 1648 1661 1662
f 1648 1662 1646
f 1633 1663 1634
f 1634 1663 1664
f 1634 1664 1665
f 1665 1664 1666
f 1665 1666 1667
f 1667 1666 1668
f 1667 1668 1640
f 1640 1668 1669
f 1640 1669 1639
f 1255 1653 1651
f 1255 1651 1254
f 1254 1651 1644
f 1254 1644 1274
f 1274 1644 1642
f 1274 1642 1247
f 1257 1619 1654
f 1257 1654 1256
f 1256 1654 1653
f 1256 1653 1255
f 1276 1628 1629
f 1276 1629 1277
f 1277 1629 1619
f 1277 1619 1257
f 1263 1622 1624
f 1263 1624 1264
f 1264 1624 1626
f 1264 1626 1275
f 1275 1626 1628
f 1275 1628 1276
f 1286 1665 1667
f 1286 1667 1287
f 1287 1667 1640
f 1287 1640 1262
f 1262 1640 1622
f 1262 1622 1263
f 1253 1632 1634
f 1253 1634 1285
f 1285 1634 1665
f 1285 1665 1286
f 1008 1618 1630
f 1008 1630 1252
f 1252 1630 1632
f 1252 1632 1253
f 1269 1660 1659
f 1269 1659 1270
f 1270 1659 1658
f 1270 1658 1246
f 1246 1658 1648
f 1246 1648 1007
f 1007 1648 1618
f 1007 1618 1008
f 1261 1647 1646
f 1261 1646 1250
f 1250 1646 1662
f 1250 1662 1251
f 1251 1662 1661
f 1251 1661 1268
f 1268 1661 1660
f 1268 1660 1269
f 1283 1655 1649
f 1283 1649 1284
f 1284 1649 1647
f 1284 1647 1261
f 1271 1657 1656
f 1271 1656 1272
f 1272 1656 1655
f 1272 1655 1283
f 1295 1617 1616
f 1295 1616 1290
f 1290 1616 1657
f 1290 1657 1271
f 1296 1664 1663
f 1296 1663 1294
f 1294 1663 1633
f 1294 1633 1292
f 1292 1633 1631
f 1292 1631 1293
f 1293 1631 1617
f 1293 1617 1295
f 1289 1668 1666
f 1289 1666 1297
f 1297 1666 1664
f 1297 1664 1296
f 1291 1639 1669
f 1291 1669 1288
f 1288 1669 1668
f 1288 1668 1289
f 1282 1637 1638
f 1282 1638 1273
f 1273 1638 1639
f 1273 1639 1291
f 1635 1637 1249
f 1249 1637 1282
f 1636 1635 1260
f 1260 1635 1249
f 1279 1627 1625
f 1279 1625 1278
f 1278 1625 1623
f 1278 1623 1259
f 1259 1623 1636
f 1259 1636 1260
f 1266 1650 1652
f 1266 1652 1267
f 1267 1652 1621
f 1267 1621 1281
f 1281 1621 1620
f 1281 1620 1280
f 1280 1620 1627
f 1280 1627 1279
f 1248 1641 1643
f 1248 1643 1258
f 1258 1643 1645
f 1258 1645 1265
f 1265 1645 1650
f 1265 1650 1266
f 1642 1641 1247
f 1247 1641 1248
f 1670 1671 1672
f 1670 1672 1673
f 1673 1672 1674
f 1673 1674 1675
f 1676 1671 1677
f 1677 1671 1670
f 1678 1679 1680
f 1678 1680 1681
f 1681 1680 1682
f 1681 1682 1683
f 1683 1682 1676
f 1683 1676 1677
f 1684 1679 1685
f 1685 1679 1678
f 1686 1687 1688
f 1686 1688 1689
f 1689 1688 1684
f 1689 1684 1685
f 1690 1691 1692
f 1692 1691 1693
f 1692 1693 1694
f 1694 1693 1687
f 1694 1687 1686
f 1695 1696 1697
f 1697 1696 1698
f 1697 1698 1690
f 1690 1698 1699
f 1690 1699 1691
f 1696 1695 1700
f 1700 1695 1701
f 1702 1703 1704
f 1704 1703 1705
f 1704 1705 1706
f 1707 1708 1709
f 1707 1709 1710
f 1710 1709 1711
f 1710 1711 1712
f 1712 1711 1713
f 1712 1713 1714
f 1713 1715 1714
f 1714 1715 1716
f 1714 1716 1717
f 1718 1708 1719
f 1719 1708 1707
f 1720 1718 1721
f 1721 1718 1719
f 1722 1723 1724
f 1722 1724 1725
f 1725 1724 1720
f 1725 1720 1721
f 1723 1722 1726
f 1726 1722 1727
f 1726 1727 1728
f 1728 1727 1729
f 1728 1729 1730
f 1730 1729 1731
f 1730 1731 1732
f 1675 1674 1733
f 1733 1674 1734
f 1733 1734 1735
f 1735 1734 1736
f 1735 1736 1731
f 1731 1736 1737
f 1731 1737 1732
f 1738 1739 1740
f 1740 1739 1741
f 1740 1741 1742
f 1742 1741 1743
f 1742 1743 1744
f 1744 1743 1745
f 1744 1745 1746
f 1746 1745 1747
f 1746 1747 1748
f 1748 1747 1749
f 1748 1749 1750
f 1750 1749 1751
f 1750 1751 1752
f 1752 1751 1753
f 1752 1753 1754
f 1754 1753 1755
f 1754 1755 1756
f 1756 1755 1757
f 1756 1757 1758
f 1758 1757 1759
f 1758 1759 1760
f 1760 1759 1761
f 1760 1761 1738
f 1738 1761 1739
f 1762 1763 1764
f 1764 1763 1765
f 1764 1765 1766
f 1766 1765 1767
f 1766 1767 1768
f 1768 1767 1769
f 1768 1769 1770
f 1770 1769 1771
f 1770 1771 1772
f 1772 1771 1773
f 1772 1773 1774
f 1774 1773 1775
f 1774 1775 1776
f 1776 1775 1777
f 1776 1777 1778
f 1778 1777 1779
f 1778 1779 1780
f 1780 1779 1781
f 1780 1781 1782
f 1782 1781 1783
f 1782 1783 1784
f 1784 1783 1785
f 1784 1785 1762
f 1762 1785 1763
f 1786 1787 1788
f 1788 1787 1789
f 1788 1789 1790
f 1791 1792 1793
f 1793 1792 1794
f 1793 1794 1795
f 1796 1797 1798
f 1798 1797 1799
f 1798 1799 1800
f 1800 1799 1801
f 1800 1801 1802
f 1802 1801 1803
f 1802 1803 1804
f 1804 1803 1805
f 1804 1805 1806
f 1806 1805 1807
f 1806 1807 1808
f 1808 1807 1809
f 1808 1809 1810
f 1810 1809 1811
f 1810 1811 1812
f 1812 1811 1813
f 1812 1813 1814
f 1814 1813 1815
f 1814 1815 1816
f 1816 1815 1817
f 1816 1817 1818
f 1818 1817 1819
f 1818 1819 1820
f 1820 1819 1821
f 1820 1821 1822
f 1822 1821 1823
f 1822 1823 1824
f 1824 1823 1825
f 1824 1825 1826
f 1826 1825 1827
f 1826 1827 1828
f 1828 1827 1829
f 1828 1829 1830
f 1830 1829 1831
f 1830 1831 1832
f 1832 1831 1833
f 1832 1833 1834
f 1834 1833 1835
f 1834 1835 1836
f 1836 1835 1837
f 1836 1837 1838
f 1838 1837 1839
f 1838 1839 1840
f 1840 1839 1841
f 1840 1841 1842
f 1842 1841 1843
f 1842 1843 1844
f 1844 1843 1845
f 1844 1845 1846
f 1846 1845 1847
f 1846 1847 1848
f 1848 1847 1849
f 1848 1849 1850
f 1850 1849 1851
f 1850 1851 1852
f 1852 1851 1853
f 1852 1853 1854
f 1854 1853 1855
f 1854 1855 1856
f 1856 1855 1857
f 1856 1857 1858
f 1858 1857 1859
f 1858 1859 1860
f 1860 1859 1861
f 1860 1861 1862
f 1862 1861 1863
f 1862 1863 1864
f 1864 1863 1865
f 1864 1865 1866
f 1866 1865 1867
f 1866 1867 1868
f 1868 1867 1869
f 1868 1869 1870
f 1870 1869 1871
f 1870 1871 1872
f 1872 1871 1873
f 1872 1873 1874
f 1874 1873 1875
f 1874 1875 1876
f 1876 1875 1877
f 1876 1877 1878
f 1878 1877 1879
f 1878 1879 1880
f 1880 1879 1881
f 1880 1881 1882
f 1882 1881 1883
f 1882 1883 1884
f 1884 1883 1885
f 1884 1885 1886
f 1886 1885 1887
f 1886 1887 1888
f 1888 1887 1889
f 1888 1889 1890
f 1890 1889 1891
f 1890 1891 1796
f 1796 1891 1797
f 1891 1892 1797
f 1797 1892 1893
f 1797 1893 1799
f 1799 1893 1894
f 1799 1894 1801
f 1801 1894 1895
f 1801 1895 1803
f 1803 1895 1896
f 1803 1896 1805
f 1805 1896 1897
f 1805 1897 1807
f 1807 1897 1898
f 1807 1898 1809
f 1809 1898 1899
f 1809 1899 1811
f 1811 1899 1900
f 1811 1900 1813
f 1813 1900 1901
f 1813 1901 1815
f 1815 1901 1902
f 1815 1902 1817
f 1817 1902 1903
f 1817 1903 1819
f 1819 1903 1904
f 1819 1904 1821
f 1821 1904 1905
f 1821 1905 1823
f 1823 1905 1906
f 1823 1906 1825
f 1825 1906 1907
f 1825 1907 1827
f 1827 1907 1908
f 1827 1908 1829
f 1829 1908 1909
f 1829 1909 1831
f 1831 1909 1910
f 1831 1910 1833
f 1833 1910 1911
f 1833 1911 1835
f 1835 1911 1912
f 1835 1912 1837
f 1837 1912 1913
f 1837 1913 1839
f 1839 1913 1914
f 1839 1914 1841
f 1841 1914 1915
f 1841 1915 1843
f 1843 1915 1916
f 1843 1916 1845
f 1845 1916 1917
f 1845 1917 1847
f 1847 1917 1918
f 1847 1918 1849
f 1849 1918 1919
f 1849 1919 1851
f 1851 1919 1920
f 1851 1920 1853
f 1853 1920 1921
f 1853 1921 1855
f 1855 1921 1922
f 1855 1922 1857
f 1857 1922 1923
f 1857 1923 1859
f 1859 1923 1924
f 1859 1924 1861
f 1861 1924 1925
f 1861 1925 1863
f 1863 1925 1926
f 1863 1926 1865
f 1865 1926 1927
f 1865 1927 1867
f 1867 1927 1928
f 1867 1928 1869
f 1869 1928 1929
f 1869 1929 1871
f 1871 1929 1930
f 1871 1930 1873
f 1873 1930 1931
f 1873 1931 1875
f 1875 1931 1932
f 1875 1932 1877
f 1877 1932 1933
f 1877 1933 1879
f 1879 1933 1934
f 1879 1934 1881
f 1881 1934 1935
f 1881 1935 1883
f 1883 1935 1936
f 1883 1936 1885
f 1885 1936 1937
f 1885 1937 1887
f 1887 1937 1938
f 1887 1938 1889
f 1889 1938 1939
f 1889 1939 1891
f 1891 1939 1892
f 1939 1940 1892
f 1892 1940 1941
f 1892 1941 1893
f 1893 1941 1942
f 1893 1942 1894
f 1894 1942 1943
f 1894 1943 1895
f 1895 1943 1944
f 1895 1944 1896
f 1896 1944 1945
f 1896 1945 1897
f 1897 1945 1946
f 1897 1946 1898
f 1898 1946 1947
f 1898 1947 1899
f 1899 1947 1948
f 1899 1948 1900
f 1900 1948 1949
f 1900 1949 1901
f 1901 1949 1950
f 1901 1950 1902
f 1902 1950 1951
f 1902 1951 1903
f 1903 1951 1952
f 1903 1952 1904
f 1904 1952 1953
f 1904 1953 1905
f 1905 1953 1954
f 1905 1954 1906
f 1906 1954 1955
f 1906 1955 1907
f 1907 1955 1956
f 1907 1956 1908
f 1908 1956 1957
f 1908 1957 1909
f 1909 1957 1958
f 1909 1958 1910
f 1910 1958 1959
f 1910 1959 1911
f 1911 1959 1960
f 1911 1960 1912
f 1912 1960 1961
f 1912 1961 1913
f 1913 1961 1962
f 1913 1962 1914
f 1914 1962 1963
f 1914 1963 1915
f 1915 1963 1964
f 1915 1964 1916
f 1916 1964 1965
f 1916 1965 1917
f 1917 1965 1966
f 1917 1966 1918
f 1918 1966 1967
f 1918 1967 1919
f 1919 1967 1968
f 1919 1968 1920
f 1920 1968 1969
f 1920 1969 1921
f 1921 1969 1970
f 1921 1970 1922
f 1922 1970 1971
f 1922 1971 1923
f 1923 1971 1972
f 1923 1972 1924
f 1924 1972 1973
f 1924 1973 1925
f 1925 1973 1974
f 1925 1974 1926
f 1926 1974 1975
f 1926 1975 1927
f 1927 1975 1976
f 1927 1976 1928
f 1928 1976 1977
f 1928 1977 1929
f 1929 1977 1978
f 1929 1978 1930
f 1930 1978 1979
f 1930 1979 1931
f 1931 1979 1980
f 1931 1980 1932
f 1932 1980 1981
f 1932 1981 1933
f 1933 1981 1982
f 1933 1982 1934
f 1934 1982 1983
f 1934 1983 1935
f 1935 1983 1984
f 1935 1984 1936
f 1936 1984 1985
f 1936 1985 1937
f 1937 1985 1986
f 1937 1986 1938
f 1938 1986 1987
f 1938 1987 1939
f 1939 1987 1940
f 1795 1794 1988
f 1795 1988 1989
f 1989 1988 1990
f 1989 1990 1991
f 1991 1990 1992
f 1991 1992 1993
f 1993 1992 1994
f 1993 1994 1995
f 1995 1994 1996
f 1996 1994 1997
f 1996 1997 1998
f 1996 1998 1999
f 1999 1998 2000
f 1999 2000 2001
f 2001 2000 2002
f 2001 2002 2003
f 2004 2005 2006
f 2004 2006 2007
f 2007 2006 2008
f 2007 2008 2009
f 2004 2010 2005
f 2005 2010 2011
f 2012 2013 2014
f 2012 2014 2015
f 2015 2014 2016
f 2015 2016 2017
f 2017 2016 2011
f 2017 2011 2010
f 2012 2018 2013
f 2013 2018 2019
f 2020 2021 2022
f 2020 2022 2023
f 2023 2022 2019
f 2023 2019 2018
f 2024 2021 2020
f 2020 2025 2024
f 2024 2025 2026
f 2024 2026 2027
f 2027 2026 2028
f 2027 2028 2029
f 2029 2028 2030
f 2029 2030 2031
f 2031 2030 2032
f 2031 2032 1701
f 1701 2032 1700
f 2033 2034 2035
f 2035 2034 2036
f 2035 2036 2037
f 2037 2036 2038
f 2039 2040 2041
f 2039 2041 2042
f 2042 2041 2043
f 2042 2043 2044
f 2044 2043 2045
f 2044 2045 2046
f 2034 2033 2047
f 2047 2033 2046
f 2047 2046 2048
f 2048 2046 2045
f 2039 2049 2040
f 2040 2049 2050
f 2051 2050 2052
f 2052 2050 2049
f 2053 2054 2055
f 2053 2055 2056
f 2056 2055 2051
f 2056 2051 2052
f 2054 2053 2057
f 2057 2053 2058
f 2057 2058 2059
f 2059 2058 2060
f 2060 2061 2059
f 2059 2061 2062
f 2059 2062 2063
f 2063 2062 2064
f 2063 2064 2065
f 2065 2064 2066
f 2065 2066 2067
f 2067 2066 2068
f 2067 2068 2008
f 2008 2068 2009
f 2069 2070 2071
f 2071 2070 2072
f 2071 2072 2073
f 2073 2072 2074
f 2073 2074 2075
f 2075 2074 2076
f 2075 2076 2077
f 2077 2076 2078
f 2077 2078 2079
f 2079 2078 2080
f 2079 2080 2081
f 2081 2080 2082
f 2081 2082 2083
f 2083 2082 2084
f 2083 2084 2085
f 2085 2084 2086
f 2085 2086 2087
f 2087 2086 2088
f 2087 2088 2089
f 2089 2088 2090
f 2089 2090 2091
f 2091 2090 2092
f 2091 2092 2069
f 2069 2092 2070
f 2093 2094 2095
f 2095 2094 2096
f 2095 2096 2097
f 2097 2096 2098
f 2097 2098 2099
f 2099 2098 2100
f 2099 2100 2101
f 2101 2100 2102
f 2101 2102 2103
f 2103 2102 2104
f 2103 2104 2105
f 2105 2104 2106
f 2105 2106 2107
f 2107 2106 2108
f 2107 2108 2109
f 2109 2108 2110
f 2109 2110 2111
f 2111 2110 2112
f 2111 2112 2113
f 2113 2112 2114
f 2113 2114 2115
f 2115 2114 2116
f 2115 2116 2093
f 2093 2116 2094
f 2117 2118 2119
f 2119 2118 2120
f 2121 2122 2123
f 2124 2125 1975
f 1975 1974 2124
f 2124 1974 1973
f 2124 1973 2126
f 1973 1972 2126
f 2126 1972 1971
f 2126 1971 2127
f 1971 1970 2127
f 2127 1970 1969
f 2127 1969 2128
f 1969 1968 2128
f 2128 1968 1967
f 2128 1967 2129
f 1967 1966 2129
f 2129 1966 1965
f 2129 1965 2130
f 1963 1962 2131
f 1965 1964 2130
f 2130 1964 1963
f 2130 1963 2132
f 2132 1963 2131
f 1962 1961 2131
f 2131 1961 1960
f 2131 1960 2133
f 2133 1960 1959
f 2133 1959 2134
f 1959 1958 2134
f 2134 1958 1957
f 2134 1957 2135
f 1957 1956 2135
f 2135 1956 1955
f 2135 1955 2136
f 2136 1955 1954
f 1954 1953 2136
f 2136 1953 1952
f 2136 1952 2137
f 2138 1792 1791
f 1952 1951 2137
f 2137 1951 1950
f 2137 1950 2139
f 2139 1950 1949
f 2139 1949 1791
f 2140 2141 1986
f 1986 1985 2140
f 2140 1985 1984
f 2140 1984 2142
f 1984 1983 2142
f 2142 1983 1982
f 2142 1982 2143
f 1982 1981 2143
f 2143 1981 1980
f 2143 1980 2123
f 2123 1980 1979
f 2123 1979 2121
f 2121 1979 1978
f 2121 1978 2144
f 2144 1978 1977
f 2144 1977 2125
f 2125 1977 1976
f 2125 1976 1975
f 1949 1948 1791
f 1791 1948 1947
f 1791 1947 2138
f 2138 1947 1946
f 2138 1946 2145
f 1946 1945 2145
f 2145 1945 1944
f 2145 1944 2146
f 1944 1943 2146
f 2146 1943 1942
f 2146 1942 2147
f 1942 1941 2147
f 2147 1941 1940
f 2147 1940 2141
f 2141 1940 1987
f 2141 1987 1986
f 2148 2149 2150
f 2150 2149 2151
f 2150 2151 2152
f 2152 2151 2153
f 2152 2153 2154
f 2154 2153 2155
f 2154 2155 2156
f 2156 2155 2157
f 2156 2157 2158
f 2158 2157 2159
f 2158 2159 2160
f 2160 2159 2161
f 2160 2161 2162
f 2162 2161 2163
f 2162 2163 2164
f 2164 2163 2165
f 2164 2165 2166
f 2166 2165 2167
f 2166 2167 2168
f 2168 2167 2169
f 2168 2169 2170
f 2170 2169 2171
f 2170 2171 2148
f 2148 2171 2149
f 2172 2173 2174
f 2174 2173 2175
f 2174 2175 2176
f 2176 2175 2177
f 2176 2177 2178
f 2178 2177 2179
f 2178 2179 2180
f 2180 2179 2181
f 2180 2181 2182
f 2182 2181 2183
f 2182 2183 2184
f 2184 2183 2185
f 2184 2185 2186
f 2186 2185 2187
f 2186 2187 2188
f 2188 2187 2189
f 2188 2189 2190
f 2190 2189 2191
f 2190 2191 2192
f 2192 2191 2193
f 2192 2193 2194
f 2194 2193 2195
f 2122 2121 2196
f 2196 2121 2197
f 2196 2197 2198
f 2199 2200 2201
f 2199 2201 2202
f 2202 2201 2203
f 2202 2203 2204
f 2204 2203 2205
f 2204 2205 2206
f 2206 2205 2196
f 2206 2196 2198
f 2200 2199 2207
f 2207 2199 2208
f 2118 2117 2209
f 2118 2209 2210
f 2210 2209 2211
f 2210 2211 2212
f 2212 2211 2207
f 2212 2207 2208
f 2213 2214 2215
f 2215 2214 2216
f 2217 2218 2219
f 2219 2218 2220
f 2221 2222 2223
f 2223 2222 2224
f 2223 2224 2225
f 2225 2224 2226
f 2225 2226 2227
f 2227 2226 2228
f 2227 2228 2220
f 2220 2228 2229
f 2220 2229 2219
f 2230 2231 2215
f 2215 2231 2232
f 2215 2232 2213
f 2233 2234 2235
f 2235 2234 2236
f 2217 2237 2218
f 2218 2237 2238
f 2218 2238 2239
f 2234 2215 2240
f 2240 2215 2216
f 2240 2216 2219
f 2219 2216 2241
f 2219 2241 2217
f 2238 2242 2239
f 2239 2242 2243
f 2239 2243 2230
f 2230 2243 2244
f 2230 2244 2231
f 2233 2245 2234
f 2234 2245 2246
f 2234 2246 2215
f 2215 2246 2247
f 2215 2247 2248
f 2248 2247 2249
f 2248 2249 2250
f 2234 2222 2236
f 2236 2222 2221
f 2236 2221 2251
f 2251 2221 2252
f 2251 2252 2253
f 2250 2254 2248
f 2248 2254 2255
f 2248 2255 2253
f 2253 2255 2256
f 2253 2256 2251
f 2257 2258 2259
f 2259 2258 2260
f 2259 2260 2261
f 2261 2260 2262
f 2261 2262 2263
f 2263 2262 2264
f 2263 2264 2265
f 2265 2264 2266
f 2265 2266 2267
f 2267 2266 2268
f 2267 2268 2269
f 2269 2268 2270
f 2269 2270 2271
f 2271 2270 2272
f 2271 2272 2273
f 2273 2272 2274
f 2273 2274 2275
f 2275 2274 2276
f 2275 2276 2277
f 2277 2276 2278
f 2277 2278 2279
f 2279 2278 2280
f 2279 2280 2257
f 2257 2280 2258
f 2281 2282 2283
f 2283 2282 2284
f 2283 2284 2285
f 2285 2284 2286
f 2285 2286 2287
f 2287 2286 2288
f 2287 2288 2289
f 2289 2288 2290
f 2289 2290 2291
f 2291 2290 2292
f 2291 2292 2293
f 2293 2292 2294
f 2293 2294 2295
f 2295 2294 2296
f 2295 2296 2297
f 2297 2296 2298
f 2297 2298 2299
f 2299 2298 2300
f 2299 2300 2301
f 2301 2300 2302
f 2301 2302 2303
f 2303 2302 2304
f 2303 2304 2281
f 2281 2304 2282
f 1691 2305 1693
f 2025 2306 2026
f 2307 2308 2309
f 2001 2003 1732
f 1706 1786 1788
f 1706 2310 1786
f 1786 2310 2311
f 1786 2311 2312
f 2313 2003 2314
f 2314 2003 2315
f 2314 2315 2312
f 2312 2315 2316
f 2312 2316 1786
f 2313 2317 2003
f 2003 2317 1730
f 2003 1730 1732
f 1795 1989 2305
f 2305 1989 1991
f 2001 1732 1999
f 1999 1732 1737
f 1999 1737 1996
f 1996 1737 1736
f 1996 1736 1995
f 1793 2318 2136
f 2136 2137 1793
f 1793 2137 2139
f 1793 2139 1791
f 1698 1696 2275
f 2277 2279 1691
f 1691 2279 2257
f 1691 2257 2305
f 2305 2257 2259
f 2305 2259 2261
f 2261 2263 2305
f 2305 2263 2318
f 2305 2318 1795
f 1795 2318 1793
f 2263 2265 2318
f 2318 2265 2267
f 2318 2267 2136
f 2136 2267 2269
f 2136 2269 2135
f 2277 1691 2275
f 2275 1691 1699
f 2275 1699 1698
f 2301 2303 2306
f 2306 2303 2281
f 2306 2281 2026
f 2293 2295 2319
f 2319 2295 2297
f 2319 2297 2306
f 2306 2297 2299
f 2306 2299 2301
f 2281 2283 2026
f 2026 2283 2285
f 2026 2285 2028
f 2028 2285 2287
f 2028 2287 2030
f 2030 2287 2032
f 2135 2269 2134
f 2134 2269 2271
f 2134 2271 2133
f 2133 2271 2273
f 2133 2273 2131
f 2131 2273 2275
f 2131 2275 2132
f 2132 2275 1696
f 2132 1696 2130
f 1696 1700 2130
f 2130 1700 2032
f 2130 2032 2129
f 2129 2032 2287
f 2129 2287 2128
f 2128 2287 2289
f 2128 2289 2127
f 2127 2289 2291
f 2127 2291 2126
f 2126 2291 2293
f 2126 2293 2124
f 2124 2293 2319
f 2124 2319 2125
f 2197 2121 2144
f 2202 2204 2306
f 2066 2199 2202
f 2204 2206 2306
f 2306 2206 2198
f 2306 2198 2319
f 2319 2198 2197
f 2319 2197 2125
f 2125 2197 2144
f 2061 2118 2062
f 2062 2118 2210
f 2062 2210 2064
f 2064 2210 2212
f 2064 2212 2066
f 2066 2212 2208
f 2066 2208 2199
f 2320 2321 2322
f 2037 2323 2120
f 2120 2323 2320
f 2120 2320 2324
f 2324 2320 2322
f 2321 2325 2322
f 2322 2325 2326
f 2322 2326 2309
f 2309 2326 2327
f 2309 2327 2307
f 2120 2118 2037
f 2037 2118 2061
f 2037 2061 2035
f 2035 2061 2076
f 2076 2074 2035
f 2035 2074 2072
f 2035 2072 2033
f 2033 2072 2070
f 2033 2070 2046
f 2046 2070 2092
f 2046 2092 2044
f 2044 2092 2090
f 2044 2090 2042
f 2042 2090 2088
f 2056 2052 2086
f 2086 2052 2049
f 2086 2049 2088
f 2088 2049 2039
f 2088 2039 2042
f 2056 2086 2053
f 2053 2086 2084
f 2053 2084 2058
f 2058 2084 2082
f 2058 2082 2060
f 2060 2082 2080
f 2060 2080 2061
f 2061 2080 2078
f 2061 2078 2076
f 2068 2328 2009
f 2009 2328 2007
f 2017 2010 2328
f 2328 2010 2004
f 2328 2004 2007
f 2102 2100 2025
f 2328 2094 2116
f 2096 2094 2306
f 2306 2094 2328
f 2306 2328 2202
f 2202 2328 2068
f 2202 2068 2066
f 2025 2100 2306
f 2306 2100 2098
f 2306 2098 2096
f 2116 2114 2328
f 2328 2114 2112
f 2328 2112 2017
f 2017 2112 2110
f 2017 2110 2015
f 2015 2110 2108
f 2015 2108 2012
f 2012 2108 2106
f 2012 2106 2018
f 2018 2106 2104
f 2018 2104 2023
f 2023 2104 2102
f 2023 2102 2020
f 2020 2102 2025
f 1762 2305 2329
f 2329 2305 1991
f 2329 1991 1993
f 1780 1782 2329
f 2329 1782 1784
f 2329 1784 1762
f 1778 1682 1776
f 1776 1682 1680
f 1776 1680 1774
f 1774 1680 1679
f 1774 1679 1772
f 1762 1764 2305
f 2305 1764 1766
f 2305 1766 1693
f 1693 1766 1768
f 1693 1768 1687
f 1687 1768 1770
f 1687 1770 1688
f 1688 1770 1772
f 1688 1772 1684
f 1684 1772 1679
f 2329 1672 1671
f 1778 1780 1682
f 1682 1780 2329
f 1682 2329 1676
f 1676 2329 1671
f 1995 1736 1993
f 1993 1736 1734
f 1993 1734 2329
f 2329 1734 1674
f 2329 1674 1672
f 1738 1740 2317
f 1740 1742 2317
f 2317 1742 1744
f 2317 1744 1730
f 1730 1744 1746
f 1730 1746 1748
f 1752 1754 1723
f 1723 1754 1756
f 1723 1756 1713
f 1713 1756 1758
f 1713 1758 1715
f 1715 1758 1760
f 1715 1760 1716
f 1716 1760 1738
f 1716 1738 2330
f 2330 1738 2317
f 1752 1723 1750
f 1750 1723 1726
f 1750 1726 1748
f 1748 1726 1728
f 1748 1728 1730
f 1724 1723 1720
f 1720 1723 1713
f 1720 1713 1718
f 1718 1713 1711
f 1718 1711 1708
f 1708 1711 1709
f 2331 2332 2333
f 2333 2332 2334
f 2333 2334 1790
f 1790 2334 1702
f 1790 1702 1788
f 1788 1702 1704
f 1788 1704 1706
f 2335 2336 2308
f 2307 2337 2308
f 2308 2337 2338
f 2308 2338 2335
f 2335 2338 2339
f 2335 2339 2340
f 2341 2331 2333
f 2341 2333 2342
f 2342 2333 1790
f 2342 1790 1789
f 2343 2344 2345
f 2248 2253 2345
f 2345 2253 2346
f 2345 2346 2343
f 2343 2346 2347
f 1703 1702 2334
f 1703 2334 2348
f 2348 2334 2332
f 2348 2332 2349
f 2320 2350 2321
f 2321 2350 2351
f 2037 2038 2323
f 2323 2038 2352
f 2323 2352 2320
f 2320 2352 2350
f 2337 2307 2353
f 2353 2307 2327
f 2353 2327 2326
f 2321 2351 2325
f 2325 2351 2354
f 2325 2354 2326
f 2326 2354 2353
f 2308 2336 2309
f 2309 2336 2355
f 2309 2355 2322
f 2119 2120 2356
f 2356 2120 2324
f 2356 2324 2355
f 2355 2324 2322
f 2311 2357 2312
f 2312 2357 2358
f 1706 1705 2310
f 2310 1705 2359
f 2310 2359 2311
f 2311 2359 2357
f 2312 2358 2314
f 2314 2358 2360
f 2314 2360 2313
f 2313 2360 2361
f 2313 2361 2317
f 2317 2361 2362
f 2317 2362 2330
f 2330 2362 2363
f 1716 2330 1717
f 1717 2330 2363
f 2003 2002 2315
f 2315 2002 2364
f 1787 1786 2365
f 2365 1786 2316
f 2365 2316 2364
f 2364 2316 2315
f 2366 2367 2368
f 2369 2370 2371
f 2372 2373 2374
f 2366 2368 2375
f 2376 2377 2378
f 2371 2370 2379
f 2380 2381 2382
f 2382 2381 2383
f 2382 2383 2374
f 2374 2383 2384
f 2374 2384 2372
f 2385 2375 2386
f 2386 2375 2381
f 2386 2381 2387
f 2387 2381 2380
f 2375 2388 2378
f 2389 2390 2391
f 2391 2390 2392
f 2392 2393 2394
f 2368 2395 2375
f 2375 2395 2396
f 2375 2396 2388
f 2397 2398 2399
f 2399 2398 2388
f 2399 2388 2400
f 2400 2388 2396
f 2379 2370 2401
f 2401 2370 2402
f 2401 2402 2403
f 2404 2405 2406
f 2407 2369 2378
f 2378 2369 2371
f 2378 2371 2375
f 2375 2371 2408
f 2375 2408 2381
f 2381 2408 2409
f 2381 2409 2410
f 2411 2412 2391
f 2413 2414 2409
f 2409 2414 2415
f 2409 2415 2410
f 2406 2416 2404
f 2404 2416 2417
f 2404 2417 2377
f 2402 2418 2403
f 2403 2418 2405
f 2403 2405 2419
f 2419 2405 2404
f 2419 2404 2420
f 2376 2378 2421
f 2421 2378 2390
f 2421 2390 2422
f 2417 2423 2377
f 2377 2423 2424
f 2377 2424 2378
f 2378 2424 2425
f 2378 2425 2407
f 2420 2426 2419
f 2419 2426 2427
f 2419 2427 2428
f 2389 2429 2390
f 2390 2429 2430
f 2390 2430 2422
f 2431 2432 2433
f 2433 2432 2434
f 2433 2434 2435
f 2435 2434 2436
f 2435 2436 2437
f 2431 2411 2432
f 2432 2411 2391
f 2432 2391 2438
f 2438 2391 2392
f 2438 2392 2439
f 2439 2392 2394
f 2427 2440 2428
f 2428 2440 2441
f 2428 2441 2442
f 2442 2441 2429
f 2442 2429 2443
f 2443 2429 2389
f 2220 2218 2227
f 2227 2218 2239
f 2221 2223 2252
f 2252 2223 2225
f 1882 1884 2444
f 1673 1675 2445
f 2445 1675 1733
f 2446 2447 1705
f 1705 2447 2448
f 2343 2449 2349
f 2349 2449 2450
f 2349 2450 2348
f 2348 2450 2446
f 2348 2446 1703
f 1703 2446 1705
f 2451 1796 1798
f 2359 1802 2357
f 2357 1802 1804
f 2357 1804 2358
f 2448 2451 1705
f 1705 2451 1798
f 1705 1798 2359
f 2359 1798 1800
f 2359 1800 1802
f 2452 2361 2453
f 2453 2361 2360
f 2453 2360 2358
f 1717 2363 2452
f 2452 2363 2362
f 2452 2362 2361
f 1757 1710 1759
f 1759 1710 1712
f 1759 1712 1761
f 1761 1712 1714
f 1761 1714 1739
f 1739 1714 1717
f 1739 1717 1741
f 1741 1717 2452
f 1741 2452 1743
f 1725 1755 1722
f 1722 1755 1753
f 1722 1753 1727
f 1727 1753 1751
f 1727 1751 1729
f 1729 1751 1749
f 1729 1749 1731
f 1731 1749 1747
f 1731 1747 1745
f 1725 1721 1755
f 1755 1721 1719
f 1755 1719 1757
f 1757 1719 1707
f 1757 1707 1710
f 1733 1735 2454
f 2454 1735 1731
f 1683 1677 2445
f 2445 1677 1670
f 2445 1670 1673
f 1763 1785 2445
f 1733 2454 2445
f 2445 2454 2455
f 2445 2455 1763
f 1769 1767 2455
f 2455 1767 1765
f 2455 1765 1763
f 1785 1783 2445
f 2445 1783 1781
f 2445 1781 1683
f 1683 1781 1779
f 1683 1779 1681
f 1681 1779 1777
f 1681 1777 1678
f 1678 1777 1775
f 1678 1775 1685
f 1685 1775 1773
f 1685 1773 1689
f 1689 1773 1771
f 1689 1771 1686
f 1686 1771 1694
f 2276 2274 2456
f 2274 2272 2456
f 2456 2272 2270
f 2456 2270 2454
f 2455 2262 2260
f 2270 2268 2454
f 2454 2268 2266
f 2454 2266 2455
f 2455 2266 2264
f 2455 2264 2262
f 1771 1769 1694
f 1694 1769 2455
f 1694 2455 1692
f 1692 2455 2260
f 2294 2292 2456
f 2456 2292 2290
f 2456 2290 2288
f 2024 2027 2457
f 2457 2027 2284
f 2031 2456 2029
f 2029 2456 2288
f 2029 2288 2027
f 2027 2288 2286
f 2027 2286 2284
f 2260 2258 1692
f 1692 2258 2280
f 1692 2280 1690
f 1690 2280 2278
f 1690 2278 1697
f 1697 2278 2276
f 1697 2276 1695
f 1695 2276 2456
f 1695 2456 1701
f 1701 2456 2031
f 2109 2016 2107
f 2107 2016 2014
f 2107 2014 2105
f 2105 2014 2013
f 2105 2013 2103
f 2111 2113 2458
f 2113 2115 2458
f 2458 2115 2093
f 2458 2093 2457
f 2013 2019 2103
f 2103 2019 2022
f 2103 2022 2101
f 2101 2022 2021
f 2101 2021 2099
f 2099 2021 2024
f 2099 2024 2097
f 2097 2024 2457
f 2097 2457 2095
f 2095 2457 2093
f 2008 2006 2458
f 2458 2006 2005
f 2109 2111 2016
f 2016 2111 2458
f 2016 2458 2011
f 2011 2458 2005
f 2284 2282 2457
f 2457 2282 2304
f 2457 2304 2458
f 2458 2304 2302
f 2458 2302 2008
f 2008 2302 2300
f 2008 2300 2067
f 2067 2300 2298
f 2067 2298 2459
f 2459 2298 2296
f 2459 2296 2294
f 2460 2063 2459
f 2459 2063 2065
f 2459 2065 2067
f 2083 2054 2081
f 2081 2054 2057
f 2081 2057 2079
f 2079 2057 2059
f 2079 2059 2063
f 2069 2071 2460
f 2071 2073 2460
f 2460 2073 2075
f 2460 2075 2063
f 2063 2075 2077
f 2063 2077 2079
f 2083 2085 2054
f 2054 2085 2087
f 2054 2087 2045
f 2045 2087 2089
f 2045 2089 2048
f 2048 2089 2091
f 2048 2091 2047
f 2055 2054 2051
f 2051 2054 2045
f 2051 2045 2050
f 2050 2045 2043
f 2050 2043 2040
f 2040 2043 2041
f 2091 2069 2047
f 2047 2069 2460
f 2047 2460 2034
f 2034 2460 2036
f 2350 2352 2444
f 2444 2352 2038
f 2461 2462 2463
f 2463 2462 2339
f 2463 2339 2464
f 2464 2339 2465
f 2337 2353 1884
f 1884 2353 2354
f 1884 2354 2444
f 2444 2354 2351
f 2444 2351 2350
f 2466 1888 2451
f 2451 1888 1890
f 2451 1890 1796
f 2339 2338 2465
f 2465 2338 2337
f 2465 2337 2467
f 2467 2337 1884
f 2467 1884 2466
f 2466 1884 1886
f 2466 1886 1888
f 2456 1844 1846
f 1868 1870 2444
f 1876 1878 2444
f 2444 1878 1880
f 2444 1880 1882
f 2294 2456 2459
f 2459 2456 1846
f 2459 1846 1848
f 1848 1850 2459
f 2459 1850 1852
f 2459 1852 1854
f 1860 1862 2459
f 2459 1862 1864
f 2459 1864 1866
f 1870 1872 2444
f 2444 1872 1874
f 2444 1874 1876
f 1854 1856 2459
f 2459 1856 1858
f 2459 1858 1860
f 1866 1868 2459
f 2459 1868 2444
f 2459 2444 2460
f 2460 2444 2038
f 2460 2038 2036
f 1808 1810 2453
f 2453 1810 1812
f 2453 1812 1814
f 1814 1816 2453
f 2453 1816 1818
f 2453 1818 1820
f 1820 2454 2453
f 2453 2454 1731
f 2453 1731 2452
f 2452 1731 1745
f 2452 1745 1743
f 1820 1822 2454
f 2454 1822 1824
f 2454 1824 1826
f 1832 1834 2454
f 2454 1834 1836
f 2358 1804 2453
f 2453 1804 1806
f 2453 1806 1808
f 1826 1828 2454
f 2454 1828 1830
f 2454 1830 1832
f 1836 1838 2454
f 2454 1838 1840
f 2454 1840 2456
f 2456 1840 1842
f 2456 1842 1844
f 2468 2466 2469
f 2469 2466 2451
f 2469 2451 2448
f 2341 2344 2331
f 2331 2344 2343
f 2331 2343 2332
f 2332 2343 2349
f 2469 2448 2447
f 2469 2447 2470
f 2470 2447 2446
f 2470 2446 2471
f 2471 2446 2450
f 2471 2450 2472
f 2472 2450 2449
f 2472 2449 2473
f 2473 2449 2343
f 2473 2343 2347
f 2474 2340 2462
f 2462 2340 2339
f 2186 2188 2170
f 2248 2475 2476
f 2477 2166 2168
f 2478 2479 2480
f 2480 2479 2481
f 2482 2483 2481
f 2481 2483 2477
f 2481 2477 2480
f 2476 2484 2485
f 2482 2486 2487
f 2178 2148 2150
f 2248 2488 2215
f 2215 2488 2489
f 2215 2489 2490
f 2491 2492 2477
f 2493 2494 2495
f 2496 2497 2498
f 2498 2497 2499
f 2498 2499 2500
f 2500 2499 2501
f 2172 2174 2502
f 2502 2174 2503
f 2492 2504 2477
f 2477 2504 2505
f 2477 2505 2506
f 2485 2507 2476
f 2476 2507 2508
f 2476 2508 2248
f 2178 2180 2148
f 2148 2180 2182
f 2148 2182 2170
f 2170 2182 2184
f 2170 2184 2186
f 2499 2493 2501
f 2501 2493 2495
f 2501 2495 2509
f 2509 2495 2480
f 2509 2480 2510
f 2510 2480 2477
f 2510 2477 2511
f 2511 2477 2506
f 2508 2512 2248
f 2248 2512 2513
f 2248 2513 2488
f 2488 2513 2514
f 2488 2514 2515
f 2194 2516 2192
f 2192 2516 2491
f 2192 2491 2190
f 2190 2491 2477
f 2190 2477 2188
f 2188 2477 2168
f 2188 2168 2170
f 2517 2518 2519
f 2519 2518 2520
f 2519 2520 2504
f 2504 2520 2521
f 2504 2521 2505
f 2487 2522 2482
f 2482 2522 2523
f 2482 2523 2483
f 2483 2523 2524
f 2525 2526 2527
f 2527 2526 2483
f 2527 2483 2528
f 2528 2483 2524
f 2158 2529 2156
f 2156 2529 2497
f 2156 2497 2154
f 2160 2162 2341
f 2341 2162 2164
f 2341 2164 2344
f 2490 2530 2215
f 2215 2530 2531
f 2215 2531 2532
f 2532 2531 2524
f 2532 2524 2533
f 2533 2524 2523
f 2119 2356 2143
f 2517 2534 2518
f 2518 2534 2503
f 2518 2503 2176
f 2176 2503 2174
f 1787 2365 2145
f 2145 2365 2138
f 2138 2365 2364
f 2138 2364 1792
f 2496 2518 2497
f 2497 2518 2176
f 2497 2176 2154
f 2154 2176 2178
f 2154 2178 2152
f 2152 2178 2150
f 2477 2475 2166
f 2166 2475 2248
f 2166 2248 2164
f 2164 2248 2345
f 2164 2345 2344
f 1792 2364 1794
f 1794 2364 2002
f 1794 2002 1988
f 2143 2123 2119
f 2119 2123 2122
f 2119 2122 2117
f 2340 2474 2140
f 2140 2474 2529
f 2140 2529 2141
f 2141 2529 2158
f 2141 2158 2147
f 1787 2145 1789
f 1789 2145 2146
f 1789 2146 2342
f 2342 2146 2147
f 2342 2147 2341
f 2341 2147 2158
f 2341 2158 2160
f 2355 2140 2356
f 2356 2140 2142
f 2356 2142 2143
f 2000 1998 2002
f 2002 1998 1997
f 2002 1997 1994
f 1994 1992 2002
f 2002 1992 1990
f 2002 1990 1988
f 2211 2209 2207
f 2207 2209 2117
f 2207 2117 2200
f 2200 2117 2201
f 2203 2201 2205
f 2205 2201 2117
f 2205 2117 2196
f 2196 2117 2122
f 2355 2336 2140
f 2140 2336 2335
f 2140 2335 2340
f 2230 2215 2532
f 2230 2532 2535
f 2535 2532 2533
f 2535 2533 2536
f 2536 2533 2523
f 2536 2523 2537
f 2538 2539 2540
f 2540 2539 2541
f 2540 2541 2542
f 2541 2543 2542
f 2542 2543 2544
f 2542 2544 2545
f 2545 2544 2546
f 2545 2546 2547
f 2387 2548 2386
f 2386 2548 2549
f 2550 2551 2433
f 2488 2552 2489
f 2489 2552 2553
f 2433 2435 2550
f 2550 2435 2554
f 2550 2554 2555
f 2556 2557 2489
f 2489 2557 2558
f 2489 2558 2435
f 2435 2558 2559
f 2435 2559 2554
f 2555 2560 2550
f 2550 2560 2561
f 2550 2561 2553
f 2553 2561 2562
f 2562 2563 2553
f 2553 2563 2564
f 2553 2564 2489
f 2489 2564 2565
f 2489 2565 2556
f 2387 2380 2548
f 2548 2380 2566
f 2566 2380 2382
f 2566 2382 2567
f 2567 2382 2374
f 2567 2374 2568
f 2383 2569 2384
f 2384 2569 2570
f 2384 2570 2372
f 2372 2570 2571
f 2372 2571 2373
f 2373 2571 2572
f 2373 2572 2374
f 2374 2572 2568
f 2383 2381 2569
f 2569 2381 2573
f 2409 2574 2413
f 2413 2574 2575
f 2413 2575 2414
f 2414 2575 2576
f 2414 2576 2415
f 2415 2576 2577
f 2415 2577 2410
f 2410 2577 2578
f 2410 2578 2381
f 2381 2578 2573
f 2523 2522 2547
f 2480 2495 2546
f 2546 2495 2579
f 2546 2579 2547
f 2547 2579 2537
f 2547 2537 2523
f 2499 2580 2581
f 2499 2581 2493
f 2493 2581 2582
f 2493 2582 2494
f 2494 2582 2579
f 2494 2579 2495
f 2583 2499 2584
f 2584 2499 2497
f 2584 2497 2585
f 2585 2497 2586
f 2587 2580 2588
f 2588 2580 2499
f 2588 2499 2589
f 2589 2499 2583
f 2589 2583 2590
f 2590 2583 2591
f 2588 2589 2587
f 2587 2589 2590
f 2583 2584 2591
f 2591 2584 2585
f 2461 2592 2593
f 2529 2474 2462
f 2462 2461 2529
f 2529 2461 2593
f 2529 2593 2497
f 2497 2593 2586
f 2592 2461 2463
f 2592 2463 2594
f 2594 2463 2464
f 2594 2464 2595
f 2595 2464 2465
f 2595 2465 2596
f 2596 2465 2467
f 2596 2467 2597
f 2597 2467 2466
f 2597 2466 2468
f 2574 2409 2408
f 2574 2408 2598
f 2598 2408 2371
f 2598 2371 2599
f 2371 2379 2599
f 2599 2379 2600
f 2401 2601 2379
f 2379 2601 2600
f 2401 2403 2601
f 2601 2403 2602
f 2419 2603 2403
f 2403 2603 2602
f 2419 2428 2603
f 2603 2428 2604
f 2389 2605 2443
f 2443 2605 2606
f 2443 2606 2442
f 2442 2606 2607
f 2442 2607 2428
f 2428 2607 2604
f 2389 2391 2605
f 2605 2391 2608
f 2433 2551 2431
f 2431 2551 2609
f 2431 2609 2411
f 2411 2609 2610
f 2411 2610 2412
f 2412 2610 2611
f 2412 2611 2391
f 2391 2611 2608
f 2549 2548 2225
f 2600 2575 2599
f 2599 2575 2574
f 2599 2574 2598
f 2596 2597 2578
f 2578 2597 2573
f 2573 2597 2468
f 2573 2468 2569
f 2569 2468 2469
f 2569 2469 2570
f 2570 2469 2470
f 2570 2470 2571
f 2571 2470 2471
f 2571 2471 2572
f 2572 2471 2472
f 2572 2472 2568
f 2549 2225 2612
f 2612 2225 2227
f 2612 2227 2550
f 2535 2536 2611
f 2591 2601 2590
f 2590 2601 2602
f 2590 2602 2603
f 2252 2225 2548
f 2252 2548 2253
f 2253 2548 2566
f 2253 2566 2346
f 2346 2566 2567
f 2346 2567 2347
f 2347 2567 2568
f 2347 2568 2473
f 2473 2568 2472
f 2603 2604 2590
f 2590 2604 2587
f 2611 2536 2608
f 2608 2536 2537
f 2608 2537 2605
f 2605 2537 2579
f 2605 2579 2606
f 2606 2579 2582
f 2606 2582 2607
f 2607 2582 2581
f 2607 2581 2604
f 2604 2581 2580
f 2604 2580 2587
f 2600 2601 2575
f 2575 2601 2591
f 2575 2591 2576
f 2576 2591 2585
f 2576 2585 2586
f 2586 2593 2576
f 2576 2593 2592
f 2576 2592 2594
f 2578 2577 2596
f 2596 2577 2576
f 2596 2576 2595
f 2595 2576 2594
f 2611 2610 2535
f 2535 2610 2609
f 2535 2609 2230
f 2230 2609 2551
f 2230 2551 2239
f 2239 2551 2550
f 2239 2550 2227
f 2228 2226 2613
f 2613 2226 2614
f 2224 2222 2615
f 2615 2222 2616
f 2614 2226 2385
f 2385 2226 2224
f 2385 2224 2375
f 2375 2224 2615
f 2375 2615 2617
f 2617 2615 2618
f 2222 2234 2616
f 2616 2234 2619
f 2539 2481 2541
f 2541 2481 2479
f 2541 2479 2543
f 2543 2479 2478
f 2543 2478 2544
f 2544 2478 2480
f 2544 2480 2546
f 2619 2234 2618
f 2618 2234 2240
f 2618 2240 2617
f 2617 2240 2620
f 2617 2620 2552
f 2552 2620 2621
f 2552 2621 2553
f 2240 2219 2620
f 2620 2219 2622
f 2219 2229 2622
f 2622 2229 2623
f 2366 2375 2552
f 2552 2375 2617
f 2165 2163 2624
f 2624 2163 2161
f 2624 2161 2159
f 2171 2169 2624
f 2624 2169 2167
f 2624 2167 2165
f 2153 2151 2624
f 2624 2151 2149
f 2624 2149 2171
f 2159 2157 2624
f 2624 2157 2155
f 2624 2155 2153
f 2538 2482 2539
f 2539 2482 2481
f 2619 2618 2616
f 2616 2618 2615
f 2193 2191 2189
f 2175 2173 2625
f 2177 2175 2179
f 2179 2175 2625
f 2179 2625 2181
f 2181 2625 2626
f 2181 2626 2183
f 2183 2626 2185
f 2185 2626 2187
f 2187 2626 2627
f 2187 2627 2189
f 2189 2627 2195
f 2189 2195 2193
f 2229 2228 2623
f 2623 2228 2613
f 2173 2172 2502
f 2407 2195 2369
f 2369 2195 2627
f 2369 2627 2370
f 2370 2627 2626
f 2370 2626 2402
f 2402 2626 2625
f 2402 2625 2418
f 2194 2195 2516
f 2516 2195 2407
f 2516 2407 2491
f 2491 2407 2425
f 2491 2425 2492
f 2492 2425 2424
f 2492 2424 2504
f 2504 2424 2423
f 2504 2423 2519
f 2519 2423 2417
f 2519 2417 2517
f 2517 2417 2416
f 2517 2416 2534
f 2534 2416 2406
f 2534 2406 2503
f 2503 2406 2405
f 2503 2405 2502
f 2502 2405 2418
f 2502 2418 2173
f 2173 2418 2625
f 2520 2404 2521
f 2521 2404 2377
f 2521 2377 2505
f 2505 2377 2376
f 2505 2376 2506
f 2506 2376 2421
f 2506 2421 2511
f 2511 2421 2422
f 2511 2422 2510
f 2510 2422 2430
f 2510 2430 2509
f 2509 2430 2429
f 2509 2429 2501
f 2501 2429 2441
f 2501 2441 2500
f 2500 2441 2440
f 2500 2440 2498
f 2498 2440 2427
f 2498 2427 2496
f 2496 2427 2426
f 2496 2426 2518
f 2518 2426 2420
f 2518 2420 2520
f 2520 2420 2404
f 2435 2437 2489
f 2489 2437 2490
f 2394 2393 2525
f 2525 2393 2526
f 2490 2437 2530
f 2530 2437 2436
f 2530 2436 2531
f 2531 2436 2434
f 2531 2434 2524
f 2524 2434 2432
f 2524 2432 2528
f 2528 2432 2438
f 2528 2438 2527
f 2527 2438 2439
f 2527 2439 2525
f 2525 2439 2394
f 2488 2515 2552
f 2552 2515 2367
f 2552 2367 2366
f 2485 2397 2507
f 2507 2397 2399
f 2507 2399 2508
f 2508 2399 2400
f 2508 2400 2512
f 2512 2400 2396
f 2512 2396 2513
f 2513 2396 2395
f 2513 2395 2514
f 2514 2395 2368
f 2514 2368 2515
f 2515 2368 2367
f 2397 2485 2398
f 2398 2485 2484
f 2398 2484 2388
f 2388 2484 2476
f 2388 2476 2378
f 2378 2476 2475
f 2378 2475 2390
f 2390 2475 2477
f 2390 2477 2392
f 2392 2477 2483
f 2392 2483 2393
f 2393 2483 2526
f 2612 2621 2622
f 2622 2621 2620
f 2385 2386 2614
f 2614 2386 2549
f 2614 2549 2613
f 2613 2549 2612
f 2613 2612 2623
f 2623 2612 2622
f 2621 2612 2553
f 2553 2612 2550
f 2547 2522 2487
f 2547 2487 2545
f 2545 2487 2486
f 2545 2486 2542
f 2482 2538 2486
f 2486 2538 2540
f 2486 2540 2542
f 2628 2629 2630
f 2630 2629 2631
f 2630 2631 2632
f 2633 2634 2630
f 2630 2634 2635
f 2630 2635 2628
f 2636 2637 2630
f 2630 2637 2638
f 2630 2638 2633
f 2632 2639 2630
f 2630 2639 2640
f 2630 2640 2636
f 2631 2245 2632
f 2632 2245 2233
f 2632 2233 2639
f 2639 2233 2235
f 2639 2235 2640
f 2640 2235 2236
f 2640 2236 2636
f 2636 2236 2251
f 2636 2251 2637
f 2637 2251 2256
f 2637 2256 2638
f 2638 2256 2255
f 2638 2255 2633
f 2633 2255 2254
f 2633 2254 2634
f 2634 2254 2250
f 2634 2250 2635
f 2635 2250 2249
f 2635 2249 2628
f 2628 2249 2247
f 2628 2247 2629
f 2629 2247 2246
f 2629 2246 2631
f 2631 2246 2245
f 2558 2232 2559
f 2559 2232 2231
f 2559 2231 2554
f 2554 2231 2244
f 2554 2244 2555
f 2555 2244 2243
f 2555 2243 2560
f 2560 2243 2242
f 2560 2242 2561
f 2561 2242 2238
f 2561 2238 2562
f 2562 2238 2237
f 2562 2237 2563
f 2563 2237 2217
f 2563 2217 2564
f 2564 2217 2241
f 2564 2241 2565
f 2565 2241 2216
f 2565 2216 2556
f 2556 2216 2214
f 2556 2214 2557
f 2557 2214 2213
f 2557 2213 2558
f 2558 2213 2232
f 2641 2642 2643
f 2643 2642 2644
f 2645 2297 2646
f 2646 2297 2295
f 2647 2648 2644
f 2644 2648 2649
f 2644 2649 2643
f 2275 2273 2289
f 2289 2273 2650
f 2289 2650 2291
f 2293 2651 2295
f 2295 2651 2652
f 2295 2652 2646
f 2653 2654 2655
f 2655 2654 2656
f 2655 2656 2657
f 2283 2657 2658
f 2293 2291 2651
f 2651 2291 2650
f 2651 2650 2659
f 2659 2650 2660
f 2659 2660 2661
f 2661 2660 2267
f 2661 2267 2662
f 2662 2267 2663
f 2662 2663 2664
f 2664 2663 2263
f 2664 2263 2641
f 2641 2263 2261
f 2641 2261 2665
f 2283 2658 2285
f 2285 2658 2666
f 2285 2666 2667
f 2653 2668 2654
f 2654 2668 2669
f 2654 2669 2647
f 2647 2669 2670
f 2647 2670 2648
f 2648 2670 2671
f 2648 2671 2672
f 2672 2671 2673
f 2672 2673 2674
f 2674 2673 2675
f 2674 2675 2676
f 2676 2675 2677
f 2676 2677 2678
f 2678 2677 2679
f 2678 2679 2645
f 2645 2679 2680
f 2645 2680 2681
f 2657 2283 2655
f 2655 2283 2281
f 2655 2281 2681
f 2665 2682 2641
f 2641 2682 2683
f 2641 2683 2642
f 2289 2667 2275
f 2275 2667 2666
f 2275 2666 2277
f 2277 2666 2279
f 2279 2666 2684
f 2684 2666 2685
f 2684 2685 2665
f 2665 2685 2686
f 2665 2686 2682
f 2281 2303 2681
f 2681 2303 2301
f 2681 2301 2645
f 2645 2301 2687
f 2645 2687 2297
f 2688 2648 2689
f 2689 2648 2672
f 2659 2690 2651
f 2651 2690 2691
f 2667 2692 2285
f 2285 2692 2693
f 2285 2693 2283
f 2283 2693 2694
f 2283 2694 2281
f 2281 2694 2695
f 2281 2695 2303
f 2303 2695 2696
f 2303 2696 2301
f 2301 2696 2697
f 2301 2697 2687
f 2687 2697 2698
f 2687 2698 2297
f 2297 2698 2699
f 2297 2699 2295
f 2295 2699 2700
f 2295 2700 2293
f 2293 2700 2701
f 2293 2701 2291
f 2291 2701 2702
f 2291 2702 2289
f 2289 2702 2703
f 2289 2703 2667
f 2667 2703 2692
f 2669 2704 2670
f 2670 2704 2705
f 2670 2705 2671
f 2671 2705 2706
f 2671 2706 2673
f 2673 2706 2707
f 2673 2707 2675
f 2675 2707 2708
f 2675 2708 2677
f 2677 2708 2709
f 2677 2709 2679
f 2679 2709 2710
f 2679 2710 2680
f 2680 2710 2711
f 2680 2711 2681
f 2681 2711 2712
f 2681 2712 2655
f 2655 2712 2713
f 2655 2713 2653
f 2653 2713 2714
f 2653 2714 2668
f 2668 2714 2715
f 2668 2715 2669
f 2669 2715 2704
f 2263 2716 2261
f 2261 2716 2717
f 2261 2717 2665
f 2665 2717 2718
f 2665 2718 2684
f 2684 2718 2719
f 2684 2719 2279
f 2279 2719 2720
f 2279 2720 2277
f 2277 2720 2721
f 2277 2721 2275
f 2275 2721 2722
f 2275 2722 2273
f 2273 2722 2723
f 2273 2723 2650
f 2650 2723 2724
f 2650 2724 2660
f 2660 2724 2725
f 2660 2725 2267
f 2267 2725 2726
f 2267 2726 2663
f 2663 2726 2727
f 2663 2727 2263
f 2263 2727 2716
f 2683 2728 2642
f 2642 2728 2729
f 2642 2729 2644
f 2644 2729 2730
f 2644 2730 2647
f 2647 2730 2731
f 2647 2731 2654
f 2654 2731 2732
f 2654 2732 2656
f 2656 2732 2733
f 2656 2733 2657
f 2657 2733 2734
f 2657 2734 2658
f 2658 2734 2735
f 2658 2735 2666
f 2666 2735 2736
f 2666 2736 2685
f 2685 2736 2737
f 2685 2737 2686
f 2686 2737 2738
f 2686 2738 2682
f 2682 2738 2739
f 2682 2739 2683
f 2683 2739 2728
f 2690 2659 2661
f 2690 2661 2740
f 2740 2661 2662
f 2740 2662 2741
f 2741 2662 2664
f 2741 2664 2742
f 2742 2664 2743
f 2743 2664 2641
f 2743 2641 2643
f 2743 2643 2744
f 2744 2643 2649
f 2744 2649 2745
f 2745 2649 2648
f 2745 2648 2688
f 2746 2645 2646
f 2746 2646 2747
f 2747 2646 2652
f 2747 2652 2748
f 2748 2652 2651
f 2748 2651 2691
f 2645 2746 2678
f 2678 2746 2749
f 2693 2725 2694
f 2694 2725 2724
f 2694 2724 2695
f 2695 2724 2723
f 2695 2723 2722
f 2706 2688 2707
f 2707 2688 2689
f 2707 2689 2708
f 2689 2750 2708
f 2708 2750 2751
f 2708 2751 2709
f 2709 2751 2749
f 2709 2749 2710
f 2743 2718 2717
f 2743 2717 2742
f 2710 2749 2711
f 2711 2749 2746
f 2711 2746 2712
f 2717 2716 2742
f 2742 2716 2727
f 2742 2727 2741
f 2741 2727 2726
f 2725 2690 2726
f 2726 2690 2740
f 2726 2740 2741
f 2693 2692 2725
f 2725 2692 2703
f 2725 2703 2690
f 2690 2703 2702
f 2690 2702 2691
f 2691 2702 2701
f 2691 2701 2748
f 2748 2701 2700
f 2748 2700 2747
f 2747 2700 2699
f 2747 2699 2746
f 2722 2721 2736
f 2736 2721 2720
f 2736 2720 2737
f 2737 2720 2719
f 2737 2719 2738
f 2738 2719 2718
f 2738 2718 2739
f 2739 2718 2743
f 2715 2735 2704
f 2704 2735 2734
f 2704 2734 2705
f 2705 2734 2733
f 2705 2733 2706
f 2706 2733 2732
f 2706 2732 2688
f 2688 2732 2731
f 2688 2731 2745
f 2745 2731 2730
f 2745 2730 2744
f 2744 2730 2729
f 2744 2729 2743
f 2743 2729 2728
f 2743 2728 2739
f 2699 2698 2746
f 2746 2698 2697
f 2746 2697 2712
f 2712 2697 2696
f 2712 2696 2713
f 2713 2696 2695
f 2713 2695 2714
f 2714 2695 2722
f 2714 2722 2715
f 2715 2722 2736
f 2715 2736 2735
f 2689 2672 2674
f 2689 2674 2750
f 2750 2674 2676
f 2750 2676 2751
f 2751 2676 2678
f 2751 2678 2749
f 2752 2753 2754
f 2755 2756 2757
f 2757 2756 2752
f 2757 2752 2758
f 2758 2752 2754
f 2759 2760 2761
f 2761 2762 2759
f 2759 2762 2763
f 2759 2763 2753
f 2753 2763 2764
f 2753 2764 2754
f 2765 2766 2767
f 2767 2768 2765
f 2765 2768 2769
f 2765 2769 2760
f 2760 2769 2770
f 2760 2770 2761
f 2771 2772 2773
f 2773 2774 2771
f 2771 2774 2775
f 2771 2775 2766
f 2766 2775 2776
f 2766 2776 2767
f 2777 2778 2779
f 2779 2778 2780
f 2779 2780 2772
f 2772 2780 2781
f 2772 2781 2773
f 2782 2783 2777
f 2777 2783 2784
f 2777 2784 2778
f 2785 2786 2782
f 2782 2786 2787
f 2782 2787 2783
f 2788 2789 2785
f 2785 2789 2790
f 2785 2790 2786
f 2791 2792 2788
f 2788 2792 2793
f 2788 2793 2789
f 2794 2795 2791
f 2791 2795 2796
f 2791 2796 2792
f 2797 2798 2794
f 2794 2798 2799
f 2794 2799 2795
f 2800 2801 2797
f 2797 2801 2802
f 2797 2802 2798
f 2755 2803 2756
f 2756 2803 2804
f 2756 2804 2805
f 2805 2804 2806
f 2805 2806 2807
f 2807 2806 2808
f 2807 2808 2800
f 2800 2808 2809
f 2800 2809 2801
f 2803 2810 2811
f 2803 2755 2810
f 2810 2755 2757
f 2810 2757 2812
f 2757 2758 2812
f 2812 2758 2754
f 2812 2754 2813
f 2754 2764 2813
f 2813 2764 2763
f 2813 2763 2814
f 2763 2762 2814
f 2814 2762 2761
f 2814 2761 2815
f 2815 2761 2770
f 2815 2770 2816
f 2770 2769 2816
f 2816 2769 2768
f 2816 2768 2817
f 2768 2767 2817
f 2817 2767 2776
f 2817 2776 2818
f 2776 2775 2818
f 2818 2775 2774
f 2818 2774 2819
f 2819 2774 2773
f 2773 2781 2819
f 2819 2781 2780
f 2819 2780 2820
f 2780 2778 2820
f 2820 2778 2784
f 2820 2784 2821
f 2784 2783 2821
f 2821 2783 2787
f 2821 2787 2822
f 2787 2786 2822
f 2822 2786 2790
f 2822 2790 2823
f 2790 2789 2823
f 2823 2789 2793
f 2823 2793 2824
f 2793 2792 2824
f 2824 2792 2796
f 2824 2796 2825
f 2796 2795 2825
f 2825 2795 2799
f 2825 2799 2826
f 2799 2798 2826
f 2826 2798 2802
f 2826 2802 2827
f 2802 2801 2827
f 2827 2801 2809
f 2827 2809 2828
f 2809 2808 2828
f 2828 2808 2806
f 2828 2806 2811
f 2811 2806 2804
f 2811 2804 2803
f 2812 2829 2810
f 2810 2829 2830
f 2810 2830 2811
f 2811 2830 2831
f 2811 2831 2828
f 2821 2832 2820
f 2820 2832 2833
f 2820 2833 2819
f 2814 2834 2813
f 2813 2834 2835
f 2813 2835 2812
f 2812 2835 2836
f 2812 2836 2829
f 2816 2837 2815
f 2815 2837 2838
f 2815 2838 2814
f 2814 2838 2839
f 2814 2839 2834
f 2833 2840 2819
f 2819 2840 2841
f 2819 2841 2818
f 2818 2841 2842
f 2818 2842 2817
f 2817 2842 2843
f 2817 2843 2816
f 2816 2843 2844
f 2816 2844 2837
f 2824 2845 2823
f 2823 2845 2846
f 2823 2846 2822
f 2822 2846 2847
f 2822 2847 2821
f 2821 2847 2848
f 2821 2848 2832
f 2826 2849 2825
f 2825 2849 2850
f 2825 2850 2824
f 2824 2850 2851
f 2824 2851 2845
f 2831 2852 2828
f 2828 2852 2853
f 2828 2853 2827
f 2827 2853 2854
f 2827 2854 2826
f 2826 2854 2855
f 2826 2855 2849
f 2856 2857 2858
f 2859 2860 2861
f 2862 2863 2858
f 2864 2865 2858
f 2866 2867 2868
f 2869 2870 2858
f 2871 2872 2873
f 2858 2874 2875
f 2876 2874 2858
f 2877 2876 2858
f 2858 2878 2879
f 2880 2858 2879
f 2875 2878 2858
f 2881 2882 2880
f 2880 2882 2858
f 2858 2883 2884
f 2885 2883 2858
f 2886 2885 2858
f 2884 2877 2858
f 2887 2888 2858
f 2887 2858 2889
f 2888 2886 2858
f 2858 2890 2891
f 2892 2890 2858
f 2858 2893 2871
f 2894 2893 2858
f 2891 2894 2858
f 2895 2892 2858
f 2870 2895 2858
f 2858 2896 2897
f 2898 2896 2858
f 2899 2898 2858
f 2897 2869 2858
f 2858 2868 2900
f 2900 2868 2901
f 2899 2858 2900
f 2858 2902 2903
f 2866 2868 2903
f 2903 2868 2858
f 2865 2902 2858
f 2904 2864 2858
f 2905 2904 2858
f 2863 2905 2858
f 2906 2862 2858
f 2907 2906 2858
f 2908 2907 2858
f 2861 2909 2910
f 2910 2911 2861
f 2861 2911 2908
f 2861 2908 2858
f 2858 2857 2861
f 2861 2857 2912
f 2861 2912 2859
f 2858 2913 2914
f 2915 2858 2914
f 2916 2913 2858
f 2915 2856 2858
f 2858 2917 2918
f 2919 2858 2918
f 2920 2917 2858
f 2919 2916 2858
f 2921 2920 2858
f 2922 2923 2882
f 2882 2923 2921
f 2882 2921 2858
f 2858 2873 2924
f 2925 2858 2924
f 2871 2873 2858
f 2926 2889 2925
f 2925 2889 2858
f 2927 2928 2929
f 2927 2929 2930
f 2931 2911 2910
f 2910 2909 2932
f 2931 2910 2933
f 2933 2910 2932
f 2933 2932 2929
f 2929 2932 2934
f 2929 2934 2930
f 2921 2935 2920
f 2920 2935 2936
f 2920 2936 2917
f 2917 2936 2918
f 2918 2936 2919
f 2919 2936 2937
f 2919 2937 2916
f 2938 2914 2937
f 2937 2914 2913
f 2937 2913 2916
f 2939 2912 2938
f 2938 2912 2857
f 2857 2856 2938
f 2938 2856 2915
f 2938 2915 2914
f 2940 2941 2942
f 2940 2942 2943
f 2935 2921 2923
f 2923 2922 2944
f 2935 2923 2945
f 2945 2923 2944
f 2945 2944 2942
f 2942 2944 2946
f 2942 2946 2943
f 2947 2948 2949
f 2949 2948 2950
f 2947 2951 2948
f 2948 2951 2952
f 2948 2952 2953
f 2952 2881 2953
f 2953 2881 2880
f 2953 2880 2954
f 2954 2880 2879
f 2954 2879 2878
f 2955 2956 2957
f 2957 2956 2958
f 2912 2939 2859
f 2859 2939 2959
f 2955 2960 2956
f 2956 2960 2961
f 2956 2961 2959
f 2959 2961 2860
f 2959 2860 2859
f 2911 2931 2908
f 2908 2931 2962
f 2908 2962 2907
f 2907 2962 2906
f 2906 2962 2862
f 2862 2962 2963
f 2862 2963 2863
f 2964 2904 2963
f 2963 2904 2905
f 2963 2905 2863
f 2965 2903 2964
f 2964 2903 2902
f 2902 2865 2964
f 2964 2865 2864
f 2964 2864 2904
f 2877 2884 2966
f 2887 2967 2888
f 2888 2967 2968
f 2884 2883 2966
f 2966 2883 2885
f 2966 2885 2968
f 2968 2885 2886
f 2968 2886 2888
f 2877 2966 2876
f 2876 2966 2969
f 2876 2969 2874
f 2874 2969 2875
f 2875 2969 2954
f 2875 2954 2878
f 2970 2971 2972
f 2970 2972 2973
f 2967 2887 2889
f 2889 2926 2974
f 2967 2889 2975
f 2975 2889 2974
f 2975 2974 2972
f 2972 2974 2976
f 2972 2976 2973
f 2977 2978 2979
f 2979 2978 2980
f 2893 2981 2871
f 2871 2981 2982
f 2977 2983 2978
f 2978 2983 2984
f 2978 2984 2982
f 2982 2984 2872
f 2982 2872 2871
f 2898 2985 2896
f 2896 2985 2986
f 2896 2986 2897
f 2897 2986 2869
f 2869 2986 2987
f 2869 2987 2870
f 2890 2892 2987
f 2987 2892 2895
f 2987 2895 2870
f 2890 2987 2891
f 2891 2987 2988
f 2891 2988 2894
f 2894 2988 2981
f 2894 2981 2893
f 2989 2990 2991
f 2989 2991 2992
f 2900 2901 2993
f 2898 2899 2985
f 2985 2899 2900
f 2985 2900 2994
f 2994 2900 2993
f 2994 2993 2991
f 2991 2993 2995
f 2991 2995 2992
f 2996 2997 2998
f 2998 2997 2999
f 2903 2965 2866
f 2866 2965 3000
f 2996 3001 2997
f 2997 3001 3002
f 2997 3002 3000
f 3000 3002 2867
f 3000 2867 2866
f 3003 3004 2839
f 3005 2830 3006
f 3006 2830 2829
f 3006 2829 3007
f 3007 2829 2836
f 3007 2836 3008
f 3008 2836 3009
f 3009 2836 3010
f 3010 2836 2835
f 3010 2835 3011
f 3011 2835 2834
f 3011 2834 3012
f 2839 3004 2834
f 2834 3004 3013
f 2834 3013 3012
f 3003 2839 3014
f 3014 2839 2838
f 3014 2838 3015
f 2844 3016 2837
f 2837 3016 3017
f 2837 3017 2838
f 2838 3017 3018
f 2838 3018 3015
f 2843 3019 2844
f 2844 3019 3020
f 2844 3020 3016
f 2842 3021 2843
f 2843 3021 3022
f 2843 3022 3019
f 2841 3023 2842
f 2842 3023 3024
f 2842 3024 3021
f 3025 3026 2840
f 2840 3026 3027
f 2840 3027 2841
f 2841 3027 3028
f 2841 3028 3023
f 3025 2840 3029
f 3029 2840 2833
f 3029 2833 3030
f 3030 2833 2832
f 3030 2832 3031
f 3031 2832 3032
f 3032 2832 2848
f 3032 2848 3033
f 2846 3034 2847
f 2847 3034 3035
f 2847 3035 2848
f 2848 3035 3036
f 2848 3036 3033
f 2845 3037 2846
f 2846 3037 3038
f 2846 3038 3034
f 3039 3040 2851
f 2851 3040 3041
f 2851 3041 2845
f 2845 3041 3042
f 2845 3042 3037
f 3039 2851 3043
f 3043 2851 2850
f 3043 2850 3044
f 3044 2850 2849
f 3044 2849 3045
f 3046 3047 2854
f 2854 3047 3048
f 2854 3048 2855
f 2855 3048 3049
f 2855 3049 2849
f 2849 3049 3050
f 2849 3050 3045
f 3046 2854 3051
f 3051 2854 2853
f 3051 2853 3052
f 3052 2853 2852
f 3052 2852 3053
f 3005 3054 2830
f 2830 3054 3055
f 2830 3055 2831
f 2831 3055 3056
f 2831 3056 2852
f 2852 3056 3057
f 2852 3057 3053
f 2945 2942 3058
f 3059 3060 3061
f 2986 2985 3062
f 2994 2991 3063
f 2958 2956 3064
f 3065 3066 3067
f 3068 3069 3070
f 3071 3072 3073
f 3074 3075 3076
f 3077 3078 3079
f 3080 3081 3082
f 3082 3081 3083
f 3080 3082 3084
f 3084 3082 3085
f 3084 3085 3086
f 3086 3085 3087
f 3087 3085 3088
f 3087 3088 3089
f 3090 3091 3092
f 3092 3091 3093
f 3092 3093 3094
f 3095 3096 3097
f 3097 3096 3098
f 3097 3098 3099
f 3100 3101 3102
f 3102 3101 3103
f 3103 3101 3104
f 3104 3101 3105
f 3104 3105 3106
f 3106 3105 3107
f 3107 3105 3108
f 3107 3108 3109
f 3109 3108 3110
f 3110 3108 3111
f 3110 3111 3112
f 3113 3114 3115
f 3116 3117 3118
f 3118 3117 3119
f 3118 3119 3120
f 3121 3122 3123
f 3123 3122 3124
f 3123 3124 3125
f 3125 3124 3126
f 3126 3124 3127
f 3126 3127 3128
f 3128 3127 3129
f 3129 3127 3130
f 3129 3130 3131
f 3131 3130 3132
f 3132 3130 3133
f 3132 3133 3134
f 3134 3133 3135
f 3135 3133 3136
f 3135 3136 3137
f 3137 3136 3138
f 3138 3136 3139
f 3138 3139 3140
f 3141 3142 3143
f 3143 3142 3140
f 3144 3145 3067
f 3067 3145 3146
f 3067 3146 3065
f 3081 3147 3083
f 3083 3147 3148
f 3083 3148 3144
f 3144 3148 3149
f 3144 3149 3145
f 3150 3151 3152
f 3150 3152 3153
f 2929 2928 3154
f 3154 2928 3150
f 3150 2928 3155
f 3150 3155 3151
f 2931 2933 3156
f 2965 2964 3157
f 3157 2964 2963
f 3157 2963 2962
f 2965 3157 3000
f 3000 3157 3158
f 3000 3158 2997
f 2997 3158 2999
f 2999 3158 3159
f 2999 3159 3160
f 3160 3159 3161
f 3160 3161 3162
f 2991 2990 3163
f 3163 2990 3161
f 3161 2990 3164
f 3161 3164 3162
f 2994 3063 2985
f 2987 2986 2988
f 2988 2986 3062
f 2988 3062 2981
f 2981 3062 2982
f 2982 3062 3165
f 2982 3165 2978
f 2978 3165 2980
f 2980 3165 3166
f 2980 3166 3167
f 3167 3166 3168
f 3167 3168 3169
f 2972 2971 3170
f 3170 2971 3168
f 3168 2971 3171
f 3168 3171 3169
f 2967 2975 3172
f 2954 2969 3173
f 3173 2969 2966
f 3173 2966 2968
f 2954 3173 2953
f 2953 3173 3174
f 2953 3174 2948
f 2948 3174 2950
f 2950 3174 3175
f 2950 3175 3176
f 3058 2942 3177
f 3059 3061 2941
f 2959 2939 3178
f 3178 2939 3179
f 2945 3058 2935
f 2935 3058 3178
f 2935 3178 3180
f 3180 3178 3179
f 3180 3179 2937
f 3072 3074 3073
f 3073 3074 3076
f 3073 3076 3175
f 3175 3076 3061
f 3175 3061 3176
f 3176 3061 3060
f 3075 3181 3076
f 3076 3181 3182
f 3076 3182 3061
f 3061 3182 3177
f 3061 3177 2941
f 2941 3177 2942
f 3098 3068 3099
f 3099 3068 3070
f 3099 3070 3097
f 3097 3070 3183
f 3097 3183 3184
f 3184 3183 3185
f 3184 3185 3170
f 3170 3185 3172
f 3170 3172 2972
f 2972 3172 2975
f 3069 3071 3070
f 3070 3071 3073
f 3070 3073 3183
f 3183 3073 3175
f 3183 3175 3185
f 3185 3175 3174
f 3185 3174 3172
f 3172 3174 3173
f 3172 3173 2967
f 2967 3173 2968
f 3181 3077 3182
f 3182 3077 3079
f 3182 3079 3177
f 3177 3079 3186
f 3177 3186 3058
f 3058 3186 3187
f 3058 3187 3178
f 3178 3187 3064
f 3178 3064 2959
f 2959 3064 2956
f 3078 3094 3079
f 3079 3094 3093
f 3079 3093 3186
f 3186 3093 3091
f 3186 3091 3187
f 3187 3091 3188
f 3187 3188 3064
f 3064 3188 3153
f 3064 3153 2958
f 2958 3153 3152
f 3102 3095 3100
f 3100 3095 3097
f 3100 3097 3101
f 3101 3097 3184
f 3101 3184 3105
f 3105 3184 3170
f 3105 3170 3108
f 3108 3170 3168
f 3108 3168 3111
f 3111 3168 3166
f 2985 3063 3062
f 3062 3063 3189
f 3062 3189 3165
f 3165 3189 3190
f 3165 3190 3166
f 3166 3190 3113
f 3166 3113 3111
f 3111 3113 3115
f 3111 3115 3112
f 2991 3163 3063
f 3063 3163 3191
f 3063 3191 3189
f 3189 3191 3119
f 3189 3119 3190
f 3190 3119 3117
f 3190 3117 3113
f 3113 3117 3116
f 3113 3116 3114
f 2962 2931 3157
f 3157 2931 3156
f 3157 3156 3158
f 3158 3156 3192
f 3158 3192 3159
f 3159 3192 3193
f 2933 2929 3156
f 3156 2929 3154
f 3156 3154 3192
f 3192 3154 3194
f 3192 3194 3193
f 3193 3194 3143
f 3090 3089 3091
f 3091 3089 3088
f 3091 3088 3188
f 3188 3088 3085
f 3188 3085 3153
f 3153 3085 3082
f 3153 3082 3150
f 3150 3082 3083
f 3150 3083 3154
f 3154 3083 3144
f 3154 3144 3194
f 3194 3144 3067
f 3194 3067 3143
f 3143 3067 3066
f 3143 3066 3141
f 3141 3066 3065
f 3140 3139 3143
f 3143 3139 3136
f 3143 3136 3193
f 3193 3136 3133
f 3193 3133 3159
f 3159 3133 3130
f 3159 3130 3161
f 3161 3130 3127
f 3161 3127 3163
f 3163 3127 3124
f 3163 3124 3191
f 3191 3124 3122
f 3191 3122 3119
f 3119 3122 3121
f 3119 3121 3120
f 3014 3195 3003
f 3003 3195 3196
f 3003 3196 3004
f 3004 3196 3197
f 3004 3197 3013
f 3013 3197 3198
f 3013 3198 3012
f 3012 3198 3199
f 3012 3199 3011
f 3011 3199 3200
f 3011 3200 3010
f 3010 3200 3201
f 3010 3201 3009
f 3009 3201 3202
f 3009 3202 3008
f 3008 3202 3203
f 3008 3203 3007
f 3007 3203 3204
f 3007 3204 3006
f 3006 3204 3205
f 3006 3205 3005
f 3005 3205 3206
f 3005 3206 3054
f 3054 3206 3207
f 3054 3207 3055
f 3055 3207 3208
f 3055 3208 3056
f 3056 3208 3209
f 3056 3209 3057
f 3057 3209 3210
f 3057 3210 3053
f 3053 3210 3211
f 3053 3211 3052
f 3052 3211 3212
f 3052 3212 3051
f 3051 3212 3213
f 3051 3213 3046
f 3046 3213 3214
f 3046 3214 3047
f 3047 3214 3215
f 3047 3215 3048
f 3048 3215 3216
f 3048 3216 3049
f 3049 3216 3217
f 3049 3217 3050
f 3050 3217 3218
f 3050 3218 3045
f 3045 3218 3219
f 3045 3219 3044
f 3044 3219 3220
f 3044 3220 3043
f 3043 3220 3221
f 3043 3221 3039
f 3039 3221 3222
f 3039 3222 3040
f 3040 3222 3223
f 3040 3223 3041
f 3041 3223 3224
f 3041 3224 3042
f 3042 3224 3225
f 3042 3225 3037
f 3037 3225 3226
f 3037 3226 3038
f 3038 3226 3227
f 3038 3227 3034
f 3034 3227 3228
f 3034 3228 3035
f 3035 3228 3229
f 3035 3229 3036
f 3036 3229 3230
f 3036 3230 3033
f 3033 3230 3231
f 3033 3231 3032
f 3032 3231 3232
f 3032 3232 3031
f 3031 3232 3233
f 3031 3233 3030
f 3030 3233 3234
f 3030 3234 3029
f 3029 3234 3235
f 3029 3235 3025
f 3025 3235 3236
f 3025 3236 3026
f 3026 3236 3237
f 3026 3237 3027
f 3027 3237 3238
f 3027 3238 3028
f 3028 3238 3239
f 3028 3239 3023
f 3023 3239 3240
f 3023 3240 3024
f 3024 3240 3241
f 3024 3241 3021
f 3021 3241 3242
f 3021 3242 3022
f 3022 3242 3243
f 3022 3243 3019
f 3019 3243 3244
f 3019 3244 3020
f 3020 3244 3245
f 3020 3245 3016
f 3016 3245 3246
f 3016 3246 3017
f 3017 3246 3247
f 3017 3247 3018
f 3018 3247 3248
f 3018 3248 3015
f 3015 3248 3249
f 3015 3249 3014
f 3014 3249 3195
f 3249 3132 3195
f 3195 3132 3134
f 3195 3134 3196
f 3196 3134 3135
f 3196 3135 3197
f 3197 3135 3137
f 3197 3137 3198
f 3198 3137 3138
f 3198 3138 3199
f 3199 3138 3140
f 3199 3140 3200
f 3200 3140 3142
f 3200 3142 3201
f 3201 3142 3141
f 3201 3141 3202
f 3202 3141 3065
f 3202 3065 3203
f 3203 3065 3146
f 3203 3146 3204
f 3204 3146 3145
f 3204 3145 3205
f 3205 3145 3149
f 3205 3149 3206
f 3206 3149 3148
f 3206 3148 3207
f 3207 3148 3147
f 3207 3147 3208
f 3208 3147 3081
f 3208 3081 3209
f 3209 3081 3080
f 3209 3080 3210
f 3210 3080 3084
f 3210 3084 3211
f 3211 3084 3086
f 3211 3086 3212
f 3212 3086 3087
f 3212 3087 3213
f 3213 3087 3089
f 3213 3089 3214
f 3214 3089 3090
f 3214 3090 3215
f 3215 3090 3092
f 3215 3092 3216
f 3216 3092 3094
f 3216 3094 3217
f 3217 3094 3078
f 3217 3078 3218
f 3218 3078 3077
f 3218 3077 3219
f 3219 3077 3181
f 3219 3181 3220
f 3220 3181 3075
f 3220 3075 3221
f 3221 3075 3074
f 3221 3074 3222
f 3222 3074 3072
f 3222 3072 3223
f 3223 3072 3071
f 3223 3071 3224
f 3224 3071 3069
f 3224 3069 3225
f 3225 3069 3068
f 3225 3068 3226
f 3226 3068 3098
f 3226 3098 3227
f 3227 3098 3096
f 3227 3096 3228
f 3228 3096 3095
f 3228 3095 3229
f 3229 3095 3102
f 3229 3102 3230
f 3230 3102 3103
f 3230 3103 3231
f 3231 3103 3104
f 3231 3104 3232
f 3232 3104 3106
f 3232 3106 3233
f 3233 3106 3107
f 3233 3107 3234
f 3234 3107 3109
f 3234 3109 3235
f 3235 3109 3110
f 3235 3110 3236
f 3236 3110 3112
f 3236 3112 3237
f 3237 3112 3115
f 3237 3115 3238
f 3238 3115 3114
f 3238 3114 3239
f 3239 3114 3116
f 3239 3116 3240
f 3240 3116 3118
f 3240 3118 3241
f 3241 3118 3120
f 3241 3120 3242
f 3242 3120 3121
f 3242 3121 3243
f 3243 3121 3123
f 3243 3123 3244
f 3244 3123 3125
f 3244 3125 3245
f 3245 3125 3126
f 3245 3126 3246
f 3246 3126 3128
f 3246 3128 3247
f 3247 3128 3129
f 3247 3129 3248
f 3248 3129 3131
f 3248 3131 3249
f 3249 3131 3132
f 2881 2952 3250
f 2881 3250 2882
f 2944 2922 3251
f 3251 2922 2882
f 3251 2882 3252
f 3252 2882 3250
f 2946 2944 3251
f 3250 2952 2951
f 3253 2943 2946
f 3254 3255 2943
f 3059 2941 3255
f 3255 3254 3059
f 3059 3254 3256
f 3059 3256 3060
f 3060 3256 3257
f 3060 3257 3176
f 3176 3257 2949
f 3176 2949 2950
f 2943 3253 3254
f 3254 3253 3258
f 3254 3258 3256
f 3256 3258 3259
f 3256 3259 3257
f 3257 3259 2947
f 3257 2947 2949
f 2946 3251 3253
f 3253 3251 3252
f 3253 3252 3258
f 3258 3252 3250
f 3258 3250 3259
f 3259 3250 2951
f 3259 2951 2947
f 2872 2984 2873
f 2873 2984 3260
f 2873 3260 2924
f 2924 3260 3261
f 2924 3261 2925
f 2925 3261 3262
f 2925 3262 2926
f 2926 3262 2974
f 2976 2974 3262
f 3260 2984 2983
f 3263 2973 2976
f 3264 2970 2973
f 3171 2971 2970
f 2970 3264 3171
f 3171 3264 3265
f 3171 3265 3169
f 3169 3265 3266
f 3169 3266 3167
f 3167 3266 2979
f 3167 2979 2980
f 2973 3263 3264
f 3264 3263 3267
f 3264 3267 3265
f 3265 3267 3268
f 3265 3268 3266
f 3266 3268 2977
f 3266 2977 2979
f 2976 3262 3263
f 3263 3262 3261
f 3263 3261 3267
f 3267 3261 3260
f 3267 3260 3268
f 3268 3260 2983
f 3268 2983 2977
f 3002 3269 2867
f 2867 3269 2868
f 2993 2901 3270
f 3270 2901 2868
f 3270 2868 3271
f 3271 2868 3269
f 2995 2993 3270
f 3269 3002 3001
f 3272 2992 2995
f 3273 2989 2992
f 3164 2990 2989
f 2989 3273 3164
f 3164 3273 3274
f 3164 3274 3162
f 3162 3274 3275
f 3162 3275 3160
f 3160 3275 2998
f 3160 2998 2999
f 2992 3272 3273
f 3273 3272 3276
f 3273 3276 3274
f 3274 3276 3277
f 3274 3277 3275
f 3275 3277 2996
f 3275 2996 2998
f 2995 3270 3272
f 3272 3270 3271
f 3272 3271 3276
f 3276 3271 3269
f 3276 3269 3277
f 3277 3269 3001
f 3277 3001 2996
f 2860 2961 3278
f 2860 3278 2861
f 2932 2909 3279
f 3279 2909 2861
f 3279 2861 3280
f 3280 2861 3278
f 2934 2932 3279
f 3278 2961 2960
f 3281 2930 2934
f 3282 2927 2930
f 3155 2928 2927
f 2927 3282 3155
f 3155 3282 3283
f 3155 3283 3151
f 3151 3283 3284
f 3151 3284 3152
f 3152 3284 2957
f 3152 2957 2958
f 2930 3281 3282
f 3282 3281 3285
f 3282 3285 3283
f 3283 3285 3286
f 3283 3286 3284
f 3284 3286 2955
f 3284 2955 2957
f 2934 3279 3281
f 3281 3279 3280
f 3281 3280 3285
f 3285 3280 3278
f 3285 3278 3286
f 3286 3278 2960
f 3286 2960 2955
f 3287 3288 3289
f 3287 3289 3290
f 3291 3292 3289
f 3289 3292 3293
f 3289 3293 3290
f 3294 3295 3289
f 3289 3295 3296
f 3289 3296 3291
f 3297 3298 3289
f 3289 3298 3299
f 3289 3299 3294
f 3300 3301 3289
f 3289 3301 3302
f 3289 3302 3297
f 3303 3304 3289
f 3289 3304 3305
f 3289 3305 3300
f 3288 3306 3289
f 3289 3306 3307
f 3289 3307 3303
f 3308 2807 3309
f 3309 2807 2800
f 3309 2800 3310
f 3310 2800 2797
f 3310 2797 3311
f 3311 2797 2794
f 3311 2794 3312
f 3312 2794 2791
f 3312 2791 3313
f 3313 2791 2788
f 3313 2788 3314
f 3314 2788 2785
f 3314 2785 3315
f 3315 2785 2782
f 3315 2782 3316
f 3316 2782 2777
f 3316 2777 3317
f 3317 2777 2779
f 3317 2779 3318
f 3318 2779 2772
f 3318 2772 3319
f 3319 2772 2771
f 3319 2771 3320
f 3320 2771 2766
f 3320 2766 3321
f 3321 2766 2765
f 3321 2765 3322
f 3322 2765 2760
f 3322 2760 3323
f 3323 2760 2759
f 3323 2759 3324
f 3324 2759 2753
f 3324 2753 3325
f 3325 2753 2752
f 3325 2752 3326
f 3326 2752 2756
f 3326 2756 3327
f 3327 2756 2805
f 3327 2805 3308
f 3308 2805 2807
f 3318 3302 3317
f 3317 3302 3301
f 3317 3301 3316
f 3316 3301 3300
f 3316 3300 3315
f 3315 3300 3305
f 3315 3305 3314
f 3314 3305 3304
f 3314 3304 3313
f 3313 3304 3303
f 3313 3303 3312
f 3312 3303 3307
f 3312 3307 3311
f 3311 3307 3306
f 3311 3306 3310
f 3310 3306 3288
f 3310 3288 3309
f 3309 3288 3287
f 3309 3287 3308
f 3308 3287 3290
f 3308 3290 3327
f 3327 3290 3293
f 3327 3293 3326
f 3326 3293 3292
f 3326 3292 3325
f 3325 3292 3291
f 3325 3291 3324
f 3324 3291 3296
f 3324 3296 3323
f 3323 3296 3295
f 3323 3295 3322
f 3322 3295 3294
f 3322 3294 3321
f 3321 3294 3299
f 3321 3299 3320
f 3320 3299 3298
f 3320 3298 3319
f 3319 3298 3297
f 3319 3297 3318
f 3318 3297 3302
f 3328 3329 3330
f 3331 3332 3333
f 3333 3332 3328
f 3333 3328 3334
f 3334 3328 3330
f 3335 3336 3337
f 3337 3338 3335
f 3335 3338 3339
f 3335 3339 3329
f 3329 3339 3340
f 3329 3340 3330
f 3341 3342 3343
f 3343 3344 3341
f 3341 3344 3345
f 3341 3345 3336
f 3336 3345 3346
f 3336 3346 3337
f 3347 3348 3349
f 3349 3350 3347
f 3347 3350 3351
f 3347 3351 3342
f 3342 3351 3352
f 3342 3352 3343
f 3353 3354 3355
f 3355 3354 3356
f 3355 3356 3348
f 3348 3356 3357
f 3348 3357 3349
f 3358 3359 3353
f 3353 3359 3360
f 3353 3360 3354
f 3361 3362 3358
f 3358 3362 3363
f 3358 3363 3359
f 3364 3365 3361
f 3361 3365 3366
f 3361 3366 3362
f 3367 3368 3364
f 3364 3368 3369
f 3364 3369 3365
f 3370 3371 3367
f 3367 3371 3372
f 3367 3372 3368
f 3373 3374 3370
f 3370 3374 3375
f 3370 3375 3371
f 3376 3377 3373
f 3373 3377 3378
f 3373 3378 3374
f 3331 3379 3332
f 3332 3379 3380
f 3332 3380 3381
f 3381 3380 3382
f 3381 3382 3383
f 3383 3382 3384
f 3383 3384 3376
f 3376 3384 3385
f 3376 3385 3377
f 3379 3386 3387
f 3379 3331 3386
f 3386 3331 3333
f 3386 3333 3388
f 3333 3334 3388
f 3388 3334 3330
f 3388 3330 3389
f 3330 3340 3389
f 3389 3340 3339
f 3389 3339 3390
f 3339 3338 3390
f 3390 3338 3337
f 3390 3337 3391
f 3391 3337 3346
f 3391 3346 3392
f 3346 3345 3392
f 3392 3345 3344
f 3392 3344 3393
f 3344 3343 3393
f 3393 3343 3352
f 3393 3352 3394
f 3352 3351 3394
f 3394 3351 3350
f 3394 3350 3395
f 3395 3350 3349
f 3349 3357 3395
f 3395 3357 3356
f 3395 3356 3396
f 3356 3354 3396
f 3396 3354 3360
f 3396 3360 3397
f 3360 3359 3397
f 3397 3359 3363
f 3397 3363 3398
f 3363 3362 3398
f 3398 3362 3366
f 3398 3366 3399
f 3366 3365 3399
f 3399 3365 3369
f 3399 3369 3400
f 3369 3368 3400
f 3400 3368 3372
f 3400 3372 3401
f 3372 3371 3401
f 3401 3371 3375
f 3401 3375 3402
f 3375 3374 3402
f 3402 3374 3378
f 3402 3378 3403
f 3378 3377 3403
f 3403 3377 3385
f 3403 3385 3404
f 3385 3384 3404
f 3404 3384 3382
f 3404 3382 3387
f 3387 3382 3380
f 3387 3380 3379
f 3388 3405 3386
f 3386 3405 3406
f 3386 3406 3387
f 3387 3406 3407
f 3387 3407 3404
f 3397 3408 3396
f 3396 3408 3409
f 3396 3409 3395
f 3390 3410 3389
f 3389 3410 3411
f 3389 3411 3388
f 3388 3411 3412
f 3388 3412 3405
f 3392 3413 3391
f 3391 3413 3414
f 3391 3414 3390
f 3390 3414 3415
f 3390 3415 3410
f 3409 3416 3395
f 3395 3416 3417
f 3395 3417 3394
f 3394 3417 3418
f 3394 3418 3393
f 3393 3418 3419
f 3393 3419 3392
f 3392 3419 3420
f 3392 3420 3413
f 3400 3421 3399
f 3399 3421 3422
f 3399 3422 3398
f 3398 3422 3423
f 3398 3423 3397
f 3397 3423 3424
f 3397 3424 3408
f 3402 3425 3401
f 3401 3425 3426
f 3401 3426 3400
f 3400 3426 3427
f 3400 3427 3421
f 3407 3428 3404
f 3404 3428 3429
f 3404 3429 3403
f 3403 3429 3430
f 3403 3430 3402
f 3402 3430 3431
f 3402 3431 3425
f 3432 3433 3434
f 3435 3436 3437
f 3438 3439 3434
f 3440 3441 3434
f 3442 3443 3444
f 3445 3446 3434
f 3447 3448 3449
f 3434 3450 3451
f 3452 3450 3434
f 3453 3452 3434
f 3434 3454 3455
f 3456 3434 3455
f 3451 3454 3434
f 3457 3458 3456
f 3456 3458 3434
f 3434 3459 3460
f 3461 3459 3434
f 3462 3461 3434
f 3460 3453 3434
f 3463 3464 3434
f 3463 3434 3465
f 3464 3462 3434
f 3434 3466 3467
f 3468 3466 3434
f 3434 3469 3447
f 3470 3469 3434
f 3467 3470 3434
f 3471 3468 3434
f 3446 3471 3434
f 3434 3472 3473
f 3474 3472 3434
f 3475 3474 3434
f 3473 3445 3434
f 3434 3444 3476
f 3476 3444 3477
f 3475 3434 3476
f 3434 3478 3479
f 3442 3444 3479
f 3479 3444 3434
f 3441 3478 3434
f 3480 3440 3434
f 3481 3480 3434
f 3439 3481 3434
f 3482 3438 3434
f 3483 3482 3434
f 3484 3483 3434
f 3437 3485 3486
f 3486 3487 3437
f 3437 3487 3484
f 3437 3484 3434
f 3434 3433 3437
f 3437 3433 3488
f 3437 3488 3435
f 3434 3489 3490
f 3491 3434 3490
f 3492 3489 3434
f 3491 3432 3434
f 3434 3493 3494
f 3495 3434 3494
f 3496 3493 3434
f 3495 3492 3434
f 3497 3496 3434
f 3498 3499 3458
f 3458 3499 3497
f 3458 3497 3434
f 3434 3449 3500
f 3501 3434 3500
f 3447 3449 3434
f 3502 3465 3501
f 3501 3465 3434
f 3503 3504 3505
f 3503 3505 3506
f 3507 3487 3486
f 3486 3485 3508
f 3507 3486 3509
f 3509 3486 3508
f 3509 3508 3505
f 3505 3508 3510
f 3505 3510 3506
f 3497 3511 3496
f 3496 3511 3512
f 3496 3512 3493
f 3493 3512 3494
f 3494 3512 3495
f 3495 3512 3513
f 3495 3513 3492
f 3514 3490 3513
f 3513 3490 3489
f 3513 3489 3492
f 3515 3488 3514
f 3514 3488 3433
f 3433 3432 3514
f 3514 3432 3491
f 3514 3491 3490
f 3516 3517 3518
f 3516 3518 3519
f 3511 3497 3499
f 3499 3498 3520
f 3511 3499 3521
f 3521 3499 3520
f 3521 3520 3518
f 3518 3520 3522
f 3518 3522 3519
f 3523 3524 3525
f 3525 3524 3526
f 3523 3527 3524
f 3524 3527 3528
f 3524 3528 3529
f 3528 3457 3529
f 3529 3457 3456
f 3529 3456 3530
f 3530 3456 3455
f 3530 3455 3454
f 3531 3532 3533
f 3533 3532 3534
f 3488 3515 3435
f 3435 3515 3535
f 3531 3536 3532
f 3532 3536 3537
f 3532 3537 3535
f 3535 3537 3436
f 3535 3436 3435
f 3487 3507 3484
f 3484 3507 3538
f 3484 3538 3483
f 3483 3538 3482
f 3482 3538 3438
f 3438 3538 3539
f 3438 3539 3439
f 3540 3480 3539
f 3539 3480 3481
f 3539 3481 3439
f 3541 3479 3540
f 3540 3479 3478
f 3478 3441 3540
f 3540 3441 3440
f 3540 3440 3480
f 3453 3460 3542
f 3463 3543 3464
f 3464 3543 3544
f 3460 3459 3542
f 3542 3459 3461
f 3542 3461 3544
f 3544 3461 3462
f 3544 3462 3464
f 3453 3542 3452
f 3452 3542 3545
f 3452 3545 3450
f 3450 3545 3451
f 3451 3545 3530
f 3451 3530 3454
f 3546 3547 3548
f 3546 3548 3549
f 3543 3463 3465
f 3465 3502 3550
f 3543 3465 3551
f 3551 3465 3550
f 3551 3550 3548
f 3548 3550 3552
f 3548 3552 3549
f 3553 3554 3555
f 3555 3554 3556
f 3469 3557 3447
f 3447 3557 3558
f 3553 3559 3554
f 3554 3559 3560
f 3554 3560 3558
f 3558 3560 3448
f 3558 3448 3447
f 3474 3561 3472
f 3472 3561 3562
f 3472 3562 3473
f 3473 3562 3445
f 3445 3562 3563
f 3445 3563 3446
f 3466 3468 3563
f 3563 3468 3471
f 3563 3471 3446
f 3466 3563 3467
f 3467 3563 3564
f 3467 3564 3470
f 3470 3564 3557
f 3470 3557 3469
f 3565 3566 3567
f 3565 3567 3568
f 3476 3477 3569
f 3474 3475 3561
f 3561 3475 3476
f 3561 3476 3570
f 3570 3476 3569
f 3570 3569 3567
f 3567 3569 3571
f 3567 3571 3568
f 3572 3573 3574
f 3574 3573 3575
f 3479 3541 3442
f 3442 3541 3576
f 3572 3577 3573
f 3573 3577 3578
f 3573 3578 3576
f 3576 3578 3443
f 3576 3443 3442
f 3579 3580 3415
f 3581 3406 3582
f 3582 3406 3405
f 3582 3405 3583
f 3583 3405 3412
f 3583 3412 3584
f 3584 3412 3585
f 3585 3412 3586
f 3586 3412 3411
f 3586 3411 3587
f 3587 3411 3410
f 3587 3410 3588
f 3415 3580 3410
f 3410 3580 3589
f 3410 3589 3588
f 3579 3415 3590
f 3590 3415 3414
f 3590 3414 3591
f 3420 3592 3413
f 3413 3592 3593
f 3413 3593 3414
f 3414 3593 3594
f 3414 3594 3591
f 3419 3595 3420
f 3420 3595 3596
f 3420 3596 3592
f 3418 3597 3419
f 3419 3597 3598
f 3419 3598 3595
f 3417 3599 3418
f 3418 3599 3600
f 3418 3600 3597
f 3601 3602 3416
f 3416 3602 3603
f 3416 3603 3417
f 3417 3603 3604
f 3417 3604 3599
f 3601 3416 3605
f 3605 3416 3409
f 3605 3409 3606
f 3606 3409 3408
f 3606 3408 3607
f 3607 3408 3608
f 3608 3408 3424
f 3608 3424 3609
f 3422 3610 3423
f 3423 3610 3611
f 3423 3611 3424
f 3424 3611 3612
f 3424 3612 3609
f 3421 3613 3422
f 3422 3613 3614
f 3422 3614 3610
f 3615 3616 3427
f 3427 3616 3617
f 3427 3617 3421
f 3421 3617 3618
f 3421 3618 3613
f 3615 3427 3619
f 3619 3427 3426
f 3619 3426 3620
f 3620 3426 3425
f 3620 3425 3621
f 3622 3623 3430
f 3430 3623 3624
f 3430 3624 3431
f 3431 3624 3625
f 3431 3625 3425
f 3425 3625 3626
f 3425 3626 3621
f 3622 3430 3627
f 3627 3430 3429
f 3627 3429 3628
f 3628 3429 3428
f 3628 3428 3629
f 3581 3630 3406
f 3406 3630 3631
f 3406 3631 3407
f 3407 3631 3632
f 3407 3632 3428
f 3428 3632 3633
f 3428 3633 3629
f 3521 3518 3634
f 3635 3636 3637
f 3562 3561 3638
f 3570 3567 3639
f 3534 3532 3640
f 3641 3642 3643
f 3644 3645 3646
f 3647 3648 3649
f 3650 3651 3652
f 3653 3654 3655
f 3656 3657 3658
f 3658 3657 3659
f 3656 3658 3660
f 3660 3658 3661
f 3660 3661 3662
f 3662 3661 3663
f 3663 3661 3664
f 3663 3664 3665
f 3666 3667 3668
f 3668 3667 3669
f 3668 3669 3670
f 3671 3672 3673
f 3673 3672 3674
f 3673 3674 3675
f 3676 3677 3678
f 3678 3677 3679
f 3679 3677 3680
f 3680 3677 3681
f 3680 3681 3682
f 3682 3681 3683
f 3683 3681 3684
f 3683 3684 3685
f 3685 3684 3686
f 3686 3684 3687
f 3686 3687 3688
f 3689 3690 3691
f 3692 3693 3694
f 3694 3693 3695
f 3694 3695 3696
f 3697 3698 3699
f 3699 3698 3700
f 3699 3700 3701
f 3701 3700 3702
f 3702 3700 3703
f 3702 3703 3704
f 3704 3703 3705
f 3705 3703 3706
f 3705 3706 3707
f 3707 3706 3708
f 3708 3706 3709
f 3708 3709 3710
f 3710 3709 3711
f 3711 3709 3712
f 3711 3712 3713
f 3713 3712 3714
f 3714 3712 3715
f 3714 3715 3716
f 3717 3718 3719
f 3719 3718 3716
f 3720 3721 3643
f 3643 3721 3722
f 3643 3722 3641
f 3657 3723 3659
f 3659 3723 3724
f 3659 3724 3720
f 3720 3724 3725
f 3720 3725 3721
f 3726 3727 3728
f 3726 3728 3729
f 3505 3504 3730
f 3730 3504 3726
f 3726 3504 3731
f 3726 3731 3727
f 3507 3509 3732
f 3541 3540 3733
f 3733 3540 3539
f 3733 3539 3538
f 3541 3733 3576
f 3576 3733 3734
f 3576 3734 3573
f 3573 3734 3575
f 3575 3734 3735
f 3575 3735 3736
f 3736 3735 3737
f 3736 3737 3738
f 3567 3566 3739
f 3739 3566 3737
f 3737 3566 3740
f 3737 3740 3738
f 3570 3639 3561
f 3563 3562 3564
f 3564 3562 3638
f 3564 3638 3557
f 3557 3638 3558
f 3558 3638 3741
f 3558 3741 3554
f 3554 3741 3556
f 3556 3741 3742
f 3556 3742 3743
f 3743 3742 3744
f 3743 3744 3745
f 3548 3547 3746
f 3746 3547 3744
f 3744 3547 3747
f 3744 3747 3745
f 3543 3551 3748
f 3530 3545 3749
f 3749 3545 3542
f 3749 3542 3544
f 3530 3749 3529
f 3529 3749 3750
f 3529 3750 3524
f 3524 3750 3526
f 3526 3750 3751
f 3526 3751 3752
f 3634 3518 3753
f 3635 3637 3517
f 3535 3515 3754
f 3754 3515 3514
f 3521 3634 3511
f 3511 3634 3754
f 3511 3754 3512
f 3512 3754 3514
f 3512 3514 3513
f 3648 3650 3649
f 3649 3650 3652
f 3649 3652 3751
f 3751 3652 3637
f 3751 3637 3752
f 3752 3637 3636
f 3651 3755 3652
f 3652 3755 3756
f 3652 3756 3637
f 3637 3756 3753
f 3637 3753 3517
f 3517 3753 3518
f 3674 3644 3675
f 3675 3644 3646
f 3675 3646 3673
f 3673 3646 3757
f 3673 3757 3758
f 3758 3757 3759
f 3758 3759 3746
f 3746 3759 3748
f 3746 3748 3548
f 3548 3748 3551
f 3645 3647 3646
f 3646 3647 3649
f 3646 3649 3757
f 3757 3649 3751
f 3757 3751 3759
f 3759 3751 3750
f 3759 3750 3748
f 3748 3750 3749
f 3748 3749 3543
f 3543 3749 3544
f 3755 3653 3756
f 3756 3653 3655
f 3756 3655 3753
f 3753 3655 3760
f 3753 3760 3634
f 3634 3760 3761
f 3634 3761 3754
f 3754 3761 3640
f 3754 3640 3535
f 3535 3640 3532
f 3654 3670 3655
f 3655 3670 3669
f 3655 3669 3760
f 3760 3669 3667
f 3760 3667 3761
f 3761 3667 3762
f 3761 3762 3640
f 3640 3762 3729
f 3640 3729 3534
f 3534 3729 3728
f 3678 3671 3676
f 3676 3671 3673
f 3676 3673 3677
f 3677 3673 3758
f 3677 3758 3681
f 3681 3758 3746
f 3681 3746 3684
f 3684 3746 3744
f 3684 3744 3687
f 3687 3744 3742
f 3561 3639 3638
f 3638 3639 3763
f 3638 3763 3741
f 3741 3763 3764
f 3741 3764 3742
f 3742 3764 3689
f 3742 3689 3687
f 3687 3689 3691
f 3687 3691 3688
f 3567 3739 3639
f 3639 3739 3765
f 3639 3765 3763
f 3763 3765 3695
f 3763 3695 3764
f 3764 3695 3693
f 3764 3693 3689
f 3689 3693 3692
f 3689 3692 3690
f 3538 3507 3733
f 3733 3507 3732
f 3733 3732 3734
f 3734 3732 3766
f 3734 3766 3735
f 3735 3766 3767
f 3509 3505 3732
f 3732 3505 3730
f 3732 3730 3766
f 3766 3730 3768
f 3766 3768 3767
f 3767 3768 3719
f 3666 3665 3667
f 3667 3665 3664
f 3667 3664 3762
f 3762 3664 3661
f 3762 3661 3729
f 3729 3661 3658
f 3729 3658 3726
f 3726 3658 3659
f 3726 3659 3730
f 3730 3659 3720
f 3730 3720 3768
f 3768 3720 3643
f 3768 3643 3719
f 3719 3643 3642
f 3719 3642 3717
f 3717 3642 3641
f 3716 3715 3719
f 3719 3715 3712
f 3719 3712 3767
f 3767 3712 3709
f 3767 3709 3735
f 3735 3709 3706
f 3735 3706 3737
f 3737 3706 3703
f 3737 3703 3739
f 3739 3703 3700
f 3739 3700 3765
f 3765 3700 3698
f 3765 3698 3695
f 3695 3698 3697
f 3695 3697 3696
f 3590 3769 3579
f 3579 3769 3770
f 3579 3770 3580
f 3580 3770 3771
f 3580 3771 3589
f 3589 3771 3772
f 3589 3772 3588
f 3588 3772 3773
f 3588 3773 3587
f 3587 3773 3774
f 3587 3774 3586
f 3586 3774 3775
f 3586 3775 3585
f 3585 3775 3776
f 3585 3776 3584
f 3584 3776 3777
f 3584 3777 3583
f 3583 3777 3778
f 3583 3778 3582
f 3582 3778 3779
f 3582 3779 3581
f 3581 3779 3780
f 3581 3780 3630
f 3630 3780 3781
f 3630 3781 3631
f 3631 3781 3782
f 3631 3782 3632
f 3632 3782 3783
f 3632 3783 3633
f 3633 3783 3784
f 3633 3784 3629
f 3629 3784 3785
f 3629 3785 3628
f 3628 3785 3786
f 3628 3786 3627
f 3627 3786 3787
f 3627 3787 3622
f 3622 3787 3788
f 3622 3788 3623
f 3623 3788 3789
f 3623 3789 3624
f 3624 3789 3790
f 3624 3790 3625
f 3625 3790 3791
f 3625 3791 3626
f 3626 3791 3792
f 3626 3792 3621
f 3621 3792 3793
f 3621 3793 3620
f 3620 3793 3794
f 3620 3794 3619
f 3619 3794 3795
f 3619 3795 3615
f 3615 3795 3796
f 3615 3796 3616
f 3616 3796 3797
f 3616 3797 3617
f 3617 3797 3798
f 3617 3798 3618
f 3618 3798 3799
f 3618 3799 3613
f 3613 3799 3800
f 3613 3800 3614
f 3614 3800 3801
f 3614 3801 3610
f 3610 3801 3802
f 3610 3802 3611
f 3611 3802 3803
f 3611 3803 3612
f 3612 3803 3804
f 3612 3804 3609
f 3609 3804 3805
f 3609 3805 3608
f 3608 3805 3806
f 3608 3806 3607
f 3607 3806 3807
f 3607 3807 3606
f 3606 3807 3808
f 3606 3808 3605
f 3605 3808 3809
f 3605 3809 3601
f 3601 3809 3810
f 3601 3810 3602
f 3602 3810 3811
f 3602 3811 3603
f 3603 3811 3812
f 3603 3812 3604
f 3604 3812 3813
f 3604 3813 3599
f 3599 3813 3814
f 3599 3814 3600
f 3600 3814 3815
f 3600 3815 3597
f 3597 3815 3816
f 3597 3816 3598
f 3598 3816 3817
f 3598 3817 3595
f 3595 3817 3818
f 3595 3818 3596
f 3596 3818 3819
f 3596 3819 3592
f 3592 3819 3820
f 3592 3820 3593
f 3593 3820 3821
f 3593 3821 3594
f 3594 3821 3822
f 3594 3822 3591
f 3591 3822 3823
f 3591 3823 3590
f 3590 3823 3769
f 3823 3708 3769
f 3769 3708 3710
f 3769 3710 3770
f 3770 3710 3711
f 3770 3711 3771
f 3771 3711 3713
f 3771 3713 3772
f 3772 3713 3714
f 3772 3714 3773
f 3773 3714 3716
f 3773 3716 3774
f 3774 3716 3718
f 3774 3718 3775
f 3775 3718 3717
f 3775 3717 3776
f 3776 3717 3641
f 3776 3641 3777
f 3777 3641 3722
f 3777 3722 3778
f 3778 3722 3721
f 3778 3721 3779
f 3779 3721 3725
f 3779 3725 3780
f 3780 3725 3724
f 3780 3724 3781
f 3781 3724 3723
f 3781 3723 3782
f 3782 3723 3657
f 3782 3657 3783
f 3783 3657 3656
f 3783 3656 3784
f 3784 3656 3660
f 3784 3660 3785
f 3785 3660 3662
f 3785 3662 3786
f 3786 3662 3663
f 3786 3663 3787
f 3787 3663 3665
f 3787 3665 3788
f 3788 3665 3666
f 3788 3666 3789
f 3789 3666 3668
f 3789 3668 3790
f 3790 3668 3670
f 3790 3670 3791
f 3791 3670 3654
f 3791 3654 3792
f 3792 3654 3653
f 3792 3653 3793
f 3793 3653 3755
f 3793 3755 3794
f 3794 3755 3651
f 3794 3651 3795
f 3795 3651 3650
f 3795 3650 3796
f 3796 3650 3648
f 3796 3648 3797
f 3797 3648 3647
f 3797 3647 3798
f 3798 3647 3645
f 3798 3645 3799
f 3799 3645 3644
f 3799 3644 3800
f 3800 3644 3674
f 3800 3674 3801
f 3801 3674 3672
f 3801 3672 3802
f 3802 3672 3671
f 3802 3671 3803
f 3803 3671 3678
f 3803 3678 3804
f 3804 3678 3679
f 3804 3679 3805
f 3805 3679 3680
f 3805 3680 3806
f 3806 3680 3682
f 3806 3682 3807
f 3807 3682 3683
f 3807 3683 3808
f 3808 3683 3685
f 3808 3685 3809
f 3809 3685 3686
f 3809 3686 3810
f 3810 3686 3688
f 3810 3688 3811
f 3811 3688 3691
f 3811 3691 3812
f 3812 3691 3690
f 3812 3690 3813
f 3813 3690 3692
f 3813 3692 3814
f 3814 3692 3694
f 3814 3694 3815
f 3815 3694 3696
f 3815 3696 3816
f 3816 3696 3697
f 3816 3697 3817
f 3817 3697 3699
f 3817 3699 3818
f 3818 3699 3701
f 3818 3701 3819
f 3819 3701 3702
f 3819 3702 3820
f 3820 3702 3704
f 3820 3704 3821
f 3821 3704 3705
f 3821 3705 3822
f 3822 3705 3707
f 3822 3707 3823
f 3823 3707 3708
f 3457 3528 3824
f 3457 3824 3458
f 3520 3498 3825
f 3825 3498 3458
f 3825 3458 3826
f 3826 3458 3824
f 3522 3520 3825
f 3824 3528 3527
f 3827 3519 3522
f 3828 3516 3519
f 3635 3517 3516
f 3516 3828 3635
f 3635 3828 3829
f 3635 3829 3636
f 3636 3829 3830
f 3636 3830 3752
f 3752 3830 3525
f 3752 3525 3526
f 3519 3827 3828
f 3828 3827 3831
f 3828 3831 3829
f 3829 3831 3832
f 3829 3832 3830
f 3830 3832 3523
f 3830 3523 3525
f 3522 3825 3827
f 3827 3825 3826
f 3827 3826 3831
f 3831 3826 3824
f 3831 3824 3832
f 3832 3824 3527
f 3832 3527 3523
f 3448 3560 3449
f 3449 3560 3833
f 3449 3833 3500
f 3500 3833 3834
f 3500 3834 3501
f 3501 3834 3835
f 3501 3835 3502
f 3502 3835 3550
f 3552 3550 3835
f 3833 3560 3559
f 3836 3549 3552
f 3837 3546 3549
f 3747 3547 3546
f 3546 3837 3747
f 3747 3837 3838
f 3747 3838 3745
f 3745 3838 3839
f 3745 3839 3743
f 3743 3839 3555
f 3743 3555 3556
f 3549 3836 3837
f 3837 3836 3840
f 3837 3840 3838
f 3838 3840 3841
f 3838 3841 3839
f 3839 3841 3553
f 3839 3553 3555
f 3552 3835 3836
f 3836 3835 3834
f 3836 3834 3840
f 3840 3834 3833
f 3840 3833 3841
f 3841 3833 3559
f 3841 3559 3553
f 3578 3842 3443
f 3443 3842 3444
f 3569 3477 3843
f 3843 3477 3444
f 3843 3444 3844
f 3844 3444 3842
f 3571 3569 3843
f 3842 3578 3577
f 3845 3568 3571
f 3846 3565 3568
f 3740 3566 3565
f 3565 3846 3740
f 3740 3846 3847
f 3740 3847 3738
f 3738 3847 3848
f 3738 3848 3736
f 3736 3848 3574
f 3736 3574 3575
f 3568 3845 3846
f 3846 3845 3849
f 3846 3849 3847
f 3847 3849 3850
f 3847 3850 3848
f 3848 3850 3572
f 3848 3572 3574
f 3571 3843 3845
f 3845 3843 3844
f 3845 3844 3849
f 3849 3844 3842
f 3849 3842 3850
f 3850 3842 3577
f 3850 3577 3572
f 3436 3537 3851
f 3436 3851 3437
f 3508 3485 3852
f 3852 3485 3437
f 3852 3437 3853
f 3853 3437 3851
f 3510 3508 3852
f 3851 3537 3536
f 3854 3506 3510
f 3855 3503 3506
f 3731 3504 3503
f 3503 3855 3731
f 3731 3855 3856
f 3731 3856 3727
f 3727 3856 3857
f 3727 3857 3728
f 3728 3857 3533
f 3728 3533 3534
f 3506 3854 3855
f 3855 3854 3858
f 3855 3858 3856
f 3856 3858 3859
f 3856 3859 3857
f 3857 3859 3531
f 3857 3531 3533
f 3510 3852 3854
f 3854 3852 3853
f 3854 3853 3858
f 3858 3853 3851
f 3858 3851 3859
f 3859 3851 3536
f 3859 3536 3531
f 3860 3861 3862
f 3860 3862 3863
f 3864 3865 3862
f 3862 3865 3866
f 3862 3866 3863
f 3867 3868 3862
f 3862 3868 3869
f 3862 3869 3864
f 3870 3871 3862
f 3862 3871 3872
f 3862 3872 3867
f 3873 3874 3862
f 3862 3874 3875
f 3862 3875 3870
f 3876 3877 3862
f 3862 3877 3878
f 3862 3878 3873
f 3861 3879 3862
f 3862 3879 3880
f 3862 3880 3876
f 3881 3383 3882
f 3882 3383 3376
f 3882 3376 3883
f 3883 3376 3373
f 3883 3373 3884
f 3884 3373 3370
f 3884 3370 3885
f 3885 3370 3367
f 3885 3367 3886
f 3886 3367 3364
f 3886 3364 3887
f 3887 3364 3361
f 3887 3361 3888
f 3888 3361 3358
f 3888 3358 3889
f 3889 3358 3353
f 3889 3353 3890
f 3890 3353 3355
f 3890 3355 3891
f 3891 3355 3348
f 3891 3348 3892
f 3892 3348 3347
f 3892 3347 3893
f 3893 3347 3342
f 3893 3342 3894
f 3894 3342 3341
f 3894 3341 3895
f 3895 3341 3336
f 3895 3336 3896
f 3896 3336 3335
f 3896 3335 3897
f 3897 3335 3329
f 3897 3329 3898
f 3898 3329 3328
f 3898 3328 3899
f 3899 3328 3332
f 3899 3332 3900
f 3900 3332 3381
f 3900 3381 3881
f 3881 3381 3383
f 3891 3875 3890
f 3890 3875 3874
f 3890 3874 3889
f 3889 3874 3873
f 3889 3873 3888
f 3888 3873 3878
f 3888 3878 3887
f 3887 3878 3877
f 3887 3877 3886
f 3886 3877 3876
f 3886 3876 3885
f 3885 3876 3880
f 3885 3880 3884
f 3884 3880 3879
f 3884 3879 3883
f 3883 3879 3861
f 3883 3861 3882
f 3882 3861 3860
f 3882 3860 3881
f 3881 3860 3863
f 3881 3863 3900
f 3900 3863 3866
f 3900 3866 3899
f 3899 3866 3865
f 3899 3865 3898
f 3898 3865 3864
f 3898 3864 3897
f 3897 3864 3869
f 3897 3869 3896
f 3896 3869 3868
f 3896 3868 3895
f 3895 3868 3867
f 3895 3867 3894
f 3894 3867 3872
f 3894 3872 3893
f 3893 3872 3871
f 3893 3871 3892
f 3892 3871 3870
f 3892 3870 3891
f 3891 3870 3875
f 3901 3902 3903
f 3903 3902 3904
f 3902 3905 3904
f 3904 3905 3906
f 3905 3907 3906
f 3906 3907 3908
f 3907 3909 3908
f 3908 3909 3910
f 3909 3911 3910
f 3910 3911 3912
f 3911 3901 3912
f 3912 3901 3903
f 3913 3914 3904
f 3915 3903 3916
f 3916 3903 3904
f 3916 3904 3917
f 3917 3904 3914
f 3915 3918 3903
f 3903 3918 3919
f 3903 3919 3920
f 3920 3921 3903
f 3903 3921 3922
f 3903 3922 3912
f 3912 3922 3923
f 3912 3923 3924
f 3925 3926 3908
f 3924 3927 3912
f 3912 3927 3928
f 3912 3928 3910
f 3910 3928 3929
f 3910 3929 3930
f 3930 3931 3910
f 3910 3931 3932
f 3910 3932 3908
f 3908 3932 3933
f 3908 3933 3925
f 3926 3934 3908
f 3908 3934 3935
f 3908 3935 3906
f 3906 3935 3936
f 3906 3936 3937
f 3937 3938 3906
f 3906 3938 3939
f 3906 3939 3904
f 3904 3939 3940
f 3904 3940 3913
f 3926 3925 3941
f 3941 3942 3926
f 3926 3942 3943
f 3926 3943 3934
f 3943 3944 3934
f 3934 3944 3945
f 3934 3945 3935
f 3945 3946 3935
f 3935 3946 3947
f 3935 3947 3936
f 3947 3948 3936
f 3936 3948 3949
f 3936 3949 3937
f 3949 3950 3937
f 3937 3950 3951
f 3937 3951 3938
f 3938 3951 3952
f 3938 3952 3939
f 3952 3953 3939
f 3939 3953 3954
f 3939 3954 3940
f 3954 3955 3940
f 3940 3955 3956
f 3940 3956 3913
f 3956 3957 3913
f 3913 3957 3958
f 3913 3958 3914
f 3958 3959 3914
f 3914 3959 3960
f 3914 3960 3917
f 3960 3961 3917
f 3917 3961 3962
f 3917 3962 3916
f 3916 3962 3963
f 3916 3963 3915
f 3915 3963 3964
f 3915 3964 3918
f 3918 3964 3965
f 3918 3965 3919
f 3965 3966 3919
f 3919 3966 3967
f 3919 3967 3920
f 3967 3968 3920
f 3920 3968 3969
f 3920 3969 3921
f 3969 3970 3921
f 3921 3970 3971
f 3921 3971 3922
f 3971 3972 3922
f 3922 3972 3973
f 3922 3973 3923
f 3973 3974 3923
f 3923 3974 3975
f 3923 3975 3924
f 3975 3976 3924
f 3924 3976 3977
f 3924 3977 3927
f 3977 3978 3927
f 3927 3978 3979
f 3927 3979 3928
f 3979 3980 3928
f 3928 3980 3981
f 3928 3981 3929
f 3981 3982 3929
f 3929 3982 3983
f 3929 3983 3930
f 3983 3984 3930
f 3930 3984 3985
f 3930 3985 3931
f 3985 3986 3931
f 3931 3986 3987
f 3931 3987 3932
f 3987 3988 3932
f 3932 3988 3989
f 3932 3989 3933
f 3933 3989 3990
f 3933 3990 3925
f 3925 3990 3991
f 3925 3991 3941
f 3907 3992 3993
f 3993 3994 3907
f 3907 3994 3995
f 3907 3995 3909
f 3909 3995 3996
f 3909 3996 3997
f 3911 3998 3999
f 3997 4000 3909
f 3909 4000 4001
f 3909 4001 3911
f 3911 4001 4002
f 3911 4002 3998
f 4003 4004 3901
f 3999 4005 3911
f 3911 4005 4006
f 3911 4006 3901
f 3901 4006 4007
f 3901 4007 4003
f 4008 4009 3905
f 4004 4010 3901
f 3901 4010 4011
f 3901 4011 3902
f 3902 4011 4012
f 3902 4012 4013
f 4013 4014 3902
f 3902 4014 4015
f 3902 4015 3905
f 3905 4015 4016
f 3905 4016 4008
f 4009 4017 3905
f 3905 4017 4018
f 3905 4018 3907
f 3907 4018 4019
f 3907 4019 3992
f 3965 4020 4021
f 3965 4021 3966
f 3966 4021 4022
f 3966 4022 3967
f 3967 4022 4023
f 3967 4023 3968
f 3968 4023 4024
f 3968 4024 3969
f 3969 4024 4025
f 3969 4025 3970
f 3970 4025 4026
f 3970 4026 3971
f 3971 4026 4027
f 3971 4027 3972
f 3972 4027 4028
f 3972 4028 3973
f 3973 4028 4029
f 3973 4029 3974
f 3974 4029 4030
f 3974 4030 3975
f 3975 4030 4031
f 3975 4031 3976
f 3976 4031 4032
f 3976 4032 3977
f 3977 4032 4033
f 3977 4033 3978
f 3978 4033 4034
f 3978 4034 3979
f 3979 4034 4035
f 3979 4035 3980
f 3980 4035 4036
f 3980 4036 3981
f 3981 4036 4037
f 3981 4037 3982
f 3982 4037 4038
f 3982 4038 3983
f 3983 4038 4039
f 3983 4039 3984
f 3984 4039 4040
f 3984 4040 3985
f 3985 4040 4041
f 3985 4041 3986
f 3986 4041 4042
f 3986 4042 3987
f 3987 4042 4043
f 3987 4043 3988
f 3988 4043 4044
f 3988 4044 3989
f 3989 4044 4045
f 3989 4045 3990
f 3990 4045 4046
f 3990 4046 3991
f 4046 4047 3991
f 3991 4047 4048
f 3991 4048 3941
f 3941 4048 4049
f 3941 4049 3942
f 3942 4049 4050
f 3942 4050 3943
f 3943 4050 4051
f 3943 4051 3944
f 3944 4051 4052
f 3944 4052 3945
f 3945 4052 4053
f 3945 4053 3946
f 3946 4053 4054
f 3946 4054 3947
f 3947 4054 4055
f 3947 4055 3948
f 3948 4055 4056
f 3948 4056 3949
f 3949 4056 4057
f 3949 4057 3950
f 3950 4057 4058
f 3950 4058 3951
f 3951 4058 4059
f 3951 4059 3952
f 4059 4060 3952
f 3952 4060 4061
f 3952 4061 3953
f 3953 4061 4062
f 3953 4062 3954
f 3954 4062 4063
f 3954 4063 3955
f 3955 4063 4064
f 3955 4064 3956
f 3956 4064 4065
f 3956 4065 3957
f 3957 4065 4066
f 3957 4066 3958
f 3958 4066 4067
f 3958 4067 3959
f 3959 4067 4068
f 3959 4068 3960
f 3960 4068 4069
f 3960 4069 3961
f 3961 4069 4070
f 3961 4070 3962
f 3962 4070 4071
f 3962 4071 3963
f 3963 4071 4020
f 3963 4020 3964
f 3964 4020 3965
f 4013 4012 4070
f 4070 4069 4013
f 4013 4069 4068
f 4013 4068 4014
f 4068 4067 4014
f 4014 4067 4066
f 4014 4066 4015
f 4066 4065 4015
f 4015 4065 4064
f 4015 4064 4016
f 4064 4063 4016
f 4016 4063 4062
f 4016 4062 4008
f 4062 4061 4008
f 4008 4061 4060
f 4008 4060 4009
f 4009 4060 4059
f 4009 4059 4017
f 4059 4058 4017
f 4017 4058 4057
f 4017 4057 4018
f 4057 4056 4018
f 4018 4056 4055
f 4018 4055 4019
f 4055 4054 4019
f 4019 4054 4053
f 4019 4053 3992
f 4053 4052 3992
f 3992 4052 4051
f 3992 4051 3993
f 4051 4050 3993
f 3993 4050 4049
f 3993 4049 3994
f 4049 4048 3994
f 3994 4048 4047
f 3994 4047 3995
f 3995 4047 4046
f 3995 4046 3996
f 4046 4045 3996
f 3996 4045 4044
f 3996 4044 3997
f 4044 4043 3997
f 3997 4043 4042
f 3997 4042 4000
f 4042 4041 4000
f 4000 4041 4040
f 4000 4040 4001
f 4040 4039 4001
f 4001 4039 4038
f 4001 4038 4002
f 4038 4037 4002
f 4002 4037 4036
f 4002 4036 3998
f 4036 4035 3998
f 3998 4035 4034
f 3998 4034 3999
f 3999 4034 4033
f 3999 4033 4005
f 4033 4032 4005
f 4005 4032 4031
f 4005 4031 4006
f 4031 4030 4006
f 4006 4030 4029
f 4006 4029 4007
f 4029 4028 4007
f 4007 4028 4027
f 4007 4027 4003
f 4027 4026 4003
f 4003 4026 4025
f 4003 4025 4004
f 4025 4024 4004
f 4004 4024 4023
f 4004 4023 4010
f 4023 4022 4010
f 4010 4022 4021
f 4010 4021 4011
f 4011 4021 4020
f 4011 4020 4012
f 4012 4020 4071
f 4012 4071 4070
f 4072 4073 4074
f 4075 4076 4077
f 4078 4079 4080
f 4081 4082 4083
f 4083 4082 4084
f 4083 4084 4072
f 4072 4084 4085
f 4072 4085 4086
f 4087 4088 4089
f 4089 4088 4090
f 4091 4092 4093
f 4093 4094 4091
f 4091 4094 4095
f 4091 4095 4090
f 4090 4095 4096
f 4090 4096 4089
f 4097 4098 4099
f 4099 4098 4100
f 4099 4100 4101
f 4075 4077 4101
f 4102 4103 4104
f 4104 4103 4105
f 4106 4107 4108
f 4109 4110 4091
f 4091 4110 4111
f 4091 4111 4112
f 4101 4077 4099
f 4099 4077 4113
f 4099 4113 4114
f 4114 4113 4106
f 4114 4106 4104
f 4104 4106 4108
f 4104 4108 4102
f 4112 4115 4116
f 4116 4115 4117
f 4116 4117 4106
f 4106 4117 4118
f 4106 4118 4107
f 4112 4116 4091
f 4091 4116 4119
f 4091 4119 4092
f 4120 4121 4122
f 4122 4121 4097
f 4122 4097 4123
f 4120 4124 4121
f 4121 4124 4125
f 4121 4125 4126
f 4127 4128 4099
f 4099 4128 4129
f 4099 4129 4097
f 4097 4129 4130
f 4097 4130 4123
f 4125 4131 4126
f 4126 4131 4132
f 4126 4132 4099
f 4099 4132 4133
f 4099 4133 4127
f 4126 4134 4135
f 4135 4134 4136
f 4135 4136 4137
f 4138 4139 4099
f 4099 4139 4140
f 4099 4140 4126
f 4126 4140 4141
f 4126 4141 4134
f 4138 4099 4142
f 4142 4099 4114
f 4142 4114 4143
f 4144 4145 4114
f 4114 4145 4146
f 4114 4146 4143
f 4147 4148 4114
f 4114 4148 4135
f 4114 4135 4144
f 4144 4135 4137
f 4148 4149 4135
f 4135 4149 4150
f 4135 4150 4151
f 4152 4153 4104
f 4104 4153 4154
f 4104 4154 4114
f 4114 4154 4155
f 4114 4155 4147
f 4151 4156 4157
f 4157 4156 4158
f 4157 4158 4104
f 4104 4158 4159
f 4104 4159 4152
f 4073 4160 4161
f 4074 4162 4163
f 4160 4073 4164
f 4164 4073 4121
f 4164 4121 4165
f 4161 4166 4073
f 4073 4166 4167
f 4073 4167 4074
f 4074 4167 4168
f 4074 4168 4162
f 4163 4169 4126
f 4126 4169 4170
f 4126 4170 4121
f 4121 4170 4171
f 4121 4171 4165
f 4074 4172 4173
f 4163 4126 4074
f 4074 4126 4174
f 4074 4174 4172
f 4173 4175 4074
f 4074 4175 4176
f 4074 4176 4177
f 4177 4176 4178
f 4179 4135 4180
f 4180 4135 4177
f 4180 4177 4181
f 4181 4177 4178
f 4179 4182 4135
f 4135 4182 4183
f 4135 4183 4126
f 4126 4183 4184
f 4126 4184 4174
f 4185 4186 4135
f 4135 4186 4187
f 4135 4187 4177
f 4177 4187 4188
f 4177 4188 4189
f 4151 4157 4135
f 4135 4157 4190
f 4135 4190 4185
f 4191 4192 4193
f 4193 4192 4177
f 4193 4177 4194
f 4194 4177 4189
f 4191 4195 4192
f 4192 4195 4196
f 4192 4196 4157
f 4157 4196 4197
f 4157 4197 4190
f 4072 4074 4083
f 4083 4074 4177
f 4083 4177 4198
f 4198 4177 4192
f 4198 4192 4199
f 4200 4201 4088
f 4199 4202 4203
f 4204 4205 4192
f 4199 4203 4206
f 4205 4207 4192
f 4192 4207 4208
f 4192 4208 4199
f 4199 4208 4209
f 4199 4209 4202
f 4105 4109 4104
f 4104 4109 4091
f 4104 4091 4157
f 4157 4091 4090
f 4157 4090 4192
f 4192 4090 4088
f 4192 4088 4204
f 4204 4088 4201
f 4203 4210 4206
f 4206 4210 4211
f 4206 4211 4088
f 4088 4211 4212
f 4088 4212 4200
f 4087 4078 4088
f 4088 4078 4080
f 4088 4080 4206
f 4206 4080 4213
f 4081 4083 4214
f 4214 4083 4198
f 4214 4198 4215
f 4215 4198 4199
f 4215 4199 4216
f 4216 4199 4206
f 4216 4206 4217
f 4217 4206 4213
f 4217 4213 4218
f 4093 4219 4094
f 4094 4219 4220
f 4094 4220 4095
f 4095 4220 4221
f 4095 4221 4096
f 4096 4221 4222
f 4096 4222 4089
f 4089 4222 4223
f 4089 4223 4087
f 4087 4223 4224
f 4087 4224 4078
f 4078 4224 4225
f 4078 4225 4079
f 4079 4225 4226
f 4227 4228 4229
f 4229 4228 4230
f 4229 4230 4231
f 4231 4230 4232
f 4231 4232 4233
f 4233 4232 4234
f 4227 4081 4228
f 4228 4081 4214
f 4228 4214 4234
f 4234 4214 4215
f 4234 4215 4233
f 4233 4215 4216
f 4233 4216 4235
f 4235 4216 4217
f 4235 4217 4218
f 4235 4218 4236
f 4236 4218 4213
f 4236 4213 4226
f 4226 4213 4080
f 4226 4080 4079
f 4119 4237 4238
f 4119 4238 4092
f 4092 4238 4219
f 4092 4219 4093
f 4237 4119 4116
f 4237 4116 4239
f 4077 4076 4240
f 4106 4113 4241
f 4241 4113 4242
f 4113 4077 4242
f 4242 4077 4240
f 4242 4240 4243
f 4243 4240 4244
f 4243 4244 4245
f 4245 4244 4246
f 4245 4246 4241
f 4241 4246 4239
f 4241 4239 4106
f 4106 4239 4116
f 4098 4247 4100
f 4100 4247 4248
f 4100 4248 4101
f 4101 4248 4249
f 4101 4249 4075
f 4075 4249 4250
f 4075 4250 4076
f 4076 4250 4240
f 4072 4086 4251
f 4098 4097 4247
f 4247 4097 4121
f 4247 4121 4251
f 4251 4121 4073
f 4251 4073 4072
f 4081 4227 4082
f 4082 4227 4252
f 4082 4252 4084
f 4084 4252 4253
f 4084 4253 4085
f 4085 4253 4254
f 4085 4254 4086
f 4086 4254 4251
f 4238 4237 4255
f 4255 4237 4239
f 4255 4239 4256
f 4256 4239 4257
f 4252 4227 4258
f 4259 4240 4250
f 4250 4249 4259
f 4259 4249 4248
f 4259 4248 4247
f 4251 4254 4258
f 4258 4254 4253
f 4258 4253 4252
f 4235 4236 4233
f 4233 4236 4256
f 4233 4256 4260
f 4260 4256 4257
f 4260 4257 4258
f 4258 4257 4259
f 4258 4259 4251
f 4251 4259 4247
f 4231 4261 4229
f 4229 4261 4262
f 4229 4262 4227
f 4227 4262 4258
f 4261 4231 4260
f 4260 4231 4233
f 4262 4261 4258
f 4258 4261 4260
f 4263 4264 4265
f 4265 4264 4266
f 4265 4266 4228
f 4228 4266 4230
f 4266 4264 4230
f 4230 4264 4232
f 4264 4263 4232
f 4232 4263 4234
f 4263 4265 4234
f 4234 4265 4228
f 4267 4246 4268
f 4268 4246 4244
f 4268 4244 4259
f 4259 4244 4240
f 4246 4267 4239
f 4239 4267 4257
f 4267 4268 4257
f 4257 4268 4259
f 4269 4270 4271
f 4271 4270 4272
f 4271 4272 4243
f 4243 4272 4242
f 4269 4271 4245
f 4245 4271 4243
f 4270 4269 4241
f 4241 4269 4245
f 4272 4270 4242
f 4242 4270 4241
f 4273 4274 4275
f 4275 4274 4276
f 4219 4238 4277
f 4278 4236 4277
f 4277 4236 4226
f 4277 4226 4219
f 4219 4226 4225
f 4221 4220 4222
f 4222 4220 4219
f 4222 4219 4223
f 4223 4219 4225
f 4223 4225 4224
f 4279 4276 4280
f 4280 4276 4274
f 4280 4274 4281
f 4281 4274 4278
f 4281 4278 4282
f 4282 4278 4277
f 4282 4277 4279
f 4279 4277 4276
f 4255 4275 4238
f 4238 4275 4276
f 4238 4276 4277
f 4255 4256 4275
f 4275 4256 4273
f 4278 4274 4236
f 4236 4274 4273
f 4236 4273 4256
f 4283 4284 4285
f 4285 4284 4286
f 4285 4286 4282
f 4282 4286 4281
f 4286 4284 4281
f 4281 4284 4280
f 4284 4283 4280
f 4280 4283 4279
f 4283 4285 4279
f 4279 4285 4282
f 4287 4164 4288
f 4288 4164 4165
f 4288 4165 4289
f 4289 4165 4171
f 4289 4171 4290
f 4290 4171 4170
f 4290 4170 4291
f 4291 4170 4169
f 4291 4169 4292
f 4292 4169 4163
f 4292 4163 4293
f 4293 4163 4162
f 4293 4162 4294
f 4294 4162 4168
f 4294 4168 4295
f 4295 4168 4167
f 4295 4167 4296
f 4296 4167 4166
f 4296 4166 4297
f 4297 4166 4161
f 4297 4161 4298
f 4298 4161 4160
f 4298 4160 4287
f 4287 4160 4164
f 4299 4300 4301
f 4299 4301 4302
f 4303 4302 4301
f 4304 4303 4301
f 4305 4304 4301
f 4306 4305 4301
f 4307 4306 4301
f 4308 4307 4301
f 4309 4308 4301
f 4310 4309 4301
f 4311 4310 4301
f 4300 4311 4301
f 4293 4312 4292
f 4292 4312 4313
f 4292 4313 4291
f 4291 4313 4314
f 4291 4314 4290
f 4290 4314 4315
f 4290 4315 4289
f 4289 4315 4316
f 4289 4316 4288
f 4288 4316 4317
f 4288 4317 4287
f 4287 4317 4318
f 4287 4318 4298
f 4298 4318 4319
f 4298 4319 4297
f 4297 4319 4320
f 4297 4320 4296
f 4296 4320 4321
f 4296 4321 4295
f 4295 4321 4322
f 4295 4322 4294
f 4294 4322 4323
f 4294 4323 4293
f 4293 4323 4312
f 4323 4300 4312
f 4312 4300 4299
f 4312 4299 4313
f 4313 4299 4302
f 4313 4302 4314
f 4314 4302 4303
f 4314 4303 4315
f 4315 4303 4304
f 4315 4304 4316
f 4316 4304 4305
f 4316 4305 4317
f 4317 4305 4306
f 4317 4306 4318
f 4318 4306 4307
f 4318 4307 4319
f 4319 4307 4308
f 4319 4308 4320
f 4320 4308 4309
f 4320 4309 4321
f 4321 4309 4310
f 4321 4310 4322
f 4322 4310 4311
f 4322 4311 4323
f 4323 4311 4300
f 4324 4123 4325
f 4325 4123 4130
f 4325 4130 4326
f 4326 4130 4129
f 4326 4129 4327
f 4327 4129 4128
f 4327 4128 4328
f 4328 4128 4127
f 4328 4127 4329
f 4329 4127 4133
f 4329 4133 4330
f 4330 4133 4132
f 4330 4132 4331
f 4331 4132 4131
f 4331 4131 4332
f 4332 4131 4125
f 4332 4125 4333
f 4333 4125 4124
f 4333 4124 4334
f 4334 4124 4120
f 4334 4120 4335
f 4335 4120 4122
f 4335 4122 4324
f 4324 4122 4123
f 4336 4337 4338
f 4336 4338 4339
f 4340 4339 4338
f 4341 4340 4338
f 4342 4341 4338
f 4343 4342 4338
f 4344 4343 4338
f 4345 4344 4338
f 4346 4345 4338
f 4347 4346 4338
f 4348 4347 4338
f 4337 4348 4338
f 4330 4349 4329
f 4329 4349 4350
f 4329 4350 4328
f 4328 4350 4351
f 4328 4351 4327
f 4327 4351 4352
f 4327 4352 4326
f 4326 4352 4353
f 4326 4353 4325
f 4325 4353 4354
f 4325 4354 4324
f 4324 4354 4355
f 4324 4355 4335
f 4335 4355 4356
f 4335 4356 4334
f 4334 4356 4357
f 4334 4357 4333
f 4333 4357 4358
f 4333 4358 4332
f 4332 4358 4359
f 4332 4359 4331
f 4331 4359 4360
f 4331 4360 4330
f 4330 4360 4349
f 4360 4337 4349
f 4349 4337 4336
f 4349 4336 4350
f 4350 4336 4339
f 4350 4339 4351
f 4351 4339 4340
f 4351 4340 4352
f 4352 4340 4341
f 4352 4341 4353
f 4353 4341 4342
f 4353 4342 4354
f 4354 4342 4343
f 4354 4343 4355
f 4355 4343 4344
f 4355 4344 4356
f 4356 4344 4345
f 4356 4345 4357
f 4357 4345 4346
f 4357 4346 4358
f 4358 4346 4347
f 4358 4347 4359
f 4359 4347 4348
f 4359 4348 4360
f 4360 4348 4337
f 4361 4139 4362
f 4362 4139 4138
f 4362 4138 4363
f 4363 4138 4142
f 4363 4142 4364
f 4364 4142 4143
f 4364 4143 4365
f 4365 4143 4146
f 4365 4146 4366
f 4366 4146 4145
f 4366 4145 4367
f 4367 4145 4144
f 4367 4144 4368
f 4368 4144 4137
f 4368 4137 4369
f 4369 4137 4136
f 4369 4136 4370
f 4370 4136 4134
f 4370 4134 4371
f 4371 4134 4141
f 4371 4141 4372
f 4372 4141 4140
f 4372 4140 4361
f 4361 4140 4139
f 4373 4374 4375
f 4373 4375 4376
f 4377 4376 4375
f 4378 4377 4375
f 4379 4378 4375
f 4380 4379 4375
f 4381 4380 4375
f 4382 4381 4375
f 4383 4382 4375
f 4384 4383 4375
f 4385 4384 4375
f 4374 4385 4375
f 4367 4386 4366
f 4366 4386 4387
f 4366 4387 4365
f 4365 4387 4388
f 4365 4388 4364
f 4364 4388 4389
f 4364 4389 4363
f 4363 4389 4390
f 4363 4390 4362
f 4362 4390 4391
f 4362 4391 4361
f 4361 4391 4392
f 4361 4392 4372
f 4372 4392 4393
f 4372 4393 4371
f 4371 4393 4394
f 4371 4394 4370
f 4370 4394 4395
f 4370 4395 4369
f 4369 4395 4396
f 4369 4396 4368
f 4368 4396 4397
f 4368 4397 4367
f 4367 4397 4386
f 4397 4374 4386
f 4386 4374 4373
f 4386 4373 4387
f 4387 4373 4376
f 4387 4376 4388
f 4388 4376 4377
f 4388 4377 4389
f 4389 4377 4378
f 4389 4378 4390
f 4390 4378 4379
f 4390 4379 4391
f 4391 4379 4380
f 4391 4380 4392
f 4392 4380 4381
f 4392 4381 4393
f 4393 4381 4382
f 4393 4382 4394
f 4394 4382 4383
f 4394 4383 4395
f 4395 4383 4384
f 4395 4384 4396
f 4396 4384 4385
f 4396 4385 4397
f 4397 4385 4374
f 4398 4174 4399
f 4399 4174 4184
f 4399 4184 4400
f 4400 4184 4183
f 4400 4183 4401
f 4401 4183 4182
f 4401 4182 4402
f 4402 4182 4179
f 4402 4179 4403
f 4403 4179 4180
f 4403 4180 4404
f 4404 4180 4181
f 4404 4181 4405
f 4405 4181 4178
f 4405 4178 4406
f 4406 4178 4176
f 4406 4176 4407
f 4407 4176 4175
f 4407 4175 4408
f 4408 4175 4173
f 4408 4173 4409
f 4409 4173 4172
f 4409 4172 4398
f 4398 4172 4174
f 4410 4411 4412
f 4410 4412 4413
f 4414 4413 4412
f 4415 4414 4412
f 4416 4415 4412
f 4417 4416 4412
f 4418 4417 4412
f 4419 4418 4412
f 4420 4419 4412
f 4421 4420 4412
f 4422 4421 4412
f 4411 4422 4412
f 4404 4423 4403
f 4403 4423 4424
f 4403 4424 4402
f 4402 4424 4425
f 4402 4425 4401
f 4401 4425 4426
f 4401 4426 4400
f 4400 4426 4427
f 4400 4427 4399
f 4399 4427 4428
f 4399 4428 4398
f 4398 4428 4429
f 4398 4429 4409
f 4409 4429 4430
f 4409 4430 4408
f 4408 4430 4431
f 4408 4431 4407
f 4407 4431 4432
f 4407 4432 4406
f 4406 4432 4433
f 4406 4433 4405
f 4405 4433 4434
f 4405 4434 4404
f 4404 4434 4423
f 4434 4411 4423
f 4423 4411 4410
f 4423 4410 4424
f 4424 4410 4413
f 4424 4413 4425
f 4425 4413 4414
f 4425 4414 4426
f 4426 4414 4415
f 4426 4415 4427
f 4427 4415 4416
f 4427 4416 4428
f 4428 4416 4417
f 4428 4417 4429
f 4429 4417 4418
f 4429 4418 4430
f 4430 4418 4419
f 4430 4419 4431
f 4431 4419 4420
f 4431 4420 4432
f 4432 4420 4421
f 4432 4421 4433
f 4433 4421 4422
f 4433 4422 4434
f 4434 4422 4411
f 4435 4187 4436
f 4436 4187 4186
f 4436 4186 4437
f 4437 4186 4185
f 4437 4185 4438
f 4438 4185 4190
f 4438 4190 4439
f 4439 4190 4197
f 4439 4197 4440
f 4440 4197 4196
f 4440 4196 4441
f 4441 4196 4195
f 4441 4195 4442
f 4442 4195 4191
f 4442 4191 4443
f 4443 4191 4193
f 4443 4193 4444
f 4444 4193 4194
f 4444 4194 4445
f 4445 4194 4189
f 4445 4189 4446
f 4446 4189 4188
f 4446 4188 4435
f 4435 4188 4187
f 4447 4448 4449
f 4447 4449 4450
f 4451 4450 4449
f 4452 4451 4449
f 4453 4452 4449
f 4454 4453 4449
f 4455 4454 4449
f 4456 4455 4449
f 4457 4456 4449
f 4458 4457 4449
f 4459 4458 4449
f 4448 4459 4449
f 4441 4460 4440
f 4440 4460 4461
f 4440 4461 4439
f 4439 4461 4462
f 4439 4462 4438
f 4438 4462 4463
f 4438 4463 4437
f 4437 4463 4464
f 4437 4464 4436
f 4436 4464 4465
f 4436 4465 4435
f 4435 4465 4466
f 4435 4466 4446
f 4446 4466 4467
f 4446 4467 4445
f 4445 4467 4468
f 4445 4468 4444
f 4444 4468 4469
f 4444 4469 4443
f 4443 4469 4470
f 4443 4470 4442
f 4442 4470 4471
f 4442 4471 4441
f 4441 4471 4460
f 4471 4448 4460
f 4460 4448 4447
f 4460 4447 4461
f 4461 4447 4450
f 4461 4450 4462
f 4462 4450 4451
f 4462 4451 4463
f 4463 4451 4452
f 4463 4452 4464
f 4464 4452 4453
f 4464 4453 4465
f 4465 4453 4454
f 4465 4454 4466
f 4466 4454 4455
f 4466 4455 4467
f 4467 4455 4456
f 4467 4456 4468
f 4468 4456 4457
f 4468 4457 4469
f 4469 4457 4458
f 4469 4458 4470
f 4470 4458 4459
f 4470 4459 4471
f 4471 4459 4448
f 4472 4147 4473
f 4473 4147 4155
f 4473 4155 4474
f 4474 4155 4154
f 4474 4154 4475
f 4475 4154 4153
f 4475 4153 4476
f 4476 4153 4152
f 4476 4152 4477
f 4477 4152 4159
f 4477 4159 4478
f 4478 4159 4158
f 4478 4158 4479
f 4479 4158 4156
f 4479 4156 4480
f 4480 4156 4151
f 4480 4151 4481
f 4481 4151 4150
f 4481 4150 4482
f 4482 4150 4149
f 4482 4149 4483
f 4483 4149 4148
f 4483 4148 4472
f 4472 4148 4147
f 4484 4485 4486
f 4484 4486 4487
f 4488 4487 4486
f 4489 4488 4486
f 4490 4489 4486
f 4491 4490 4486
f 4492 4491 4486
f 4493 4492 4486
f 4494 4493 4486
f 4495 4494 4486
f 4496 4495 4486
f 4485 4496 4486
f 4478 4497 4477
f 4477 4497 4498
f 4477 4498 4476
f 4476 4498 4499
f 4476 4499 4475
f 4475 4499 4500
f 4475 4500 4474
f 4474 4500 4501
f 4474 4501 4473
f 4473 4501 4502
f 4473 4502 4472
f 4472 4502 4503
f 4472 4503 4483
f 4483 4503 4504
f 4483 4504 4482
f 4482 4504 4505
f 4482 4505 4481
f 4481 4505 4506
f 4481 4506 4480
f 4480 4506 4507
f 4480 4507 4479
f 4479 4507 4508
f 4479 4508 4478
f 4478 4508 4497
f 4508 4485 4497
f 4497 4485 4484
f 4497 4484 4498
f 4498 4484 4487
f 4498 4487 4499
f 4499 4487 4488
f 4499 4488 4500
f 4500 4488 4489
f 4500 4489 4501
f 4501 4489 4490
f 4501 4490 4502
f 4502 4490 4491
f 4502 4491 4503
f 4503 4491 4492
f 4503 4492 4504
f 4504 4492 4493
f 4504 4493 4505
f 4505 4493 4494
f 4505 4494 4506
f 4506 4494 4495
f 4506 4495 4507
f 4507 4495 4496
f 4507 4496 4508
f 4508 4496 4485
f 4509 4207 4510
f 4510 4207 4205
f 4510 4205 4511
f 4511 4205 4204
f 4511 4204 4512
f 4512 4204 4201
f 4512 4201 4513
f 4513 4201 4200
f 4513 4200 4514
f 4514 4200 4212
f 4514 4212 4515
f 4515 4212 4211
f 4515 4211 4516
f 4516 4211 4210
f 4516 4210 4517
f 4517 4210 4203
f 4517 4203 4518
f 4518 4203 4202
f 4518 4202 4519
f 4519 4202 4209
f 4519 4209 4520
f 4520 4209 4208
f 4520 4208 4509
f 4509 4208 4207
f 4521 4522 4523
f 4521 4523 4524
f 4525 4524 4523
f 4526 4525 4523
f 4527 4526 4523
f 4528 4527 4523
f 4529 4528 4523
f 4530 4529 4523
f 4531 4530 4523
f 4532 4531 4523
f 4533 4532 4523
f 4522 4533 4523
f 4515 4534 4514
f 4514 4534 4535
f 4514 4535 4513
f 4513 4535 4536
f 4513 4536 4512
f 4512 4536 4537
f 4512 4537 4511
f 4511 4537 4538
f 4511 4538 4510
f 4510 4538 4539
f 4510 4539 4509
f 4509 4539 4540
f 4509 4540 4520
f 4520 4540 4541
f 4520 4541 4519
f 4519 4541 4542
f 4519 4542 4518
f 4518 4542 4543
f 4518 4543 4517
f 4517 4543 4544
f 4517 4544 4516
f 4516 4544 4545
f 4516 4545 4515
f 4515 4545 4534
f 4545 4522 4534
f 4534 4522 4521
f 4534 4521 4535
f 4535 4521 4524
f 4535 4524 4536
f 4536 4524 4525
f 4536 4525 4537
f 4537 4525 4526
f 4537 4526 4538
f 4538 4526 4527
f 4538 4527 4539
f 4539 4527 4528
f 4539 4528 4540
f 4540 4528 4529
f 4540 4529 4541
f 4541 4529 4530
f 4541 4530 4542
f 4542 4530 4531
f 4542 4531 4543
f 4543 4531 4532
f 4543 4532 4544
f 4544 4532 4533
f 4544 4533 4545
f 4545 4533 4522
f 4546 4108 4547
f 4547 4108 4107
f 4547 4107 4548
f 4548 4107 4118
f 4548 4118 4549
f 4549 4118 4117
f 4549 4117 4550
f 4550 4117 4115
f 4550 4115 4551
f 4551 4115 4112
f 4551 4112 4552
f 4552 4112 4111
f 4552 4111 4553
f 4553 4111 4110
f 4553 4110 4554
f 4554 4110 4109
f 4554 4109 4555
f 4555 4109 4105
f 4555 4105 4556
f 4556 4105 4103
f 4556 4103 4557
f 4557 4103 4102
f 4557 4102 4546
f 4546 4102 4108
f 4558 4559 4560
f 4558 4560 4561
f 4562 4561 4560
f 4563 4562 4560
f 4564 4563 4560
f 4565 4564 4560
f 4566 4565 4560
f 4567 4566 4560
f 4568 4567 4560
f 4569 4568 4560
f 4570 4569 4560
f 4559 4570 4560
f 4552 4571 4551
f 4551 4571 4572
f 4551 4572 4550
f 4550 4572 4573
f 4550 4573 4549
f 4549 4573 4574
f 4549 4574 4548
f 4548 4574 4575
f 4548 4575 4547
f 4547 4575 4576
f 4547 4576 4546
f 4546 4576 4577
f 4546 4577 4557
f 4557 4577 4578
f 4557 4578 4556
f 4556 4578 4579
f 4556 4579 4555
f 4555 4579 4580
f 4555 4580 4554
f 4554 4580 4581
f 4554 4581 4553
f 4553 4581 4582
f 4553 4582 4552
f 4552 4582 4571
f 4582 4559 4571
f 4571 4559 4558
f 4571 4558 4572
f 4572 4558 4561
f 4572 4561 4573
f 4573 4561 4562
f 4573 4562 4574
f 4574 4562 4563
f 4574 4563 4575
f 4575 4563 4564
f 4575 4564 4576
f 4576 4564 4565
f 4576 4565 4577
f 4577 4565 4566
f 4577 4566 4578
f 4578 4566 4567
f 4578 4567 4579
f 4579 4567 4568
f 4579 4568 4580
f 4580 4568 4569
f 4580 4569 4581
f 4581 4569 4570
f 4581 4570 4582
f 4582 4570 4559
f 4583 4584 4585
f 4585 4584 4586
f 4584 4587 4586
f 4586 4587 4588
f 4587 4589 4588
f 4588 4589 4590
f 4589 4591 4590
f 4590 4591 4592
f 4591 4593 4592
f 4592 4593 4594
f 4593 4583 4594
f 4594 4583 4585
f 4595 4596 4586
f 4597 4585 4598
f 4598 4585 4586
f 4598 4586 4599
f 4599 4586 4596
f 4597 4600 4585
f 4585 4600 4601
f 4585 4601 4602
f 4602 4603 4585
f 4585 4603 4604
f 4585 4604 4594
f 4594 4604 4605
f 4594 4605 4606
f 4607 4608 4590
f 4606 4609 4594
f 4594 4609 4610
f 4594 4610 4592
f 4592 4610 4611
f 4592 4611 4612
f 4612 4613 4592
f 4592 4613 4614
f 4592 4614 4590
f 4590 4614 4615
f 4590 4615 4607
f 4608 4616 4590
f 4590 4616 4617
f 4590 4617 4588
f 4588 4617 4618
f 4588 4618 4619
f 4619 4620 4588
f 4588 4620 4621
f 4588 4621 4586
f 4586 4621 4622
f 4586 4622 4595
f 4608 4607 4623
f 4623 4624 4608
f 4608 4624 4625
f 4608 4625 4616
f 4625 4626 4616
f 4616 4626 4627
f 4616 4627 4617
f 4627 4628 4617
f 4617 4628 4629
f 4617 4629 4618
f 4629 4630 4618
f 4618 4630 4631
f 4618 4631 4619
f 4631 4632 4619
f 4619 4632 4633
f 4619 4633 4620
f 4620 4633 4634
f 4620 4634 4621
f 4634 4635 4621
f 4621 4635 4636
f 4621 4636 4622
f 4636 4637 4622
f 4622 4637 4638
f 4622 4638 4595
f 4638 4639 4595
f 4595 4639 4640
f 4595 4640 4596
f 4640 4641 4596
f 4596 4641 4642
f 4596 4642 4599
f 4642 4643 4599
f 4599 4643 4644
f 4599 4644 4598
f 4598 4644 4645
f 4598 4645 4597
f 4597 4645 4646
f 4597 4646 4600
f 4600 4646 4647
f 4600 4647 4601
f 4647 4648 4601
f 4601 4648 4649
f 4601 4649 4602
f 4649 4650 4602
f 4602 4650 4651
f 4602 4651 4603
f 4651 4652 4603
f 4603 4652 4653
f 4603 4653 4604
f 4653 4654 4604
f 4604 4654 4655
f 4604 4655 4605
f 4655 4656 4605
f 4605 4656 4657
f 4605 4657 4606
f 4657 4658 4606
f 4606 4658 4659
f 4606 4659 4609
f 4659 4660 4609
f 4609 4660 4661
f 4609 4661 4610
f 4661 4662 4610
f 4610 4662 4663
f 4610 4663 4611
f 4663 4664 4611
f 4611 4664 4665
f 4611 4665 4612
f 4665 4666 4612
f 4612 4666 4667
f 4612 4667 4613
f 4667 4668 4613
f 4613 4668 4669
f 4613 4669 4614
f 4669 4670 4614
f 4614 4670 4671
f 4614 4671 4615
f 4615 4671 4672
f 4615 4672 4607
f 4607 4672 4673
f 4607 4673 4623
f 4589 4674 4675
f 4675 4676 4589
f 4589 4676 4677
f 4589 4677 4591
f 4591 4677 4678
f 4591 4678 4679
f 4593 4680 4681
f 4679 4682 4591
f 4591 4682 4683
f 4591 4683 4593
f 4593 4683 4684
f 4593 4684 4680
f 4685 4686 4583
f 4681 4687 4593
f 4593 4687 4688
f 4593 4688 4583
f 4583 4688 4689
f 4583 4689 4685
f 4690 4691 4587
f 4686 4692 4583
f 4583 4692 4693
f 4583 4693 4584
f 4584 4693 4694
f 4584 4694 4695
f 4695 4696 4584
f 4584 4696 4697
f 4584 4697 4587
f 4587 4697 4698
f 4587 4698 4690
f 4691 4699 4587
f 4587 4699 4700
f 4587 4700 4589
f 4589 4700 4701
f 4589 4701 4674
f 4647 4702 4703
f 4647 4703 4648
f 4648 4703 4704
f 4648 4704 4649
f 4649 4704 4705
f 4649 4705 4650
f 4650 4705 4706
f 4650 4706 4651
f 4651 4706 4707
f 4651 4707 4652
f 4652 4707 4708
f 4652 4708 4653
f 4653 4708 4709
f 4653 4709 4654
f 4654 4709 4710
f 4654 4710 4655
f 4655 4710 4711
f 4655 4711 4656
f 4656 4711 4712
f 4656 4712 4657
f 4657 4712 4713
f 4657 4713 4658
f 4658 4713 4714
f 4658 4714 4659
f 4659 4714 4715
f 4659 4715 4660
f 4660 4715 4716
f 4660 4716 4661
f 4661 4716 4717
f 4661 4717 4662
f 4662 4717 4718
f 4662 4718 4663
f 4663 4718 4719
f 4663 4719 4664
f 4664 4719 4720
f 4664 4720 4665
f 4665 4720 4721
f 4665 4721 4666
f 4666 4721 4722
f 4666 4722 4667
f 4667 4722 4723
f 4667 4723 4668
f 4668 4723 4724
f 4668 4724 4669
f 4669 4724 4725
f 4669 4725 4670
f 4670 4725 4726
f 4670 4726 4671
f 4671 4726 4727
f 4671 4727 4672
f 4672 4727 4728
f 4672 4728 4673
f 4728 4729 4673
f 4673 4729 4730
f 4673 4730 4623
f 4623 4730 4731
f 4623 4731 4624
f 4624 4731 4732
f 4624 4732 4625
f 4625 4732 4733
f 4625 4733 4626
f 4626 4733 4734
f 4626 4734 4627
f 4627 4734 4735
f 4627 4735 4628
f 4628 4735 4736
f 4628 4736 4629
f 4629 4736 4737
f 4629 4737 4630
f 4630 4737 4738
f 4630 4738 4631
f 4631 4738 4739
f 4631 4739 4632
f 4632 4739 4740
f 4632 4740 4633
f 4633 4740 4741
f 4633 4741 4634
f 4741 4742 4634
f 4634 4742 4743
f 4634 4743 4635
f 4635 4743 4744
f 4635 4744 4636
f 4636 4744 4745
f 4636 4745 4637
f 4637 4745 4746
f 4637 4746 4638
f 4638 4746 4747
f 4638 4747 4639
f 4639 4747 4748
f 4639 4748 4640
f 4640 4748 4749
f 4640 4749 4641
f 4641 4749 4750
f 4641 4750 4642
f 4642 4750 4751
f 4642 4751 4643
f 4643 4751 4752
f 4643 4752 4644
f 4644 4752 4753
f 4644 4753 4645
f 4645 4753 4702
f 4645 4702 4646
f 4646 4702 4647
f 4695 4694 4752
f 4752 4751 4695
f 4695 4751 4750
f 4695 4750 4696
f 4750 4749 4696
f 4696 4749 4748
f 4696 4748 4697
f 4748 4747 4697
f 4697 4747 4746
f 4697 4746 4698
f 4746 4745 4698
f 4698 4745 4744
f 4698 4744 4690
f 4744 4743 4690
f 4690 4743 4742
f 4690 4742 4691
f 4691 4742 4741
f 4691 4741 4699
f 4741 4740 4699
f 4699 4740 4739
f 4699 4739 4700
f 4739 4738 4700
f 4700 4738 4737
f 4700 4737 4701
f 4737 4736 4701
f 4701 4736 4735
f 4701 4735 4674
f 4735 4734 4674
f 4674 4734 4733
f 4674 4733 4675
f 4733 4732 4675
f 4675 4732 4731
f 4675 4731 4676
f 4731 4730 4676
f 4676 4730 4729
f 4676 4729 4677
f 4677 4729 4728
f 4677 4728 4678
f 4728 4727 4678
f 4678 4727 4726
f 4678 4726 4679
f 4726 4725 4679
f 4679 4725 4724
f 4679 4724 4682
f 4724 4723 4682
f 4682 4723 4722
f 4682 4722 4683
f 4722 4721 4683
f 4683 4721 4720
f 4683 4720 4684
f 4720 4719 4684
f 4684 4719 4718
f 4684 4718 4680
f 4718 4717 4680
f 4680 4717 4716
f 4680 4716 4681
f 4681 4716 4715
f 4681 4715 4687
f 4715 4714 4687
f 4687 4714 4713
f 4687 4713 4688
f 4713 4712 4688
f 4688 4712 4711
f 4688 4711 4689
f 4711 4710 4689
f 4689 4710 4709
f 4689 4709 4685
f 4709 4708 4685
f 4685 4708 4707
f 4685 4707 4686
f 4707 4706 4686
f 4686 4706 4705
f 4686 4705 4692
f 4705 4704 4692
f 4692 4704 4703
f 4692 4703 4693
f 4693 4703 4702
f 4693 4702 4694
f 4694 4702 4753
f 4694 4753 4752

