# https://github.com/mikedh/trimesh

o Pitch_Link.STL
v 0.05673670 -0.00280672 0.00043930
v 0.05679779 -0.00280672 0.00058617
v 0.05665173 -0.00250000 0.00065738
v 0.05751147 -0.00250000 0.00141822
v 0.05716105 -0.00250000 0.00124345
v 0.05725194 -0.00280672 0.00110874
v 0.05787481 -0.00280672 0.00133163
v 0.05789518 -0.00250000 0.00149633
v 0.05756439 -0.00280672 0.00126458
v 0.05750471 -0.00280672 0.00124242
v 0.05686781 -0.00250000 0.00098394
v 0.05691164 -0.00280672 0.00077741
v 0.05699047 -0.00280672 0.00087735
v 0.05717475 -0.00280672 0.00105255
v 0.05668704 -0.00280672 0.00025504
v 0.05652753 -0.00250000 0.00028603
v 0.05666411 -0.00280672 0.00006559
v 0.05650367 -0.00250000 -0.00010483
v 0.05666577 -0.00280672 -0.00009347
v 0.05669975 -0.00280672 -0.00031343
v 0.05658178 -0.00250000 -0.00048853
v 0.05673543 -0.00280672 -0.00043561
v 0.05684072 -0.00280672 -0.00066706
v 0.05675655 -0.00250000 -0.00083895
v 0.05689126 -0.00280672 -0.00074806
v 0.05707561 -0.00280672 -0.00096665
v 0.05701606 -0.00250000 -0.00113219
v 0.05712265 -0.00280672 -0.00100954
v 0.05738539 -0.00280672 -0.00118792
v 0.05734261 -0.00250000 -0.00134828
v 0.05741384 -0.00280672 -0.00120221
v 0.05771397 -0.00250000 -0.00147248
v 0.05774496 -0.00280672 -0.00131296
v 0.05810483 -0.00250000 -0.00149633
v 0.05809347 -0.00280672 -0.00133423
v 0.05848853 -0.00250000 -0.00141822
v 0.05883895 -0.00250000 -0.00124345
v 0.05874806 -0.00280672 -0.00110874
v 0.05849529 -0.00280672 -0.00124242
v 0.05843561 -0.00280672 -0.00126458
v 0.05812520 -0.00280672 -0.00133163
v 0.05913219 -0.00250000 -0.00098394
v 0.05934828 -0.00250000 -0.00065738
v 0.05920221 -0.00280672 -0.00058617
v 0.05908836 -0.00280672 -0.00077741
v 0.05900954 -0.00280672 -0.00087735
v 0.05882525 -0.00280672 -0.00105255
v 0.05949634 -0.00250000 0.00010483
v 0.05933589 -0.00280672 -0.00006559
v 0.05947248 -0.00250000 -0.00028603
v 0.05931296 -0.00280672 -0.00025504
v 0.05926330 -0.00280672 -0.00043930
v 0.05941822 -0.00250000 0.00048853
v 0.05930026 -0.00280672 0.00031343
v 0.05933423 -0.00280672 0.00009347
v 0.05924345 -0.00250000 0.00083895
v 0.05915929 -0.00280672 0.00066706
v 0.05926458 -0.00280672 0.00043561
v 0.05898394 -0.00250000 0.00113219
v 0.05892439 -0.00280672 0.00096665
v 0.05910875 -0.00280672 0.00074806
v 0.05790653 -0.00280672 0.00133423
v 0.05825504 -0.00280672 0.00131296
v 0.05828603 -0.00250000 0.00147248
v 0.05858617 -0.00280672 0.00120221
v 0.05865739 -0.00250000 0.00134828
v 0.05861461 -0.00280672 0.00118792
v 0.05887735 -0.00280672 0.00100954
v 0.05787481 -0.00300000 0.00133163
v 0.05825504 -0.00300000 0.00131296
v 0.05750471 -0.00300000 0.00124242
v 0.05717475 -0.00300000 0.00105255
v 0.05691164 -0.00300000 0.00077741
v 0.05673670 -0.00300000 0.00043930
v 0.05666411 -0.00300000 0.00006559
v 0.05669975 -0.00300000 -0.00031343
v 0.05684072 -0.00300000 -0.00066706
v 0.05707561 -0.00300000 -0.00096665
v 0.05738539 -0.00300000 -0.00118792
v 0.05774496 -0.00300000 -0.00131296
v 0.05812520 -0.00300000 -0.00133163
v 0.05849529 -0.00300000 -0.00124242
v 0.05882525 -0.00300000 -0.00105255
v 0.05908836 -0.00300000 -0.00077741
v 0.05926330 -0.00300000 -0.00043930
v 0.05933589 -0.00300000 -0.00006559
v 0.05930026 -0.00300000 0.00031343
v 0.05915929 -0.00300000 0.00066706
v 0.05892439 -0.00300000 0.00096665
v 0.05861461 -0.00300000 0.00118792
v 0.05744142 -0.00300000 0.00274372
v 0.05798743 -0.00300000 0.00279997
v 0.05853391 -0.00300000 0.00274862
v 0.05601123 -0.00300000 0.00197099
v 0.05643396 -0.00300000 0.00232111
v 0.05691688 -0.00300000 0.00258202
v 0.05525138 -0.00300000 0.00053391
v 0.05540835 -0.00300000 0.00105989
v 0.05566492 -0.00300000 0.00154513
v 0.05541798 -0.00300000 -0.00108312
v 0.05525628 -0.00300000 -0.00055858
v 0.05520003 -0.00300000 -0.00001257
v 0.05645487 -0.00300000 -0.00233508
v 0.05602901 -0.00300000 -0.00198877
v 0.05567890 -0.00300000 -0.00156604
v 0.05855858 -0.00300000 -0.00274372
v 0.05801257 -0.00300000 -0.00279997
v 0.05746609 -0.00300000 -0.00274862
v 0.05694012 -0.00300000 -0.00259165
v 0.05998877 -0.00300000 -0.00197099
v 0.05956604 -0.00300000 -0.00232111
v 0.05908312 -0.00300000 -0.00258202
v 0.06074863 -0.00300000 -0.00053391
v 0.06059165 -0.00300000 -0.00105989
v 0.06033508 -0.00300000 -0.00154513
v 0.06058203 -0.00300000 0.00108312
v 0.06074372 -0.00300000 0.00055858
v 0.06079997 -0.00300000 0.00001257
v 0.05905989 -0.00300000 0.00259165
v 0.05954513 -0.00300000 0.00233508
v 0.05997099 -0.00300000 0.00198877
v 0.06032111 -0.00300000 0.00156604
v 0.05833948 -0.00419404 0.00013391
v 0.05832212 -0.00418862 0.00014860
v 0.05800000 -0.00400000 0.00000000
v 0.05829068 -0.00418283 0.00018370
v 0.05825892 -0.00418832 0.00024166
v 0.05825643 -0.00426077 0.00041806
v 0.05830296 -0.00433454 0.00055144
v 0.05832041 -0.00436234 0.00060143
v 0.05845659 -0.00458025 0.00099118
v 0.05820809 -0.00458025 0.00107126
v 0.05786609 -0.00419404 0.00033948
v 0.05785140 -0.00418862 0.00032212
v 0.05781630 -0.00418283 0.00029067
v 0.05775685 -0.00418864 0.00025835
v 0.05758194 -0.00426077 0.00025643
v 0.05744856 -0.00433454 0.00030296
v 0.05739857 -0.00436234 0.00032041
v 0.05700882 -0.00458025 0.00045659
v 0.05692874 -0.00458025 0.00020809
v 0.05766052 -0.00419404 -0.00013391
v 0.05767788 -0.00418862 -0.00014860
v 0.05770933 -0.00418283 -0.00018370
v 0.05774165 -0.00418864 -0.00024315
v 0.05774357 -0.00426077 -0.00041806
v 0.05769704 -0.00433454 -0.00055144
v 0.05767959 -0.00436234 -0.00060143
v 0.05754342 -0.00458025 -0.00099118
v 0.05779191 -0.00458025 -0.00107126
v 0.05813392 -0.00419404 -0.00033948
v 0.05814860 -0.00418862 -0.00032212
v 0.05818370 -0.00418283 -0.00029067
v 0.05824166 -0.00418832 -0.00025892
v 0.05841806 -0.00426077 -0.00025643
v 0.05855144 -0.00433454 -0.00030296
v 0.05860143 -0.00436234 -0.00032041
v 0.05899118 -0.00458025 -0.00045659
v 0.05907127 -0.00458025 -0.00020809
v 0.05830921 -0.00420913 -0.00024309
v 0.05838725 -0.00424444 -0.00024775
v 0.05807449 -0.00433454 -0.00062476
v 0.05808128 -0.00426077 -0.00048366
v 0.05809626 -0.00422306 -0.00040832
v 0.05810716 -0.00421130 -0.00038269
v 0.05805232 -0.00458025 -0.00109003
v 0.05807196 -0.00436234 -0.00067764
v 0.05775691 -0.00420913 -0.00030921
v 0.05775226 -0.00424444 -0.00038725
v 0.05737524 -0.00433454 -0.00007449
v 0.05751634 -0.00426077 -0.00008128
v 0.05759168 -0.00422306 -0.00009626
v 0.05761732 -0.00421130 -0.00010716
v 0.05690997 -0.00458025 -0.00005232
v 0.05732236 -0.00436234 -0.00007195
v 0.05769079 -0.00420913 0.00024309
v 0.05761275 -0.00424444 0.00024775
v 0.05792551 -0.00433454 0.00062476
v 0.05791873 -0.00426077 0.00048366
v 0.05790374 -0.00422306 0.00040832
v 0.05789285 -0.00421130 0.00038269
v 0.05794768 -0.00458025 0.00109003
v 0.05792805 -0.00436234 0.00067764
v 0.05824309 -0.00420913 0.00030921
v 0.05824775 -0.00424444 0.00038725
v 0.05862476 -0.00433454 0.00007449
v 0.05848366 -0.00426077 0.00008128
v 0.05840832 -0.00422306 0.00009626
v 0.05838269 -0.00421130 0.00010716
v 0.05909003 -0.00458025 0.00005232
v 0.05867764 -0.00436234 0.00007195
v 0.05792609 -0.00513126 0.00137522
v 0.05792635 -0.00514090 0.00138700
v 0.05787759 -0.00529489 0.00101243
v 0.05792940 -0.00516630 0.00144311
v 0.05793699 -0.00516277 0.00152055
v 0.05792682 -0.00508783 0.00134236
v 0.05782189 -0.00537247 0.00049277
v 0.05849277 -0.00537247 0.00017811
v 0.05843037 -0.00537753 0.00019736
v 0.05837158 -0.00537987 0.00025070
v 0.05834412 -0.00537753 0.00032519
v 0.05834964 -0.00537247 0.00039025
v 0.05937522 -0.00513126 0.00007391
v 0.05938701 -0.00514090 0.00007365
v 0.05901243 -0.00529489 0.00012241
v 0.05944311 -0.00516630 0.00007061
v 0.05952055 -0.00516277 0.00006301
v 0.05934237 -0.00508783 0.00007319
v 0.05889298 -0.00529489 -0.00049254
v 0.05926358 -0.00514464 -0.00058938
v 0.05921735 -0.00508783 -0.00057040
v 0.05938638 -0.00516277 -0.00062768
v 0.05933267 -0.00516944 -0.00061226
v 0.05931937 -0.00516783 -0.00060815
v 0.05839026 -0.00537247 -0.00034963
v 0.05849254 -0.00529489 0.00089298
v 0.05858938 -0.00514464 0.00126358
v 0.05857041 -0.00508783 0.00121735
v 0.05862768 -0.00516277 0.00138638
v 0.05861226 -0.00516944 0.00133267
v 0.05860815 -0.00516783 0.00131937
v 0.05780265 -0.00537753 0.00043037
v 0.05774930 -0.00537987 0.00037157
v 0.05767481 -0.00537753 0.00034412
v 0.05760975 -0.00537247 0.00034963
v 0.05817811 -0.00537247 -0.00049277
v 0.05819736 -0.00537753 -0.00043037
v 0.05825070 -0.00537987 -0.00037157
v 0.05832519 -0.00537753 -0.00034412
v 0.05807391 -0.00513126 -0.00137522
v 0.05807365 -0.00514090 -0.00138700
v 0.05812242 -0.00529489 -0.00101243
v 0.05807061 -0.00516630 -0.00144311
v 0.05806301 -0.00516277 -0.00152055
v 0.05807319 -0.00508783 -0.00134236
v 0.05750747 -0.00529489 -0.00089298
v 0.05741062 -0.00514464 -0.00126358
v 0.05742960 -0.00508783 -0.00121735
v 0.05737232 -0.00516277 -0.00138638
v 0.05738774 -0.00516944 -0.00133267
v 0.05739186 -0.00516783 -0.00131937
v 0.05765037 -0.00537247 -0.00039025
v 0.05750723 -0.00537247 -0.00017811
v 0.05756963 -0.00537753 -0.00019736
v 0.05762843 -0.00537987 -0.00025070
v 0.05765588 -0.00537753 -0.00032519
v 0.05662479 -0.00513126 -0.00007391
v 0.05661300 -0.00514090 -0.00007365
v 0.05698757 -0.00529489 -0.00012241
v 0.05655689 -0.00516630 -0.00007061
v 0.05647945 -0.00516277 -0.00006301
v 0.05665764 -0.00508783 -0.00007319
v 0.05710702 -0.00529489 0.00049254
v 0.05673642 -0.00514464 0.00058938
v 0.05678266 -0.00508783 0.00057040
v 0.05661362 -0.00516277 0.00062768
v 0.05666733 -0.00516944 0.00061226
v 0.05668063 -0.00516783 0.00060815
v 0.06047526 -0.00448903 -0.00130880
v 0.06033506 -0.00448903 -0.00154511
v 0.05882481 -0.00448903 -0.00267573
v 0.05855858 -0.00448903 -0.00274369
v 0.05669121 -0.00448903 -0.00247526
v 0.05645489 -0.00448903 -0.00233506
v 0.05744142 -0.00448903 0.00274369
v 0.05826193 -0.00448903 0.00278770
v 0.05798743 -0.00448903 0.00279995
v 0.05771304 -0.00448903 0.00278523
v 0.05643398 -0.00448903 0.00232108
v 0.05666903 -0.00448903 0.00246340
v 0.05691689 -0.00448903 0.00258200
v 0.05717519 -0.00448903 0.00267573
v 0.05566495 -0.00448903 0.00154511
v 0.05582764 -0.00448903 0.00176655
v 0.05601125 -0.00448903 0.00197097
v 0.05621402 -0.00448903 0.00215641
v 0.05525140 -0.00448903 0.00053391
v 0.05531697 -0.00448903 0.00080075
v 0.05540838 -0.00448903 0.00105988
v 0.05552474 -0.00448903 0.00130880
v 0.05525631 -0.00448903 -0.00055858
v 0.05521477 -0.00448903 -0.00028696
v 0.05520006 -0.00448903 -0.00001257
v 0.05521230 -0.00448903 0.00026193
v 0.05567892 -0.00448903 -0.00156602
v 0.05553660 -0.00448903 -0.00133098
v 0.05541800 -0.00448903 -0.00108311
v 0.05532427 -0.00448903 -0.00082481
v 0.05623345 -0.00448903 -0.00217236
v 0.05602903 -0.00448903 -0.00198875
v 0.05584359 -0.00448903 -0.00178599
v 0.05694013 -0.00448903 -0.00259162
v 0.05719925 -0.00448903 -0.00268303
v 0.05746609 -0.00448903 -0.00274860
v 0.05828696 -0.00448903 -0.00278523
v 0.05801257 -0.00448903 -0.00279995
v 0.05773807 -0.00448903 -0.00278770
v 0.05908311 -0.00448903 -0.00258200
v 0.05933098 -0.00448903 -0.00246340
v 0.05956602 -0.00448903 -0.00232108
v 0.05978599 -0.00448903 -0.00215641
v 0.05998875 -0.00448903 -0.00197097
v 0.06017237 -0.00448903 -0.00176655
v 0.06059163 -0.00448903 -0.00105988
v 0.06068303 -0.00448903 -0.00080075
v 0.06074860 -0.00448903 -0.00053391
v 0.06078523 -0.00448903 0.00028696
v 0.06079995 -0.00448903 0.00001257
v 0.06078770 -0.00448903 -0.00026193
v 0.06046341 -0.00448903 0.00133098
v 0.06058200 -0.00448903 0.00108311
v 0.06067573 -0.00448903 0.00082481
v 0.06074369 -0.00448903 0.00055858
v 0.06032109 -0.00448903 0.00156602
v 0.06015641 -0.00448903 0.00178599
v 0.05997097 -0.00448903 0.00198875
v 0.05976655 -0.00448903 0.00217236
v 0.05954511 -0.00448903 0.00233506
v 0.05853391 -0.00448903 0.00274860
v 0.05880075 -0.00448903 0.00268303
v 0.05905988 -0.00448903 0.00259162
v 0.05930880 -0.00448903 0.00247526
v 0.05838910 -0.00535171 -0.00057370
v 0.05718841 -0.00457248 0.00263282
v 0.05700262 -0.00461586 0.00249635
v 0.05748180 -0.00472148 0.00246096
v 0.06029761 -0.00457248 -0.00152033
v 0.06043557 -0.00457248 -0.00128781
v 0.06015492 -0.00472148 -0.00129659
v 0.06064001 -0.00457248 -0.00078791
v 0.06070453 -0.00457248 -0.00052535
v 0.06031927 -0.00480659 -0.00045051
v 0.06074300 -0.00457248 -0.00025773
v 0.06075505 -0.00457248 0.00001237
v 0.06040185 -0.00478526 -0.00002542
v 0.06063282 -0.00457248 0.00081159
v 0.06056380 -0.00461586 0.00080836
v 0.06069970 -0.00457248 0.00054962
v 0.06054060 -0.00457248 0.00106574
v 0.06042390 -0.00457248 0.00130963
v 0.06022072 -0.00466415 0.00137312
v 0.05993937 -0.00457248 0.00195686
v 0.05985941 -0.00461586 0.00194142
v 0.06012183 -0.00457248 0.00175735
v 0.05904288 -0.00457248 0.00255007
v 0.05878791 -0.00457248 0.00264001
v 0.05893068 -0.00478526 0.00221435
v 0.05845052 -0.00480659 0.00231927
v 0.05928781 -0.00457248 0.00243557
v 0.05940183 -0.00472148 0.00208799
v 0.05952034 -0.00457248 0.00229761
v 0.05973822 -0.00457248 0.00213753
v 0.06013918 -0.00481758 0.00095335
v 0.06013753 -0.00457248 -0.00173822
v 0.06007474 -0.00461586 -0.00170938
v 0.05995686 -0.00457248 -0.00193936
v 0.05962671 -0.00481758 -0.00168486
v 0.05975735 -0.00457248 -0.00212183
v 0.05954091 -0.00457248 -0.00228386
v 0.05954517 -0.00466415 -0.00210464
v 0.05930964 -0.00457248 -0.00242390
v 0.05907847 -0.00481758 -0.00207891
v 0.05906574 -0.00457248 -0.00254060
v 0.05899738 -0.00461586 -0.00249635
v 0.05851820 -0.00472148 -0.00246096
v 0.05881159 -0.00457248 -0.00263282
v 0.05854962 -0.00457248 -0.00269970
v 0.05828236 -0.00457248 -0.00274057
v 0.05803401 -0.00478526 -0.00240174
v 0.05801237 -0.00457248 -0.00275505
v 0.05774227 -0.00457248 -0.00274299
v 0.05754949 -0.00480659 -0.00231927
v 0.05747465 -0.00457248 -0.00270452
v 0.05721209 -0.00457248 -0.00264001
v 0.05706933 -0.00478526 -0.00221435
v 0.05695712 -0.00457248 -0.00255007
v 0.05659818 -0.00472148 -0.00208799
v 0.05647967 -0.00457248 -0.00229761
v 0.05671219 -0.00457248 -0.00243557
v 0.05577928 -0.00466415 -0.00137312
v 0.05571614 -0.00457248 -0.00154091
v 0.05587817 -0.00457248 -0.00175735
v 0.05586082 -0.00481758 -0.00095335
v 0.05545940 -0.00457248 -0.00106574
v 0.05557610 -0.00457248 -0.00130963
v 0.05559816 -0.00478526 0.00002542
v 0.05525943 -0.00457248 -0.00028236
v 0.05551638 -0.00472148 -0.00039557
v 0.05530031 -0.00457248 -0.00054962
v 0.05543620 -0.00461586 -0.00080836
v 0.05536718 -0.00457248 -0.00081159
v 0.05568073 -0.00480659 0.00045051
v 0.05525701 -0.00457248 0.00025773
v 0.05524495 -0.00457248 -0.00001237
v 0.05584508 -0.00472148 0.00129659
v 0.05544993 -0.00457248 0.00104288
v 0.05576330 -0.00478526 0.00087561
v 0.05535999 -0.00457248 0.00078791
v 0.05529548 -0.00457248 0.00052535
v 0.05604314 -0.00457248 0.00193936
v 0.05586247 -0.00457248 0.00173822
v 0.05592526 -0.00461586 0.00170938
v 0.05570239 -0.00457248 0.00152033
v 0.05556443 -0.00457248 0.00128781
v 0.05624265 -0.00457248 0.00212183
v 0.05637329 -0.00481758 0.00168486
v 0.05645909 -0.00457248 0.00228386
v 0.05645483 -0.00466415 0.00210464
v 0.05669037 -0.00457248 0.00242390
v 0.05692153 -0.00481758 0.00207891
v 0.05693426 -0.00457248 0.00254060
v 0.05796599 -0.00478526 0.00240174
v 0.05771765 -0.00457248 0.00274057
v 0.05745038 -0.00457248 0.00269970
v 0.05852535 -0.00457248 0.00270452
v 0.05825773 -0.00457248 0.00274299
v 0.05798763 -0.00457248 0.00275505
v 0.05847367 -0.00516277 0.00144626
v 0.05884633 -0.00499509 0.00178014
v 0.05829019 -0.00516277 0.00149393
v 0.05836576 -0.00501744 0.00188295
v 0.05810222 -0.00516277 0.00151842
v 0.05788165 -0.00499509 0.00196753
v 0.05761090 -0.00535171 0.00057370
v 0.05713187 -0.00527969 0.00065951
v 0.05666124 -0.00516043 0.00073893
v 0.05620358 -0.00499509 0.00081120
v 0.05655374 -0.00516277 0.00047366
v 0.05650607 -0.00516277 0.00029019
v 0.05611705 -0.00501744 0.00036576
v 0.05648158 -0.00516277 0.00010222
v 0.05603053 -0.00499509 -0.00007968
v 0.05694810 -0.00527969 -0.00028655
v 0.05742442 -0.00535171 -0.00038631
v 0.05733208 -0.00527969 -0.00086167
v 0.05724154 -0.00516043 -0.00132779
v 0.05715367 -0.00499509 -0.00178014
v 0.05752634 -0.00516277 -0.00144626
v 0.05770981 -0.00516277 -0.00149393
v 0.05763424 -0.00501744 -0.00188295
v 0.05789778 -0.00516277 -0.00151842
v 0.05811835 -0.00499509 -0.00196753
v 0.05949393 -0.00516277 -0.00029019
v 0.05944627 -0.00516277 -0.00047366
v 0.05979642 -0.00499509 -0.00081120
v 0.05933876 -0.00516043 -0.00073893
v 0.05886813 -0.00527969 -0.00065951
v 0.05996947 -0.00499509 0.00007968
v 0.05951804 -0.00516043 0.00018400
v 0.05905190 -0.00527969 0.00028655
v 0.05857559 -0.00535171 0.00038631
v 0.06055007 -0.00457248 -0.00104288
v 0.06023670 -0.00478526 -0.00087561
v 0.05988295 -0.00501744 -0.00036576
v 0.05951842 -0.00516277 -0.00010222
v 0.05916294 -0.00497654 -0.00164403
v 0.05860132 -0.00492825 -0.00203306
v 0.05868791 -0.00509119 -0.00158729
v 0.05820622 -0.00516043 -0.00151518
v 0.05971073 -0.00492825 -0.00125232
v 0.05924999 -0.00509119 -0.00119593
v 0.05877714 -0.00520872 -0.00112795
v 0.05829677 -0.00527969 -0.00104906
v 0.06074057 -0.00457248 0.00028236
v 0.06048362 -0.00472148 0.00039557
v 0.06005516 -0.00492825 0.00052080
v 0.05960681 -0.00509119 0.00064100
v 0.05914290 -0.00520872 0.00075499
v 0.05866792 -0.00527969 0.00086167
v 0.05969385 -0.00497654 0.00108911
v 0.05923212 -0.00509119 0.00121433
v 0.05875846 -0.00516043 0.00132779
v 0.05977833 -0.00481758 0.00152399
v 0.05931871 -0.00492825 0.00166010
v 0.05685711 -0.00520872 -0.00075499
v 0.05676788 -0.00509119 -0.00121433
v 0.05668129 -0.00492825 -0.00166010
v 0.05648197 -0.00516043 -0.00018400
v 0.05639319 -0.00509119 -0.00064100
v 0.05630615 -0.00497654 -0.00108911
v 0.05622168 -0.00481758 -0.00152399
v 0.05614059 -0.00461586 -0.00194142
v 0.06028387 -0.00457248 0.00154091
v 0.05739868 -0.00492825 0.00203306
v 0.05594484 -0.00492825 -0.00052080
v 0.05606064 -0.00457248 -0.00195686
v 0.05626178 -0.00457248 -0.00213753
v 0.05770324 -0.00527969 0.00104906
v 0.05722287 -0.00520872 0.00112795
v 0.05675001 -0.00509119 0.00119593
v 0.05628927 -0.00492825 0.00125232
v 0.05779378 -0.00516043 0.00151518
v 0.05731209 -0.00509119 0.00158729
v 0.05683706 -0.00497654 0.00164403
v 0.05532841 -0.00453641 0.00079733
v 0.05541943 -0.00453641 0.00105536
v 0.05553529 -0.00453641 0.00130322
v 0.05567490 -0.00453641 0.00153852
v 0.05583690 -0.00453641 0.00175901
v 0.05601973 -0.00453641 0.00196257
v 0.05622163 -0.00453641 0.00214722
v 0.05644066 -0.00453641 0.00231119
v 0.05667470 -0.00453641 0.00245290
v 0.05692151 -0.00453641 0.00257099
v 0.05717870 -0.00453641 0.00266432
v 0.05744381 -0.00453641 0.00273199
v 0.05771427 -0.00453641 0.00277336
v 0.05798748 -0.00453641 0.00278801
v 0.05826081 -0.00453641 0.00277581
v 0.05853163 -0.00453641 0.00273688
v 0.05879734 -0.00453641 0.00267159
v 0.05905536 -0.00453641 0.00258058
v 0.05930322 -0.00453641 0.00246471
v 0.05953852 -0.00453641 0.00232510
v 0.05975902 -0.00453641 0.00216310
v 0.05996257 -0.00453641 0.00198027
v 0.06014722 -0.00453641 0.00177837
v 0.06031119 -0.00453641 0.00155935
v 0.06045290 -0.00453641 0.00132530
v 0.06057099 -0.00453641 0.00107849
v 0.06066433 -0.00453641 0.00082130
v 0.06073200 -0.00453641 0.00055619
v 0.06077336 -0.00453641 0.00028573
v 0.06078801 -0.00453641 0.00001252
v 0.06077581 -0.00453641 -0.00026081
v 0.06073688 -0.00453641 -0.00053163
v 0.06067159 -0.00453641 -0.00079733
v 0.06058058 -0.00453641 -0.00105536
v 0.06046471 -0.00453641 -0.00130322
v 0.06032510 -0.00453641 -0.00153852
v 0.06016310 -0.00453641 -0.00175901
v 0.05998027 -0.00453641 -0.00196257
v 0.05977837 -0.00453641 -0.00214722
v 0.05955935 -0.00453641 -0.00231119
v 0.05932530 -0.00453641 -0.00245290
v 0.05907849 -0.00453641 -0.00257099
v 0.05882130 -0.00453641 -0.00266432
v 0.05855620 -0.00453641 -0.00273199
v 0.05828574 -0.00453641 -0.00277336
v 0.05801252 -0.00453641 -0.00278801
v 0.05773919 -0.00453641 -0.00277581
v 0.05746837 -0.00453641 -0.00273688
v 0.05720267 -0.00453641 -0.00267159
v 0.05694465 -0.00453641 -0.00258058
v 0.05669679 -0.00453641 -0.00246471
v 0.05646148 -0.00453641 -0.00232510
v 0.05624099 -0.00453641 -0.00216310
v 0.05603744 -0.00453641 -0.00198027
v 0.05585279 -0.00453641 -0.00177837
v 0.05568881 -0.00453641 -0.00155935
v 0.05554710 -0.00453641 -0.00132530
v 0.05542901 -0.00453641 -0.00107849
v 0.05533568 -0.00453641 -0.00082130
v 0.05526801 -0.00453641 -0.00055619
v 0.05522665 -0.00453641 -0.00028573
v 0.05521199 -0.00453641 -0.00001252
v 0.05522419 -0.00453641 0.00026081
v 0.05526312 -0.00453641 0.00053163
v 0.05927759 -0.00508783 -0.00041842
v 0.05934132 -0.00508783 -0.00009030
v 0.05931969 -0.00508783 -0.00025635
v 0.05938579 -0.00514087 -0.00009329
v 0.05944948 -0.00516782 -0.00009758
v 0.05942610 -0.00516782 -0.00027702
v 0.05938060 -0.00516782 -0.00045216
v 0.05936344 -0.00514087 -0.00026485
v 0.05931994 -0.00514087 -0.00043229
v 0.05758158 -0.00508783 -0.00127758
v 0.05790970 -0.00508783 -0.00134132
v 0.05774365 -0.00508783 -0.00131969
v 0.05790671 -0.00514087 -0.00138579
v 0.05790242 -0.00516782 -0.00144947
v 0.05772299 -0.00516782 -0.00142610
v 0.05754784 -0.00516782 -0.00138060
v 0.05773516 -0.00514087 -0.00136344
v 0.05756771 -0.00514087 -0.00131994
v 0.05672242 -0.00508783 0.00041842
v 0.05665868 -0.00508783 0.00009030
v 0.05668031 -0.00508783 0.00025635
v 0.05661421 -0.00514087 0.00009329
v 0.05655053 -0.00516782 0.00009758
v 0.05657390 -0.00516782 0.00027702
v 0.05661941 -0.00516782 0.00045216
v 0.05663656 -0.00514087 0.00026485
v 0.05668006 -0.00514087 0.00043229
v 0.05841842 -0.00508783 0.00127758
v 0.05809030 -0.00508783 0.00134132
v 0.05825635 -0.00508783 0.00131969
v 0.05809329 -0.00514087 0.00138579
v 0.05809758 -0.00516782 0.00144947
v 0.05827702 -0.00516782 0.00142610
v 0.05845216 -0.00516782 0.00138060
v 0.05826485 -0.00514087 0.00136344
v 0.05843229 -0.00514087 0.00131994
v 0.05761136 0.00300000 0.00112821
v 0.05791661 0.00300000 0.00119036
v 0.05800000 0.00300000 0.00000000
v 0.05822754 0.00300000 0.00117138
v 0.05852296 0.00300000 0.00107258
v 0.05692743 0.00300000 0.00052296
v 0.05709932 0.00300000 0.00078274
v 0.05733261 0.00300000 0.00098918
v 0.05687179 0.00300000 -0.00038864
v 0.05680965 0.00300000 -0.00008339
v 0.05682862 0.00300000 0.00022754
v 0.05747704 0.00300000 -0.00107258
v 0.05721726 0.00300000 -0.00090068
v 0.05701082 0.00300000 -0.00066740
v 0.05838864 0.00300000 -0.00112821
v 0.05808339 0.00300000 -0.00119036
v 0.05777247 0.00300000 -0.00117138
v 0.05907258 0.00300000 -0.00052296
v 0.05890068 0.00300000 -0.00078274
v 0.05866740 0.00300000 -0.00098918
v 0.05912821 0.00300000 0.00038864
v 0.05919036 0.00300000 0.00008339
v 0.05917138 0.00300000 -0.00022754
v 0.05878275 0.00300000 0.00090068
v 0.05898919 0.00300000 0.00066740
v 0.05828603 0.00269317 0.00147248
v 0.05865739 0.00269317 0.00134828
v 0.05898394 0.00269317 0.00113219
v 0.05924345 0.00269317 0.00083895
v 0.05941822 0.00269317 0.00048853
v 0.05949634 0.00269317 0.00010483
v 0.05947248 0.00269317 -0.00028603
v 0.05934828 0.00269317 -0.00065738
v 0.05913219 0.00269317 -0.00098394
v 0.05883895 0.00269317 -0.00124345
v 0.05848853 0.00269317 -0.00141822
v 0.05810483 0.00269317 -0.00149633
v 0.05771397 0.00269317 -0.00147248
v 0.05734261 0.00269317 -0.00134828
v 0.05701606 0.00269317 -0.00113219
v 0.05675655 0.00269317 -0.00083895
v 0.05658178 0.00269317 -0.00048853
v 0.05650367 0.00269317 -0.00010483
v 0.05652753 0.00269317 0.00028603
v 0.05665173 0.00269317 0.00065738
v 0.05686781 0.00269317 0.00098394
v 0.05716105 0.00269317 0.00124345
v 0.05751147 0.00269317 0.00141822
v 0.05789518 0.00269317 0.00149633
v 0.01273670 -0.00280672 0.00043930
v 0.01279779 -0.00280672 0.00058617
v 0.01265173 -0.00250000 0.00065738
v 0.01351147 -0.00250000 0.00141822
v 0.01316105 -0.00250000 0.00124345
v 0.01325194 -0.00280672 0.00110874
v 0.01387481 -0.00280672 0.00133163
v 0.01389518 -0.00250000 0.00149633
v 0.01356439 -0.00280672 0.00126458
v 0.01350471 -0.00280672 0.00124242
v 0.01286781 -0.00250000 0.00098394
v 0.01291164 -0.00280672 0.00077741
v 0.01299047 -0.00280672 0.00087735
v 0.01317475 -0.00280672 0.00105255
v 0.01268704 -0.00280672 0.00025504
v 0.01252752 -0.00250000 0.00028603
v 0.01266411 -0.00280672 0.00006559
v 0.01250367 -0.00250000 -0.00010483
v 0.01266577 -0.00280672 -0.00009347
v 0.01269974 -0.00280672 -0.00031343
v 0.01258179 -0.00250000 -0.00048853
v 0.01273543 -0.00280672 -0.00043561
v 0.01284072 -0.00280672 -0.00066706
v 0.01275655 -0.00250000 -0.00083895
v 0.01289126 -0.00280672 -0.00074806
v 0.01307561 -0.00280672 -0.00096665
v 0.01301606 -0.00250000 -0.00113219
v 0.01312265 -0.00280672 -0.00100954
v 0.01338539 -0.00280672 -0.00118792
v 0.01334262 -0.00250000 -0.00134828
v 0.01341383 -0.00280672 -0.00120221
v 0.01371398 -0.00250000 -0.00147248
v 0.01374496 -0.00280672 -0.00131296
v 0.01410483 -0.00250000 -0.00149633
v 0.01409347 -0.00280672 -0.00133423
v 0.01448854 -0.00250000 -0.00141822
v 0.01483895 -0.00250000 -0.00124345
v 0.01474806 -0.00280672 -0.00110874
v 0.01449529 -0.00280672 -0.00124242
v 0.01443561 -0.00280672 -0.00126458
v 0.01412520 -0.00280672 -0.00133163
v 0.01513219 -0.00250000 -0.00098394
v 0.01534828 -0.00250000 -0.00065738
v 0.01520221 -0.00280672 -0.00058617
v 0.01508836 -0.00280672 -0.00077741
v 0.01500954 -0.00280672 -0.00087735
v 0.01482525 -0.00280672 -0.00105255
v 0.01549633 -0.00250000 0.00010483
v 0.01533589 -0.00280672 -0.00006559
v 0.01547248 -0.00250000 -0.00028603
v 0.01531296 -0.00280672 -0.00025504
v 0.01526330 -0.00280672 -0.00043930
v 0.01541822 -0.00250000 0.00048853
v 0.01530026 -0.00280672 0.00031343
v 0.01533423 -0.00280672 0.00009347
v 0.01524345 -0.00250000 0.00083895
v 0.01515928 -0.00280672 0.00066706
v 0.01526458 -0.00280672 0.00043561
v 0.01498395 -0.00250000 0.00113219
v 0.01492439 -0.00280672 0.00096665
v 0.01510874 -0.00280672 0.00074806
v 0.01390653 -0.00280672 0.00133423
v 0.01425504 -0.00280672 0.00131296
v 0.01428603 -0.00250000 0.00147248
v 0.01458617 -0.00280672 0.00120221
v 0.01465739 -0.00250000 0.00134828
v 0.01461461 -0.00280672 0.00118792
v 0.01487735 -0.00280672 0.00100954
v 0.01387481 -0.00300000 0.00133163
v 0.01425504 -0.00300000 0.00131296
v 0.01350471 -0.00300000 0.00124242
v 0.01317475 -0.00300000 0.00105255
v 0.01291164 -0.00300000 0.00077741
v 0.01273670 -0.00300000 0.00043930
v 0.01266411 -0.00300000 0.00006559
v 0.01269974 -0.00300000 -0.00031343
v 0.01284072 -0.00300000 -0.00066706
v 0.01307561 -0.00300000 -0.00096665
v 0.01338539 -0.00300000 -0.00118792
v 0.01374496 -0.00300000 -0.00131296
v 0.01412520 -0.00300000 -0.00133163
v 0.01449529 -0.00300000 -0.00124242
v 0.01482525 -0.00300000 -0.00105255
v 0.01508836 -0.00300000 -0.00077741
v 0.01526330 -0.00300000 -0.00043930
v 0.01533589 -0.00300000 -0.00006559
v 0.01530026 -0.00300000 0.00031343
v 0.01515928 -0.00300000 0.00066706
v 0.01492439 -0.00300000 0.00096665
v 0.01461461 -0.00300000 0.00118792
v 0.01344142 -0.00300000 0.00274372
v 0.01398743 -0.00300000 0.00279997
v 0.01453392 -0.00300000 0.00274862
v 0.01201123 -0.00300000 0.00197099
v 0.01243396 -0.00300000 0.00232111
v 0.01291688 -0.00300000 0.00258202
v 0.01125138 -0.00300000 0.00053391
v 0.01140835 -0.00300000 0.00105989
v 0.01166492 -0.00300000 0.00154513
v 0.01141798 -0.00300000 -0.00108312
v 0.01125628 -0.00300000 -0.00055858
v 0.01120003 -0.00300000 -0.00001257
v 0.01245488 -0.00300000 -0.00233508
v 0.01202901 -0.00300000 -0.00198877
v 0.01167890 -0.00300000 -0.00156604
v 0.01455858 -0.00300000 -0.00274372
v 0.01401258 -0.00300000 -0.00279997
v 0.01346609 -0.00300000 -0.00274862
v 0.01294012 -0.00300000 -0.00259165
v 0.01598877 -0.00300000 -0.00197099
v 0.01556604 -0.00300000 -0.00232111
v 0.01508312 -0.00300000 -0.00258202
v 0.01674863 -0.00300000 -0.00053391
v 0.01659165 -0.00300000 -0.00105989
v 0.01633508 -0.00300000 -0.00154513
v 0.01658203 -0.00300000 0.00108312
v 0.01674372 -0.00300000 0.00055858
v 0.01679997 -0.00300000 0.00001257
v 0.01505989 -0.00300000 0.00259165
v 0.01554513 -0.00300000 0.00233508
v 0.01597099 -0.00300000 0.00198877
v 0.01632111 -0.00300000 0.00156604
v 0.01433948 -0.00419404 0.00013391
v 0.01432212 -0.00418862 0.00014860
v 0.01400000 -0.00400000 0.00000000
v 0.01429067 -0.00418283 0.00018370
v 0.01425892 -0.00418832 0.00024166
v 0.01425643 -0.00426077 0.00041806
v 0.01430296 -0.00433454 0.00055144
v 0.01432041 -0.00436234 0.00060143
v 0.01445659 -0.00458025 0.00099118
v 0.01420809 -0.00458025 0.00107126
v 0.01386609 -0.00419404 0.00033948
v 0.01385140 -0.00418862 0.00032212
v 0.01381630 -0.00418283 0.00029067
v 0.01375685 -0.00418864 0.00025835
v 0.01358194 -0.00426077 0.00025643
v 0.01344856 -0.00433454 0.00030296
v 0.01339857 -0.00436234 0.00032041
v 0.01300882 -0.00458025 0.00045659
v 0.01292874 -0.00458025 0.00020809
v 0.01366052 -0.00419404 -0.00013391
v 0.01367788 -0.00418862 -0.00014860
v 0.01370933 -0.00418283 -0.00018370
v 0.01374165 -0.00418864 -0.00024315
v 0.01374357 -0.00426077 -0.00041806
v 0.01369704 -0.00433454 -0.00055144
v 0.01367959 -0.00436234 -0.00060143
v 0.01354341 -0.00458025 -0.00099118
v 0.01379191 -0.00458025 -0.00107126
v 0.01413391 -0.00419404 -0.00033948
v 0.01414860 -0.00418862 -0.00032212
v 0.01418370 -0.00418283 -0.00029067
v 0.01424166 -0.00418832 -0.00025892
v 0.01441806 -0.00426077 -0.00025643
v 0.01455144 -0.00433454 -0.00030296
v 0.01460143 -0.00436234 -0.00032041
v 0.01499118 -0.00458025 -0.00045659
v 0.01507126 -0.00458025 -0.00020809
v 0.01430921 -0.00420913 -0.00024309
v 0.01438725 -0.00424444 -0.00024775
v 0.01407449 -0.00433454 -0.00062476
v 0.01408128 -0.00426077 -0.00048366
v 0.01409626 -0.00422306 -0.00040832
v 0.01410716 -0.00421130 -0.00038269
v 0.01405232 -0.00458025 -0.00109003
v 0.01407196 -0.00436234 -0.00067764
v 0.01375691 -0.00420913 -0.00030921
v 0.01375225 -0.00424444 -0.00038725
v 0.01337524 -0.00433454 -0.00007449
v 0.01351634 -0.00426077 -0.00008128
v 0.01359169 -0.00422306 -0.00009626
v 0.01361732 -0.00421130 -0.00010716
v 0.01290997 -0.00458025 -0.00005232
v 0.01332236 -0.00436234 -0.00007195
v 0.01369079 -0.00420913 0.00024309
v 0.01361275 -0.00424444 0.00024775
v 0.01392552 -0.00433454 0.00062476
v 0.01391873 -0.00426077 0.00048366
v 0.01390374 -0.00422306 0.00040832
v 0.01389285 -0.00421130 0.00038269
v 0.01394769 -0.00458025 0.00109003
v 0.01392805 -0.00436234 0.00067764
v 0.01424309 -0.00420913 0.00030921
v 0.01424775 -0.00424444 0.00038725
v 0.01462476 -0.00433454 0.00007449
v 0.01448366 -0.00426077 0.00008128
v 0.01440832 -0.00422306 0.00009626
v 0.01438269 -0.00421130 0.00010716
v 0.01509003 -0.00458025 0.00005232
v 0.01467765 -0.00436234 0.00007195
v 0.01392609 -0.00513126 0.00137522
v 0.01392635 -0.00514090 0.00138700
v 0.01387759 -0.00529489 0.00101243
v 0.01392940 -0.00516630 0.00144311
v 0.01393699 -0.00516277 0.00152055
v 0.01392682 -0.00508783 0.00134236
v 0.01382189 -0.00537247 0.00049277
v 0.01449277 -0.00537247 0.00017811
v 0.01443037 -0.00537753 0.00019736
v 0.01437158 -0.00537987 0.00025070
v 0.01434412 -0.00537753 0.00032519
v 0.01434963 -0.00537247 0.00039025
v 0.01537522 -0.00513126 0.00007391
v 0.01538700 -0.00514090 0.00007365
v 0.01501243 -0.00529489 0.00012241
v 0.01544311 -0.00516630 0.00007061
v 0.01552055 -0.00516277 0.00006301
v 0.01534236 -0.00508783 0.00007319
v 0.01489298 -0.00529489 -0.00049254
v 0.01526358 -0.00514464 -0.00058938
v 0.01521735 -0.00508783 -0.00057040
v 0.01538638 -0.00516277 -0.00062768
v 0.01533267 -0.00516944 -0.00061226
v 0.01531937 -0.00516783 -0.00060815
v 0.01439026 -0.00537247 -0.00034963
v 0.01449254 -0.00529489 0.00089298
v 0.01458938 -0.00514464 0.00126358
v 0.01457041 -0.00508783 0.00121735
v 0.01462768 -0.00516277 0.00138638
v 0.01461226 -0.00516944 0.00133267
v 0.01460815 -0.00516783 0.00131937
v 0.01380265 -0.00537753 0.00043037
v 0.01374930 -0.00537987 0.00037157
v 0.01367481 -0.00537753 0.00034412
v 0.01360975 -0.00537247 0.00034963
v 0.01417811 -0.00537247 -0.00049277
v 0.01419736 -0.00537753 -0.00043037
v 0.01425070 -0.00537987 -0.00037157
v 0.01432519 -0.00537753 -0.00034412
v 0.01407391 -0.00513126 -0.00137522
v 0.01407365 -0.00514090 -0.00138700
v 0.01412242 -0.00529489 -0.00101243
v 0.01407061 -0.00516630 -0.00144311
v 0.01406301 -0.00516277 -0.00152055
v 0.01407319 -0.00508783 -0.00134236
v 0.01350747 -0.00529489 -0.00089298
v 0.01341062 -0.00514464 -0.00126358
v 0.01342960 -0.00508783 -0.00121735
v 0.01337232 -0.00516277 -0.00138638
v 0.01338774 -0.00516944 -0.00133267
v 0.01339185 -0.00516783 -0.00131937
v 0.01365037 -0.00537247 -0.00039025
v 0.01350723 -0.00537247 -0.00017811
v 0.01356963 -0.00537753 -0.00019736
v 0.01362843 -0.00537987 -0.00025070
v 0.01365588 -0.00537753 -0.00032519
v 0.01262478 -0.00513126 -0.00007391
v 0.01261300 -0.00514090 -0.00007365
v 0.01298757 -0.00529489 -0.00012241
v 0.01255689 -0.00516630 -0.00007061
v 0.01247945 -0.00516277 -0.00006301
v 0.01265764 -0.00508783 -0.00007319
v 0.01310702 -0.00529489 0.00049254
v 0.01273643 -0.00514464 0.00058938
v 0.01278265 -0.00508783 0.00057040
v 0.01261362 -0.00516277 0.00062768
v 0.01266733 -0.00516944 0.00061226
v 0.01268063 -0.00516783 0.00060815
v 0.01647526 -0.00448903 -0.00130880
v 0.01633506 -0.00448903 -0.00154511
v 0.01482482 -0.00448903 -0.00267573
v 0.01455858 -0.00448903 -0.00274369
v 0.01269121 -0.00448903 -0.00247526
v 0.01245489 -0.00448903 -0.00233506
v 0.01344143 -0.00448903 0.00274369
v 0.01426193 -0.00448903 0.00278770
v 0.01398743 -0.00448903 0.00279995
v 0.01371304 -0.00448903 0.00278523
v 0.01243398 -0.00448903 0.00232108
v 0.01266903 -0.00448903 0.00246340
v 0.01291689 -0.00448903 0.00258200
v 0.01317519 -0.00448903 0.00267573
v 0.01166495 -0.00448903 0.00154511
v 0.01182764 -0.00448903 0.00176655
v 0.01201125 -0.00448903 0.00197097
v 0.01221401 -0.00448903 0.00215641
v 0.01125140 -0.00448903 0.00053391
v 0.01131697 -0.00448903 0.00080075
v 0.01140838 -0.00448903 0.00105988
v 0.01152474 -0.00448903 0.00130880
v 0.01125631 -0.00448903 -0.00055858
v 0.01121477 -0.00448903 -0.00028696
v 0.01120006 -0.00448903 -0.00001257
v 0.01121231 -0.00448903 0.00026193
v 0.01167892 -0.00448903 -0.00156602
v 0.01153660 -0.00448903 -0.00133098
v 0.01141800 -0.00448903 -0.00108311
v 0.01132427 -0.00448903 -0.00082481
v 0.01223345 -0.00448903 -0.00217236
v 0.01202903 -0.00448903 -0.00198875
v 0.01184359 -0.00448903 -0.00178599
v 0.01294013 -0.00448903 -0.00259162
v 0.01319925 -0.00448903 -0.00268303
v 0.01346609 -0.00448903 -0.00274860
v 0.01428696 -0.00448903 -0.00278523
v 0.01401258 -0.00448903 -0.00279995
v 0.01373807 -0.00448903 -0.00278770
v 0.01508311 -0.00448903 -0.00258200
v 0.01533098 -0.00448903 -0.00246340
v 0.01556602 -0.00448903 -0.00232108
v 0.01578599 -0.00448903 -0.00215641
v 0.01598875 -0.00448903 -0.00197097
v 0.01617237 -0.00448903 -0.00176655
v 0.01659163 -0.00448903 -0.00105988
v 0.01668303 -0.00448903 -0.00080075
v 0.01674860 -0.00448903 -0.00053391
v 0.01678523 -0.00448903 0.00028696
v 0.01679995 -0.00448903 0.00001257
v 0.01678770 -0.00448903 -0.00026193
v 0.01646341 -0.00448903 0.00133098
v 0.01658200 -0.00448903 0.00108311
v 0.01667573 -0.00448903 0.00082481
v 0.01674369 -0.00448903 0.00055858
v 0.01632109 -0.00448903 0.00156602
v 0.01615641 -0.00448903 0.00178599
v 0.01597097 -0.00448903 0.00198875
v 0.01576655 -0.00448903 0.00217236
v 0.01554511 -0.00448903 0.00233506
v 0.01453391 -0.00448903 0.00274860
v 0.01480075 -0.00448903 0.00268303
v 0.01505988 -0.00448903 0.00259162
v 0.01530880 -0.00448903 0.00247526
v 0.01438910 -0.00535171 -0.00057370
v 0.01318841 -0.00457248 0.00263282
v 0.01300262 -0.00461586 0.00249635
v 0.01348180 -0.00472148 0.00246096
v 0.01629761 -0.00457248 -0.00152033
v 0.01643557 -0.00457248 -0.00128781
v 0.01615492 -0.00472148 -0.00129659
v 0.01664001 -0.00457248 -0.00078791
v 0.01670453 -0.00457248 -0.00052535
v 0.01631927 -0.00480659 -0.00045051
v 0.01674300 -0.00457248 -0.00025773
v 0.01675505 -0.00457248 0.00001237
v 0.01640185 -0.00478526 -0.00002542
v 0.01663283 -0.00457248 0.00081159
v 0.01656380 -0.00461586 0.00080836
v 0.01669970 -0.00457248 0.00054962
v 0.01654060 -0.00457248 0.00106574
v 0.01642390 -0.00457248 0.00130963
v 0.01622072 -0.00466415 0.00137312
v 0.01593937 -0.00457248 0.00195686
v 0.01585941 -0.00461586 0.00194142
v 0.01612183 -0.00457248 0.00175735
v 0.01504288 -0.00457248 0.00255007
v 0.01478791 -0.00457248 0.00264001
v 0.01493068 -0.00478526 0.00221435
v 0.01445051 -0.00480659 0.00231927
v 0.01528781 -0.00457248 0.00243557
v 0.01540183 -0.00472148 0.00208799
v 0.01552034 -0.00457248 0.00229761
v 0.01573822 -0.00457248 0.00213753
v 0.01613918 -0.00481758 0.00095335
v 0.01613753 -0.00457248 -0.00173822
v 0.01607474 -0.00461586 -0.00170938
v 0.01595686 -0.00457248 -0.00193936
v 0.01562672 -0.00481758 -0.00168486
v 0.01575735 -0.00457248 -0.00212183
v 0.01554091 -0.00457248 -0.00228386
v 0.01554518 -0.00466415 -0.00210464
v 0.01530963 -0.00457248 -0.00242390
v 0.01507847 -0.00481758 -0.00207891
v 0.01506574 -0.00457248 -0.00254060
v 0.01499738 -0.00461586 -0.00249635
v 0.01451821 -0.00472148 -0.00246096
v 0.01481159 -0.00457248 -0.00263282
v 0.01454962 -0.00457248 -0.00269970
v 0.01428236 -0.00457248 -0.00274057
v 0.01403401 -0.00478526 -0.00240174
v 0.01401237 -0.00457248 -0.00275505
v 0.01374227 -0.00457248 -0.00274299
v 0.01354949 -0.00480659 -0.00231927
v 0.01347465 -0.00457248 -0.00270452
v 0.01321209 -0.00457248 -0.00264001
v 0.01306933 -0.00478526 -0.00221435
v 0.01295712 -0.00457248 -0.00255007
v 0.01259817 -0.00472148 -0.00208799
v 0.01247967 -0.00457248 -0.00229761
v 0.01271219 -0.00457248 -0.00243557
v 0.01177928 -0.00466415 -0.00137312
v 0.01171614 -0.00457248 -0.00154091
v 0.01187817 -0.00457248 -0.00175735
v 0.01186082 -0.00481758 -0.00095335
v 0.01145940 -0.00457248 -0.00106574
v 0.01157610 -0.00457248 -0.00130963
v 0.01159816 -0.00478526 0.00002542
v 0.01125943 -0.00457248 -0.00028236
v 0.01151638 -0.00472148 -0.00039557
v 0.01130030 -0.00457248 -0.00054962
v 0.01143620 -0.00461586 -0.00080836
v 0.01136718 -0.00457248 -0.00081159
v 0.01168073 -0.00480659 0.00045051
v 0.01125701 -0.00457248 0.00025773
v 0.01124495 -0.00457248 -0.00001237
v 0.01184508 -0.00472148 0.00129659
v 0.01144993 -0.00457248 0.00104288
v 0.01176331 -0.00478526 0.00087561
v 0.01135999 -0.00457248 0.00078791
v 0.01129548 -0.00457248 0.00052535
v 0.01204314 -0.00457248 0.00193936
v 0.01186247 -0.00457248 0.00173822
v 0.01192526 -0.00461586 0.00170938
v 0.01170239 -0.00457248 0.00152033
v 0.01156443 -0.00457248 0.00128781
v 0.01224265 -0.00457248 0.00212183
v 0.01237329 -0.00481758 0.00168486
v 0.01245909 -0.00457248 0.00228386
v 0.01245483 -0.00466415 0.00210464
v 0.01269037 -0.00457248 0.00242390
v 0.01292153 -0.00481758 0.00207891
v 0.01293426 -0.00457248 0.00254060
v 0.01396599 -0.00478526 0.00240174
v 0.01371765 -0.00457248 0.00274057
v 0.01345038 -0.00457248 0.00269970
v 0.01452535 -0.00457248 0.00270452
v 0.01425773 -0.00457248 0.00274299
v 0.01398763 -0.00457248 0.00275505
v 0.01447367 -0.00516277 0.00144626
v 0.01484633 -0.00499509 0.00178014
v 0.01429019 -0.00516277 0.00149393
v 0.01436576 -0.00501744 0.00188295
v 0.01410222 -0.00516277 0.00151842
v 0.01388165 -0.00499509 0.00196753
v 0.01361090 -0.00535171 0.00057370
v 0.01313187 -0.00527969 0.00065951
v 0.01266124 -0.00516043 0.00073893
v 0.01220358 -0.00499509 0.00081120
v 0.01255374 -0.00516277 0.00047366
v 0.01250607 -0.00516277 0.00029019
v 0.01211705 -0.00501744 0.00036576
v 0.01248158 -0.00516277 0.00010222
v 0.01203053 -0.00499509 -0.00007968
v 0.01294810 -0.00527969 -0.00028655
v 0.01342442 -0.00535171 -0.00038631
v 0.01333208 -0.00527969 -0.00086167
v 0.01324154 -0.00516043 -0.00132779
v 0.01315367 -0.00499509 -0.00178014
v 0.01352634 -0.00516277 -0.00144626
v 0.01370981 -0.00516277 -0.00149393
v 0.01363424 -0.00501744 -0.00188295
v 0.01389778 -0.00516277 -0.00151842
v 0.01411836 -0.00499509 -0.00196753
v 0.01549393 -0.00516277 -0.00029019
v 0.01544627 -0.00516277 -0.00047366
v 0.01579642 -0.00499509 -0.00081120
v 0.01533876 -0.00516043 -0.00073893
v 0.01486813 -0.00527969 -0.00065951
v 0.01596947 -0.00499509 0.00007968
v 0.01551804 -0.00516043 0.00018400
v 0.01505190 -0.00527969 0.00028655
v 0.01457558 -0.00535171 0.00038631
v 0.01655007 -0.00457248 -0.00104288
v 0.01623670 -0.00478526 -0.00087561
v 0.01588295 -0.00501744 -0.00036576
v 0.01551842 -0.00516277 -0.00010222
v 0.01516294 -0.00497654 -0.00164403
v 0.01460132 -0.00492825 -0.00203306
v 0.01468791 -0.00509119 -0.00158729
v 0.01420622 -0.00516043 -0.00151518
v 0.01571074 -0.00492825 -0.00125232
v 0.01524999 -0.00509119 -0.00119593
v 0.01477714 -0.00520872 -0.00112795
v 0.01429677 -0.00527969 -0.00104906
v 0.01674057 -0.00457248 0.00028236
v 0.01648362 -0.00472148 0.00039557
v 0.01605516 -0.00492825 0.00052080
v 0.01560681 -0.00509119 0.00064100
v 0.01514290 -0.00520872 0.00075499
v 0.01466792 -0.00527969 0.00086167
v 0.01569385 -0.00497654 0.00108911
v 0.01523212 -0.00509119 0.00121433
v 0.01475846 -0.00516043 0.00132779
v 0.01577832 -0.00481758 0.00152399
v 0.01531871 -0.00492825 0.00166010
v 0.01285711 -0.00520872 -0.00075499
v 0.01276788 -0.00509119 -0.00121433
v 0.01268129 -0.00492825 -0.00166010
v 0.01248197 -0.00516043 -0.00018400
v 0.01239320 -0.00509119 -0.00064100
v 0.01230615 -0.00497654 -0.00108911
v 0.01222168 -0.00481758 -0.00152399
v 0.01214059 -0.00461586 -0.00194142
v 0.01628387 -0.00457248 0.00154091
v 0.01339868 -0.00492825 0.00203306
v 0.01194484 -0.00492825 -0.00052080
v 0.01206064 -0.00457248 -0.00195686
v 0.01226178 -0.00457248 -0.00213753
v 0.01370324 -0.00527969 0.00104906
v 0.01322286 -0.00520872 0.00112795
v 0.01275002 -0.00509119 0.00119593
v 0.01228927 -0.00492825 0.00125232
v 0.01379378 -0.00516043 0.00151518
v 0.01331209 -0.00509119 0.00158729
v 0.01283706 -0.00497654 0.00164403
v 0.01132841 -0.00453641 0.00079733
v 0.01141943 -0.00453641 0.00105536
v 0.01153530 -0.00453641 0.00130322
v 0.01167490 -0.00453641 0.00153852
v 0.01183690 -0.00453641 0.00175901
v 0.01201973 -0.00453641 0.00196257
v 0.01222163 -0.00453641 0.00214722
v 0.01244066 -0.00453641 0.00231119
v 0.01267470 -0.00453641 0.00245290
v 0.01292151 -0.00453641 0.00257099
v 0.01317870 -0.00453641 0.00266432
v 0.01344381 -0.00453641 0.00273199
v 0.01371427 -0.00453641 0.00277336
v 0.01398748 -0.00453641 0.00278801
v 0.01426081 -0.00453641 0.00277581
v 0.01453163 -0.00453641 0.00273688
v 0.01479734 -0.00453641 0.00267159
v 0.01505536 -0.00453641 0.00258058
v 0.01530322 -0.00453641 0.00246471
v 0.01553852 -0.00453641 0.00232510
v 0.01575902 -0.00453641 0.00216310
v 0.01596257 -0.00453641 0.00198027
v 0.01614722 -0.00453641 0.00177837
v 0.01631119 -0.00453641 0.00155935
v 0.01645290 -0.00453641 0.00132530
v 0.01657099 -0.00453641 0.00107849
v 0.01666432 -0.00453641 0.00082130
v 0.01673200 -0.00453641 0.00055619
v 0.01677336 -0.00453641 0.00028573
v 0.01678801 -0.00453641 0.00001252
v 0.01677581 -0.00453641 -0.00026081
v 0.01673688 -0.00453641 -0.00053163
v 0.01667159 -0.00453641 -0.00079733
v 0.01658058 -0.00453641 -0.00105536
v 0.01646471 -0.00453641 -0.00130322
v 0.01632510 -0.00453641 -0.00153852
v 0.01616311 -0.00453641 -0.00175901
v 0.01598028 -0.00453641 -0.00196257
v 0.01577837 -0.00453641 -0.00214722
v 0.01555935 -0.00453641 -0.00231119
v 0.01532530 -0.00453641 -0.00245290
v 0.01507849 -0.00453641 -0.00257099
v 0.01482130 -0.00453641 -0.00266432
v 0.01455620 -0.00453641 -0.00273199
v 0.01428573 -0.00453641 -0.00277336
v 0.01401252 -0.00453641 -0.00278801
v 0.01373919 -0.00453641 -0.00277581
v 0.01346837 -0.00453641 -0.00273688
v 0.01320267 -0.00453641 -0.00267159
v 0.01294464 -0.00453641 -0.00258058
v 0.01269679 -0.00453641 -0.00246471
v 0.01246148 -0.00453641 -0.00232510
v 0.01224099 -0.00453641 -0.00216310
v 0.01203744 -0.00453641 -0.00198027
v 0.01185279 -0.00453641 -0.00177837
v 0.01168881 -0.00453641 -0.00155935
v 0.01154710 -0.00453641 -0.00132530
v 0.01142901 -0.00453641 -0.00107849
v 0.01133568 -0.00453641 -0.00082130
v 0.01126801 -0.00453641 -0.00055619
v 0.01122664 -0.00453641 -0.00028573
v 0.01121199 -0.00453641 -0.00001252
v 0.01122419 -0.00453641 0.00026081
v 0.01126312 -0.00453641 0.00053163
v 0.01527759 -0.00508783 -0.00041842
v 0.01534132 -0.00508783 -0.00009030
v 0.01531969 -0.00508783 -0.00025635
v 0.01538579 -0.00514087 -0.00009329
v 0.01544947 -0.00516782 -0.00009758
v 0.01542610 -0.00516782 -0.00027702
v 0.01538060 -0.00516782 -0.00045216
v 0.01536344 -0.00514087 -0.00026485
v 0.01531994 -0.00514087 -0.00043229
v 0.01358158 -0.00508783 -0.00127758
v 0.01390970 -0.00508783 -0.00134132
v 0.01374365 -0.00508783 -0.00131969
v 0.01390671 -0.00514087 -0.00138579
v 0.01390242 -0.00516782 -0.00144947
v 0.01372299 -0.00516782 -0.00142610
v 0.01354784 -0.00516782 -0.00138060
v 0.01373516 -0.00514087 -0.00136344
v 0.01356771 -0.00514087 -0.00131994
v 0.01272242 -0.00508783 0.00041842
v 0.01265868 -0.00508783 0.00009030
v 0.01268031 -0.00508783 0.00025635
v 0.01261421 -0.00514087 0.00009329
v 0.01255053 -0.00516782 0.00009758
v 0.01257390 -0.00516782 0.00027702
v 0.01261940 -0.00516782 0.00045216
v 0.01263656 -0.00514087 0.00026485
v 0.01268006 -0.00514087 0.00043229
v 0.01441842 -0.00508783 0.00127758
v 0.01409030 -0.00508783 0.00134132
v 0.01425635 -0.00508783 0.00131969
v 0.01409329 -0.00514087 0.00138579
v 0.01409758 -0.00516782 0.00144947
v 0.01427702 -0.00516782 0.00142610
v 0.01445216 -0.00516782 0.00138060
v 0.01426485 -0.00514087 0.00136344
v 0.01443229 -0.00514087 0.00131994
v 0.01361137 0.00300000 0.00112821
v 0.01391661 0.00300000 0.00119036
v 0.01400000 0.00300000 0.00000000
v 0.01422754 0.00300000 0.00117138
v 0.01452296 0.00300000 0.00107258
v 0.01292743 0.00300000 0.00052296
v 0.01309932 0.00300000 0.00078274
v 0.01333260 0.00300000 0.00098918
v 0.01287179 0.00300000 -0.00038864
v 0.01280964 0.00300000 -0.00008339
v 0.01282862 0.00300000 0.00022754
v 0.01347704 0.00300000 -0.00107258
v 0.01321726 0.00300000 -0.00090068
v 0.01301082 0.00300000 -0.00066740
v 0.01438864 0.00300000 -0.00112821
v 0.01408339 0.00300000 -0.00119036
v 0.01377246 0.00300000 -0.00117138
v 0.01507258 0.00300000 -0.00052296
v 0.01490068 0.00300000 -0.00078274
v 0.01466740 0.00300000 -0.00098918
v 0.01512822 0.00300000 0.00038864
v 0.01519036 0.00300000 0.00008339
v 0.01517138 0.00300000 -0.00022754
v 0.01478275 0.00300000 0.00090068
v 0.01498919 0.00300000 0.00066740
v 0.01428603 0.00269317 0.00147248
v 0.01465739 0.00269317 0.00134828
v 0.01498395 0.00269317 0.00113219
v 0.01524345 0.00269317 0.00083895
v 0.01541822 0.00269317 0.00048853
v 0.01549633 0.00269317 0.00010483
v 0.01547248 0.00269317 -0.00028603
v 0.01534828 0.00269317 -0.00065738
v 0.01513219 0.00269317 -0.00098394
v 0.01483895 0.00269317 -0.00124345
v 0.01448854 0.00269317 -0.00141822
v 0.01410483 0.00269317 -0.00149633
v 0.01371398 0.00269317 -0.00147248
v 0.01334262 0.00269317 -0.00134828
v 0.01301606 0.00269317 -0.00113219
v 0.01275655 0.00269317 -0.00083895
v 0.01258179 0.00269317 -0.00048853
v 0.01250367 0.00269317 -0.00010483
v 0.01252752 0.00269317 0.00028603
v 0.01265173 0.00269317 0.00065738
v 0.01286781 0.00269317 0.00098394
v 0.01316105 0.00269317 0.00124345
v 0.01351147 0.00269317 0.00141822
v 0.01389518 0.00269317 0.00149633
v 0.03640000 -0.03792148 0.00267280
v 0.03640000 -0.03819649 0.00274648
v 0.03640000 -0.03694648 0.00455845
v 0.03640000 -0.03542148 0.00267280
v 0.03640000 -0.03569648 0.00274648
v 0.03640000 -0.03444649 0.00479386
v 0.03640000 -0.01922221 0.00519648
v 0.03640000 -0.02169648 0.00519648
v 0.03640000 -0.02148355 0.00540942
v 0.03640000 -0.02169648 0.00767075
v 0.03640000 -0.02497148 0.00867280
v 0.03640000 -0.02517280 0.00847148
v 0.03640000 -0.02752927 0.00944648
v 0.03640000 -0.02524648 0.00819648
v 0.03640000 -0.02517280 0.00792148
v 0.03640000 -0.02769648 0.00519648
v 0.03640000 -0.02769648 0.00767075
v 0.03640000 -0.02497148 0.00772017
v 0.03640000 -0.02469648 0.00764648
v 0.03640000 -0.02469648 0.00874648
v 0.03640000 -0.02186370 0.00944648
v 0.03640000 -0.02442148 0.00867280
v 0.03640000 -0.02442148 0.00772017
v 0.03640000 -0.02422017 0.00792148
v 0.03640000 -0.02414648 0.00819648
v 0.03640000 -0.02422017 0.00847148
v 0.03640000 -0.02422017 0.01042148
v 0.03640000 -0.02414648 0.01069648
v 0.03640000 -0.02209911 0.01194648
v 0.03640000 -0.02422017 0.01097148
v 0.03640000 -0.02442148 0.01117280
v 0.03640000 -0.02469648 0.01124648
v 0.03640000 -0.02497148 0.01117280
v 0.03640000 -0.02729386 0.01194648
v 0.03640000 -0.02517280 0.01097148
v 0.03640000 -0.02524648 0.01069648
v 0.03640000 -0.02517280 0.01042148
v 0.03640000 -0.02497148 0.01022017
v 0.03640000 -0.02469648 0.01014648
v 0.03640000 -0.02442148 0.01022017
v 0.03640000 -0.02517280 0.01292148
v 0.03640000 -0.02497148 0.01272017
v 0.03640000 -0.02469648 0.01264648
v 0.03640000 -0.02442148 0.01272017
v 0.03640000 -0.02469648 0.01374648
v 0.03640000 -0.02497148 0.01367280
v 0.03640000 -0.02705845 0.01444648
v 0.03640000 -0.02517280 0.01347148
v 0.03640000 -0.02524648 0.01319648
v 0.03640000 -0.02422017 0.01292148
v 0.03640000 -0.02414648 0.01319648
v 0.03640000 -0.02233452 0.01444648
v 0.03640000 -0.02422017 0.01347148
v 0.03640000 -0.02442148 0.01367280
v 0.03640000 -0.02517280 0.01792148
v 0.03640000 -0.02469648 0.01624648
v 0.03640000 -0.02497148 0.01617280
v 0.03640000 -0.02517280 0.01542148
v 0.03640000 -0.02497148 0.01522017
v 0.03640000 -0.02469648 0.01514648
v 0.03640000 -0.02442148 0.01522017
v 0.03640000 -0.02524648 0.01819648
v 0.03640000 -0.02636259 0.01930287
v 0.03640000 -0.02668768 0.01838398
v 0.03640000 -0.02517280 0.01597148
v 0.03640000 -0.02524648 0.01569648
v 0.03640000 -0.02422017 0.01542148
v 0.03640000 -0.02414648 0.01569648
v 0.03640000 -0.02270529 0.01838398
v 0.03640000 -0.02422017 0.01597148
v 0.03640000 -0.02442148 0.01617280
v 0.03640000 -0.02497148 0.01772017
v 0.03640000 -0.02469648 0.01764648
v 0.03640000 -0.02442148 0.01772017
v 0.03640000 -0.02422017 0.01792148
v 0.03640000 -0.02414648 0.01819648
v 0.03640000 -0.02303038 0.01930287
v 0.03640000 -0.02422017 0.01847148
v 0.03640000 -0.02375117 0.01995898
v 0.03640000 -0.02442148 0.01867280
v 0.03640000 -0.02469648 0.02019648
v 0.03640000 -0.02469648 0.01874648
v 0.03640000 -0.02564180 0.01995898
v 0.03640000 -0.02497148 0.01867280
v 0.03640000 -0.02517280 0.01847148
v 0.03640000 -0.02790942 0.00540942
v 0.03640000 -0.03017075 0.00519648
v 0.03640000 -0.03069648 0.00164648
v 0.03640000 -0.03042148 0.00172017
v 0.03640000 -0.02769648 -0.00080352
v 0.03640000 -0.03022017 0.00192148
v 0.03640000 -0.03014648 0.00219648
v 0.03640000 -0.03319648 0.00274648
v 0.03640000 -0.03347148 0.00267280
v 0.03640000 -0.03367280 0.00247148
v 0.03640000 -0.03374648 0.00219648
v 0.03640000 -0.03444649 -0.00040089
v 0.03640000 -0.03367280 0.00192148
v 0.03640000 -0.03292149 0.00267280
v 0.03640000 -0.03272017 0.00247148
v 0.03640000 -0.03097148 0.00267280
v 0.03640000 -0.03264648 0.00219648
v 0.03640000 -0.03117280 0.00247148
v 0.03640000 -0.03292149 0.00172017
v 0.03640000 -0.03272017 0.00192148
v 0.03640000 -0.03022017 0.00247148
v 0.03640000 -0.03042148 0.00267280
v 0.03640000 -0.03069648 0.00274648
v 0.03640000 -0.03347148 0.00172017
v 0.03640000 -0.03319648 0.00164648
v 0.03640000 -0.03124648 0.00219648
v 0.03640000 -0.03117280 0.00192148
v 0.03640000 -0.03097148 0.00172017
v 0.03640000 -0.03017075 -0.00080352
v 0.03640000 -0.03694648 -0.00016548
v 0.03640000 -0.03624648 0.00219648
v 0.03640000 -0.03617280 0.00247148
v 0.03640000 -0.03597149 0.00267280
v 0.03640000 -0.03617280 0.00192148
v 0.03640000 -0.03597149 0.00172017
v 0.03640000 -0.03569648 0.00164648
v 0.03640000 -0.03542148 0.00172017
v 0.03640000 -0.03522017 0.00192148
v 0.03640000 -0.03514648 0.00219648
v 0.03640000 -0.03522017 0.00247148
v 0.03640000 -0.03944648 0.00432304
v 0.03640000 -0.03847148 0.00267280
v 0.03640000 -0.03867280 0.00247148
v 0.03640000 -0.03874648 0.00219648
v 0.03640000 -0.03867280 0.00192148
v 0.03640000 -0.03944648 0.00006993
v 0.03640000 -0.03847148 0.00172017
v 0.03640000 -0.03819649 0.00164648
v 0.03640000 -0.03792148 0.00172017
v 0.03640000 -0.03772017 0.00192148
v 0.03640000 -0.03764648 0.00219648
v 0.03640000 -0.03772017 0.00247148
v 0.03640000 -0.04014648 0.00219648
v 0.03640000 -0.04022017 0.00192148
v 0.03640000 -0.04200566 0.00068451
v 0.03640000 -0.04117280 0.00192148
v 0.03640000 -0.04180287 0.00053038
v 0.03640000 -0.04097148 0.00172017
v 0.03640000 -0.04088398 0.00020529
v 0.03640000 -0.04069648 0.00164648
v 0.03640000 -0.04042148 0.00172017
v 0.03640000 -0.04022017 0.00247148
v 0.03640000 -0.04042148 0.00267280
v 0.03640000 -0.04088398 0.00418768
v 0.03640000 -0.04069648 0.00274648
v 0.03640000 -0.04180287 0.00386259
v 0.03640000 -0.04097148 0.00267280
v 0.03640000 -0.04200566 0.00370846
v 0.03640000 -0.04117280 0.00247148
v 0.03640000 -0.04124648 0.00219648
v 0.03640000 -0.04269648 0.00219648
v 0.03640000 -0.04245898 0.00314180
v 0.03640000 -0.04245898 0.00125117
v 0.03640000 -0.02790942 -0.00101645
v 0.03640000 -0.02769648 -0.00327778
v 0.03640000 -0.02422017 -0.00602852
v 0.03640000 -0.02442148 -0.00582720
v 0.03640000 -0.02169648 -0.00080352
v 0.03640000 -0.02469648 -0.00575352
v 0.03640000 -0.02469648 -0.00435352
v 0.03640000 -0.02497148 -0.00332720
v 0.03640000 -0.02517280 -0.00352852
v 0.03640000 -0.02729386 -0.00755352
v 0.03640000 -0.02524648 -0.00630352
v 0.03640000 -0.02517280 -0.00657852
v 0.03640000 -0.02497148 -0.00677983
v 0.03640000 -0.02469648 -0.00685352
v 0.03640000 -0.02209911 -0.00755352
v 0.03640000 -0.02442148 -0.00677983
v 0.03640000 -0.02422017 -0.00657852
v 0.03640000 -0.02414648 -0.00630352
v 0.03640000 -0.02169648 -0.00327779
v 0.03640000 -0.02524648 -0.00380352
v 0.03640000 -0.02517280 -0.00407852
v 0.03640000 -0.02414648 -0.00380352
v 0.03640000 -0.02422017 -0.00407852
v 0.03640000 -0.02442148 -0.00427983
v 0.03640000 -0.02422017 -0.00352852
v 0.03640000 -0.02442148 -0.00332720
v 0.03640000 -0.02469648 -0.00325352
v 0.03640000 -0.02517280 -0.00602852
v 0.03640000 -0.02497148 -0.00582720
v 0.03640000 -0.02497148 -0.00427983
v 0.03640000 -0.02422017 -0.00852852
v 0.03640000 -0.02442148 -0.00832720
v 0.03640000 -0.02469648 -0.00825352
v 0.03640000 -0.02497148 -0.00832720
v 0.03640000 -0.02469648 -0.00935352
v 0.03640000 -0.02442148 -0.00927983
v 0.03640000 -0.02233452 -0.01005352
v 0.03640000 -0.02422017 -0.00907852
v 0.03640000 -0.02414648 -0.00880352
v 0.03640000 -0.02517280 -0.00852852
v 0.03640000 -0.02524648 -0.00880352
v 0.03640000 -0.02705845 -0.01005352
v 0.03640000 -0.02517280 -0.00907852
v 0.03640000 -0.02497148 -0.00927983
v 0.03640000 -0.02422017 -0.01102852
v 0.03640000 -0.02442148 -0.01082720
v 0.03640000 -0.02469648 -0.01075352
v 0.03640000 -0.02497148 -0.01082720
v 0.03640000 -0.02517280 -0.01102852
v 0.03640000 -0.02524648 -0.01130352
v 0.03640000 -0.02682304 -0.01255352
v 0.03640000 -0.02517280 -0.01157852
v 0.03640000 -0.02497148 -0.01177983
v 0.03640000 -0.02469648 -0.01185352
v 0.03640000 -0.02442148 -0.01177983
v 0.03640000 -0.02256993 -0.01255352
v 0.03640000 -0.02422017 -0.01157852
v 0.03640000 -0.02414648 -0.01130352
v 0.03640000 -0.02469648 -0.01325352
v 0.03640000 -0.02442148 -0.01332720
v 0.03640000 -0.02497148 -0.01332720
v 0.03640000 -0.02517280 -0.01352852
v 0.03640000 -0.02668767 -0.01399102
v 0.03640000 -0.02524648 -0.01380352
v 0.03640000 -0.02636259 -0.01490990
v 0.03640000 -0.02517280 -0.01407852
v 0.03640000 -0.02620846 -0.01511269
v 0.03640000 -0.02497148 -0.01427983
v 0.03640000 -0.02469648 -0.01435352
v 0.03640000 -0.02318451 -0.01511269
v 0.03640000 -0.02442148 -0.01427983
v 0.03640000 -0.02303038 -0.01490990
v 0.03640000 -0.02422017 -0.01407852
v 0.03640000 -0.02270529 -0.01399102
v 0.03640000 -0.02414648 -0.01380352
v 0.03640000 -0.02422017 -0.01352852
v 0.03640000 -0.02469648 -0.01580352
v 0.03640000 -0.02564180 -0.01556601
v 0.03640000 -0.02375117 -0.01556601
v 0.03640000 -0.02148355 -0.00101645
v 0.03640000 -0.01922221 -0.00080352
v 0.03640000 -0.01744648 0.00502927
v 0.03640000 -0.01842148 0.00267280
v 0.03640000 -0.01869648 0.00274648
v 0.03640000 -0.01897148 0.00267280
v 0.03640000 -0.01917280 0.00247148
v 0.03640000 -0.01842148 0.00172017
v 0.03640000 -0.01744648 -0.00063631
v 0.03640000 -0.01869648 0.00164648
v 0.03640000 -0.01897148 0.00172017
v 0.03640000 -0.01917280 0.00192148
v 0.03640000 -0.01924648 0.00219648
v 0.03640000 -0.01822017 0.00192148
v 0.03640000 -0.01814648 0.00219648
v 0.03640000 -0.01822017 0.00247148
v 0.03640000 -0.01647148 0.00172017
v 0.03640000 -0.01619648 0.00164648
v 0.03640000 -0.01494648 0.00479386
v 0.03640000 -0.01494648 -0.00040089
v 0.03640000 -0.01564648 0.00219648
v 0.03640000 -0.01572017 0.00192148
v 0.03640000 -0.01572017 0.00247148
v 0.03640000 -0.01592148 0.00267280
v 0.03640000 -0.01619648 0.00274648
v 0.03640000 -0.01647148 0.00267280
v 0.03640000 -0.01592148 0.00172017
v 0.03640000 -0.01667280 0.00247148
v 0.03640000 -0.01674648 0.00219648
v 0.03640000 -0.01667280 0.00192148
v 0.03640000 -0.01397148 0.00172017
v 0.03640000 -0.01369648 0.00164648
v 0.03640000 -0.01244648 0.00455845
v 0.03640000 -0.01244648 -0.00016548
v 0.03640000 -0.01314648 0.00219648
v 0.03640000 -0.01322017 0.00192148
v 0.03640000 -0.01322017 0.00247148
v 0.03640000 -0.01342148 0.00267280
v 0.03640000 -0.01369648 0.00274648
v 0.03640000 -0.01397148 0.00267280
v 0.03640000 -0.01342148 0.00172017
v 0.03640000 -0.01417280 0.00247148
v 0.03640000 -0.01424648 0.00219648
v 0.03640000 -0.01417280 0.00192148
v 0.03640000 -0.01092148 0.00172017
v 0.03640000 -0.01072017 0.00192148
v 0.03640000 -0.00897148 0.00172017
v 0.03640000 -0.00917280 0.00192148
v 0.03640000 -0.01147148 0.00172017
v 0.03640000 -0.01119648 0.00164648
v 0.03640000 -0.00917280 0.00247148
v 0.03640000 -0.01092148 0.00267280
v 0.03640000 -0.01119648 0.00274648
v 0.03640000 -0.01147148 0.00267280
v 0.03640000 -0.01167280 0.00247148
v 0.03640000 -0.01174648 0.00219648
v 0.03640000 -0.01167280 0.00192148
v 0.03640000 -0.00850898 0.00020529
v 0.03640000 -0.00869648 0.00164648
v 0.03640000 -0.00759010 0.00053038
v 0.03640000 -0.00842148 0.00172017
v 0.03640000 -0.00693399 0.00125117
v 0.03640000 -0.00822017 0.00192148
v 0.03640000 -0.00669648 0.00219648
v 0.03640000 -0.00814648 0.00219648
v 0.03640000 -0.00693399 0.00314180
v 0.03640000 -0.00822017 0.00247148
v 0.03640000 -0.00759010 0.00386259
v 0.03640000 -0.00842148 0.00267280
v 0.03640000 -0.00850898 0.00418768
v 0.03640000 -0.00869648 0.00274648
v 0.03640000 -0.00897148 0.00267280
v 0.03640000 -0.00924648 0.00219648
v 0.03640000 -0.01064648 0.00219648
v 0.03640000 -0.01072017 0.00247148
v 0.03840000 -0.01744648 -0.00063631
v 0.03840000 -0.02148355 -0.00101645
v 0.03840000 -0.01494648 -0.00040089
v 0.03840000 -0.01244648 -0.00016548
v 0.03840000 -0.00994648 0.00006993
v 0.03840000 -0.00850898 0.00020529
v 0.03840000 -0.00850898 0.00418768
v 0.03840000 -0.00759010 0.00386259
v 0.03840000 -0.00738731 0.00370846
v 0.03840000 -0.00693399 0.00314180
v 0.03840000 -0.00669648 0.00219648
v 0.03840000 -0.00693399 0.00125117
v 0.03840000 -0.00738731 0.00068451
v 0.03840000 -0.00759010 0.00053038
v 0.03840000 -0.01119648 0.00164648
v 0.03840000 -0.01147148 0.00172017
v 0.03840000 -0.01167280 0.00192148
v 0.03840000 -0.01174648 0.00219648
v 0.03840000 -0.01167280 0.00247148
v 0.03840000 -0.01147148 0.00267280
v 0.03840000 -0.01119648 0.00274648
v 0.03840000 -0.01092148 0.00267280
v 0.03840000 -0.01072017 0.00247148
v 0.03840000 -0.01064648 0.00219648
v 0.03840000 -0.01072017 0.00192148
v 0.03840000 -0.01092148 0.00172017
v 0.03840000 -0.01369648 0.00164648
v 0.03840000 -0.01397148 0.00172017
v 0.03840000 -0.01417280 0.00192148
v 0.03840000 -0.01424648 0.00219648
v 0.03840000 -0.01417280 0.00247148
v 0.03840000 -0.01397148 0.00267280
v 0.03840000 -0.01369648 0.00274648
v 0.03840000 -0.01342148 0.00267280
v 0.03840000 -0.01322017 0.00247148
v 0.03840000 -0.01314648 0.00219648
v 0.03840000 -0.01322017 0.00192148
v 0.03840000 -0.01342148 0.00172017
v 0.03840000 -0.01619648 0.00164648
v 0.03840000 -0.01647148 0.00172017
v 0.03840000 -0.01667280 0.00192148
v 0.03840000 -0.01674648 0.00219648
v 0.03840000 -0.01667280 0.00247148
v 0.03840000 -0.01647148 0.00267280
v 0.03840000 -0.01619648 0.00274648
v 0.03840000 -0.01592148 0.00267280
v 0.03840000 -0.01572017 0.00247148
v 0.03840000 -0.01564648 0.00219648
v 0.03840000 -0.01572017 0.00192148
v 0.03840000 -0.01592148 0.00172017
v 0.03840000 -0.01869648 0.00164648
v 0.03840000 -0.01897148 0.00172017
v 0.03840000 -0.01917280 0.00192148
v 0.03840000 -0.01924648 0.00219648
v 0.03840000 -0.01917280 0.00247148
v 0.03840000 -0.01897148 0.00267280
v 0.03840000 -0.01869648 0.00274648
v 0.03840000 -0.01842148 0.00267280
v 0.03840000 -0.01822017 0.00247148
v 0.03840000 -0.01814648 0.00219648
v 0.03840000 -0.01822017 0.00192148
v 0.03840000 -0.01842148 0.00172017
v 0.03840000 -0.02211073 0.00246826
v 0.03840000 -0.02244482 0.00349648
v 0.03690000 -0.02244482 0.00349648
v 0.03690000 -0.02728224 0.00246826
v 0.03690000 -0.02694815 0.00349648
v 0.03840000 -0.02694815 0.00349648
v 0.03840000 -0.02673860 0.00380576
v 0.03690000 -0.02622472 0.00429993
v 0.03840000 -0.02628178 0.00425727
v 0.03840000 -0.02265437 0.00380576
v 0.03840000 -0.02311119 0.00425727
v 0.03690000 -0.02316824 0.00429993
v 0.03840000 -0.02316824 0.00429993
v 0.03690000 -0.02415591 0.00473967
v 0.03840000 -0.02415591 0.00473967
v 0.03690000 -0.02523705 0.00473967
v 0.03840000 -0.02523705 0.00473967
v 0.03840000 -0.02622472 0.00429993
v 0.03690000 -0.02211073 0.00246826
v 0.03690000 -0.02209648 0.00219648
v 0.03840000 -0.02222374 0.00139304
v 0.03690000 -0.02222374 0.00139304
v 0.03840000 -0.02276431 0.00045674
v 0.03690000 -0.02276431 0.00045674
v 0.03840000 -0.02363897 -0.00017873
v 0.03690000 -0.02363897 -0.00017873
v 0.03840000 -0.02469648 -0.00040352
v 0.03690000 -0.02469648 -0.00040352
v 0.03840000 -0.02575400 -0.00017873
v 0.03690000 -0.02575400 -0.00017873
v 0.03840000 -0.02662866 0.00045674
v 0.03690000 -0.02662866 0.00045674
v 0.03840000 -0.02716923 0.00139304
v 0.03690000 -0.02716923 0.00139304
v 0.03840000 -0.02729648 0.00219648
v 0.03840000 -0.02728224 0.00246826
v 0.03840000 -0.00869648 0.00164648
v 0.03840000 -0.00897148 0.00172017
v 0.03840000 -0.00917280 0.00192148
v 0.03840000 -0.00924648 0.00219648
v 0.03840000 -0.00917280 0.00247148
v 0.03840000 -0.00897148 0.00267280
v 0.03840000 -0.00869648 0.00274648
v 0.03840000 -0.00842148 0.00267280
v 0.03840000 -0.00822017 0.00247148
v 0.03840000 -0.00814648 0.00219648
v 0.03840000 -0.00822017 0.00192148
v 0.03840000 -0.00842148 0.00172017
v 0.03840000 -0.02442148 -0.01177983
v 0.03840000 -0.02469648 -0.01185352
v 0.03840000 -0.02312148 -0.01255352
v 0.03840000 -0.03292149 0.00172017
v 0.03840000 -0.03319648 0.00164648
v 0.03840000 -0.03194648 0.00062148
v 0.03840000 -0.03542148 0.00172017
v 0.03840000 -0.03569648 0.00164648
v 0.03840000 -0.03444649 0.00062148
v 0.03840000 -0.01744648 0.00062148
v 0.03840000 -0.02668767 -0.01399102
v 0.03840000 -0.02636259 -0.01490990
v 0.03840000 -0.02627148 -0.01255352
v 0.03840000 -0.00994648 0.00062148
v 0.03840000 -0.01744648 0.00502927
v 0.03840000 -0.01494648 0.00377148
v 0.03840000 -0.01494648 0.00479386
v 0.03840000 -0.01244648 0.00377148
v 0.03840000 -0.01244648 0.00455845
v 0.03840000 -0.00994648 0.00377148
v 0.03840000 -0.00994648 0.00432304
v 0.03840000 -0.01244648 0.00062148
v 0.03840000 -0.01494648 0.00062148
v 0.03840000 -0.02233452 -0.01005352
v 0.03840000 -0.02312148 -0.01005352
v 0.03840000 -0.02209911 -0.00755352
v 0.03840000 -0.02312148 -0.00755352
v 0.03840000 -0.02186370 -0.00505352
v 0.03840000 -0.02303038 -0.01490990
v 0.03840000 -0.02270529 -0.01399102
v 0.03840000 -0.02256993 -0.01255352
v 0.03840000 -0.02469648 -0.01435352
v 0.03840000 -0.02497148 -0.01427983
v 0.03840000 -0.02620846 -0.01511269
v 0.03840000 -0.02422017 -0.01407852
v 0.03840000 -0.02318451 -0.01511269
v 0.03840000 -0.02442148 -0.01427983
v 0.03840000 -0.02497148 -0.01332720
v 0.03840000 -0.02469648 -0.01325352
v 0.03840000 -0.02442148 -0.01332720
v 0.03840000 -0.02422017 -0.01352852
v 0.03840000 -0.02414648 -0.01380352
v 0.03840000 -0.02517280 -0.01407852
v 0.03840000 -0.02524648 -0.01380352
v 0.03840000 -0.02517280 -0.01352852
v 0.03840000 -0.02564180 -0.01556601
v 0.03840000 -0.02469648 -0.01580352
v 0.03840000 -0.02375117 -0.01556601
v 0.03840000 -0.02682304 -0.01255352
v 0.03840000 -0.02627148 -0.01005352
v 0.03840000 -0.02705845 -0.01005352
v 0.03840000 -0.02627148 -0.00755352
v 0.03840000 -0.02729386 -0.00755352
v 0.03840000 -0.02627148 -0.00505352
v 0.03840000 -0.02752927 -0.00505352
v 0.03840000 -0.03444649 -0.00040089
v 0.03840000 -0.03194648 -0.00063631
v 0.03840000 -0.04180287 0.00053038
v 0.03840000 -0.04088398 0.00020529
v 0.03840000 -0.03694648 0.00062148
v 0.03840000 -0.03694648 -0.00016548
v 0.03840000 -0.03819649 0.00274648
v 0.03840000 -0.03792148 0.00267280
v 0.03840000 -0.03694648 0.00377148
v 0.03840000 -0.04097148 0.00267280
v 0.03840000 -0.04180287 0.00386259
v 0.03840000 -0.04117280 0.00247148
v 0.03840000 -0.04245898 0.00314180
v 0.03840000 -0.04124648 0.00219648
v 0.03840000 -0.04269648 0.00219648
v 0.03840000 -0.04117280 0.00192148
v 0.03840000 -0.04245898 0.00125117
v 0.03840000 -0.04097148 0.00172017
v 0.03840000 -0.04069648 0.00164648
v 0.03840000 -0.04042148 0.00172017
v 0.03840000 -0.04022017 0.00192148
v 0.03840000 -0.03772017 0.00247148
v 0.03840000 -0.03764648 0.00219648
v 0.03840000 -0.03772017 0.00192148
v 0.03840000 -0.03792148 0.00172017
v 0.03840000 -0.03847148 0.00267280
v 0.03840000 -0.03867280 0.00247148
v 0.03840000 -0.04069648 0.00274648
v 0.03840000 -0.04042148 0.00267280
v 0.03840000 -0.04022017 0.00247148
v 0.03840000 -0.03874648 0.00219648
v 0.03840000 -0.04014648 0.00219648
v 0.03840000 -0.03867280 0.00192148
v 0.03840000 -0.03847148 0.00172017
v 0.03840000 -0.03819649 0.00164648
v 0.03840000 -0.03194648 0.00377148
v 0.03840000 -0.03444649 0.00479386
v 0.03840000 -0.03444649 0.00377148
v 0.03840000 -0.03694648 0.00455845
v 0.03840000 -0.04088398 0.00418768
v 0.03840000 -0.02790942 0.00540942
v 0.03840000 -0.03194648 0.00502927
v 0.03840000 -0.02627148 0.01444648
v 0.03840000 -0.02729386 0.01194648
v 0.03840000 -0.02627148 0.01194648
v 0.03840000 -0.02752927 0.00944648
v 0.03840000 -0.02627148 0.00944648
v 0.03840000 -0.02636259 0.01930287
v 0.03840000 -0.02668768 0.01838398
v 0.03840000 -0.02705845 0.01444648
v 0.03840000 -0.02442148 0.01617280
v 0.03840000 -0.02422017 0.01597148
v 0.03840000 -0.02303038 0.01930287
v 0.03840000 -0.02422017 0.01847148
v 0.03840000 -0.02442148 0.01867280
v 0.03840000 -0.02375117 0.01995898
v 0.03840000 -0.02469648 0.01874648
v 0.03840000 -0.02469648 0.02019648
v 0.03840000 -0.02497148 0.01867280
v 0.03840000 -0.02564180 0.01995898
v 0.03840000 -0.02517280 0.01847148
v 0.03840000 -0.02524648 0.01819648
v 0.03840000 -0.02312148 0.01444648
v 0.03840000 -0.02414648 0.01569648
v 0.03840000 -0.02422017 0.01542148
v 0.03840000 -0.02442148 0.01522017
v 0.03840000 -0.02469648 0.01514648
v 0.03840000 -0.02497148 0.01522017
v 0.03840000 -0.02517280 0.01542148
v 0.03840000 -0.02524648 0.01569648
v 0.03840000 -0.02517280 0.01597148
v 0.03840000 -0.02517280 0.01792148
v 0.03840000 -0.02497148 0.01772017
v 0.03840000 -0.02469648 0.01764648
v 0.03840000 -0.02414648 0.01819648
v 0.03840000 -0.02422017 0.01792148
v 0.03840000 -0.02442148 0.01772017
v 0.03840000 -0.02469648 0.01624648
v 0.03840000 -0.02497148 0.01617280
v 0.03840000 -0.02148355 0.00540942
v 0.03840000 -0.02186370 0.00944648
v 0.03840000 -0.02312148 0.00944648
v 0.03840000 -0.02209911 0.01194648
v 0.03840000 -0.02312148 0.01194648
v 0.03840000 -0.02233452 0.01444648
v 0.03840000 -0.02270529 0.01838398
v 0.03840000 -0.03022017 0.00247148
v 0.03840000 -0.03069648 0.00164648
v 0.03840000 -0.03097148 0.00172017
v 0.03840000 -0.03117280 0.00247148
v 0.03840000 -0.03124648 0.00219648
v 0.03840000 -0.03117280 0.00192148
v 0.03840000 -0.03097148 0.00267280
v 0.03840000 -0.03069648 0.00274648
v 0.03840000 -0.03042148 0.00267280
v 0.03840000 -0.03042148 0.00172017
v 0.03840000 -0.03022017 0.00192148
v 0.03840000 -0.03014648 0.00219648
v 0.03840000 -0.02497148 -0.00332720
v 0.03840000 -0.02497148 -0.00427983
v 0.03840000 -0.02469648 -0.00435352
v 0.03840000 -0.02312148 -0.00505352
v 0.03840000 -0.02442148 -0.00427983
v 0.03840000 -0.02422017 -0.00407852
v 0.03840000 -0.02517280 -0.00407852
v 0.03840000 -0.02524648 -0.00380352
v 0.03840000 -0.02517280 -0.00352852
v 0.03840000 -0.02469648 -0.00325352
v 0.03840000 -0.02442148 -0.00332720
v 0.03840000 -0.02422017 -0.00352852
v 0.03840000 -0.02414648 -0.00380352
v 0.03840000 -0.01744648 0.00377148
v 0.03840000 -0.02414648 0.00819648
v 0.03840000 -0.02422017 0.00792148
v 0.03840000 -0.02442148 0.00772017
v 0.03840000 -0.02517280 0.00847148
v 0.03840000 -0.02497148 0.00867280
v 0.03840000 -0.02469648 0.00874648
v 0.03840000 -0.02442148 0.00867280
v 0.03840000 -0.02422017 0.00847148
v 0.03840000 -0.02469648 0.00764648
v 0.03840000 -0.02497148 0.00772017
v 0.03840000 -0.02517280 0.00792148
v 0.03840000 -0.02524648 0.00819648
v 0.03840000 -0.03597149 0.00172017
v 0.03840000 -0.03522017 0.00247148
v 0.03840000 -0.03514648 0.00219648
v 0.03840000 -0.03522017 0.00192148
v 0.03840000 -0.03617280 0.00247148
v 0.03840000 -0.03624648 0.00219648
v 0.03840000 -0.03617280 0.00192148
v 0.03840000 -0.03597149 0.00267280
v 0.03840000 -0.03569648 0.00274648
v 0.03840000 -0.03542148 0.00267280
v 0.03840000 -0.02790942 -0.00101645
v 0.03840000 -0.03347148 0.00172017
v 0.03840000 -0.03272017 0.00247148
v 0.03840000 -0.03264648 0.00219648
v 0.03840000 -0.03272017 0.00192148
v 0.03840000 -0.03367280 0.00247148
v 0.03840000 -0.03374648 0.00219648
v 0.03840000 -0.03367280 0.00192148
v 0.03840000 -0.03347148 0.00267280
v 0.03840000 -0.03319648 0.00274648
v 0.03840000 -0.03292149 0.00267280
v 0.03840000 -0.02422017 0.01347148
v 0.03840000 -0.02414648 0.01319648
v 0.03840000 -0.02497148 0.01272017
v 0.03840000 -0.02469648 0.01264648
v 0.03840000 -0.02442148 0.01272017
v 0.03840000 -0.02422017 0.01292148
v 0.03840000 -0.02517280 0.01292148
v 0.03840000 -0.02524648 0.01319648
v 0.03840000 -0.02517280 0.01347148
v 0.03840000 -0.02497148 0.01367280
v 0.03840000 -0.02469648 0.01374648
v 0.03840000 -0.02442148 0.01367280
v 0.03840000 -0.02469648 0.01014648
v 0.03840000 -0.02497148 0.01022017
v 0.03840000 -0.02442148 0.01022017
v 0.03840000 -0.02517280 0.01042148
v 0.03840000 -0.02524648 0.01069648
v 0.03840000 -0.02517280 0.01097148
v 0.03840000 -0.02442148 0.01117280
v 0.03840000 -0.02469648 0.01124648
v 0.03840000 -0.02497148 0.01117280
v 0.03840000 -0.02422017 0.01097148
v 0.03840000 -0.02414648 0.01069648
v 0.03840000 -0.02422017 0.01042148
v 0.03840000 -0.02422017 -0.00602852
v 0.03840000 -0.02414648 -0.00630352
v 0.03840000 -0.02497148 -0.00677983
v 0.03840000 -0.02469648 -0.00685352
v 0.03840000 -0.02442148 -0.00677983
v 0.03840000 -0.02422017 -0.00657852
v 0.03840000 -0.02517280 -0.00602852
v 0.03840000 -0.02524648 -0.00630352
v 0.03840000 -0.02517280 -0.00657852
v 0.03840000 -0.02497148 -0.00582720
v 0.03840000 -0.02469648 -0.00575352
v 0.03840000 -0.02442148 -0.00582720
v 0.03840000 -0.02469648 -0.00935352
v 0.03840000 -0.02497148 -0.00927983
v 0.03840000 -0.02422017 -0.00907852
v 0.03840000 -0.02442148 -0.00927983
v 0.03840000 -0.02414648 -0.00880352
v 0.03840000 -0.02422017 -0.00852852
v 0.03840000 -0.02517280 -0.00852852
v 0.03840000 -0.02524648 -0.00880352
v 0.03840000 -0.02517280 -0.00907852
v 0.03840000 -0.02497148 -0.00832720
v 0.03840000 -0.02469648 -0.00825352
v 0.03840000 -0.02442148 -0.00832720
v 0.03840000 -0.02469648 -0.01075352
v 0.03840000 -0.02442148 -0.01082720
v 0.03840000 -0.02497148 -0.01177983
v 0.03840000 -0.02422017 -0.01102852
v 0.03840000 -0.02414648 -0.01130352
v 0.03840000 -0.02422017 -0.01157852
v 0.03840000 -0.02497148 -0.01082720
v 0.03840000 -0.02517280 -0.01157852
v 0.03840000 -0.02524648 -0.01130352
v 0.03840000 -0.02517280 -0.01102852
v 0.03690000 -0.02469648 0.00219648
v 0.03640000 -0.02747149 0.00573899
v 0.03640000 -0.02747149 0.01450000
v 0.03800000 -0.02747149 0.00573899
v 0.03800000 -0.02747149 0.01450000
v 0.03800000 -0.03664648 0.00474648
v 0.03640000 -0.03664648 0.00474648
v 0.03800000 -0.02840424 0.00474648
v 0.03640000 -0.02840424 0.00474648
v 0.04000000 0.01650000 0.01350000
v 0.04000000 0.01650000 0.01250000
v 0.03200000 0.01650000 0.01350000
v 0.03200000 0.01650000 0.01250000
v 0.04000000 0.01550000 0.01150000
v 0.03200000 0.01550000 0.01150000
v 0.03200000 0.01600000 0.01163397
v 0.04000000 0.01600000 0.01163397
v 0.03200000 0.01636603 0.01200000
v 0.04000000 0.01636603 0.01200000
v 0.03800000 -0.00300000 0.00569648
v 0.03800000 -0.01097532 0.00569648
v 0.03800000 -0.01022533 0.00549552
v 0.03800000 -0.00300000 -0.00500000
v 0.03800000 -0.00967629 -0.00055352
v 0.03800000 -0.01022533 -0.00110255
v 0.03800000 -0.02112577 -0.00130352
v 0.03800000 -0.02162149 -0.00174615
v 0.03800000 -0.02162149 -0.00972852
v 0.03800000 -0.02185556 -0.01090527
v 0.03800000 -0.02042197 -0.01218158
v 0.03800000 -0.02252213 -0.01190287
v 0.03800000 -0.02347250 -0.01275350
v 0.03800000 -0.02351973 -0.01256945
v 0.03800000 -0.02469648 -0.01280352
v 0.03800000 -0.01284639 -0.00700000
v 0.03800000 0.00000001 -0.00700000
v 0.03800000 0.00000001 -0.00500000
v 0.03800000 -0.00967629 0.00494648
v 0.03800000 -0.00947533 0.00419648
v 0.03800000 -0.00947533 0.00019648
v 0.03800000 -0.01755445 -0.01099410
v 0.03800000 -0.01499271 -0.00924190
v 0.03800000 -0.01097532 -0.00130352
v 0.03400000 0.00000001 -0.00700000
v 0.03400000 -0.00300000 -0.00700000
v 0.03373205 0.00000001 -0.00600000
v 0.03373205 -0.00300000 -0.00600000
v 0.03300000 0.00000001 -0.00526795
v 0.03300000 -0.00300000 -0.00526795
v 0.03200000 0.00000001 -0.00500000
v 0.03200000 -0.00300000 -0.00500000
v 0.03400000 -0.01364648 0.00219648
v 0.03640000 -0.01364648 0.00219648
v 0.03400000 -0.01351921 0.00172148
v 0.03640000 -0.01351921 0.00172148
v 0.03400000 -0.01317149 0.00137376
v 0.03640000 -0.01317149 0.00137376
v 0.03400000 -0.01269648 0.00124648
v 0.03640000 -0.01269648 0.00124648
v 0.03400000 -0.01222148 0.00137376
v 0.03640000 -0.01222148 0.00137376
v 0.03400000 -0.01187376 0.00172148
v 0.03640000 -0.01187376 0.00172148
v 0.03400000 -0.01174649 0.00219648
v 0.03640000 -0.01174649 0.00219648
v 0.03400000 -0.01187376 0.00267148
v 0.03640000 -0.01187376 0.00267148
v 0.03400000 -0.01222148 0.00301921
v 0.03640000 -0.01222148 0.00301921
v 0.03400000 -0.01269648 0.00314648
v 0.03640000 -0.01269648 0.00314648
v 0.03400000 -0.01317149 0.00301921
v 0.03640000 -0.01317149 0.00301921
v 0.03400000 -0.01351921 0.00267148
v 0.03640000 -0.01351921 0.00267148
v 0.03400000 -0.02564649 -0.00980352
v 0.03640000 -0.02564649 -0.00980352
v 0.03400000 -0.02551921 -0.01027852
v 0.03640000 -0.02551921 -0.01027852
v 0.03400000 -0.02517148 -0.01062624
v 0.03640000 -0.02517148 -0.01062624
v 0.03400000 -0.02469648 -0.01075352
v 0.03400000 -0.02422149 -0.01062624
v 0.03640000 -0.02422149 -0.01062624
v 0.03400000 -0.02387375 -0.01027852
v 0.03640000 -0.02387375 -0.01027852
v 0.03400000 -0.02374648 -0.00980352
v 0.03640000 -0.02374648 -0.00980352
v 0.03400000 -0.02387375 -0.00932852
v 0.03640000 -0.02387375 -0.00932852
v 0.03400000 -0.02422149 -0.00898079
v 0.03640000 -0.02422149 -0.00898079
v 0.03400000 -0.02469648 -0.00885352
v 0.03640000 -0.02469648 -0.00885352
v 0.03400000 -0.02517148 -0.00898079
v 0.03640000 -0.02517148 -0.00898079
v 0.03400000 -0.02551921 -0.00932852
v 0.03640000 -0.02551921 -0.00932852
v 0.03400000 -0.03764648 0.00219648
v 0.03400000 -0.03751921 0.00172148
v 0.03640000 -0.03751921 0.00172148
v 0.03400000 -0.03717149 0.00137376
v 0.03640000 -0.03717149 0.00137376
v 0.03400000 -0.03669649 0.00124648
v 0.03640000 -0.03669649 0.00124648
v 0.03400000 -0.03622148 0.00137376
v 0.03640000 -0.03622148 0.00137376
v 0.03400000 -0.03587376 0.00172148
v 0.03640000 -0.03587376 0.00172148
v 0.03400000 -0.03574648 0.00219648
v 0.03640000 -0.03574648 0.00219648
v 0.03400000 -0.03587376 0.00267148
v 0.03640000 -0.03587376 0.00267148
v 0.03400000 -0.03622148 0.00301921
v 0.03640000 -0.03622148 0.00301921
v 0.03400000 -0.03669649 0.00314648
v 0.03640000 -0.03669649 0.00314648
v 0.03400000 -0.03717149 0.00301921
v 0.03640000 -0.03717149 0.00301921
v 0.03400000 -0.03751921 0.00267148
v 0.03640000 -0.03751921 0.00267148
v 0.05800000 -0.00300000 -0.00500000
v 0.05800000 0.00000001 -0.00500000
v 0.03800000 -0.02787847 0.00537846
v 0.03400000 -0.02787847 0.00537846
v 0.03640000 -0.02641856 0.00635394
v 0.03400000 -0.02641856 0.00635394
v 0.03640000 -0.02469648 0.00669648
v 0.03400000 -0.02469648 0.00669648
v 0.03640000 -0.02297441 0.00635394
v 0.03400000 -0.02297441 0.00635394
v 0.03640000 -0.02151450 0.00537846
v 0.03400000 -0.02151450 0.00537846
v 0.03640000 -0.02053902 0.00391856
v 0.03400000 -0.02053902 0.00391856
v 0.03640000 -0.02019649 0.00219648
v 0.03400000 -0.02019649 0.00219648
v 0.03640000 -0.02053902 0.00047441
v 0.03400000 -0.02053902 0.00047441
v 0.03640000 -0.02151450 -0.00098550
v 0.03400000 -0.02151450 -0.00098550
v 0.03640000 -0.02297441 -0.00196097
v 0.03400000 -0.02297441 -0.00196097
v 0.03640000 -0.02469648 -0.00230352
v 0.03400000 -0.02469648 -0.00230352
v 0.03640000 -0.02641856 -0.00196097
v 0.03400000 -0.02641856 -0.00196097
v 0.03640000 -0.02787847 -0.00098550
v 0.03400000 -0.02787847 -0.00098550
v 0.03640000 -0.02885395 0.00047441
v 0.03400000 -0.02885395 0.00047441
v 0.03640000 -0.02919648 0.00219648
v 0.03400000 -0.02919648 0.00219648
v 0.03640000 -0.02885395 0.00391856
v 0.03400000 -0.02885395 0.00391856
v 0.03640000 -0.03790449 0.00441457
v 0.03800000 -0.03790449 0.00441457
v 0.03640000 -0.03883501 0.00350525
v 0.03800000 -0.03883501 0.00350525
v 0.03640000 -0.03919581 0.00225523
v 0.03800000 -0.03919581 0.00225523
v 0.03640000 -0.03889296 0.00098991
v 0.03800000 -0.03889296 0.00098991
v 0.03640000 -0.02112577 0.00569648
v 0.03800000 -0.02112577 0.00569648
v 0.03640000 -0.02142148 0.00597463
v 0.03800000 -0.02142148 0.00597463
v 0.03998867 -0.00300000 0.00569648
v 0.03640000 -0.01097532 0.00569648
v 0.03640000 -0.00947533 0.00419648
v 0.03640000 -0.00967629 0.00494648
v 0.03640000 -0.01022533 0.00549552
v 0.03640000 -0.00947533 0.00019648
v 0.03640000 -0.01097532 -0.00130352
v 0.03640000 -0.01022533 -0.00110255
v 0.03640000 -0.00967629 -0.00055352
v 0.03640000 -0.02112577 -0.00130352
v 0.03640000 -0.02162149 -0.00174615
v 0.03640000 -0.02162149 -0.00972852
v 0.03640000 -0.02469648 -0.01280352
v 0.03640000 -0.02351973 -0.01256945
v 0.03640000 -0.02252213 -0.01190287
v 0.03640000 -0.02185556 -0.01090527
v 0.03800000 -0.02777148 -0.00174615
v 0.03800000 -0.02777148 -0.00972852
v 0.03640000 -0.02777148 -0.00174615
v 0.03640000 -0.02777148 -0.00972852
v 0.03640000 -0.02865849 -0.00085352
v 0.03800000 -0.02865849 -0.00085352
v 0.03800000 -0.03664648 -0.00085352
v 0.03640000 -0.03664648 -0.00085352
v 0.03640000 -0.03889296 0.00013352
v 0.03800000 -0.03889296 0.00013352
v 0.03640000 -0.03787336 -0.00059587
v 0.03800000 -0.03787336 -0.00059587
v 0.03640000 -0.02753741 -0.01090527
v 0.03800000 -0.02753741 -0.01090527
v 0.03640000 -0.02687084 -0.01190287
v 0.03800000 -0.02687084 -0.01190287
v 0.03640000 -0.02587324 -0.01256945
v 0.03800000 -0.02587324 -0.01256945
v 0.03800000 -0.02657542 -0.01268537
v 0.03800000 -0.03939297 0.00852210
v 0.03800000 -0.03939297 -0.00080574
v 0.03800000 -0.02959790 -0.01198012
v 0.03800000 -0.03822380 0.01074118
v 0.03800000 -0.03672219 0.01275027
v 0.03800000 -0.03492505 0.01450000
v 0.03800000 -0.03241055 -0.01066793
v 0.03800000 -0.03489294 -0.00880499
v 0.03800000 -0.03693878 -0.00647105
v 0.03800000 -0.03846052 -0.00376603
v 0.03400000 -0.03939297 -0.00080574
v 0.03400000 -0.03939297 -0.00052852
v 0.03400000 -0.03939297 0.00697148
v 0.03400000 -0.03939297 0.00852210
v 0.03400000 -0.01284639 -0.00700000
v 0.03640000 -0.02142148 0.01450000
v 0.03640000 -0.03603879 -0.00380352
v 0.03640000 -0.03591151 -0.00332852
v 0.03640000 -0.03508878 -0.00380352
v 0.03640000 -0.03556379 -0.00298079
v 0.03640000 -0.03508878 -0.00285352
v 0.03640000 -0.03508878 -0.00475352
v 0.03640000 -0.03556379 -0.00462624
v 0.03640000 -0.03591151 -0.00427852
v 0.03640000 -0.03413879 -0.00380352
v 0.03640000 -0.03426606 -0.00427852
v 0.03640000 -0.03461378 -0.00462624
v 0.03640000 -0.03461378 -0.00298079
v 0.03640000 -0.03426606 -0.00332852
v 0.03400000 -0.03556379 -0.00298079
v 0.03400000 -0.03591151 -0.00332852
v 0.03400000 -0.03603879 -0.00380352
v 0.03400000 -0.03591151 -0.00427852
v 0.03400000 -0.03556379 -0.00462624
v 0.03400000 -0.03508878 -0.00475352
v 0.03400000 -0.03461378 -0.00462624
v 0.03400000 -0.03426606 -0.00427852
v 0.03400000 -0.03413879 -0.00380352
v 0.03400000 -0.03426606 -0.00332852
v 0.03400000 -0.03461378 -0.00298079
v 0.03400000 -0.03508878 -0.00285352
v 0.03640000 -0.01774649 -0.00819582
v 0.03640000 -0.01787376 -0.00867082
v 0.03640000 -0.01822149 -0.00901855
v 0.03640000 -0.01964649 -0.00819582
v 0.03640000 -0.01951920 -0.00772082
v 0.03640000 -0.01951920 -0.00867082
v 0.03640000 -0.01917148 -0.00737310
v 0.03640000 -0.01917148 -0.00901855
v 0.03640000 -0.01869648 -0.00724582
v 0.03640000 -0.01822149 -0.00737310
v 0.03640000 -0.01787376 -0.00772082
v 0.03640000 -0.01869648 -0.00914582
v 0.03400000 -0.01822149 -0.00901855
v 0.03400000 -0.01787376 -0.00867082
v 0.03400000 -0.01774649 -0.00819582
v 0.03400000 -0.01787376 -0.00772082
v 0.03400000 -0.01822149 -0.00737310
v 0.03400000 -0.01869648 -0.00724582
v 0.03400000 -0.01917148 -0.00737310
v 0.03400000 -0.01951920 -0.00772082
v 0.03400000 -0.01964649 -0.00819582
v 0.03400000 -0.01951920 -0.00867082
v 0.03400000 -0.01917148 -0.00901855
v 0.03400000 -0.01869648 -0.00914582
v 0.03640000 -0.01382918 -0.00462624
v 0.03640000 -0.01430418 -0.00475352
v 0.03640000 -0.01430418 -0.00380352
v 0.03640000 -0.01477917 -0.00462624
v 0.03640000 -0.01512691 -0.00427852
v 0.03640000 -0.01348146 -0.00332852
v 0.03640000 -0.01335417 -0.00380352
v 0.03640000 -0.01348146 -0.00427852
v 0.03640000 -0.01477917 -0.00298079
v 0.03640000 -0.01430418 -0.00285352
v 0.03640000 -0.01382918 -0.00298079
v 0.03640000 -0.01525418 -0.00380352
v 0.03640000 -0.01512691 -0.00332852
v 0.03400000 -0.01477917 -0.00462624
v 0.03400000 -0.01430418 -0.00475352
v 0.03400000 -0.01382918 -0.00462624
v 0.03400000 -0.01348146 -0.00427852
v 0.03400000 -0.01335417 -0.00380352
v 0.03400000 -0.01348146 -0.00332852
v 0.03400000 -0.01382918 -0.00298079
v 0.03400000 -0.01430418 -0.00285352
v 0.03400000 -0.01477917 -0.00298079
v 0.03400000 -0.01512691 -0.00332852
v 0.03400000 -0.01525418 -0.00380352
v 0.03400000 -0.01512691 -0.00427852
v 0.03640000 -0.02987377 -0.00867082
v 0.03640000 -0.03022148 -0.00901855
v 0.03640000 -0.03069649 -0.00914582
v 0.03640000 -0.03069649 -0.00724582
v 0.03640000 -0.03117148 -0.00901855
v 0.03640000 -0.02987377 -0.00772082
v 0.03640000 -0.02974648 -0.00819582
v 0.03640000 -0.03117148 -0.00737310
v 0.03640000 -0.03151921 -0.00772082
v 0.03640000 -0.03164648 -0.00819582
v 0.03640000 -0.03151921 -0.00867082
v 0.03640000 -0.03022148 -0.00737310
v 0.03400000 -0.03117148 -0.00901855
v 0.03400000 -0.03069649 -0.00914582
v 0.03400000 -0.03022148 -0.00901855
v 0.03400000 -0.02987377 -0.00867082
v 0.03400000 -0.02974648 -0.00819582
v 0.03400000 -0.02987377 -0.00772082
v 0.03400000 -0.03022148 -0.00737310
v 0.03400000 -0.03069649 -0.00724582
v 0.03400000 -0.03117148 -0.00737310
v 0.03400000 -0.03151921 -0.00772082
v 0.03400000 -0.03164648 -0.00819582
v 0.03400000 -0.03151921 -0.00867082
v 0.03640000 -0.03556379 0.00901921
v 0.03640000 -0.03508878 0.00914648
v 0.03640000 -0.03508878 0.00819648
v 0.03640000 -0.03461378 0.00901921
v 0.03640000 -0.03426606 0.00867148
v 0.03640000 -0.03591151 0.00772148
v 0.03640000 -0.03603879 0.00819648
v 0.03640000 -0.03591151 0.00867148
v 0.03640000 -0.03461378 0.00737376
v 0.03640000 -0.03508878 0.00724648
v 0.03640000 -0.03556379 0.00737376
v 0.03640000 -0.03413879 0.00819648
v 0.03640000 -0.03426606 0.00772148
v 0.03400000 -0.03461378 0.00901921
v 0.03400000 -0.03508878 0.00914648
v 0.03400000 -0.03556379 0.00901921
v 0.03400000 -0.03591151 0.00867148
v 0.03400000 -0.03603879 0.00819648
v 0.03400000 -0.03591151 0.00772148
v 0.03400000 -0.03556379 0.00737376
v 0.03400000 -0.03508878 0.00724648
v 0.03400000 -0.03461378 0.00737376
v 0.03400000 -0.03426606 0.00772148
v 0.03400000 -0.03413879 0.00819648
v 0.03400000 -0.03426606 0.00867148
v 0.03200000 -0.00300000 0.01450000
v 0.03400000 -0.02112577 0.01450000
v 0.03400000 -0.02742148 0.01450000
v 0.03671794 0.01341283 0.01450000
v 0.03798937 0.01274554 0.01450000
v 0.04000000 0.01550000 0.01450000
v 0.03400000 -0.03492505 0.01450000
v 0.03400000 -0.03289264 0.01450000
v 0.03400000 -0.02947148 0.01450000
v 0.04000363 0.00000001 0.01450000
v 0.04000000 0.00000001 0.01450000
v 0.04000363 -0.00286364 0.01450000
v 0.03800000 -0.02112577 0.01450000
v 0.03800000 -0.02142148 0.01450000
v 0.03880505 0.01156382 0.01450000
v 0.03897813 0.01013838 0.01450000
v 0.03846895 0.00879581 0.01450000
v 0.03739417 0.00784364 0.01450000
v 0.03600000 0.00750000 0.01450000
v 0.03460583 0.00784364 0.01450000
v 0.03319495 0.01156382 0.01450000
v 0.03200000 0.01550000 0.01450000
v 0.03302187 0.01013838 0.01450000
v 0.03353105 0.00879581 0.01450000
v 0.03401063 0.01274554 0.01450000
v 0.03528205 0.01341283 0.01450000
v 0.03600000 0.01350000 0.01450000
v 0.03200000 0.01636603 0.01400000
v 0.04000000 0.01636603 0.01400000
v 0.03200000 0.01600000 0.01436603
v 0.04000000 0.01600000 0.01436603
v 0.03640000 -0.03164648 0.01258879
v 0.03640000 -0.03151921 0.01306379
v 0.03640000 -0.03069649 0.01258879
v 0.03640000 -0.03117148 0.01341151
v 0.03640000 -0.03069649 0.01353879
v 0.03640000 -0.03069649 0.01163879
v 0.03640000 -0.03117148 0.01176606
v 0.03640000 -0.03151921 0.01211379
v 0.03640000 -0.02974648 0.01258879
v 0.03640000 -0.02987377 0.01211379
v 0.03640000 -0.03022148 0.01176606
v 0.03640000 -0.03022148 0.01341151
v 0.03640000 -0.02987377 0.01306379
v 0.03400000 -0.03022148 0.01176606
v 0.03400000 -0.02987377 0.01211379
v 0.03400000 -0.02974648 0.01258879
v 0.03400000 -0.02987377 0.01306379
v 0.03400000 -0.03022148 0.01341151
v 0.03400000 -0.03069649 0.01353879
v 0.03400000 -0.03117148 0.01341151
v 0.03400000 -0.03151921 0.01306379
v 0.03400000 -0.03164648 0.01258879
v 0.03400000 -0.03151921 0.01211379
v 0.03400000 -0.03117148 0.01176606
v 0.03400000 -0.03069649 0.01163879
v 0.03200000 0.00000001 0.00569648
v 0.03200000 -0.00300000 0.00569648
v 0.03200000 0.00000001 0.01150000
v 0.04000000 0.00000001 0.01150000
v 0.03671794 0.01341283 0.01150000
v 0.03528205 0.01341283 0.01150000
v 0.03401063 0.01274554 0.01150000
v 0.03319495 0.01156382 0.01150000
v 0.03302187 0.01013838 0.01150000
v 0.03353105 0.00879581 0.01150000
v 0.03460583 0.00784364 0.01150000
v 0.03600000 0.00750000 0.01150000
v 0.03739417 0.00784364 0.01150000
v 0.03846895 0.00879581 0.01150000
v 0.03897813 0.01013838 0.01150000
v 0.03880505 0.01156382 0.01150000
v 0.03798937 0.01274554 0.01150000
v 0.01400000 0.00000001 -0.00500000
v 0.01400000 -0.00300000 -0.00500000
v 0.03400000 -0.03822380 0.01074118
v 0.03400000 -0.03672219 0.01275027
v 0.03400000 -0.03684264 -0.00052852
v 0.03400000 -0.03289264 -0.00052852
v 0.03400000 -0.03289264 -0.00257852
v 0.03400000 -0.02947148 0.01039264
v 0.03400000 -0.01992149 -0.00994967
v 0.03400000 -0.02742148 0.01039264
v 0.03400000 -0.02112577 0.01039264
v 0.03400000 -0.02112577 0.00697148
v 0.03400000 -0.03489294 -0.00880499
v 0.03400000 -0.03693878 -0.00647105
v 0.03400000 -0.03684264 -0.00599967
v 0.03400000 -0.03846052 -0.00376603
v 0.03400000 -0.03684264 -0.00257852
v 0.03400000 -0.03684264 0.01039264
v 0.03400000 -0.03684264 0.00697148
v 0.03400000 -0.02657542 -0.01268537
v 0.03400000 -0.02347250 -0.01275350
v 0.03400000 -0.01499271 -0.00924190
v 0.03400000 -0.01755445 -0.01099410
v 0.03400000 -0.01650033 -0.00994967
v 0.03400000 -0.02042197 -0.01218158
v 0.03400000 -0.01445033 -0.00599967
v 0.03400000 -0.00300000 -0.00599967
v 0.03400000 -0.01445033 -0.00052852
v 0.03400000 -0.00300000 -0.00052852
v 0.03400000 -0.01445033 0.00569648
v 0.03400000 -0.00300000 0.00569648
v 0.03400000 -0.01650033 0.00569648
v 0.03400000 -0.01650033 -0.00052852
v 0.03400000 -0.01992149 0.00569648
v 0.03400000 -0.01992149 -0.00052852
v 0.03400000 -0.02742148 0.00697148
v 0.03400000 -0.02112577 0.00569648
v 0.03400000 -0.03289264 0.00697148
v 0.03400000 -0.02742148 -0.00599967
v 0.03400000 -0.01992149 -0.00599967
v 0.03400000 -0.02742148 -0.00994967
v 0.03400000 -0.01992149 -0.00257852
v 0.03400000 -0.02742148 -0.00257852
v 0.03400000 -0.02947148 -0.00052852
v 0.03400000 -0.02947148 -0.00257852
v 0.03400000 -0.02947148 0.00697148
v 0.03400000 -0.00300000 -0.00257852
v 0.03400000 -0.01445033 -0.00257852
v 0.03400000 -0.01650033 -0.00257852
v 0.03400000 -0.01650033 -0.00599967
v 0.03400000 -0.02947148 -0.00599967
v 0.03400000 -0.02947148 -0.00994967
v 0.03400000 -0.03289264 0.01039264
v 0.03400000 -0.03289264 -0.00994967
v 0.03400000 -0.03289264 -0.00599967
v 0.03400000 -0.03241055 -0.01066793
v 0.03400000 -0.02959790 -0.01198012
v 0.04000363 -0.00286364 0.00569648
v 0.04000363 0.00000001 0.00569648
v 0.01400000 -0.00300000 0.00569648
v 0.01400000 0.00000001 0.00569648
v 0.05800000 0.00000001 0.00569648
v 0.05800000 -0.00300000 0.00569648
v 0.01400000 -0.00300000 0.00150000
v 0.01400000 0.00000001 0.00150000
v 0.01475000 -0.00300000 0.00129904
v 0.01475000 0.00000001 0.00129904
v 0.01529904 -0.00300000 0.00075000
v 0.01529904 0.00000001 0.00075000
v 0.01550000 -0.00300000 0.00000000
v 0.01550000 0.00000001 0.00000000
v 0.01529904 -0.00300000 -0.00075000
v 0.01529904 0.00000001 -0.00075000
v 0.01475000 -0.00300000 -0.00129904
v 0.01475000 0.00000001 -0.00129904
v 0.01400000 -0.00300000 -0.00150000
v 0.01400000 0.00000001 -0.00150000
v 0.01350000 0.00000001 0.00150000
v 0.01350000 -0.00300000 0.00150000
v 0.01275000 0.00000001 0.00129904
v 0.01275000 -0.00300000 0.00129904
v 0.01220096 0.00000001 0.00075000
v 0.01220096 -0.00300000 0.00075000
v 0.01200000 0.00000001 0.00000000
v 0.01200000 -0.00300000 0.00000000
v 0.01220096 0.00000001 -0.00075000
v 0.01220096 -0.00300000 -0.00075000
v 0.01275000 0.00000001 -0.00129904
v 0.01275000 -0.00300000 -0.00129904
v 0.01350000 0.00000001 -0.00150000
v 0.01350000 -0.00300000 -0.00150000
v 0.05653761 -0.00300000 -0.00033378
v 0.05653761 -0.00300000 0.00033378
v 0.05682725 -0.00300000 0.00093523
v 0.06100000 -0.00300000 0.00269648
v 0.06077164 -0.00300000 0.00384453
v 0.05925000 -0.00300000 0.00129904
v 0.06012132 -0.00300000 0.00481780
v 0.05850000 -0.00300000 0.00150000
v 0.05914805 -0.00300000 0.00546812
v 0.05800000 -0.00300000 0.00150000
v 0.05734918 -0.00300000 0.00135145
v 0.05979904 -0.00300000 0.00075000
v 0.06000000 -0.00300000 0.00000000
v 0.06100000 -0.00300000 -0.00200000
v 0.05979904 -0.00300000 -0.00075000
v 0.06077164 -0.00300000 -0.00314805
v 0.05925000 -0.00300000 -0.00129904
v 0.06012132 -0.00300000 -0.00412132
v 0.05850000 -0.00300000 -0.00150000
v 0.05914805 -0.00300000 -0.00477164
v 0.05800000 -0.00300000 -0.00150000
v 0.05734918 -0.00300000 -0.00135145
v 0.05682725 -0.00300000 -0.00093523
v 0.05800000 0.00000001 -0.00150000
v 0.05734918 0.00000001 -0.00135145
v 0.05682725 0.00000001 -0.00093523
v 0.05653761 0.00000001 -0.00033378
v 0.05653761 0.00000001 0.00033378
v 0.05682725 0.00000001 0.00093523
v 0.05734918 0.00000001 0.00135145
v 0.05800000 0.00000001 0.00150000
v 0.05850000 0.00000001 -0.00150000
v 0.05850000 0.00000001 0.00150000
v 0.05925000 0.00000001 0.00129904
v 0.05979904 0.00000001 0.00075000
v 0.06000000 0.00000001 0.00000000
v 0.05979904 0.00000001 -0.00075000
v 0.05925000 0.00000001 -0.00129904
v 0.05914805 0.00000001 -0.00477164
v 0.06012132 0.00000001 -0.00412132
v 0.06077164 0.00000001 -0.00314805
v 0.06100000 0.00000001 -0.00200000
v 0.06100000 0.00000001 0.00269648
v 0.01100000 0.00000001 0.00269648
v 0.01100000 0.00000001 -0.00200000
v 0.01122836 0.00000001 -0.00314805
v 0.01187868 0.00000001 -0.00412132
v 0.01285195 0.00000001 -0.00477164
v 0.01285195 0.00000001 0.00546812
v 0.01187868 0.00000001 0.00481780
v 0.01122836 0.00000001 0.00384453
v 0.06077164 0.00000001 0.00384453
v 0.06012132 0.00000001 0.00481780
v 0.05914805 0.00000001 0.00546812
v 0.01100000 -0.00300000 -0.00200000
v 0.01122836 -0.00300000 -0.00314805
v 0.01187868 -0.00300000 -0.00412132
v 0.01285195 -0.00300000 -0.00477164
v 0.01100000 -0.00300000 0.00269648
v 0.01122836 -0.00300000 0.00384453
v 0.01187868 -0.00300000 0.00481780
v 0.01285195 -0.00300000 0.00546812
v 0.03400000 -0.01382918 0.00901921
v 0.03400000 -0.01430418 0.00914648
v 0.03400000 -0.01430418 0.00819648
v 0.03400000 -0.01477917 0.00901921
v 0.03400000 -0.01512691 0.00867148
v 0.03400000 -0.01348146 0.00772148
v 0.03400000 -0.01335417 0.00819648
v 0.03400000 -0.01348146 0.00867148
v 0.03400000 -0.01477917 0.00737376
v 0.03400000 -0.01430418 0.00724648
v 0.03400000 -0.01382918 0.00737376
v 0.03400000 -0.01525418 0.00819648
v 0.03400000 -0.01512691 0.00772148
v 0.03640000 -0.01382918 0.00737376
v 0.03640000 -0.01348146 0.00772148
v 0.03640000 -0.01335417 0.00819648
v 0.03640000 -0.01348146 0.00867148
v 0.03640000 -0.01382918 0.00901921
v 0.03640000 -0.01430418 0.00914648
v 0.03640000 -0.01477917 0.00901921
v 0.03640000 -0.01512691 0.00867148
v 0.03640000 -0.01525418 0.00819648
v 0.03640000 -0.01512691 0.00772148
v 0.03640000 -0.01477917 0.00737376
v 0.03640000 -0.01430418 0.00724648
v 0.03640000 -0.01430418 0.00819648
v 0.03640000 -0.01917148 0.01341151
v 0.03640000 -0.01869648 0.01353879
v 0.03640000 -0.01869648 0.01258879
v 0.03640000 -0.01822149 0.01341151
v 0.03640000 -0.01787376 0.01306379
v 0.03640000 -0.01951920 0.01211379
v 0.03640000 -0.01964649 0.01258879
v 0.03640000 -0.01951920 0.01306379
v 0.03640000 -0.01822149 0.01176606
v 0.03640000 -0.01869648 0.01163879
v 0.03640000 -0.01917148 0.01176606
v 0.03640000 -0.01774649 0.01258879
v 0.03640000 -0.01787376 0.01211379
v 0.03400000 -0.01917148 0.01176606
v 0.03400000 -0.01869648 0.01163879
v 0.03400000 -0.01822149 0.01176606
v 0.03400000 -0.01787376 0.01211379
v 0.03400000 -0.01774649 0.01258879
v 0.03400000 -0.01787376 0.01306379
v 0.03400000 -0.01822149 0.01341151
v 0.03400000 -0.01869648 0.01353879
v 0.03400000 -0.01917148 0.01341151
v 0.03400000 -0.01951920 0.01306379
v 0.03400000 -0.01964649 0.01258879
v 0.03400000 -0.01951920 0.01211379
v 0.03400000 -0.01869648 0.01258879
v 0.03618852 0.01316835 0.01411345
v 0.03647839 0.01313188 0.01411345
v 0.03653651 0.01345164 0.01350000
v 0.03841164 0.01228438 0.01350000
v 0.03789211 0.01282807 0.01350000
v 0.03768713 0.01257586 0.01411345
v 0.03845592 0.01156023 0.01411345
v 0.03877963 0.01162857 0.01350000
v 0.03815037 0.01209108 0.01411345
v 0.03807880 0.01218352 0.01411345
v 0.03725370 0.01322548 0.01350000
v 0.03690144 0.01301854 0.01411345
v 0.03711788 0.01293022 0.01411345
v 0.03754750 0.01268194 0.01411345
v 0.03580884 0.01316816 0.01411345
v 0.03578562 0.01349233 0.01350000
v 0.03546161 0.01312026 0.01411345
v 0.03504819 0.01334500 0.01350000
v 0.03515130 0.01303680 0.01411345
v 0.03477464 0.01287784 0.01411345
v 0.03437057 0.01301892 0.01350000
v 0.03454709 0.01274603 0.01411345
v 0.03417855 0.01245906 0.01411345
v 0.03379533 0.01253456 0.01350000
v 0.03403417 0.01231415 0.01411345
v 0.03371754 0.01189499 0.01411345
v 0.03335862 0.01192236 0.01350000
v 0.03364477 0.01176827 0.01411345
v 0.03342582 0.01122746 0.01411345
v 0.03308788 0.01122079 0.01350000
v 0.03340336 0.01114270 0.01411345
v 0.03332501 0.01050598 0.01411345
v 0.03300012 0.01047393 0.01350000
v 0.03332510 0.01047675 0.01411345
v 0.03310085 0.00972870 0.01350000
v 0.03341492 0.00981226 0.01411345
v 0.03338374 0.00903194 0.01350000
v 0.03366717 0.00919098 0.01411345
v 0.03342259 0.00978405 0.01411345
v 0.03383103 0.00842743 0.01350000
v 0.03441460 0.00795314 0.01350000
v 0.03458635 0.00822905 0.01411345
v 0.03416980 0.00854910 0.01411345
v 0.03406600 0.00865196 0.01411345
v 0.03371133 0.00911523 0.01411345
v 0.03509778 0.00763888 0.01350000
v 0.03583766 0.00750440 0.01350000
v 0.03585524 0.00782892 0.01411345
v 0.03544990 0.00788217 0.01411345
v 0.03519552 0.00794884 0.01411345
v 0.03476402 0.00812766 0.01411345
v 0.03730088 0.00779672 0.01350000
v 0.03689017 0.00797746 0.01411345
v 0.03658774 0.00755814 0.01350000
v 0.03652406 0.00787684 0.01411345
v 0.03617658 0.00783083 0.01411345
v 0.03793229 0.00820517 0.01350000
v 0.03753773 0.00831116 0.01411345
v 0.03715995 0.00808958 0.01411345
v 0.03844229 0.00875781 0.01350000
v 0.03807125 0.00880720 0.01411345
v 0.03772296 0.00845377 0.01411345
v 0.03879882 0.00941991 0.01350000
v 0.03845115 0.00942879 0.01411345
v 0.03817771 0.00894654 0.01411345
v 0.03847850 0.01150631 0.01411345
v 0.03865089 0.01085832 0.01411345
v 0.03897297 0.01090185 0.01350000
v 0.03865672 0.01018781 0.01411345
v 0.03897950 0.01014988 0.01350000
v 0.03864926 0.01012983 0.01411345
v 0.03849562 0.00953692 0.01411345
v 0.03845592 0.01156023 0.01450000
v 0.03865089 0.01085832 0.01450000
v 0.03807880 0.01218352 0.01450000
v 0.03754750 0.01268194 0.01450000
v 0.03690144 0.01301854 0.01450000
v 0.03618852 0.01316835 0.01450000
v 0.03546161 0.01312026 0.01450000
v 0.03477464 0.01287784 0.01450000
v 0.03417855 0.01245906 0.01450000
v 0.03371754 0.01189499 0.01450000
v 0.03342582 0.01122746 0.01450000
v 0.03332501 0.01050598 0.01450000
v 0.03342259 0.00978405 0.01450000
v 0.03371133 0.00911523 0.01450000
v 0.03416980 0.00854910 0.01450000
v 0.03476402 0.00812766 0.01450000
v 0.03544990 0.00788217 0.01450000
v 0.03617658 0.00783083 0.01450000
v 0.03689017 0.00797746 0.01450000
v 0.03753773 0.00831116 0.01450000
v 0.03807125 0.00880720 0.01450000
v 0.03845115 0.00942879 0.01450000
v 0.03864926 0.01012983 0.01450000
v 0.03648544 0.01113720 0.01642592
v 0.03646387 0.01115441 0.01642651
v 0.03600000 0.01050000 0.01600000
v 0.03508949 0.01078487 0.01650727
v 0.03503186 0.01076695 0.01653398
v 0.03443770 0.01072622 0.01683936
v 0.03341483 0.01067907 0.01737786
v 0.03340864 0.01050579 0.01737786
v 0.03501142 0.00997040 0.01659631
v 0.03514136 0.00998564 0.01653220
v 0.03532924 0.00995821 0.01645846
v 0.03544371 0.00990921 0.01643147
v 0.03556674 0.00981809 0.01642957
v 0.03561867 0.00976110 0.01644212
v 0.03575186 0.00940629 0.01659631
v 0.03575629 0.00931229 0.01664467
v 0.03577378 0.00893770 0.01683936
v 0.03582093 0.00791482 0.01737786
v 0.03617106 0.00791428 0.01737786
v 0.03571514 0.00958948 0.01650727
v 0.03574939 0.00943978 0.01657926
v 0.03565370 0.00971263 0.01645736
v 0.03551456 0.00986280 0.01642592
v 0.03546075 0.00989936 0.01642919
v 0.03517203 0.00998519 0.01651840
v 0.03455382 0.00986713 0.01683936
v 0.03490629 0.01074814 0.01659631
v 0.03493978 0.01075061 0.01657926
v 0.03530707 0.01092215 0.01643143
v 0.03521263 0.01084630 0.01645736
v 0.03531810 0.01093327 0.01642957
v 0.03539936 0.01103925 0.01642919
v 0.03536280 0.01098544 0.01642592
v 0.03543634 0.01111151 0.01644220
v 0.03545821 0.01117076 0.01645846
v 0.03544972 0.01158038 0.01664467
v 0.03547040 0.01148858 0.01659631
v 0.03548519 0.01132797 0.01651840
v 0.03547845 0.01303834 0.01737786
v 0.03514102 0.01294486 0.01737786
v 0.03536713 0.01194618 0.01683936
v 0.03565288 0.01306802 0.01737786
v 0.03628487 0.01141052 0.01650727
v 0.03625061 0.01156022 0.01657926
v 0.03630413 0.01136396 0.01648701
v 0.03634630 0.01128737 0.01645736
v 0.03624814 0.01159371 0.01659631
v 0.03622622 0.01206231 0.01683936
v 0.03617994 0.01306631 0.01736788
v 0.03617907 0.01308518 0.01737786
v 0.03643327 0.01118191 0.01642957
v 0.03666964 0.01104214 0.01645811
v 0.03653925 0.01110064 0.01642919
v 0.03698858 0.01102960 0.01659631
v 0.03682797 0.01101481 0.01651840
v 0.03744618 0.01113287 0.01683936
v 0.03856802 0.01084712 0.01737786
v 0.03751246 0.01114786 0.01687486
v 0.03844487 0.01135898 0.01737786
v 0.03691052 0.01021513 0.01650727
v 0.03706022 0.01024939 0.01657926
v 0.03678982 0.01015528 0.01645821
v 0.03678738 0.01015370 0.01645736
v 0.03709371 0.01025186 0.01659631
v 0.03756231 0.01027378 0.01683936
v 0.03763019 0.01027693 0.01687486
v 0.03858518 0.01032093 0.01737786
v 0.03662100 0.00999227 0.01642651
v 0.03663721 0.01001456 0.01642592
v 0.03668191 0.01006673 0.01642957
v 0.03660064 0.00996075 0.01642919
v 0.03652209 0.00974470 0.01648821
v 0.03654179 0.00982924 0.01645846
v 0.03651481 0.00967203 0.01651840
v 0.03652960 0.00951142 0.01659631
v 0.03663287 0.00905382 0.01683936
v 0.03685480 0.00807356 0.01736788
v 0.03634712 0.00793198 0.01737786
v 0.03685898 0.00805514 0.01737786
v 0.03343198 0.01015288 0.01737786
v 0.03350317 0.00980644 0.01737786
v 0.03355514 0.00964102 0.01737786
v 0.04199388 0.01022911 0.01450000
v 0.04184919 0.00916321 0.01450000
v 0.04170687 0.01235248 0.01450000
v 0.04194593 0.01130371 0.01450000
v 0.03707302 0.01640327 0.01450000
v 0.03810985 0.01611681 0.01450000
v 0.03131008 0.01424227 0.01450000
v 0.03205365 0.01501955 0.01450000
v 0.03005453 0.01130709 0.01450000
v 0.03029419 0.01235573 0.01450000
v 0.03071724 0.01334472 0.01450000
v 0.03907886 0.01564982 0.01450000
v 0.03994892 0.01501731 0.01450000
v 0.04069205 0.01423960 0.01450000
v 0.04128438 0.01334171 0.01450000
v 0.03292407 0.01565157 0.01450000
v 0.03389335 0.01611801 0.01450000
v 0.03493034 0.01640388 0.01450000
v 0.03600171 0.01650000 0.01450000
v 0.03048216 0.00814342 0.01450000
v 0.03015005 0.00916654 0.01450000
v 0.03000597 0.01023252 0.01450000
v 0.03247191 0.00564690 0.01450000
v 0.03166205 0.00635486 0.01450000
v 0.03099162 0.00719604 0.01450000
v 0.03546046 0.00452431 0.01450000
v 0.03440214 0.00471668 0.01450000
v 0.03339516 0.00509493 0.01450000
v 0.03860177 0.00509345 0.01450000
v 0.03759458 0.00471577 0.01450000
v 0.03653614 0.00452400 0.01450000
v 0.04151650 0.00814028 0.01450000
v 0.04100650 0.00719319 0.01450000
v 0.04033559 0.00635239 0.01450000
v 0.03952533 0.00564489 0.01450000
v 0.03910004 0.01157620 0.01850629
v 0.03924769 0.01160142 0.01849358
v 0.03834630 0.01146536 0.01877280
v 0.03898547 0.01155134 0.01845666
v 0.03695121 0.01123897 0.01902719
v 0.03738641 0.01131157 0.01897012
v 0.03890136 0.01152716 0.01835352
v 0.03811418 0.01142898 0.01882971
v 0.03896976 0.01154742 0.01844404
v 0.03673897 0.00954879 0.01902719
v 0.03674161 0.00970385 0.01904063
v 0.03681959 0.00987559 0.01904678
v 0.03696447 0.00999637 0.01904063
v 0.03711327 0.01004009 0.01902719
v 0.03707620 0.00739996 0.01850629
v 0.03710143 0.00725231 0.01849358
v 0.03696614 0.00814867 0.01877149
v 0.03705134 0.00751453 0.01845666
v 0.03702717 0.00759864 0.01835352
v 0.03681204 0.00911075 0.01896968
v 0.03692899 0.00838583 0.01882971
v 0.03704742 0.00753024 0.01844404
v 0.03554009 0.00938674 0.01902719
v 0.03578633 0.00721425 0.01850807
v 0.03569278 0.00797655 0.01877149
v 0.03578797 0.00719450 0.01851012
v 0.03580033 0.00707644 0.01849358
v 0.03558594 0.00894502 0.01896968
v 0.03566564 0.00821506 0.01882971
v 0.03577925 0.00733427 0.01846241
v 0.03577998 0.00743006 0.01835352
v 0.03928576 0.01028632 0.01850807
v 0.03851839 0.01019220 0.01877280
v 0.03930550 0.01028797 0.01851012
v 0.03942356 0.01030032 0.01849358
v 0.03755213 0.01008563 0.01897012
v 0.03828494 0.01016564 0.01882971
v 0.03916573 0.01027925 0.01846241
v 0.03906995 0.01027997 0.01835352
v 0.03662441 0.01131959 0.01904678
v 0.03679615 0.01124161 0.01904063
v 0.03650363 0.01146447 0.01904063
v 0.03645991 0.01161326 0.01902719
v 0.03537560 0.00968041 0.01904678
v 0.03504879 0.00976103 0.01902719
v 0.03520385 0.00975839 0.01904063
v 0.03549637 0.00953553 0.01904063
v 0.03289996 0.00942380 0.01850629
v 0.03275231 0.00939857 0.01849358
v 0.03365370 0.00953464 0.01877280
v 0.03301453 0.00944866 0.01845666
v 0.03461359 0.00968843 0.01897012
v 0.03309864 0.00947284 0.01835352
v 0.03388583 0.00957102 0.01882971
v 0.03303025 0.00945258 0.01844404
v 0.03271425 0.01071368 0.01850807
v 0.03348161 0.01080780 0.01877280
v 0.03269450 0.01071203 0.01851012
v 0.03257644 0.01069968 0.01849358
v 0.03488674 0.01095991 0.01902719
v 0.03444788 0.01091437 0.01897012
v 0.03371506 0.01083436 0.01882971
v 0.03283427 0.01072075 0.01846241
v 0.03293006 0.01072003 0.01835352
v 0.03518041 0.01112441 0.01904678
v 0.03526103 0.01145121 0.01902719
v 0.03525839 0.01129615 0.01904063
v 0.03503554 0.01100363 0.01904063
v 0.03492380 0.01360004 0.01850629
v 0.03489858 0.01374769 0.01849358
v 0.03503386 0.01285133 0.01877149
v 0.03494866 0.01348547 0.01845666
v 0.03518796 0.01188925 0.01896968
v 0.03497284 0.01340136 0.01835352
v 0.03507102 0.01261417 0.01882971
v 0.03495258 0.01346976 0.01844404
v 0.03621368 0.01378575 0.01850807
v 0.03630722 0.01302345 0.01877149
v 0.03621203 0.01380550 0.01851012
v 0.03619968 0.01392356 0.01849358
v 0.03641407 0.01205499 0.01896968
v 0.03633436 0.01278494 0.01882971
v 0.03622075 0.01366573 0.01846241
v 0.03622003 0.01356994 0.01835352
v 0.04170683 0.01235246 0.01704988
v 0.04184990 0.01183345 0.01704988
v 0.04151780 0.01285656 0.01704988
v 0.04128435 0.01334169 0.01704988
v 0.04100834 0.01380393 0.01704988
v 0.04069202 0.01423958 0.01704988
v 0.04033792 0.01464511 0.01704988
v 0.03994889 0.01501727 0.01704988
v 0.03952807 0.01535306 0.01704988
v 0.03907884 0.01564978 0.01704988
v 0.03860482 0.01590503 0.01704988
v 0.03810983 0.01611677 0.01704988
v 0.03759786 0.01628328 0.01704988
v 0.03707302 0.01640323 0.01704988
v 0.03653953 0.01647565 0.01704988
v 0.03600171 0.01649996 0.01704988
v 0.03519630 0.01644588 0.01704988
v 0.03559810 0.01648648 0.01704988
v 0.03440544 0.01628419 0.01704988
v 0.03493035 0.01640384 0.01704988
v 0.03339826 0.01590651 0.01704988
v 0.03389337 0.01611797 0.01704988
v 0.03247470 0.01535507 0.01704988
v 0.03292409 0.01565153 0.01704988
v 0.03166445 0.01464758 0.01704988
v 0.03205368 0.01501952 0.01704988
v 0.03099354 0.01380678 0.01704988
v 0.03131011 0.01424225 0.01704988
v 0.03048355 0.01285970 0.01704988
v 0.03071728 0.01334469 0.01704988
v 0.03015086 0.01183678 0.01704988
v 0.03029423 0.01235571 0.01704988
v 0.03000616 0.01077089 0.01704988
v 0.03005458 0.01130709 0.01704988
v 0.03005412 0.00969630 0.01704988
v 0.03000601 0.01023252 0.01704988
v 0.03029318 0.00864754 0.01704988
v 0.03015010 0.00916655 0.01704988
v 0.03071566 0.00765831 0.01704988
v 0.03048220 0.00814344 0.01704988
v 0.03130798 0.00676042 0.01704988
v 0.03099166 0.00719607 0.01704988
v 0.03205111 0.00598273 0.01704988
v 0.03166208 0.00635489 0.01704988
v 0.03292116 0.00535022 0.01704988
v 0.03247194 0.00564694 0.01704988
v 0.03389017 0.00488323 0.01704988
v 0.03339518 0.00509497 0.01704988
v 0.03492699 0.00459677 0.01704988
v 0.03440215 0.00471672 0.01704988
v 0.03599829 0.00450004 0.01704988
v 0.03546047 0.00452435 0.01704988
v 0.03706966 0.00459616 0.01704988
v 0.03653613 0.00452405 0.01704988
v 0.03810664 0.00488203 0.01704988
v 0.03759456 0.00471581 0.01704988
v 0.03907591 0.00534847 0.01704988
v 0.03860174 0.00509349 0.01704988
v 0.03994632 0.00598048 0.01704988
v 0.03952530 0.00564493 0.01704988
v 0.04128272 0.00765531 0.01704988
v 0.04100646 0.00719322 0.01704988
v 0.04068989 0.00675775 0.01704988
v 0.04033556 0.00635242 0.01704988
v 0.04151646 0.00814030 0.01704988
v 0.04170577 0.00864429 0.01704988
v 0.04184914 0.00916322 0.01704988
v 0.04194589 0.01130370 0.01704988
v 0.04199399 0.01076748 0.01704988
v 0.04199384 0.01022911 0.01704988
v 0.04194543 0.00969291 0.01704988
v 0.03765478 0.00922465 0.01887932
v 0.03474319 0.00883109 0.01887932
v 0.03269212 0.00955155 0.01848927
v 0.03285788 0.00857625 0.01839657
v 0.03255903 0.01053621 0.01848927
v 0.03257218 0.01039656 0.01849358
v 0.03424363 0.01274452 0.01868526
v 0.03725681 0.01216891 0.01887932
v 0.03930788 0.01144845 0.01848927
v 0.03914213 0.01242375 0.01839657
v 0.03860934 0.00935368 0.01868526
v 0.03599831 0.00454045 0.01713018
v 0.03653252 0.00456429 0.01713018
v 0.03627582 0.00529118 0.01763183
v 0.03758383 0.00475476 0.01713018
v 0.03809245 0.00491986 0.01713018
v 0.03795394 0.00551801 0.01754760
v 0.03950157 0.00567763 0.01713018
v 0.03958504 0.00573935 0.01713018
v 0.03962559 0.00662531 0.01757596
v 0.04107907 0.01168786 0.01763183
v 0.04121216 0.01070320 0.01763183
v 0.04190584 0.01129829 0.01713018
v 0.04129380 0.00971653 0.01754760
v 0.04195347 0.01023093 0.01713018
v 0.04195363 0.01076568 0.01713018
v 0.04132317 0.00873760 0.01737996
v 0.04180976 0.00917222 0.01713018
v 0.04190539 0.00969835 0.01713018
v 0.04130331 0.00778133 0.01713018
v 0.04147931 0.00815619 0.01713018
v 0.04166735 0.00865678 0.01713018
v 0.03991975 0.00601092 0.01713018
v 0.04030636 0.00638035 0.01713018
v 0.04044412 0.00673595 0.01722907
v 0.04065831 0.00678296 0.01713018
v 0.04048632 0.00766608 0.01757596
v 0.04097275 0.00721549 0.01713018
v 0.04124715 0.00767446 0.01713018
v 0.03438181 0.00591651 0.01783917
v 0.03390438 0.00492106 0.01713018
v 0.03461428 0.00506659 0.01737996
v 0.03441291 0.00475567 0.01713018
v 0.03493422 0.00463652 0.01713018
v 0.03294190 0.00538490 0.01713018
v 0.03341272 0.00513137 0.01713018
v 0.03353321 0.00580180 0.01757596
v 0.03249569 0.00567962 0.01713018
v 0.03271468 0.00569116 0.01722907
v 0.03207770 0.00601315 0.01713018
v 0.03242705 0.00657672 0.01757596
v 0.03169130 0.00638280 0.01713018
v 0.03217469 0.00750101 0.01783917
v 0.03160878 0.00647092 0.01713018
v 0.03161414 0.00646509 0.01713018
v 0.03133575 0.00738761 0.01737996
v 0.03102539 0.00721832 0.01713018
v 0.03133958 0.00678561 0.01713018
v 0.03075124 0.00767745 0.01713018
v 0.03110418 0.00833921 0.01754760
v 0.03051936 0.00815931 0.01713018
v 0.03033161 0.00866001 0.01713018
v 0.03092094 0.00931214 0.01763183
v 0.03018949 0.00917553 0.01713018
v 0.03009416 0.00970171 0.01713018
v 0.03078784 0.01029680 0.01763183
v 0.03004638 0.01023432 0.01713018
v 0.03070620 0.01128347 0.01754760
v 0.03009461 0.01130165 0.01713018
v 0.03004653 0.01076907 0.01713018
v 0.03067683 0.01226240 0.01737996
v 0.03033266 0.01234321 0.01713018
v 0.03019025 0.01182778 0.01713018
v 0.03102725 0.01378451 0.01713018
v 0.03075285 0.01332554 0.01713018
v 0.03151368 0.01333392 0.01757596
v 0.03070031 0.01322572 0.01713018
v 0.03069670 0.01321867 0.01713018
v 0.03237442 0.01437469 0.01757596
v 0.03208026 0.01498908 0.01713018
v 0.03155589 0.01426405 0.01722907
v 0.03169364 0.01461965 0.01713018
v 0.03134169 0.01421705 0.01713018
v 0.03404606 0.01548199 0.01754760
v 0.03341578 0.01587011 0.01713018
v 0.03322149 0.01537054 0.01737996
v 0.03294481 0.01561684 0.01713018
v 0.03249844 0.01532237 0.01713018
v 0.03488304 0.01559513 0.01763183
v 0.03441618 0.01624524 0.01713018
v 0.03390755 0.01608014 0.01713018
v 0.03572418 0.01570882 0.01763183
v 0.03520171 0.01640584 0.01713018
v 0.03493755 0.01636408 0.01713018
v 0.03738573 0.01593341 0.01737996
v 0.03653590 0.01643541 0.01713018
v 0.03656116 0.01582196 0.01754760
v 0.03600170 0.01645955 0.01713018
v 0.03560080 0.01644617 0.01713018
v 0.03809563 0.01607894 0.01713018
v 0.03758710 0.01624434 0.01713018
v 0.03706579 0.01636348 0.01713018
v 0.03905811 0.01561510 0.01713018
v 0.03858728 0.01586863 0.01713018
v 0.03846680 0.01519820 0.01757596
v 0.03950431 0.01532038 0.01713018
v 0.03928532 0.01530884 0.01722907
v 0.03992230 0.01498685 0.01713018
v 0.03957295 0.01442328 0.01757596
v 0.04030871 0.01461720 0.01713018
v 0.03982531 0.01349899 0.01783917
v 0.04039122 0.01452908 0.01713018
v 0.04038586 0.01453491 0.01713018
v 0.04089582 0.01266079 0.01754760
v 0.04124876 0.01332255 0.01713018
v 0.04066425 0.01361239 0.01737996
v 0.04097462 0.01378168 0.01713018
v 0.04066042 0.01421439 0.01713018
v 0.04181051 0.01182447 0.01713018
v 0.04166840 0.01233999 0.01713018
v 0.04148064 0.01284069 0.01713018
v 0.03939847 0.01095937 0.01849358
v 0.04034770 0.01058635 0.01810500
v 0.03933227 0.01131032 0.01849358
v 0.04021461 0.01157101 0.01810500
v 0.03709745 0.01313027 0.01868526
v 0.03692725 0.01406566 0.01839657
v 0.03600615 0.01394116 0.01848927
v 0.03586449 0.01484645 0.01810500
v 0.03589656 0.01392782 0.01849358
v 0.03497671 0.01472645 0.01810500
v 0.03554063 0.01389847 0.01849358
v 0.03518968 0.01383227 0.01849358
v 0.03508049 0.01381604 0.01848927
v 0.03415938 0.01369153 0.01839657
v 0.03434522 0.01177535 0.01887932
v 0.03339066 0.01164632 0.01868526
v 0.03165230 0.01041365 0.01810500
v 0.03178539 0.00942899 0.01810500
v 0.03260153 0.01004063 0.01849358
v 0.03266773 0.00968968 0.01849358
v 0.03490255 0.00786973 0.01868526
v 0.03507275 0.00693434 0.01839657
v 0.03681032 0.00716773 0.01849358
v 0.03645937 0.00710153 0.01849358
v 0.03613551 0.00615355 0.01810500
v 0.03610344 0.00707218 0.01849358
v 0.03599385 0.00705884 0.01848927
v 0.03775637 0.00825548 0.01868526
v 0.03784062 0.00730847 0.01839657
v 0.03706245 0.00463592 0.01713018
v 0.03711696 0.00540487 0.01763183
v 0.03702329 0.00627355 0.01810500
v 0.03691952 0.00718396 0.01848927
v 0.03546410 0.00456459 0.01713018
v 0.03543884 0.00517804 0.01754760
v 0.03525211 0.00603414 0.01801610
v 0.03790669 0.00639296 0.01801610
v 0.03328050 0.00669208 0.01793765
v 0.03416532 0.00681168 0.01821209
v 0.03305465 0.00761995 0.01821209
v 0.03396694 0.00774326 0.01849505
v 0.03378864 0.00870206 0.01868526
v 0.03858422 0.00512989 0.01713018
v 0.03877851 0.00562946 0.01737996
v 0.03877699 0.00651060 0.01783917
v 0.03874805 0.00743112 0.01821209
v 0.03869199 0.00838194 0.01849505
v 0.03905519 0.00538316 0.01713018
v 0.03963286 0.00755072 0.01793765
v 0.03960428 0.00850526 0.01821209
v 0.03954010 0.00947949 0.01839657
v 0.03944098 0.01046379 0.01848927
v 0.03942782 0.01060344 0.01849358
v 0.03196010 0.00845490 0.01801610
v 0.04048423 0.00862420 0.01783917
v 0.04043787 0.00960084 0.01801610
v 0.03245990 0.01152051 0.01839657
v 0.03156213 0.01139916 0.01801610
v 0.03330802 0.01261806 0.01849505
v 0.03239573 0.01249474 0.01821209
v 0.03151577 0.01237580 0.01783917
v 0.04129969 0.00777428 0.01713018
v 0.04003990 0.01254510 0.01801610
v 0.03325195 0.01356888 0.01821209
v 0.03236714 0.01344928 0.01793765
v 0.03052069 0.01284381 0.01713018
v 0.03409331 0.01460704 0.01801610
v 0.03322301 0.01448940 0.01783917
v 0.03674790 0.01496586 0.01801610
v 0.03821137 0.01229794 0.01868526
v 0.03803306 0.01325674 0.01849505
v 0.03783469 0.01418832 0.01821209
v 0.03761819 0.01508349 0.01783917
v 0.03894535 0.01338005 0.01821209
v 0.03871950 0.01430792 0.01793765
v 0.03241496 0.01526065 0.01713018
v 0.03248097 0.01534643 0.01709482
v 0.03072667 0.01333963 0.01709482
v 0.03100244 0.01380090 0.01709482
v 0.03131845 0.01423559 0.01709482
v 0.03167215 0.01464020 0.01709482
v 0.03206070 0.01501148 0.01709482
v 0.03131633 0.00676707 0.01709482
v 0.03100057 0.00720194 0.01709482
v 0.03072506 0.00766337 0.01709482
v 0.03049202 0.00814763 0.01709482
v 0.03030333 0.00865083 0.01709482
v 0.03016050 0.00916892 0.01709482
v 0.03006469 0.00969773 0.01709482
v 0.03001667 0.01023299 0.01709482
v 0.03001682 0.01077041 0.01709482
v 0.03006515 0.01130565 0.01709482
v 0.03016126 0.01183440 0.01709482
v 0.03030438 0.01235241 0.01709482
v 0.03049336 0.01285551 0.01709482
v 0.03166980 0.00636226 0.01709482
v 0.03951903 0.00565357 0.01709482
v 0.03907044 0.00535763 0.01709482
v 0.03859712 0.00510310 0.01709482
v 0.03810289 0.00489202 0.01709482
v 0.03759173 0.00472610 0.01709482
v 0.03706775 0.00460666 0.01709482
v 0.03653518 0.00453467 0.01709482
v 0.03599830 0.00451072 0.01709482
v 0.03546143 0.00453498 0.01709482
v 0.03492890 0.00460727 0.01709482
v 0.03440499 0.00472701 0.01709482
v 0.03389392 0.00489322 0.01709482
v 0.03339981 0.00510458 0.01709482
v 0.03292664 0.00535938 0.01709482
v 0.03247821 0.00565557 0.01709482
v 0.03205813 0.00599076 0.01709482
v 0.04127333 0.00766036 0.01709482
v 0.04099756 0.00719910 0.01709482
v 0.04068155 0.00676441 0.01709482
v 0.04032785 0.00635980 0.01709482
v 0.03993930 0.00598852 0.01709482
v 0.04068368 0.01423293 0.01709482
v 0.04099943 0.01379806 0.01709482
v 0.04127495 0.01333663 0.01709482
v 0.04150799 0.01285237 0.01709482
v 0.04169668 0.01234917 0.01709482
v 0.04183950 0.01183108 0.01709482
v 0.04193531 0.01130227 0.01709482
v 0.04198333 0.01076701 0.01709482
v 0.04198318 0.01022959 0.01709482
v 0.04193485 0.00969435 0.01709482
v 0.04183874 0.00916560 0.01709482
v 0.04169562 0.00864759 0.01709482
v 0.04150664 0.00814449 0.01709482
v 0.04033020 0.01463774 0.01709482
v 0.03559881 0.01647583 0.01709482
v 0.03600170 0.01648928 0.01709482
v 0.03653857 0.01646502 0.01709482
v 0.03707111 0.01639273 0.01709482
v 0.03759502 0.01627299 0.01709482
v 0.03810608 0.01610678 0.01709482
v 0.03860019 0.01589542 0.01709482
v 0.03907336 0.01564062 0.01709482
v 0.03952179 0.01534443 0.01709482
v 0.03994187 0.01500924 0.01709482
v 0.03292957 0.01564237 0.01709482
v 0.03340288 0.01589690 0.01709482
v 0.03389711 0.01610798 0.01709482
v 0.03440828 0.01627390 0.01709482
v 0.03493225 0.01639334 0.01709482
v 0.03519773 0.01643531 0.01709482
v 0.03609284 0.00742358 0.01835352
v 0.03672725 0.00750933 0.01835352
v 0.03641228 0.00744992 0.01835352
v 0.03609547 0.00733632 0.01845662
v 0.03674788 0.00742450 0.01845662
v 0.03642397 0.00736340 0.01845662
v 0.03677801 0.00730060 0.01850807
v 0.03644105 0.00723704 0.01850807
v 0.03609932 0.00720886 0.01850807
v 0.03292358 0.01040716 0.01835352
v 0.03294992 0.01008772 0.01835352
v 0.03300934 0.00977275 0.01835352
v 0.03283632 0.01040453 0.01845662
v 0.03292450 0.00975212 0.01845662
v 0.03286340 0.01007603 0.01845662
v 0.03280060 0.00972199 0.01850807
v 0.03273704 0.01005895 0.01850807
v 0.03270886 0.01040068 0.01850807
v 0.03527275 0.01349067 0.01835352
v 0.03558772 0.01355008 0.01835352
v 0.03590716 0.01357642 0.01835352
v 0.03590453 0.01366368 0.01845662
v 0.03525212 0.01357550 0.01845662
v 0.03557603 0.01363660 0.01845662
v 0.03522199 0.01369940 0.01850807
v 0.03555895 0.01376296 0.01850807
v 0.03590069 0.01379114 0.01850807
v 0.03907642 0.01059284 0.01835352
v 0.03899067 0.01122725 0.01835352
v 0.03905008 0.01091228 0.01835352
v 0.03916368 0.01059547 0.01845662
v 0.03907550 0.01124788 0.01845662
v 0.03913660 0.01092397 0.01845662
v 0.03919940 0.01127801 0.01850807
v 0.03926297 0.01094105 0.01850807
v 0.03929114 0.01059932 0.01850807
v 0.03836504 0.01081968 0.00650000
v 0.03838646 0.01052074 0.00650000
v 0.03600000 0.01050000 0.00650000
v 0.03830633 0.01111358 0.00650000
v 0.03726122 0.01252607 0.00650000
v 0.03772546 0.01214876 0.00650000
v 0.03808128 0.01166786 0.00650000
v 0.03553245 0.01284030 0.00650000
v 0.03612915 0.01288305 0.00650000
v 0.03671773 0.01277607 0.00650000
v 0.03405712 0.01188594 0.00650000
v 0.03446283 0.01232558 0.00650000
v 0.03496513 0.01265050 0.00650000
v 0.03363496 0.01018032 0.00650000
v 0.03362976 0.01077852 0.00650000
v 0.03377349 0.01135923 0.00650000
v 0.03449479 0.00864798 0.00650000
v 0.03408151 0.00908049 0.00650000
v 0.03378876 0.00960220 0.00650000
v 0.03617055 0.00811955 0.00650000
v 0.03557320 0.00815192 0.00650000
v 0.03500266 0.00833184 0.00650000
v 0.03775385 0.00888148 0.00650000
v 0.03729624 0.00849616 0.00650000
v 0.03675719 0.00823675 0.00650000
v 0.03831664 0.00992660 0.00650000
v 0.03810126 0.00936849 0.00650000
v 0.03889916 0.01127130 0.00711355
v 0.03877963 0.01162857 0.00711355
v 0.03861626 0.01196805 0.00711355
v 0.03841164 0.01228438 0.00711355
v 0.03816897 0.01257257 0.00711355
v 0.03789211 0.01282807 0.00711355
v 0.03758541 0.01304686 0.00711355
v 0.03725370 0.01322548 0.00711355
v 0.03690222 0.01336112 0.00711355
v 0.03653651 0.01345164 0.00711355
v 0.03616234 0.01349560 0.00711355
v 0.03578562 0.01349233 0.00711355
v 0.03541227 0.01344186 0.00711355
v 0.03504819 0.01334500 0.00711355
v 0.03469912 0.01320328 0.00711355
v 0.03437057 0.01301892 0.00711355
v 0.03406771 0.01279483 0.00711355
v 0.03379533 0.01253456 0.00711355
v 0.03355772 0.01224220 0.00711355
v 0.03335862 0.01192236 0.00711355
v 0.03320118 0.01158009 0.00711355
v 0.03308788 0.01122079 0.00711355
v 0.03302050 0.01085012 0.00711355
v 0.03300012 0.01047393 0.00711355
v 0.03302704 0.01009815 0.00711355
v 0.03310085 0.00972870 0.00711355
v 0.03322038 0.00937143 0.00711355
v 0.03338374 0.00903194 0.00711355
v 0.03358837 0.00871562 0.00711355
v 0.03383103 0.00842743 0.00711355
v 0.03410789 0.00817193 0.00711355
v 0.03441460 0.00795314 0.00711355
v 0.03474630 0.00777452 0.00711355
v 0.03509778 0.00763888 0.00711355
v 0.03546349 0.00754836 0.00711355
v 0.03583766 0.00750440 0.00711355
v 0.03621439 0.00750767 0.00711355
v 0.03658774 0.00755814 0.00711355
v 0.03695181 0.00765500 0.00711355
v 0.03730088 0.00779672 0.00711355
v 0.03762944 0.00798108 0.00711355
v 0.03793229 0.00820517 0.00711355
v 0.03820467 0.00846544 0.00711355
v 0.03844229 0.00875781 0.00711355
v 0.03864138 0.00907764 0.00711355
v 0.03879882 0.00941991 0.00711355
v 0.03891212 0.00977921 0.00711355
v 0.03897950 0.01014988 0.00711355
v 0.03899989 0.01052607 0.00711355
v 0.03897297 0.01090185 0.00711355
v 0.03103681 -0.01884939 -0.01010544
v 0.03103681 -0.01864910 -0.01011097
v 0.03200000 -0.01846411 -0.01018228
v 0.03200000 -0.01960689 -0.00997660
v 0.03103681 -0.01921900 -0.01003892
v 0.03200000 -0.01924198 -0.01011999
v 0.03200000 -0.01885612 -0.01018944
v 0.03200000 -0.02044280 -0.00917069
v 0.03103681 -0.02015491 -0.00943800
v 0.03200000 -0.02021906 -0.00949265
v 0.03103681 -0.01988455 -0.00969866
v 0.03200000 -0.01993681 -0.00976477
v 0.03103681 -0.01974192 -0.00980115
v 0.03103681 -0.01956853 -0.00990156
v 0.03200000 -0.01892885 -0.00620937
v 0.03103681 -0.01928600 -0.00637305
v 0.03200000 -0.01931193 -0.00629287
v 0.03103681 -0.01963027 -0.00652308
v 0.03200000 -0.01967135 -0.00644950
v 0.03103681 -0.01993867 -0.00673739
v 0.03200000 -0.01999331 -0.00667324
v 0.03103681 -0.02019932 -0.00700776
v 0.03200000 -0.02026543 -0.00695550
v 0.03103681 -0.02040223 -0.00732377
v 0.03200000 -0.02047726 -0.00728541
v 0.03103681 -0.02053958 -0.00767330
v 0.03200000 -0.02062065 -0.00765032
v 0.03103681 -0.02060610 -0.00804291
v 0.03200000 -0.02069010 -0.00803619
v 0.03103681 -0.02059924 -0.00841840
v 0.03200000 -0.02068294 -0.00842819
v 0.03103681 -0.02051926 -0.00878533
v 0.03200000 -0.02059944 -0.00881126
v 0.03103681 -0.02049309 -0.00886081
v 0.03103681 -0.02036922 -0.00912961
v 0.03103681 -0.01854358 -0.00628620
v 0.03103681 -0.01874387 -0.00628068
v 0.03103681 -0.01891906 -0.00629306
v 0.03200000 -0.01778608 -0.00641505
v 0.03103681 -0.01817397 -0.00635273
v 0.03200000 -0.01815098 -0.00627165
v 0.03200000 -0.01853685 -0.00620220
v 0.03200000 -0.01695016 -0.00722096
v 0.03103681 -0.01723806 -0.00695364
v 0.03200000 -0.01717390 -0.00689900
v 0.03103681 -0.01750842 -0.00669298
v 0.03200000 -0.01745616 -0.00662687
v 0.03103681 -0.01765104 -0.00659049
v 0.03103681 -0.01782444 -0.00649008
v 0.03103681 -0.01847390 -0.01009858
v 0.03103681 -0.01810697 -0.01001859
v 0.03200000 -0.01808104 -0.01009877
v 0.03103681 -0.01776269 -0.00986856
v 0.03200000 -0.01772162 -0.00994214
v 0.03103681 -0.01745430 -0.00965425
v 0.03200000 -0.01739966 -0.00971840
v 0.03103681 -0.01719364 -0.00938389
v 0.03200000 -0.01712754 -0.00943615
v 0.03103681 -0.01699074 -0.00906787
v 0.03200000 -0.01691571 -0.00910623
v 0.03103681 -0.01685339 -0.00871834
v 0.03200000 -0.01677231 -0.00874132
v 0.03103681 -0.01678686 -0.00834873
v 0.03200000 -0.01670286 -0.00835545
v 0.03103681 -0.01679373 -0.00797324
v 0.03200000 -0.01671003 -0.00796345
v 0.03103681 -0.01687371 -0.00760631
v 0.03200000 -0.01679353 -0.00758038
v 0.03103681 -0.01689987 -0.00753083
v 0.03103681 -0.01702374 -0.00726203
v 0.03096345 -0.02023536 -0.00915525
v 0.03084720 -0.02019932 -0.00883109
v 0.03072582 -0.01990600 -0.00891425
v 0.03046268 -0.01838134 -0.00765002
v 0.03047840 -0.01836291 -0.00757585
v 0.03049301 -0.01818412 -0.00762655
v 0.03041406 -0.01892856 -0.00838541
v 0.03041724 -0.01893216 -0.00842929
v 0.03043736 -0.01912147 -0.00843471
v 0.03046268 -0.01901163 -0.00874163
v 0.03047840 -0.01903006 -0.00881579
v 0.03049301 -0.01920885 -0.00876510
v 0.03054051 -0.01776577 -0.00831119
v 0.03047824 -0.01799443 -0.00823702
v 0.03049301 -0.01794468 -0.00804959
v 0.03096345 -0.01789010 -0.00982013
v 0.03084720 -0.01775065 -0.00952529
v 0.03096345 -0.01950287 -0.00657152
v 0.03084720 -0.01964231 -0.00686635
v 0.03100081 -0.01908873 -0.00637090
v 0.03084720 -0.01922194 -0.00665116
v 0.03096345 -0.01715761 -0.00723640
v 0.03084720 -0.01719365 -0.00756055
v 0.03087350 -0.02036774 -0.00808139
v 0.03085744 -0.02028272 -0.00774612
v 0.03087350 -0.02017913 -0.00741612
v 0.03092147 -0.02005818 -0.00709525
v 0.03100081 -0.01992130 -0.00678726
v 0.03100081 -0.01830424 -0.01002075
v 0.03092147 -0.01857935 -0.00994275
v 0.03087350 -0.01886110 -0.00986288
v 0.03085744 -0.01914618 -0.00978206
v 0.03087350 -0.01943127 -0.00970124
v 0.03092147 -0.01971301 -0.00962136
v 0.03100081 -0.01998812 -0.00954337
v 0.03100081 -0.01691467 -0.00763964
v 0.03092147 -0.01695978 -0.00797364
v 0.03087350 -0.01702523 -0.00831025
v 0.03085744 -0.01711025 -0.00864552
v 0.03087350 -0.01721383 -0.00897552
v 0.03092147 -0.01733478 -0.00929639
v 0.03100081 -0.01747167 -0.00960438
v 0.03058504 -0.01762556 -0.00814006
v 0.03056728 -0.01771411 -0.00847432
v 0.03054051 -0.01779420 -0.00845162
v 0.03054051 -0.01784370 -0.00858607
v 0.03058504 -0.01781416 -0.00880533
v 0.03047824 -0.01807727 -0.00852921
v 0.03041724 -0.01846302 -0.00843150
v 0.03046268 -0.01815068 -0.00851097
v 0.03049301 -0.01813328 -0.00871486
v 0.03041724 -0.01861840 -0.00851824
v 0.03041406 -0.01859844 -0.00847900
v 0.03043736 -0.01846010 -0.00862220
v 0.03041262 -0.01855810 -0.00844371
v 0.03041406 -0.01850690 -0.00842789
v 0.03046268 -0.01871467 -0.00882581
v 0.03049301 -0.01855912 -0.00894930
v 0.03047840 -0.01873791 -0.00889861
v 0.03054051 -0.01881185 -0.00912654
v 0.03058504 -0.01865974 -0.00926756
v 0.03054051 -0.01895228 -0.00909810
v 0.03056728 -0.01897499 -0.00917819
v 0.03054051 -0.01908674 -0.00904861
v 0.03058504 -0.01929023 -0.00908882
v 0.03041262 -0.01894437 -0.00833420
v 0.03041406 -0.01897966 -0.00829387
v 0.03041724 -0.01901890 -0.00827390
v 0.03046268 -0.01932648 -0.00817763
v 0.03049301 -0.01944829 -0.00834205
v 0.03047824 -0.01939854 -0.00815463
v 0.03054051 -0.01962720 -0.00808045
v 0.03058504 -0.01976741 -0.00825158
v 0.03054051 -0.01959876 -0.00794003
v 0.03056728 -0.01967886 -0.00791732
v 0.03054051 -0.01954927 -0.00780557
v 0.03058504 -0.01957880 -0.00758632
v 0.03047824 -0.01931570 -0.00786244
v 0.03041724 -0.01892995 -0.00796015
v 0.03046268 -0.01924229 -0.00788067
v 0.03049301 -0.01925968 -0.00767678
v 0.03041724 -0.01877457 -0.00787340
v 0.03041406 -0.01879453 -0.00791265
v 0.03043736 -0.01893287 -0.00776944
v 0.03041262 -0.01883486 -0.00794793
v 0.03041406 -0.01888607 -0.00796375
v 0.03046268 -0.01867829 -0.00756583
v 0.03049301 -0.01883385 -0.00744235
v 0.03047840 -0.01865505 -0.00749303
v 0.03054051 -0.01858111 -0.00726511
v 0.03058504 -0.01873323 -0.00712408
v 0.03054051 -0.01844069 -0.00729354
v 0.03058504 -0.01810274 -0.00730282
v 0.03046268 -0.01806649 -0.00821401
v 0.03041724 -0.01837407 -0.00811774
v 0.03043736 -0.01827149 -0.00795694
v 0.03041406 -0.01841331 -0.00809778
v 0.03041724 -0.01846081 -0.00796235
v 0.03041406 -0.01846441 -0.00800623
v 0.03041262 -0.01844860 -0.00805744
v 0.03087350 -0.01853187 -0.00652876
v 0.03085744 -0.01824679 -0.00660959
v 0.03071236 -0.01863217 -0.00681836
v 0.03069536 -0.01833024 -0.00690396
v 0.03056728 -0.01841798 -0.00721345
v 0.03054051 -0.01830623 -0.00734304
v 0.03087350 -0.01796170 -0.00669041
v 0.03071236 -0.01802831 -0.00698955
v 0.03092147 -0.01881362 -0.00644889
v 0.03076318 -0.01893057 -0.00673376
v 0.03072582 -0.01934900 -0.00694951
v 0.03063809 -0.01904478 -0.00703575
v 0.03063809 -0.01946842 -0.00726245
v 0.03054768 -0.01915492 -0.00735132
v 0.03092147 -0.01767996 -0.00677028
v 0.03076318 -0.01772991 -0.00707415
v 0.03063809 -0.01779118 -0.00739115
v 0.03054768 -0.01786305 -0.00771757
v 0.03100081 -0.01740484 -0.00684828
v 0.03084720 -0.01743854 -0.00715675
v 0.03072582 -0.01748697 -0.00747739
v 0.03063809 -0.01754955 -0.00780645
v 0.03076318 -0.01977069 -0.00717675
v 0.03071236 -0.01988648 -0.00749909
v 0.03069536 -0.01998835 -0.00782958
v 0.03071236 -0.02007509 -0.00816436
v 0.03054768 -0.01952992 -0.00867407
v 0.03063809 -0.01984342 -0.00858520
v 0.03076318 -0.02014569 -0.00849950
v 0.03092147 -0.02043318 -0.00841800
v 0.03063809 -0.01960179 -0.00900049
v 0.03100081 -0.02047830 -0.00875200
v 0.03054768 -0.01823805 -0.00904032
v 0.03063809 -0.01834819 -0.00935589
v 0.03063809 -0.01792455 -0.00912920
v 0.03072582 -0.01804397 -0.00944214
v 0.03076318 -0.01724728 -0.00789214
v 0.03071236 -0.01731788 -0.00822729
v 0.03069536 -0.01740462 -0.00856206
v 0.03071236 -0.01750648 -0.00889256
v 0.03076318 -0.01762228 -0.00921489
v 0.03084720 -0.01995443 -0.00923489
v 0.03076318 -0.01966306 -0.00931749
v 0.03071236 -0.01936466 -0.00940209
v 0.03069536 -0.01906273 -0.00948769
v 0.03071236 -0.01876079 -0.00957328
v 0.03076318 -0.01846240 -0.00965788
v 0.03084720 -0.01817103 -0.00974048
v 0.03149402 -0.01850482 -0.00814108
v 0.03147952 -0.01847128 -0.00817080
v 0.03160000 -0.01869648 -0.00819582
v 0.03140465 -0.01832995 -0.00822113
v 0.03134554 -0.01822081 -0.00824842
v 0.03134554 -0.01823606 -0.00832635
v 0.03149402 -0.01864174 -0.00838748
v 0.03147952 -0.01867147 -0.00842103
v 0.03140465 -0.01872179 -0.00856235
v 0.03134554 -0.01874908 -0.00867149
v 0.03134554 -0.01882701 -0.00865625
v 0.03149402 -0.01888815 -0.00825056
v 0.03147952 -0.01892169 -0.00822084
v 0.03140465 -0.01906302 -0.00817051
v 0.03134554 -0.01917216 -0.00814322
v 0.03134554 -0.01915691 -0.00806529
v 0.03149402 -0.01875122 -0.00800416
v 0.03147952 -0.01872150 -0.00797061
v 0.03140465 -0.01867117 -0.00782929
v 0.03134554 -0.01864388 -0.00772015
v 0.03134554 -0.01856595 -0.00773539
v 0.03147633 -0.01871709 -0.00796415
v 0.03145151 -0.01869382 -0.00791656
v 0.03144220 -0.01868866 -0.00789913
v 0.03149961 -0.01879002 -0.00803181
v 0.03147865 -0.01887722 -0.00805646
v 0.03149216 -0.01883803 -0.00805057
v 0.03147088 -0.01889550 -0.00805666
v 0.03144220 -0.01895313 -0.00804677
v 0.03134554 -0.01912899 -0.00799095
v 0.03140465 -0.01902176 -0.00802500
v 0.03147633 -0.01892815 -0.00821643
v 0.03145151 -0.01897575 -0.00819316
v 0.03144220 -0.01899317 -0.00818800
v 0.03149962 -0.01886137 -0.00828778
v 0.03147865 -0.01883584 -0.00837656
v 0.03149216 -0.01884173 -0.00833737
v 0.03147088 -0.01883564 -0.00839484
v 0.03144220 -0.01884553 -0.00845247
v 0.03134554 -0.01890135 -0.00862833
v 0.03140465 -0.01886730 -0.00852110
v 0.03147633 -0.01867588 -0.00842749
v 0.03145151 -0.01869914 -0.00847508
v 0.03144220 -0.01870430 -0.00849251
v 0.03149962 -0.01860452 -0.00836071
v 0.03147865 -0.01851574 -0.00833518
v 0.03149216 -0.01855493 -0.00834107
v 0.03147088 -0.01849746 -0.00833498
v 0.03144220 -0.01843983 -0.00834487
v 0.03134554 -0.01826398 -0.00840069
v 0.03140465 -0.01837120 -0.00836664
v 0.03147633 -0.01846481 -0.00817522
v 0.03145151 -0.01841722 -0.00819848
v 0.03144220 -0.01839980 -0.00820364
v 0.03149961 -0.01853247 -0.00810229
v 0.03147865 -0.01855713 -0.00801508
v 0.03149216 -0.01855124 -0.00805427
v 0.03147088 -0.01855733 -0.00799680
v 0.03144220 -0.01854743 -0.00793917
v 0.03134554 -0.01849162 -0.00776332
v 0.03140465 -0.01852566 -0.00787054
v 0.03055454 -0.01949042 -0.00782259
v 0.03055025 -0.01949527 -0.00782090
v 0.03053945 -0.01951744 -0.00781399
v 0.03057213 -0.01947822 -0.00782745
v 0.03055454 -0.01832325 -0.00740189
v 0.03055025 -0.01832156 -0.00739704
v 0.03053945 -0.01831465 -0.00737486
v 0.03057213 -0.01832811 -0.00741409
v 0.03053794 -0.01960538 -0.00808722
v 0.03053872 -0.01959915 -0.00808902
v 0.03054838 -0.01957575 -0.00809514
v 0.03057213 -0.01955524 -0.00809912
v 0.03053794 -0.01858789 -0.00728693
v 0.03053872 -0.01858968 -0.00729316
v 0.03054838 -0.01859581 -0.00731656
v 0.03057213 -0.01859978 -0.00733707
v 0.03055454 -0.01906972 -0.00898975
v 0.03055025 -0.01907140 -0.00899461
v 0.03053945 -0.01907831 -0.00901678
v 0.03057213 -0.01906486 -0.00897756
v 0.03053794 -0.01880508 -0.00910471
v 0.03053872 -0.01880329 -0.00909848
v 0.03054838 -0.01879716 -0.00907509
v 0.03057213 -0.01879319 -0.00905457
v 0.03055454 -0.01790255 -0.00856905
v 0.03055025 -0.01789770 -0.00857074
v 0.03053945 -0.01787553 -0.00857765
v 0.03057213 -0.01791475 -0.00856420
v 0.03053794 -0.01778759 -0.00830442
v 0.03053872 -0.01779382 -0.00830262
v 0.03054838 -0.01781722 -0.00829650
v 0.03057213 -0.01783773 -0.00829252
v 0.03057213 -0.01846078 -0.00736441
v 0.03053873 -0.01844857 -0.00732135
v 0.03055026 -0.01845581 -0.00734690
v 0.03057213 -0.01952790 -0.00796012
v 0.03053873 -0.01957096 -0.00794791
v 0.03055026 -0.01954540 -0.00795515
v 0.03057213 -0.01893219 -0.00902724
v 0.03053873 -0.01894440 -0.00907029
v 0.03055026 -0.01893715 -0.00904474
v 0.03057213 -0.01786507 -0.00843153
v 0.03053873 -0.01782201 -0.00844373
v 0.03055026 -0.01784756 -0.00843649
v 0.03450000 -0.01792999 -0.00898480
v 0.03450000 -0.01775190 -0.00875953
v 0.03650000 -0.01869648 -0.00819582
v 0.03450000 -0.01816031 -0.00915630
v 0.03450000 -0.01842717 -0.00926234
v 0.03450000 -0.01871238 -0.00929571
v 0.03450000 -0.01899651 -0.00925411
v 0.03450000 -0.01926019 -0.00914040
v 0.03450000 -0.01948546 -0.00896232
v 0.03450000 -0.01965696 -0.00873200
v 0.03450000 -0.01976301 -0.00846514
v 0.03450000 -0.01979637 -0.00817992
v 0.03450000 -0.01975478 -0.00789580
v 0.03450000 -0.01964106 -0.00763211
v 0.03450000 -0.01946298 -0.00740684
v 0.03450000 -0.01923266 -0.00723534
v 0.03450000 -0.01896580 -0.00712930
v 0.03450000 -0.01868059 -0.00709594
v 0.03450000 -0.01839646 -0.00713753
v 0.03450000 -0.01813277 -0.00725124
v 0.03450000 -0.01790751 -0.00742933
v 0.03450000 -0.01773601 -0.00765965
v 0.03450000 -0.01762996 -0.00792651
v 0.03450000 -0.01759660 -0.00821172
v 0.03450000 -0.01763819 -0.00849585
v 0.03200000 -0.01754198 -0.00852312
v 0.03200000 -0.01759637 -0.00867513
v 0.03200000 -0.01769963 -0.00886386
v 0.03200000 -0.01783493 -0.00903112
v 0.03200000 -0.01799793 -0.00917154
v 0.03200000 -0.01818337 -0.00928059
v 0.03200000 -0.01838531 -0.00935477
v 0.03200000 -0.01859725 -0.00939171
v 0.03200000 -0.01881238 -0.00939021
v 0.03200000 -0.01902379 -0.00935032
v 0.03200000 -0.01922467 -0.00927333
v 0.03200000 -0.01940858 -0.00916170
v 0.03200000 -0.01956960 -0.00901903
v 0.03200000 -0.01970256 -0.00884990
v 0.03200000 -0.01980318 -0.00865975
v 0.03200000 -0.01986823 -0.00845468
v 0.03200000 -0.01989562 -0.00824130
v 0.03200000 -0.01988447 -0.00802645
v 0.03200000 -0.01983514 -0.00781705
v 0.03200000 -0.01974921 -0.00761983
v 0.03200000 -0.01962944 -0.00744111
v 0.03200000 -0.01947969 -0.00728665
v 0.03200000 -0.01930477 -0.00716142
v 0.03200000 -0.01911029 -0.00706943
v 0.03200000 -0.01890252 -0.00701364
v 0.03200000 -0.01868812 -0.00699585
v 0.03200000 -0.01847399 -0.00701663
v 0.03200000 -0.01826701 -0.00707531
v 0.03200000 -0.01807384 -0.00717000
v 0.03200000 -0.01790068 -0.00729766
v 0.03200000 -0.01775309 -0.00745419
v 0.03200000 -0.01763583 -0.00763456
v 0.03200000 -0.01755266 -0.00783297
v 0.03200000 -0.01750625 -0.00804304
v 0.03200000 -0.01749810 -0.00825801
v 0.03200000 -0.01752846 -0.00847100
v 0.03210000 -0.01768804 -0.00863519
v 0.03210000 -0.01792999 -0.00898480
v 0.03210000 -0.01790673 -0.00896151
v 0.03210000 -0.01778270 -0.00880819
v 0.03210000 -0.01775190 -0.00875953
v 0.03210000 -0.01805614 -0.00909023
v 0.03210000 -0.01816031 -0.00915630
v 0.03210000 -0.01841124 -0.00925819
v 0.03210000 -0.01822613 -0.00919019
v 0.03210000 -0.01860552 -0.00929205
v 0.03210000 -0.01842717 -0.00926234
v 0.03210000 -0.01880272 -0.00929068
v 0.03210000 -0.01871238 -0.00929571
v 0.03210000 -0.01918065 -0.00918354
v 0.03210000 -0.01899651 -0.00925411
v 0.03210000 -0.01949684 -0.00895043
v 0.03210000 -0.01948546 -0.00896232
v 0.03210000 -0.01934924 -0.00908121
v 0.03210000 -0.01926019 -0.00914040
v 0.03210000 -0.01961872 -0.00879539
v 0.03210000 -0.01965696 -0.00873200
v 0.03210000 -0.01971095 -0.00862109
v 0.03210000 -0.01976301 -0.00846514
v 0.03210000 -0.01977059 -0.00843311
v 0.03210000 -0.01979569 -0.00823751
v 0.03210000 -0.01974025 -0.00784862
v 0.03210000 -0.01975478 -0.00789580
v 0.03210000 -0.01978547 -0.00804057
v 0.03210000 -0.01979637 -0.00817992
v 0.03210000 -0.01966148 -0.00766783
v 0.03210000 -0.01964106 -0.00763211
v 0.03210000 -0.01955170 -0.00750400
v 0.03210000 -0.01946298 -0.00740684
v 0.03210000 -0.01925408 -0.00724762
v 0.03210000 -0.01941442 -0.00736242
v 0.03210000 -0.01907581 -0.00716329
v 0.03210000 -0.01923266 -0.00723534
v 0.03210000 -0.01868881 -0.00709585
v 0.03210000 -0.01888535 -0.00711216
v 0.03210000 -0.01896580 -0.00712930
v 0.03210000 -0.01868059 -0.00709594
v 0.03210000 -0.01849253 -0.00711489
v 0.03210000 -0.01839646 -0.00713753
v 0.03210000 -0.01830280 -0.00716868
v 0.03210000 -0.01813277 -0.00725124
v 0.03210000 -0.01812572 -0.00725548
v 0.03210000 -0.01796699 -0.00737251
v 0.03210000 -0.01772422 -0.00768133
v 0.03210000 -0.01773601 -0.00765965
v 0.03210000 -0.01783171 -0.00751599
v 0.03210000 -0.01790751 -0.00742933
v 0.03210000 -0.01764798 -0.00786320
v 0.03210000 -0.01762996 -0.00792651
v 0.03210000 -0.01760544 -0.00805577
v 0.03210000 -0.01759660 -0.00821172
v 0.03210000 -0.01763819 -0.00849585
v 0.03210000 -0.01762580 -0.00844807
v 0.03210000 -0.01759796 -0.00825283
v 0.03205000 -0.01950659 -0.00895962
v 0.03205000 -0.01962995 -0.00880270
v 0.03205000 -0.01980908 -0.00823802
v 0.03205000 -0.01978367 -0.00843600
v 0.03205000 -0.01967323 -0.00766139
v 0.03205000 -0.01975296 -0.00784439
v 0.03205000 -0.01926087 -0.00723607
v 0.03205000 -0.01942317 -0.00735227
v 0.03205000 -0.01811877 -0.00724403
v 0.03205000 -0.01795811 -0.00736248
v 0.03205000 -0.01763521 -0.00785915
v 0.03205000 -0.01771238 -0.00767507
v 0.03205000 -0.01761276 -0.00845114
v 0.03205000 -0.01758458 -0.00825353
v 0.03205000 -0.01789711 -0.00897084
v 0.03205000 -0.01777157 -0.00881565
v 0.03201340 -0.01937891 -0.00912146
v 0.03201340 -0.01868847 -0.00704585
v 0.03201340 -0.01820475 -0.00923539
v 0.03201340 -0.01839828 -0.00930648
v 0.03201340 -0.01802703 -0.00913088
v 0.03201340 -0.01787083 -0.00899632
v 0.03201340 -0.01774116 -0.00883603
v 0.03201340 -0.01764220 -0.00865516
v 0.03201340 -0.01757713 -0.00845953
v 0.03201340 -0.01848326 -0.00706576
v 0.03201340 -0.01828491 -0.00712199
v 0.03201340 -0.01809978 -0.00721274
v 0.03201340 -0.01793383 -0.00733508
v 0.03201340 -0.01779240 -0.00748509
v 0.03201340 -0.01768002 -0.00765795
v 0.03201340 -0.01760032 -0.00784808
v 0.03201340 -0.01755584 -0.00804940
v 0.03201340 -0.01754803 -0.00825542
v 0.03201340 -0.01953322 -0.00898473
v 0.03201340 -0.01966064 -0.00882265
v 0.03201340 -0.01975707 -0.00864042
v 0.03201340 -0.01981941 -0.00844390
v 0.03201340 -0.01984566 -0.00823941
v 0.03201340 -0.01983497 -0.00803351
v 0.03201340 -0.01978770 -0.00783284
v 0.03201340 -0.01970534 -0.00764383
v 0.03201340 -0.01959057 -0.00747256
v 0.03201340 -0.01944706 -0.00732453
v 0.03201340 -0.01927942 -0.00720452
v 0.03201340 -0.01909305 -0.00711636
v 0.03201340 -0.01889393 -0.00706290
v 0.03201340 -0.01880755 -0.00934045
v 0.03201340 -0.01901015 -0.00930222
v 0.03201340 -0.01920266 -0.00922843
v 0.03205000 -0.01849005 -0.00710173
v 0.03205000 -0.01829801 -0.00715617
v 0.03205000 -0.01782118 -0.00750771
v 0.03205000 -0.01759215 -0.00805406
v 0.03205000 -0.01767576 -0.00864054
v 0.03205000 -0.01804834 -0.00910112
v 0.03205000 -0.01822040 -0.00920230
v 0.03205000 -0.01972331 -0.00862627
v 0.03205000 -0.01979874 -0.00803868
v 0.03205000 -0.01956211 -0.00749558
v 0.03205000 -0.01908043 -0.00715072
v 0.03205000 -0.01888765 -0.00709896
v 0.03205000 -0.01880402 -0.00930401
v 0.03205000 -0.01900016 -0.00926700
v 0.03205000 -0.01918655 -0.00919557
v 0.03205000 -0.01860441 -0.00930541
v 0.03201340 -0.01860139 -0.00934188
v 0.03205000 -0.01840777 -0.00927113
v 0.03205000 -0.01868872 -0.00708245
v 0.03205000 -0.01935719 -0.00909199
v 0.03103681 -0.03317336 -0.00383754
v 0.03103681 -0.03318028 -0.00363729
v 0.03200000 -0.03312060 -0.00344823
v 0.03200000 -0.03325491 -0.00460158
v 0.03103681 -0.03321680 -0.00421057
v 0.03200000 -0.03313446 -0.00422847
v 0.03200000 -0.03308911 -0.00383903
v 0.03200000 -0.03400736 -0.00548593
v 0.03103681 -0.03375843 -0.00518199
v 0.03200000 -0.03369991 -0.00524262
v 0.03103681 -0.03351507 -0.00489596
v 0.03200000 -0.03344584 -0.00494401
v 0.03103681 -0.03342164 -0.00474724
v 0.03103681 -0.03333218 -0.00456795
v 0.03200000 -0.03705698 -0.00415880
v 0.03103681 -0.03687143 -0.00450509
v 0.03200000 -0.03694985 -0.00453595
v 0.03103681 -0.03670031 -0.00483938
v 0.03200000 -0.03677120 -0.00488495
v 0.03103681 -0.03646726 -0.00513387
v 0.03200000 -0.03652789 -0.00519239
v 0.03103681 -0.03618123 -0.00537724
v 0.03200000 -0.03622929 -0.00544646
v 0.03103681 -0.03585322 -0.00556012
v 0.03200000 -0.03588685 -0.00563739
v 0.03103681 -0.03549584 -0.00567550
v 0.03200000 -0.03551374 -0.00575785
v 0.03103681 -0.03512281 -0.00571895
v 0.03200000 -0.03512431 -0.00580320
v 0.03103681 -0.03474848 -0.00568878
v 0.03200000 -0.03473350 -0.00577171
v 0.03103681 -0.03438722 -0.00558616
v 0.03200000 -0.03435636 -0.00566458
v 0.03103681 -0.03431351 -0.00555536
v 0.03103681 -0.03405292 -0.00541504
v 0.03103681 -0.03700422 -0.00376950
v 0.03103681 -0.03699730 -0.00396975
v 0.03103681 -0.03697405 -0.00414383
v 0.03200000 -0.03692266 -0.00300546
v 0.03103681 -0.03696078 -0.00339647
v 0.03200000 -0.03704312 -0.00337856
v 0.03200000 -0.03708847 -0.00376800
v 0.03200000 -0.03617022 -0.00212111
v 0.03103681 -0.03641915 -0.00242505
v 0.03200000 -0.03647766 -0.00236441
v 0.03103681 -0.03666251 -0.00271107
v 0.03200000 -0.03673173 -0.00266302
v 0.03103681 -0.03675594 -0.00285979
v 0.03103681 -0.03684539 -0.00303908
v 0.03103681 -0.03320353 -0.00346320
v 0.03103681 -0.03330614 -0.00310194
v 0.03200000 -0.03322773 -0.00307108
v 0.03103681 -0.03347727 -0.00276765
v 0.03200000 -0.03340638 -0.00272208
v 0.03103681 -0.03371032 -0.00247316
v 0.03200000 -0.03364968 -0.00241464
v 0.03103681 -0.03399635 -0.00222980
v 0.03200000 -0.03394829 -0.00216057
v 0.03103681 -0.03432436 -0.00204691
v 0.03200000 -0.03429073 -0.00196964
v 0.03103681 -0.03468174 -0.00193153
v 0.03200000 -0.03466383 -0.00184918
v 0.03103681 -0.03505477 -0.00188809
v 0.03200000 -0.03505327 -0.00180383
v 0.03103681 -0.03542910 -0.00191825
v 0.03200000 -0.03544407 -0.00183533
v 0.03103681 -0.03579036 -0.00202087
v 0.03200000 -0.03582122 -0.00194246
v 0.03103681 -0.03586407 -0.00205167
v 0.03103681 -0.03612466 -0.00219199
v 0.03096345 -0.03403565 -0.00527984
v 0.03084720 -0.03436141 -0.00526400
v 0.03072582 -0.03429664 -0.00496609
v 0.03046268 -0.03565311 -0.00352287
v 0.03047840 -0.03572827 -0.00350909
v 0.03049301 -0.03568878 -0.00332749
v 0.03041406 -0.03488516 -0.00402337
v 0.03041724 -0.03484114 -0.00402424
v 0.03043736 -0.03482397 -0.00421285
v 0.03046268 -0.03452447 -0.00408416
v 0.03047840 -0.03444930 -0.00409794
v 0.03049301 -0.03448879 -0.00427954
v 0.03054051 -0.03503144 -0.00286743
v 0.03047824 -0.03509127 -0.00310026
v 0.03049301 -0.03528143 -0.00306224
v 0.03096345 -0.03351770 -0.00289782
v 0.03084720 -0.03382062 -0.00277695
v 0.03096345 -0.03665988 -0.00470922
v 0.03084720 -0.03635695 -0.00483008
v 0.03100081 -0.03688583 -0.00430833
v 0.03084720 -0.03659784 -0.00442388
v 0.03096345 -0.03614193 -0.00232720
v 0.03084720 -0.03581616 -0.00234303
v 0.03087350 -0.03509921 -0.00547865
v 0.03085744 -0.03543911 -0.00541462
v 0.03087350 -0.03577491 -0.00533172
v 0.03092147 -0.03610267 -0.00523094
v 0.03100081 -0.03641857 -0.00511344
v 0.03100081 -0.03329175 -0.00329870
v 0.03092147 -0.03335250 -0.00357812
v 0.03087350 -0.03341473 -0.00386428
v 0.03085744 -0.03347769 -0.00415384
v 0.03087350 -0.03354065 -0.00444339
v 0.03092147 -0.03360287 -0.00472955
v 0.03100081 -0.03366363 -0.00500898
v 0.03100081 -0.03575455 -0.00205968
v 0.03092147 -0.03541839 -0.00208397
v 0.03087350 -0.03507837 -0.00212838
v 0.03085744 -0.03473847 -0.00219242
v 0.03087350 -0.03440267 -0.00227531
v 0.03092147 -0.03407491 -0.00237610
v 0.03100081 -0.03375901 -0.00249359
v 0.03058504 -0.03521095 -0.00273812
v 0.03056728 -0.03487183 -0.00280575
v 0.03054051 -0.03488952 -0.00288709
v 0.03054051 -0.03475225 -0.00292814
v 0.03058504 -0.03453525 -0.00288505
v 0.03047824 -0.03479450 -0.00316479
v 0.03041724 -0.03486807 -0.00355586
v 0.03046268 -0.03480814 -0.00323919
v 0.03049301 -0.03460573 -0.00320917
v 0.03041724 -0.03477184 -0.00370556
v 0.03041406 -0.03481225 -0.00368807
v 0.03043736 -0.03467791 -0.00354111
v 0.03041262 -0.03484998 -0.00365001
v 0.03041406 -0.03486894 -0.00359988
v 0.03046268 -0.03445888 -0.00378255
v 0.03049301 -0.03434530 -0.00361962
v 0.03047840 -0.03438478 -0.00380122
v 0.03054051 -0.03415271 -0.00386086
v 0.03058504 -0.03402140 -0.00370029
v 0.03054051 -0.03417237 -0.00400279
v 0.03056728 -0.03409102 -0.00402047
v 0.03054051 -0.03421341 -0.00414006
v 0.03058504 -0.03416064 -0.00434066
v 0.03041262 -0.03493528 -0.00404233
v 0.03041406 -0.03497335 -0.00408006
v 0.03041724 -0.03499084 -0.00412046
v 0.03046268 -0.03506782 -0.00443342
v 0.03049301 -0.03489615 -0.00454479
v 0.03047824 -0.03508630 -0.00450677
v 0.03054051 -0.03514614 -0.00473960
v 0.03058504 -0.03496663 -0.00486891
v 0.03054051 -0.03528806 -0.00471994
v 0.03056728 -0.03530575 -0.00480129
v 0.03054051 -0.03542533 -0.00467889
v 0.03058504 -0.03564233 -0.00472198
v 0.03047824 -0.03538308 -0.00444224
v 0.03041724 -0.03530951 -0.00405117
v 0.03046268 -0.03536943 -0.00436784
v 0.03049301 -0.03557185 -0.00439786
v 0.03041724 -0.03540573 -0.00390147
v 0.03041406 -0.03536533 -0.00391896
v 0.03043736 -0.03549967 -0.00406592
v 0.03041262 -0.03532760 -0.00395702
v 0.03041406 -0.03530864 -0.00400715
v 0.03046268 -0.03571869 -0.00382448
v 0.03049301 -0.03583228 -0.00398741
v 0.03047840 -0.03579279 -0.00380581
v 0.03054051 -0.03602487 -0.00374617
v 0.03058504 -0.03615618 -0.00390675
v 0.03054051 -0.03600521 -0.00360425
v 0.03058504 -0.03601694 -0.00326637
v 0.03046268 -0.03510976 -0.00317361
v 0.03041724 -0.03518674 -0.00348657
v 0.03043736 -0.03535360 -0.00339418
v 0.03041406 -0.03520423 -0.00352698
v 0.03041724 -0.03533644 -0.00358280
v 0.03041406 -0.03529242 -0.00358366
v 0.03041262 -0.03524230 -0.00356470
v 0.03087350 -0.03676285 -0.00374275
v 0.03085744 -0.03669989 -0.00345320
v 0.03071236 -0.03646759 -0.00382487
v 0.03069536 -0.03640091 -0.00351821
v 0.03056728 -0.03608656 -0.00358656
v 0.03054051 -0.03596416 -0.00346698
v 0.03087350 -0.03663693 -0.00316364
v 0.03071236 -0.03633422 -0.00321154
v 0.03092147 -0.03682508 -0.00402891
v 0.03076318 -0.03653349 -0.00412795
v 0.03072582 -0.03629217 -0.00453217
v 0.03063809 -0.03622499 -0.00422319
v 0.03063809 -0.03597242 -0.00463193
v 0.03054768 -0.03590319 -0.00431351
v 0.03092147 -0.03657471 -0.00287748
v 0.03076318 -0.03626832 -0.00290847
v 0.03063809 -0.03594813 -0.00294993
v 0.03054768 -0.03561788 -0.00300139
v 0.03100081 -0.03651395 -0.00259806
v 0.03084720 -0.03620397 -0.00261253
v 0.03072582 -0.03588094 -0.00264095
v 0.03063809 -0.03554864 -0.00268298
v 0.03076318 -0.03603918 -0.00493893
v 0.03071236 -0.03571028 -0.00503449
v 0.03069536 -0.03537410 -0.00511563
v 0.03071236 -0.03503458 -0.00518141
v 0.03054768 -0.03455970 -0.00460564
v 0.03063809 -0.03462894 -0.00492406
v 0.03076318 -0.03469570 -0.00523106
v 0.03092147 -0.03475919 -0.00552307
v 0.03063809 -0.03422945 -0.00465710
v 0.03100081 -0.03442303 -0.00554735
v 0.03054768 -0.03427439 -0.00329352
v 0.03063809 -0.03395259 -0.00338385
v 0.03063809 -0.03420515 -0.00297511
v 0.03072582 -0.03388540 -0.00307486
v 0.03076318 -0.03548188 -0.00237597
v 0.03071236 -0.03514300 -0.00242562
v 0.03069536 -0.03480348 -0.00249140
v 0.03071236 -0.03446730 -0.00257254
v 0.03076318 -0.03413840 -0.00266810
v 0.03084720 -0.03397360 -0.00499450
v 0.03076318 -0.03390925 -0.00469857
v 0.03071236 -0.03384335 -0.00439549
v 0.03069536 -0.03377667 -0.00408883
v 0.03071236 -0.03370999 -0.00378216
v 0.03076318 -0.03364409 -0.00347909
v 0.03084720 -0.03357974 -0.00318315
v 0.03149402 -0.03515533 -0.00361562
v 0.03147952 -0.03512774 -0.00358030
v 0.03160000 -0.03508879 -0.00380352
v 0.03140465 -0.03508629 -0.00343612
v 0.03134554 -0.03506583 -0.00332550
v 0.03134554 -0.03498710 -0.00333587
v 0.03149402 -0.03490090 -0.00373698
v 0.03147952 -0.03486557 -0.00376456
v 0.03140465 -0.03472139 -0.00380602
v 0.03134554 -0.03461077 -0.00382648
v 0.03134554 -0.03462115 -0.00390520
v 0.03149402 -0.03502225 -0.00399141
v 0.03147952 -0.03504983 -0.00402674
v 0.03140465 -0.03509129 -0.00417091
v 0.03134554 -0.03511175 -0.00428154
v 0.03134554 -0.03519047 -0.00427116
v 0.03149402 -0.03527668 -0.00387005
v 0.03147952 -0.03531201 -0.00384247
v 0.03140465 -0.03545618 -0.00380102
v 0.03134554 -0.03556681 -0.00378056
v 0.03134554 -0.03555643 -0.00370183
v 0.03147633 -0.03531873 -0.00383847
v 0.03145151 -0.03536768 -0.00381820
v 0.03144220 -0.03538539 -0.00381414
v 0.03149961 -0.03524668 -0.00390705
v 0.03147865 -0.03521666 -0.00399256
v 0.03149216 -0.03522496 -0.00395381
v 0.03147088 -0.03521531 -0.00401079
v 0.03144220 -0.03522161 -0.00406893
v 0.03134554 -0.03526640 -0.00424791
v 0.03140465 -0.03523908 -0.00413878
v 0.03147633 -0.03505384 -0.00403346
v 0.03145151 -0.03507410 -0.00408241
v 0.03144220 -0.03507817 -0.00410012
v 0.03149962 -0.03498676 -0.00396237
v 0.03147865 -0.03489974 -0.00393138
v 0.03149216 -0.03493849 -0.00393969
v 0.03147088 -0.03488151 -0.00393004
v 0.03144220 -0.03482338 -0.00393634
v 0.03134554 -0.03464440 -0.00398113
v 0.03140465 -0.03475353 -0.00395381
v 0.03147633 -0.03485885 -0.00376856
v 0.03145151 -0.03480990 -0.00378883
v 0.03144220 -0.03479219 -0.00379290
v 0.03149962 -0.03492993 -0.00370149
v 0.03147865 -0.03496092 -0.00361447
v 0.03149216 -0.03495261 -0.00365322
v 0.03147088 -0.03496226 -0.00359624
v 0.03144220 -0.03495596 -0.00353811
v 0.03134554 -0.03491117 -0.00335912
v 0.03140465 -0.03493850 -0.00346825
v 0.03147633 -0.03512374 -0.00357357
v 0.03145151 -0.03510347 -0.00352463
v 0.03144220 -0.03509941 -0.00350692
v 0.03149961 -0.03519233 -0.00364563
v 0.03147865 -0.03527784 -0.00367565
v 0.03149216 -0.03523909 -0.00366734
v 0.03147088 -0.03529607 -0.00367699
v 0.03144220 -0.03535420 -0.00367069
v 0.03134554 -0.03553318 -0.00362590
v 0.03140465 -0.03542405 -0.00365323
v 0.03055454 -0.03541199 -0.00461909
v 0.03055025 -0.03541338 -0.00462404
v 0.03053945 -0.03541890 -0.00464660
v 0.03057213 -0.03540790 -0.00460662
v 0.03055454 -0.03590437 -0.00348031
v 0.03055025 -0.03590931 -0.00347893
v 0.03053945 -0.03593187 -0.00347340
v 0.03057213 -0.03589189 -0.00348440
v 0.03053794 -0.03514073 -0.00471740
v 0.03053872 -0.03513933 -0.00471107
v 0.03054838 -0.03513467 -0.00468734
v 0.03057213 -0.03513198 -0.00466662
v 0.03053794 -0.03600267 -0.00375157
v 0.03053872 -0.03599634 -0.00375298
v 0.03054838 -0.03597261 -0.00375764
v 0.03057213 -0.03595189 -0.00376033
v 0.03055454 -0.03427321 -0.00412672
v 0.03055025 -0.03426826 -0.00412811
v 0.03053945 -0.03424570 -0.00413363
v 0.03057213 -0.03428569 -0.00412263
v 0.03053794 -0.03417491 -0.00385546
v 0.03053872 -0.03418124 -0.00385406
v 0.03054838 -0.03420497 -0.00384940
v 0.03057213 -0.03422569 -0.00384670
v 0.03055454 -0.03476558 -0.00298794
v 0.03055025 -0.03476420 -0.00298299
v 0.03053945 -0.03475868 -0.00296043
v 0.03057213 -0.03476967 -0.00300041
v 0.03053794 -0.03503684 -0.00288964
v 0.03053872 -0.03503825 -0.00289597
v 0.03054838 -0.03504291 -0.00291970
v 0.03057213 -0.03504560 -0.00294042
v 0.03057213 -0.03593324 -0.00361990
v 0.03053873 -0.03597697 -0.00361039
v 0.03055026 -0.03595102 -0.00361603
v 0.03057213 -0.03527241 -0.00464796
v 0.03053873 -0.03528192 -0.00469170
v 0.03055026 -0.03527627 -0.00466574
v 0.03057213 -0.03424434 -0.00398713
v 0.03053873 -0.03420061 -0.00399664
v 0.03055026 -0.03422656 -0.00399100
v 0.03057213 -0.03490517 -0.00295907
v 0.03053873 -0.03489566 -0.00291533
v 0.03055026 -0.03490130 -0.00294129
v 0.03450000 -0.03434893 -0.00298950
v 0.03450000 -0.03458483 -0.00282575
v 0.03650000 -0.03508879 -0.00380352
v 0.03450000 -0.03416346 -0.00320873
v 0.03450000 -0.03404105 -0.00346849
v 0.03450000 -0.03399004 -0.00375108
v 0.03450000 -0.03401390 -0.00403724
v 0.03450000 -0.03411102 -0.00430748
v 0.03450000 -0.03427478 -0.00454337
v 0.03450000 -0.03449400 -0.00472884
v 0.03450000 -0.03475376 -0.00485125
v 0.03450000 -0.03503635 -0.00490227
v 0.03450000 -0.03532251 -0.00487840
v 0.03450000 -0.03559275 -0.00478128
v 0.03450000 -0.03582864 -0.00461753
v 0.03450000 -0.03601411 -0.00439830
v 0.03450000 -0.03613653 -0.00413855
v 0.03450000 -0.03618754 -0.00385596
v 0.03450000 -0.03616367 -0.00356979
v 0.03450000 -0.03606655 -0.00329956
v 0.03450000 -0.03590280 -0.00306366
v 0.03450000 -0.03568358 -0.00287819
v 0.03450000 -0.03542382 -0.00275578
v 0.03450000 -0.03514123 -0.00270477
v 0.03450000 -0.03485506 -0.00272863
v 0.03200000 -0.03483381 -0.00263092
v 0.03200000 -0.03467872 -0.00267576
v 0.03200000 -0.03448394 -0.00276710
v 0.03200000 -0.03430860 -0.00289175
v 0.03200000 -0.03415834 -0.00304571
v 0.03200000 -0.03403798 -0.00322403
v 0.03200000 -0.03395140 -0.00342097
v 0.03200000 -0.03390137 -0.00363021
v 0.03200000 -0.03388951 -0.00384502
v 0.03200000 -0.03391619 -0.00405849
v 0.03200000 -0.03398056 -0.00426377
v 0.03200000 -0.03408055 -0.00445425
v 0.03200000 -0.03421295 -0.00462382
v 0.03200000 -0.03437349 -0.00476703
v 0.03200000 -0.03455703 -0.00487926
v 0.03200000 -0.03475766 -0.00495693
v 0.03200000 -0.03496893 -0.00499752
v 0.03200000 -0.03518405 -0.00499973
v 0.03200000 -0.03539611 -0.00496350
v 0.03200000 -0.03559830 -0.00488998
v 0.03200000 -0.03578410 -0.00478154
v 0.03200000 -0.03594756 -0.00464167
v 0.03200000 -0.03608342 -0.00447486
v 0.03200000 -0.03618731 -0.00428648
v 0.03200000 -0.03625589 -0.00408257
v 0.03200000 -0.03628696 -0.00386969
v 0.03200000 -0.03627952 -0.00365468
v 0.03200000 -0.03623381 -0.00344446
v 0.03200000 -0.03615130 -0.00324578
v 0.03200000 -0.03603464 -0.00306502
v 0.03200000 -0.03588757 -0.00290800
v 0.03200000 -0.03571483 -0.00277977
v 0.03200000 -0.03552198 -0.00268443
v 0.03200000 -0.03531519 -0.00262507
v 0.03200000 -0.03510114 -0.00260358
v 0.03200000 -0.03488668 -0.00262066
v 0.03210000 -0.03471290 -0.00276974
v 0.03210000 -0.03434893 -0.00298950
v 0.03210000 -0.03437362 -0.00296773
v 0.03210000 -0.03453435 -0.00285347
v 0.03210000 -0.03458483 -0.00282575
v 0.03210000 -0.03423588 -0.00310886
v 0.03210000 -0.03416346 -0.00320873
v 0.03210000 -0.03404618 -0.00345285
v 0.03210000 -0.03412555 -0.00327232
v 0.03210000 -0.03400032 -0.00364465
v 0.03210000 -0.03404105 -0.00346849
v 0.03210000 -0.03398945 -0.00384156
v 0.03210000 -0.03399004 -0.00375108
v 0.03210000 -0.03407291 -0.00422541
v 0.03210000 -0.03401390 -0.00403724
v 0.03210000 -0.03428593 -0.00455546
v 0.03210000 -0.03427478 -0.00454337
v 0.03210000 -0.03416457 -0.00440002
v 0.03210000 -0.03411102 -0.00430748
v 0.03210000 -0.03443310 -0.00468673
v 0.03210000 -0.03449400 -0.00472884
v 0.03210000 -0.03460134 -0.00478962
v 0.03210000 -0.03475376 -0.00485125
v 0.03210000 -0.03478525 -0.00486081
v 0.03210000 -0.03497892 -0.00489802
v 0.03210000 -0.03537050 -0.00486683
v 0.03210000 -0.03532251 -0.00487840
v 0.03210000 -0.03517611 -0.00490004
v 0.03210000 -0.03503635 -0.00490227
v 0.03210000 -0.03555584 -0.00479944
v 0.03210000 -0.03559275 -0.00478128
v 0.03210000 -0.03572616 -0.00470004
v 0.03210000 -0.03582864 -0.00461753
v 0.03210000 -0.03600053 -0.00441892
v 0.03210000 -0.03587600 -0.00457183
v 0.03210000 -0.03609577 -0.00424623
v 0.03210000 -0.03601411 -0.00439830
v 0.03210000 -0.03618712 -0.00386417
v 0.03210000 -0.03615863 -0.00405931
v 0.03210000 -0.03613653 -0.00413855
v 0.03210000 -0.03618754 -0.00385596
v 0.03210000 -0.03618030 -0.00366708
v 0.03210000 -0.03616367 -0.00356979
v 0.03210000 -0.03613839 -0.00347438
v 0.03210000 -0.03606655 -0.00329956
v 0.03210000 -0.03606275 -0.00329226
v 0.03210000 -0.03595582 -0.00312656
v 0.03210000 -0.03566267 -0.00286508
v 0.03210000 -0.03568358 -0.00287819
v 0.03210000 -0.03582101 -0.00298263
v 0.03210000 -0.03590280 -0.00306366
v 0.03210000 -0.03548588 -0.00277769
v 0.03210000 -0.03542382 -0.00275578
v 0.03210000 -0.03529633 -0.00272327
v 0.03210000 -0.03514123 -0.00270477
v 0.03210000 -0.03485506 -0.00272863
v 0.03210000 -0.03490352 -0.00271923
v 0.03210000 -0.03510011 -0.00270357
v 0.03205000 -0.03427615 -0.00456462
v 0.03205000 -0.03442512 -0.00469749
v 0.03205000 -0.03497758 -0.00491135
v 0.03205000 -0.03478156 -0.00487369
v 0.03205000 -0.03556152 -0.00481157
v 0.03205000 -0.03537393 -0.00487978
v 0.03205000 -0.03601164 -0.00442641
v 0.03205000 -0.03588559 -0.00458118
v 0.03205000 -0.03607462 -0.00328603
v 0.03205000 -0.03596637 -0.00311832
v 0.03205000 -0.03549071 -0.00276520
v 0.03205000 -0.03566965 -0.00285365
v 0.03205000 -0.03490127 -0.00270602
v 0.03205000 -0.03510024 -0.00269018
v 0.03205000 -0.03436491 -0.00295755
v 0.03205000 -0.03452759 -0.00284190
v 0.03201340 -0.03412256 -0.00442714
v 0.03201340 -0.03623704 -0.00386693
v 0.03201340 -0.03408176 -0.00324818
v 0.03201340 -0.03399879 -0.00343691
v 0.03201340 -0.03419711 -0.00307729
v 0.03201340 -0.03434111 -0.00292974
v 0.03201340 -0.03450914 -0.00281028
v 0.03201340 -0.03469581 -0.00272275
v 0.03201340 -0.03489510 -0.00266994
v 0.03201340 -0.03622991 -0.00366088
v 0.03201340 -0.03618610 -0.00345942
v 0.03201340 -0.03610703 -0.00326902
v 0.03201340 -0.03599523 -0.00309579
v 0.03201340 -0.03585429 -0.00294532
v 0.03201340 -0.03568875 -0.00282242
v 0.03201340 -0.03550393 -0.00273106
v 0.03201340 -0.03530576 -0.00267417
v 0.03201340 -0.03510062 -0.00265358
v 0.03201340 -0.03424944 -0.00458964
v 0.03201340 -0.03440330 -0.00472688
v 0.03201340 -0.03457919 -0.00483444
v 0.03201340 -0.03477145 -0.00490887
v 0.03201340 -0.03497392 -0.00494777
v 0.03201340 -0.03518008 -0.00494989
v 0.03201340 -0.03538331 -0.00491516
v 0.03201340 -0.03557707 -0.00484471
v 0.03201340 -0.03575513 -0.00474079
v 0.03201340 -0.03591178 -0.00460675
v 0.03201340 -0.03604198 -0.00444689
v 0.03201340 -0.03614154 -0.00426635
v 0.03201340 -0.03620726 -0.00407094
v 0.03201340 -0.03393948 -0.00384329
v 0.03201340 -0.03396505 -0.00404787
v 0.03201340 -0.03402674 -0.00424459
v 0.03205000 -0.03619359 -0.00366542
v 0.03205000 -0.03615118 -0.00347037
v 0.03205000 -0.03582992 -0.00297263
v 0.03205000 -0.03529885 -0.00271012
v 0.03205000 -0.03470832 -0.00275714
v 0.03205000 -0.03422549 -0.00310040
v 0.03205000 -0.03411382 -0.00326585
v 0.03205000 -0.03459541 -0.00480163
v 0.03205000 -0.03517717 -0.00491340
v 0.03205000 -0.03573392 -0.00471096
v 0.03205000 -0.03610803 -0.00425162
v 0.03205000 -0.03617166 -0.00406243
v 0.03205000 -0.03397606 -0.00384202
v 0.03205000 -0.03400081 -0.00404009
v 0.03205000 -0.03406054 -0.00423055
v 0.03205000 -0.03398706 -0.00364272
v 0.03201340 -0.03395085 -0.00363743
v 0.03205000 -0.03403348 -0.00344858
v 0.03205000 -0.03620049 -0.00386491
v 0.03205000 -0.03415332 -0.00440729
v 0.03103681 -0.03176627 -0.00978503
v 0.03103681 -0.03159443 -0.00988807
v 0.03200000 -0.03146819 -0.01004094
v 0.03200000 -0.03236323 -0.00930124
v 0.03103681 -0.03205576 -0.00954579
v 0.03200000 -0.03211555 -0.00960517
v 0.03200000 -0.03181333 -0.00985493
v 0.03200000 -0.03269647 -0.00818895
v 0.03103681 -0.03257668 -0.00856310
v 0.03200000 -0.03265938 -0.00857926
v 0.03103681 -0.03246890 -0.00892285
v 0.03200000 -0.03254686 -0.00895484
v 0.03103681 -0.03239487 -0.00908212
v 0.03103681 -0.03229300 -0.00925467
v 0.03200000 -0.02992477 -0.00635070
v 0.03103681 -0.03031629 -0.00631820
v 0.03200000 -0.03029956 -0.00623560
v 0.03103681 -0.03068990 -0.00628010
v 0.03200000 -0.03068961 -0.00619583
v 0.03103681 -0.03106377 -0.00631563
v 0.03200000 -0.03107992 -0.00623292
v 0.03103681 -0.03142352 -0.00642341
v 0.03200000 -0.03145550 -0.00634544
v 0.03103681 -0.03175533 -0.00659930
v 0.03200000 -0.03180191 -0.00652907
v 0.03103681 -0.03204645 -0.00683655
v 0.03200000 -0.03210583 -0.00677676
v 0.03103681 -0.03228569 -0.00712603
v 0.03200000 -0.03235560 -0.00707897
v 0.03103681 -0.03246386 -0.00745663
v 0.03200000 -0.03254160 -0.00742411
v 0.03103681 -0.03257411 -0.00781563
v 0.03200000 -0.03265670 -0.00779890
v 0.03103681 -0.03258833 -0.00789424
v 0.03103681 -0.03261220 -0.00818924
v 0.03103681 -0.02962669 -0.00660662
v 0.03103681 -0.02979854 -0.00650357
v 0.03103681 -0.02995729 -0.00642845
v 0.03200000 -0.02902974 -0.00709040
v 0.03103681 -0.02933721 -0.00684586
v 0.03200000 -0.02927742 -0.00678647
v 0.03200000 -0.02957964 -0.00653671
v 0.03200000 -0.02869650 -0.00820269
v 0.03103681 -0.02881629 -0.00782854
v 0.03200000 -0.02873358 -0.00781238
v 0.03103681 -0.02892407 -0.00746879
v 0.03200000 -0.02884611 -0.00743681
v 0.03103681 -0.02899810 -0.00730952
v 0.03103681 -0.02909996 -0.00713698
v 0.03103681 -0.03143568 -0.00996320
v 0.03103681 -0.03107668 -0.01007345
v 0.03200000 -0.03109340 -0.01015604
v 0.03103681 -0.03070307 -0.01011154
v 0.03200000 -0.03070335 -0.01019581
v 0.03103681 -0.03032920 -0.01007602
v 0.03200000 -0.03031304 -0.01015872
v 0.03103681 -0.02996945 -0.00996823
v 0.03200000 -0.02993747 -0.01004620
v 0.03103681 -0.02963764 -0.00979234
v 0.03200000 -0.02959106 -0.00986257
v 0.03103681 -0.02934652 -0.00955509
v 0.03200000 -0.02928714 -0.00961489
v 0.03103681 -0.02910728 -0.00926561
v 0.03200000 -0.02903737 -0.00931267
v 0.03103681 -0.02892911 -0.00893502
v 0.03200000 -0.02885137 -0.00896753
v 0.03103681 -0.02881886 -0.00857602
v 0.03200000 -0.02873627 -0.00859274
v 0.03103681 -0.02880464 -0.00849740
v 0.03103681 -0.02878076 -0.00820240
v 0.03096345 -0.03250811 -0.00827723
v 0.03084720 -0.03231773 -0.00801241
v 0.03072582 -0.03210289 -0.00822873
v 0.03046268 -0.03015416 -0.00787472
v 0.03047840 -0.03010173 -0.00781913
v 0.03049301 -0.02997078 -0.00795099
v 0.03041406 -0.03099171 -0.00824723
v 0.03041724 -0.03101637 -0.00828370
v 0.03043736 -0.03118401 -0.00819558
v 0.03046268 -0.03123881 -0.00851692
v 0.03047840 -0.03129124 -0.00857252
v 0.03049301 -0.03142219 -0.00844065
v 0.03054051 -0.02994196 -0.00875281
v 0.03047824 -0.03010486 -0.00857603
v 0.03049301 -0.02996958 -0.00843709
v 0.03096345 -0.03079034 -0.01000685
v 0.03084720 -0.03052422 -0.00981829
v 0.03096345 -0.03060262 -0.00638480
v 0.03084720 -0.03086875 -0.00657335
v 0.03100081 -0.03014332 -0.00641307
v 0.03084720 -0.03039686 -0.00659198
v 0.03096345 -0.02888486 -0.00811441
v 0.03084720 -0.02907524 -0.00837923
v 0.03087350 -0.03209683 -0.00727647
v 0.03085744 -0.03185831 -0.00702598
v 0.03087350 -0.03160619 -0.00678919
v 0.03092147 -0.03134343 -0.00656887
v 0.03100081 -0.03107308 -0.00636760
v 0.03100081 -0.03124965 -0.00997858
v 0.03092147 -0.03145115 -0.00977568
v 0.03087350 -0.03165752 -0.00956790
v 0.03085744 -0.03186632 -0.00935765
v 0.03087350 -0.03207513 -0.00914740
v 0.03092147 -0.03228150 -0.00893962
v 0.03100081 -0.03248300 -0.00873672
v 0.03100081 -0.02887090 -0.00858498
v 0.03092147 -0.02907402 -0.00885393
v 0.03087350 -0.02929614 -0.00911518
v 0.03085744 -0.02953465 -0.00936566
v 0.03087350 -0.02978677 -0.00960245
v 0.03092147 -0.03004954 -0.00982277
v 0.03100081 -0.03031988 -0.01002404
v 0.03058504 -0.02973585 -0.00867244
v 0.03056728 -0.02997695 -0.00892031
v 0.03054051 -0.03003561 -0.00886125
v 0.03054051 -0.03014469 -0.00895415
v 0.03058504 -0.03022648 -0.00915971
v 0.03047824 -0.03032035 -0.00879004
v 0.03041724 -0.03060860 -0.00851571
v 0.03046268 -0.03037538 -0.00873815
v 0.03049301 -0.03046022 -0.00892436
v 0.03041724 -0.03078656 -0.00851509
v 0.03041406 -0.03074992 -0.00849069
v 0.03043736 -0.03069959 -0.00868334
v 0.03041262 -0.03069746 -0.00847972
v 0.03041406 -0.03064508 -0.00849105
v 0.03046268 -0.03102130 -0.00873593
v 0.03049301 -0.03094630 -0.00891983
v 0.03047840 -0.03107726 -0.00878797
v 0.03054051 -0.03125348 -0.00895034
v 0.03058504 -0.03119008 -0.00914785
v 0.03054051 -0.03136191 -0.00885669
v 0.03056728 -0.03142098 -0.00891535
v 0.03054051 -0.03145481 -0.00874761
v 0.03058504 -0.03165188 -0.00868286
v 0.03041262 -0.03098038 -0.00819485
v 0.03041406 -0.03099135 -0.00814239
v 0.03041724 -0.03101576 -0.00810574
v 0.03046268 -0.03123659 -0.00787100
v 0.03049301 -0.03142338 -0.00795455
v 0.03047824 -0.03128811 -0.00781561
v 0.03054051 -0.03145100 -0.00763883
v 0.03058504 -0.03165712 -0.00771921
v 0.03054051 -0.03135735 -0.00753040
v 0.03056728 -0.03141601 -0.00747133
v 0.03054051 -0.03124828 -0.00743749
v 0.03058504 -0.03116649 -0.00723193
v 0.03047824 -0.03107262 -0.00760160
v 0.03041724 -0.03078436 -0.00787594
v 0.03046268 -0.03101758 -0.00765350
v 0.03049301 -0.03093275 -0.00746728
v 0.03041724 -0.03060641 -0.00787655
v 0.03041406 -0.03064305 -0.00790096
v 0.03043736 -0.03069338 -0.00770831
v 0.03041262 -0.03069551 -0.00791193
v 0.03041406 -0.03074789 -0.00790059
v 0.03046268 -0.03037166 -0.00765572
v 0.03049301 -0.03044667 -0.00747181
v 0.03047840 -0.03031571 -0.00760367
v 0.03054051 -0.03013949 -0.00744130
v 0.03058504 -0.03020289 -0.00724380
v 0.03054051 -0.03003106 -0.00753495
v 0.03058504 -0.02974109 -0.00770878
v 0.03046268 -0.03015638 -0.00852064
v 0.03041724 -0.03037721 -0.00828590
v 0.03043736 -0.03020896 -0.00819607
v 0.03041406 -0.03040162 -0.00824925
v 0.03041724 -0.03037660 -0.00810794
v 0.03041406 -0.03040126 -0.00814442
v 0.03041262 -0.03041259 -0.00819680
v 0.03087350 -0.02973545 -0.00682374
v 0.03085744 -0.02952664 -0.00703399
v 0.03071236 -0.02996489 -0.00702693
v 0.03069536 -0.02974374 -0.00724960
v 0.03056728 -0.02997199 -0.00747629
v 0.03054051 -0.02993815 -0.00764403
v 0.03087350 -0.02931784 -0.00724424
v 0.03071236 -0.02952259 -0.00747228
v 0.03092147 -0.02994182 -0.00661596
v 0.03076318 -0.03018345 -0.00680686
v 0.03072582 -0.03065391 -0.00678967
v 0.03063809 -0.03043109 -0.00701403
v 0.03063809 -0.03091146 -0.00700382
v 0.03054768 -0.03068183 -0.00723503
v 0.03092147 -0.02911147 -0.00745203
v 0.03076318 -0.02930403 -0.00769234
v 0.03063809 -0.02951289 -0.00793855
v 0.03054768 -0.02973561 -0.00818777
v 0.03100081 -0.02890997 -0.00765492
v 0.03084720 -0.02909062 -0.00790722
v 0.03072582 -0.02929007 -0.00816291
v 0.03063809 -0.02950599 -0.00841898
v 0.03076318 -0.03113285 -0.00678090
v 0.03071236 -0.03139185 -0.00700502
v 0.03069536 -0.03164270 -0.00724308
v 0.03071236 -0.03188248 -0.00749229
v 0.03054768 -0.03165735 -0.00820387
v 0.03063809 -0.03188698 -0.00797266
v 0.03076318 -0.03210837 -0.00774974
v 0.03092147 -0.03231895 -0.00753771
v 0.03063809 -0.03188007 -0.00845309
v 0.03100081 -0.03252207 -0.00780667
v 0.03054768 -0.03071113 -0.00915661
v 0.03063809 -0.03096188 -0.00937761
v 0.03063809 -0.03048151 -0.00938782
v 0.03072582 -0.03073906 -0.00960197
v 0.03076318 -0.02928460 -0.00864190
v 0.03071236 -0.02951049 -0.00889935
v 0.03069536 -0.02975027 -0.00914857
v 0.03071236 -0.03000112 -0.00938662
v 0.03076318 -0.03026012 -0.00961074
v 0.03084720 -0.03230235 -0.00848442
v 0.03076318 -0.03208894 -0.00869930
v 0.03071236 -0.03187038 -0.00891937
v 0.03069536 -0.03164923 -0.00914204
v 0.03071236 -0.03142808 -0.00936471
v 0.03076318 -0.03120952 -0.00958478
v 0.03084720 -0.03099611 -0.00979966
v 0.03149402 -0.03050261 -0.00824211
v 0.03147952 -0.03048795 -0.00828447
v 0.03160000 -0.03069648 -0.00819582
v 0.03140465 -0.03038947 -0.00839764
v 0.03134554 -0.03030774 -0.00847495
v 0.03134554 -0.03035925 -0.00853538
v 0.03149402 -0.03074278 -0.00838970
v 0.03147952 -0.03078513 -0.00840435
v 0.03140465 -0.03089830 -0.00850283
v 0.03134554 -0.03097561 -0.00858456
v 0.03134554 -0.03103605 -0.00853306
v 0.03149402 -0.03089036 -0.00814953
v 0.03147952 -0.03090502 -0.00810717
v 0.03140465 -0.03100350 -0.00799400
v 0.03134554 -0.03108523 -0.00791670
v 0.03134554 -0.03103372 -0.00785626
v 0.03149402 -0.03065019 -0.00800194
v 0.03147952 -0.03060784 -0.00798729
v 0.03140465 -0.03049467 -0.00788881
v 0.03134554 -0.03041736 -0.00780708
v 0.03134554 -0.03035692 -0.00785858
v 0.03147633 -0.03060082 -0.00798382
v 0.03145151 -0.03055721 -0.00795375
v 0.03144220 -0.03054416 -0.00794110
v 0.03149961 -0.03069756 -0.00800701
v 0.03147865 -0.03078565 -0.00798573
v 0.03149216 -0.03074861 -0.00799982
v 0.03147088 -0.03080168 -0.00797694
v 0.03144220 -0.03084705 -0.00794006
v 0.03134554 -0.03097293 -0.00780517
v 0.03140465 -0.03089618 -0.00788743
v 0.03147633 -0.03090848 -0.00810016
v 0.03145151 -0.03093855 -0.00805654
v 0.03144220 -0.03095121 -0.00804350
v 0.03149962 -0.03088528 -0.00819510
v 0.03147865 -0.03090657 -0.00828499
v 0.03149216 -0.03089248 -0.00824795
v 0.03147088 -0.03091536 -0.00830102
v 0.03144220 -0.03095225 -0.00834639
v 0.03134554 -0.03108713 -0.00847227
v 0.03140465 -0.03100488 -0.00839552
v 0.03147633 -0.03079215 -0.00840782
v 0.03145151 -0.03083576 -0.00843789
v 0.03144220 -0.03084880 -0.00845054
v 0.03149962 -0.03069720 -0.00838462
v 0.03147865 -0.03060732 -0.00840591
v 0.03149216 -0.03064436 -0.00839182
v 0.03147088 -0.03059129 -0.00841470
v 0.03144220 -0.03054592 -0.00845158
v 0.03134554 -0.03042004 -0.00858647
v 0.03140465 -0.03049678 -0.00850421
v 0.03147633 -0.03048448 -0.00829148
v 0.03145151 -0.03045442 -0.00833510
v 0.03144220 -0.03044176 -0.00834814
v 0.03149961 -0.03050768 -0.00819475
v 0.03147865 -0.03048639 -0.00810665
v 0.03149216 -0.03050048 -0.00814370
v 0.03147088 -0.03047761 -0.00809062
v 0.03144220 -0.03044072 -0.00804526
v 0.03134554 -0.03030583 -0.00791937
v 0.03140465 -0.03038809 -0.00799612
v 0.03055454 -0.03120534 -0.00748119
v 0.03055025 -0.03120874 -0.00747734
v 0.03053945 -0.03122467 -0.00746044
v 0.03057213 -0.03119709 -0.00749140
v 0.03055454 -0.02998185 -0.00768697
v 0.03055025 -0.02997800 -0.00768357
v 0.03053945 -0.02996110 -0.00766763
v 0.03057213 -0.02999207 -0.00769522
v 0.03053794 -0.03143531 -0.00765543
v 0.03053872 -0.03143075 -0.00766005
v 0.03054838 -0.03141337 -0.00767687
v 0.03057213 -0.03139744 -0.00769039
v 0.03053794 -0.03015609 -0.00745700
v 0.03053872 -0.03016072 -0.00746155
v 0.03054838 -0.03017753 -0.00747893
v 0.03057213 -0.03019105 -0.00749486
v 0.03055454 -0.03141112 -0.00870467
v 0.03055025 -0.03141497 -0.00870807
v 0.03053945 -0.03143186 -0.00872401
v 0.03057213 -0.03140090 -0.00869643
v 0.03053794 -0.03123687 -0.00893464
v 0.03053872 -0.03123225 -0.00893009
v 0.03054838 -0.03121544 -0.00891271
v 0.03057213 -0.03120192 -0.00889678
v 0.03055454 -0.03018763 -0.00891045
v 0.03055025 -0.03018423 -0.00891430
v 0.03053945 -0.03016829 -0.00893120
v 0.03057213 -0.03019588 -0.00890024
v 0.03053794 -0.02995766 -0.00873621
v 0.03053872 -0.02996221 -0.00873159
v 0.03054838 -0.02997960 -0.00871478
v 0.03057213 -0.02999552 -0.00870125
v 0.03057213 -0.03008332 -0.00758686
v 0.03053873 -0.03005156 -0.00755532
v 0.03055026 -0.03007041 -0.00757403
v 0.03057213 -0.03130545 -0.00758266
v 0.03053873 -0.03133699 -0.00755090
v 0.03055026 -0.03131827 -0.00756975
v 0.03057213 -0.03130965 -0.00880479
v 0.03053873 -0.03134140 -0.00883632
v 0.03055026 -0.03132256 -0.00881761
v 0.03057213 -0.03008752 -0.00880899
v 0.03053873 -0.03005598 -0.00884074
v 0.03055026 -0.03007470 -0.00882190
v 0.03450000 -0.03041543 -0.00925931
v 0.03450000 -0.03014976 -0.00915033
v 0.03650000 -0.03069648 -0.00819582
v 0.03450000 -0.03070026 -0.00929581
v 0.03450000 -0.03098483 -0.00925735
v 0.03450000 -0.03124975 -0.00914655
v 0.03450000 -0.03147697 -0.00897096
v 0.03450000 -0.03165099 -0.00874254
v 0.03450000 -0.03175997 -0.00847687
v 0.03450000 -0.03179648 -0.00819204
v 0.03450000 -0.03175802 -0.00790747
v 0.03450000 -0.03164722 -0.00764255
v 0.03450000 -0.03147162 -0.00741534
v 0.03450000 -0.03124321 -0.00724131
v 0.03450000 -0.03097753 -0.00713233
v 0.03450000 -0.03069270 -0.00709583
v 0.03450000 -0.03040813 -0.00713429
v 0.03450000 -0.03014321 -0.00724509
v 0.03450000 -0.02991600 -0.00742068
v 0.03450000 -0.02974197 -0.00764910
v 0.03450000 -0.02963299 -0.00791477
v 0.03450000 -0.02959649 -0.00819960
v 0.03450000 -0.02963495 -0.00848417
v 0.03450000 -0.02974575 -0.00874909
v 0.03450000 -0.02992134 -0.00897631
v 0.03200000 -0.02985088 -0.00904726
v 0.03200000 -0.02997282 -0.00915306
v 0.03200000 -0.03015537 -0.00926689
v 0.03200000 -0.03035532 -0.00934630
v 0.03200000 -0.03056622 -0.00938873
v 0.03200000 -0.03078132 -0.00939282
v 0.03200000 -0.03099369 -0.00935843
v 0.03200000 -0.03119650 -0.00928668
v 0.03200000 -0.03138325 -0.00917987
v 0.03200000 -0.03154792 -0.00904143
v 0.03200000 -0.03168523 -0.00887581
v 0.03200000 -0.03179076 -0.00868833
v 0.03200000 -0.03186111 -0.00848503
v 0.03200000 -0.03189404 -0.00827243
v 0.03200000 -0.03188847 -0.00805737
v 0.03200000 -0.03184459 -0.00784675
v 0.03200000 -0.03176381 -0.00764736
v 0.03200000 -0.03164873 -0.00746560
v 0.03200000 -0.03150304 -0.00730730
v 0.03200000 -0.03133143 -0.00717756
v 0.03200000 -0.03113941 -0.00708055
v 0.03200000 -0.03093315 -0.00701939
v 0.03200000 -0.03071929 -0.00699604
v 0.03200000 -0.03050469 -0.00701125
v 0.03200000 -0.03029626 -0.00706453
v 0.03200000 -0.03010069 -0.00715417
v 0.03200000 -0.02992427 -0.00727730
v 0.03200000 -0.02977267 -0.00742994
v 0.03200000 -0.02965077 -0.00760720
v 0.03200000 -0.02956247 -0.00780338
v 0.03200000 -0.02951062 -0.00801217
v 0.03200000 -0.02949689 -0.00822687
v 0.03200000 -0.02952171 -0.00844057
v 0.03200000 -0.02958429 -0.00864640
v 0.03200000 -0.02968261 -0.00883775
v 0.03200000 -0.02981353 -0.00900846
v 0.03210000 -0.03003312 -0.00907329
v 0.03210000 -0.03041543 -0.00925931
v 0.03210000 -0.03038375 -0.00925043
v 0.03210000 -0.03020046 -0.00917764
v 0.03210000 -0.03014976 -0.00915033
v 0.03210000 -0.03057708 -0.00928932
v 0.03210000 -0.03070026 -0.00929581
v 0.03210000 -0.03096892 -0.00926155
v 0.03210000 -0.03077425 -0.00929307
v 0.03210000 -0.03115484 -0.00919578
v 0.03210000 -0.03098483 -0.00925735
v 0.03210000 -0.03132602 -0.00909787
v 0.03210000 -0.03124975 -0.00914655
v 0.03210000 -0.03160283 -0.00881914
v 0.03210000 -0.03147697 -0.00897096
v 0.03210000 -0.03176406 -0.00846093
v 0.03210000 -0.03175997 -0.00847687
v 0.03210000 -0.03169956 -0.00864729
v 0.03210000 -0.03165099 -0.00874254
v 0.03210000 -0.03179424 -0.00826605
v 0.03210000 -0.03179648 -0.00819204
v 0.03210000 -0.03178914 -0.00806891
v 0.03210000 -0.03175802 -0.00790747
v 0.03210000 -0.03174892 -0.00787584
v 0.03210000 -0.03167487 -0.00769307
v 0.03210000 -0.03143583 -0.00738135
v 0.03210000 -0.03147162 -0.00741534
v 0.03210000 -0.03156938 -0.00752645
v 0.03210000 -0.03164722 -0.00764255
v 0.03210000 -0.03127852 -0.00726242
v 0.03210000 -0.03124321 -0.00724131
v 0.03210000 -0.03110250 -0.00717349
v 0.03210000 -0.03097753 -0.00713233
v 0.03210000 -0.03071739 -0.00709602
v 0.03210000 -0.03091343 -0.00711743
v 0.03210000 -0.03052067 -0.00710996
v 0.03210000 -0.03069270 -0.00709583
v 0.03210000 -0.03015034 -0.00724098
v 0.03210000 -0.03032961 -0.00715880
v 0.03210000 -0.03040813 -0.00713429
v 0.03210000 -0.03014321 -0.00724509
v 0.03210000 -0.02998862 -0.00735384
v 0.03210000 -0.02991600 -0.00742068
v 0.03210000 -0.02984966 -0.00749376
v 0.03210000 -0.02974197 -0.00764910
v 0.03210000 -0.02973791 -0.00765625
v 0.03210000 -0.02965697 -0.00783608
v 0.03210000 -0.02959685 -0.00822428
v 0.03210000 -0.02959649 -0.00819960
v 0.03210000 -0.02960944 -0.00802748
v 0.03210000 -0.02963299 -0.00791477
v 0.03210000 -0.02961960 -0.00842017
v 0.03210000 -0.02963495 -0.00848417
v 0.03210000 -0.02967697 -0.00860885
v 0.03210000 -0.02974575 -0.00874909
v 0.03210000 -0.02992134 -0.00897631
v 0.03210000 -0.02988711 -0.00894074
v 0.03210000 -0.02976710 -0.00878425
v 0.03205000 -0.03177706 -0.00846416
v 0.03205000 -0.03180761 -0.00826690
v 0.03205000 -0.03168679 -0.00768694
v 0.03205000 -0.03176174 -0.00787195
v 0.03205000 -0.03128560 -0.00725105
v 0.03205000 -0.03144483 -0.00737143
v 0.03205000 -0.03071764 -0.00708262
v 0.03205000 -0.03091607 -0.00710429
v 0.03205000 -0.02972623 -0.00764968
v 0.03205000 -0.02964431 -0.00783170
v 0.03205000 -0.02960649 -0.00842290
v 0.03205000 -0.02958346 -0.00822463
v 0.03205000 -0.02987725 -0.00894982
v 0.03205000 -0.02975578 -0.00879142
v 0.03205000 -0.03037994 -0.00926327
v 0.03205000 -0.03019442 -0.00918960
v 0.03201340 -0.03174516 -0.00866781
v 0.03201340 -0.03012552 -0.00719757
v 0.03201340 -0.03077778 -0.00934294
v 0.03201340 -0.03098130 -0.00930999
v 0.03201340 -0.03057165 -0.00933903
v 0.03201340 -0.03036953 -0.00929836
v 0.03201340 -0.03017792 -0.00922227
v 0.03201340 -0.03000297 -0.00911318
v 0.03201340 -0.02985032 -0.00897460
v 0.03201340 -0.02995645 -0.00731557
v 0.03201340 -0.02981116 -0.00746185
v 0.03201340 -0.02969434 -0.00763173
v 0.03201340 -0.02960972 -0.00781973
v 0.03201340 -0.02956003 -0.00801983
v 0.03201340 -0.02954687 -0.00822558
v 0.03201340 -0.02957066 -0.00843037
v 0.03201340 -0.02963063 -0.00862762
v 0.03201340 -0.02972486 -0.00881100
v 0.03201340 -0.03181259 -0.00847298
v 0.03201340 -0.03184414 -0.00826924
v 0.03201340 -0.03183880 -0.00806314
v 0.03201340 -0.03179675 -0.00786130
v 0.03201340 -0.03171934 -0.00767021
v 0.03201340 -0.03160905 -0.00749602
v 0.03201340 -0.03146943 -0.00734432
v 0.03201340 -0.03130497 -0.00721999
v 0.03201340 -0.03112095 -0.00712702
v 0.03201340 -0.03092329 -0.00706841
v 0.03201340 -0.03071834 -0.00704603
v 0.03201340 -0.03051268 -0.00706060
v 0.03201340 -0.03031293 -0.00711167
v 0.03201340 -0.03135464 -0.00913887
v 0.03201340 -0.03151245 -0.00900620
v 0.03201340 -0.03164403 -0.00884748
v 0.03205000 -0.02998000 -0.00734358
v 0.03205000 -0.02983934 -0.00748521
v 0.03205000 -0.02959620 -0.00802543
v 0.03205000 -0.02966455 -0.00861388
v 0.03205000 -0.03002505 -0.00908398
v 0.03205000 -0.03057563 -0.00930264
v 0.03205000 -0.03077520 -0.00930643
v 0.03205000 -0.03180245 -0.00806736
v 0.03205000 -0.03158001 -0.00751830
v 0.03205000 -0.03110744 -0.00716104
v 0.03205000 -0.03051853 -0.00709674
v 0.03205000 -0.03032514 -0.00714617
v 0.03205000 -0.03133369 -0.00910885
v 0.03205000 -0.03148647 -0.00898040
v 0.03205000 -0.03161387 -0.00882674
v 0.03205000 -0.03116042 -0.00920796
v 0.03201340 -0.03117567 -0.00924123
v 0.03205000 -0.03097224 -0.00927453
v 0.03205000 -0.03014369 -0.00722935
v 0.03205000 -0.03171178 -0.00865279
v 0.03103681 -0.01271934 -0.00487977
v 0.03103681 -0.01261560 -0.00470834
v 0.03200000 -0.01246222 -0.00458273
v 0.03200000 -0.01320555 -0.00547475
v 0.03103681 -0.01295976 -0.00516827
v 0.03200000 -0.01290062 -0.00522830
v 0.03200000 -0.01264963 -0.00492711
v 0.03200000 -0.01431919 -0.00580346
v 0.03103681 -0.01394455 -0.00568519
v 0.03200000 -0.01392873 -0.00576796
v 0.03103681 -0.01358437 -0.00557887
v 0.03200000 -0.01355270 -0.00565697
v 0.03103681 -0.01342480 -0.00550549
v 0.03103681 -0.01325184 -0.00540433
v 0.03200000 -0.01614614 -0.00302430
v 0.03103681 -0.01618024 -0.00341568
v 0.03200000 -0.01626277 -0.00339862
v 0.03103681 -0.01621986 -0.00378914
v 0.03200000 -0.01630412 -0.00378851
v 0.03103681 -0.01618585 -0.00416314
v 0.03200000 -0.01626862 -0.00417896
v 0.03103681 -0.01607954 -0.00452333
v 0.03200000 -0.01615763 -0.00455499
v 0.03103681 -0.01590499 -0.00485585
v 0.03200000 -0.01597541 -0.00490214
v 0.03103681 -0.01566893 -0.00514794
v 0.03200000 -0.01572897 -0.00520708
v 0.03103681 -0.01538043 -0.00538836
v 0.03200000 -0.01542777 -0.00545807
v 0.03103681 -0.01505056 -0.00556787
v 0.03200000 -0.01508339 -0.00564548
v 0.03103681 -0.01469201 -0.00567958
v 0.03200000 -0.01470907 -0.00576210
v 0.03103681 -0.01461346 -0.00569412
v 0.03103681 -0.01431856 -0.00571919
v 0.03103681 -0.01588902 -0.00272727
v 0.03103681 -0.01599276 -0.00289869
v 0.03103681 -0.01606853 -0.00305713
v 0.03200000 -0.01540281 -0.00213228
v 0.03103681 -0.01564860 -0.00243876
v 0.03200000 -0.01570774 -0.00237873
v 0.03200000 -0.01595873 -0.00267993
v 0.03200000 -0.01428917 -0.00180357
v 0.03103681 -0.01466381 -0.00192184
v 0.03200000 -0.01467963 -0.00183907
v 0.03103681 -0.01502399 -0.00202816
v 0.03200000 -0.01505566 -0.00195006
v 0.03103681 -0.01518356 -0.00210154
v 0.03103681 -0.01535652 -0.00220270
v 0.03103681 -0.01253983 -0.00454990
v 0.03103681 -0.01242812 -0.00419135
v 0.03200000 -0.01234559 -0.00420841
v 0.03103681 -0.01238850 -0.00381790
v 0.03200000 -0.01230424 -0.00381853
v 0.03103681 -0.01242251 -0.00344389
v 0.03200000 -0.01233974 -0.00342807
v 0.03103681 -0.01252882 -0.00308370
v 0.03200000 -0.01245073 -0.00305204
v 0.03103681 -0.01270336 -0.00275118
v 0.03200000 -0.01263295 -0.00270489
v 0.03103681 -0.01293942 -0.00245910
v 0.03200000 -0.01287939 -0.00239996
v 0.03103681 -0.01322793 -0.00221868
v 0.03200000 -0.01318059 -0.00214896
v 0.03103681 -0.01355780 -0.00203916
v 0.03200000 -0.01352496 -0.00196155
v 0.03103681 -0.01391635 -0.00192745
v 0.03200000 -0.01389929 -0.00184493
v 0.03103681 -0.01399490 -0.00191292
v 0.03103681 -0.01428980 -0.00188784
v 0.03096345 -0.01423014 -0.00561546
v 0.03084720 -0.01449418 -0.00542400
v 0.03072582 -0.01427699 -0.00521005
v 0.03046268 -0.01462307 -0.00325989
v 0.03047840 -0.01467845 -0.00320724
v 0.03049301 -0.01454605 -0.00307682
v 0.03041406 -0.01425397 -0.00409895
v 0.03041724 -0.01421760 -0.00412376
v 0.03043736 -0.01430641 -0.00429104
v 0.03046268 -0.01398529 -0.00434714
v 0.03047840 -0.01392991 -0.00439980
v 0.03049301 -0.01406230 -0.00453021
v 0.03054051 -0.01374412 -0.00305127
v 0.03047824 -0.01392156 -0.00321344
v 0.03049301 -0.01405995 -0.00307760
v 0.03096345 -0.01249355 -0.00390475
v 0.03084720 -0.01268102 -0.00363786
v 0.03096345 -0.01611481 -0.00370229
v 0.03084720 -0.01592734 -0.00396917
v 0.03100081 -0.01608467 -0.00324310
v 0.03084720 -0.01590679 -0.00349737
v 0.03096345 -0.01437822 -0.00199157
v 0.03084720 -0.01411417 -0.00218303
v 0.03087350 -0.01522923 -0.00520011
v 0.03085744 -0.01547874 -0.00496057
v 0.03087350 -0.01571450 -0.00470750
v 0.03092147 -0.01593374 -0.00444383
v 0.03100081 -0.01613391 -0.00417267
v 0.03100081 -0.01252369 -0.00436393
v 0.03092147 -0.01272740 -0.00456461
v 0.03087350 -0.01293602 -0.00477012
v 0.03085744 -0.01314712 -0.00497808
v 0.03087350 -0.01335822 -0.00518603
v 0.03092147 -0.01356684 -0.00539154
v 0.03100081 -0.01377055 -0.00559222
v 0.03100081 -0.01390760 -0.00197953
v 0.03092147 -0.01363947 -0.00218375
v 0.03087350 -0.01337913 -0.00240693
v 0.03085744 -0.01312962 -0.00264646
v 0.03087350 -0.01289386 -0.00289954
v 0.03092147 -0.01267461 -0.00316320
v 0.03100081 -0.01247444 -0.00343436
v 0.03058504 -0.01382366 -0.00284483
v 0.03056728 -0.01357676 -0.00308694
v 0.03054051 -0.01363607 -0.00314536
v 0.03054051 -0.01354361 -0.00325481
v 0.03058504 -0.01333839 -0.00333744
v 0.03047824 -0.01370843 -0.00342980
v 0.03041724 -0.01398394 -0.00371694
v 0.03046268 -0.01376055 -0.00348463
v 0.03049301 -0.01357468 -0.00357022
v 0.03041724 -0.01398527 -0.00389489
v 0.03041406 -0.01400953 -0.00385815
v 0.03043736 -0.01381668 -0.00380861
v 0.03041262 -0.01402029 -0.00380565
v 0.03041406 -0.01400875 -0.00375331
v 0.03046268 -0.01376540 -0.00413053
v 0.03049301 -0.01358119 -0.00405627
v 0.03047840 -0.01371359 -0.00418670
v 0.03054051 -0.01355193 -0.00436357
v 0.03058504 -0.01335417 -0.00430098
v 0.03054051 -0.01364602 -0.00447163
v 0.03056728 -0.01358760 -0.00453093
v 0.03054051 -0.01375548 -0.00456408
v 0.03058504 -0.01382103 -0.00476088
v 0.03041262 -0.01430631 -0.00408740
v 0.03041406 -0.01435881 -0.00409816
v 0.03041724 -0.01439555 -0.00412242
v 0.03046268 -0.01463119 -0.00434229
v 0.03049301 -0.01454840 -0.00452943
v 0.03047824 -0.01468679 -0.00439359
v 0.03054051 -0.01486424 -0.00455576
v 0.03058504 -0.01478470 -0.00476220
v 0.03054051 -0.01497229 -0.00446167
v 0.03056728 -0.01503159 -0.00452009
v 0.03054051 -0.01506475 -0.00435222
v 0.03058504 -0.01526997 -0.00426959
v 0.03047824 -0.01489993 -0.00417723
v 0.03041724 -0.01462442 -0.00389009
v 0.03046268 -0.01484780 -0.00412241
v 0.03049301 -0.01503367 -0.00403682
v 0.03041724 -0.01462308 -0.00371214
v 0.03041406 -0.01459883 -0.00374888
v 0.03043736 -0.01479168 -0.00379843
v 0.03041262 -0.01458807 -0.00380139
v 0.03041406 -0.01459961 -0.00385372
v 0.03046268 -0.01484296 -0.00347650
v 0.03049301 -0.01502716 -0.00355076
v 0.03047840 -0.01489477 -0.00342034
v 0.03054051 -0.01505642 -0.00324346
v 0.03058504 -0.01525419 -0.00330605
v 0.03054051 -0.01496233 -0.00313541
v 0.03058504 -0.01478733 -0.00284615
v 0.03046268 -0.01397716 -0.00326474
v 0.03041724 -0.01421280 -0.00348461
v 0.03043736 -0.01430195 -0.00331600
v 0.03041406 -0.01424955 -0.00350887
v 0.03041724 -0.01439076 -0.00348328
v 0.03041406 -0.01435438 -0.00350808
v 0.03041262 -0.01430205 -0.00351963
v 0.03087350 -0.01567233 -0.00283691
v 0.03085744 -0.01546124 -0.00262896
v 0.03071236 -0.01547008 -0.00306717
v 0.03069536 -0.01524651 -0.00284693
v 0.03056728 -0.01502076 -0.00307610
v 0.03054051 -0.01485288 -0.00304295
v 0.03087350 -0.01525014 -0.00242101
v 0.03071236 -0.01502294 -0.00262669
v 0.03092147 -0.01588096 -0.00304242
v 0.03076318 -0.01569104 -0.00328483
v 0.03072582 -0.01571015 -0.00375522
v 0.03063809 -0.01548488 -0.00353331
v 0.03063809 -0.01549704 -0.00401364
v 0.03054768 -0.01526490 -0.00378496
v 0.03092147 -0.01504152 -0.00221549
v 0.03076318 -0.01480199 -0.00240903
v 0.03063809 -0.01455663 -0.00261889
v 0.03054768 -0.01430832 -0.00284262
v 0.03100081 -0.01483781 -0.00201482
v 0.03084720 -0.01458624 -0.00219649
v 0.03072582 -0.01433137 -0.00239698
v 0.03063809 -0.01407618 -0.00261394
v 0.03076318 -0.01572086 -0.00423412
v 0.03071236 -0.01549780 -0.00449403
v 0.03069536 -0.01526077 -0.00474585
v 0.03071236 -0.01501253 -0.00498664
v 0.03054768 -0.01430004 -0.00476441
v 0.03063809 -0.01453218 -0.00499309
v 0.03076318 -0.01475600 -0.00521358
v 0.03092147 -0.01496888 -0.00542329
v 0.03063809 -0.01405173 -0.00498814
v 0.03100081 -0.01470076 -0.00562750
v 0.03054768 -0.01334346 -0.00382208
v 0.03063809 -0.01312348 -0.00407372
v 0.03063809 -0.01311132 -0.00359340
v 0.03072582 -0.01289821 -0.00385181
v 0.03076318 -0.01385236 -0.00239346
v 0.03071236 -0.01359583 -0.00262039
v 0.03069536 -0.01334759 -0.00286118
v 0.03071236 -0.01311056 -0.00311300
v 0.03076318 -0.01288750 -0.00337291
v 0.03084720 -0.01402212 -0.00541054
v 0.03076318 -0.01380637 -0.00519801
v 0.03071236 -0.01358542 -0.00498034
v 0.03069536 -0.01336185 -0.00476010
v 0.03071236 -0.01313827 -0.00453986
v 0.03076318 -0.01291732 -0.00432220
v 0.03084720 -0.01270157 -0.00410967
v 0.03149402 -0.01425710 -0.00360983
v 0.03147952 -0.01421468 -0.00359535
v 0.03160000 -0.01430418 -0.00380352
v 0.03140465 -0.01410112 -0.00349733
v 0.03134554 -0.01402347 -0.00341591
v 0.03134554 -0.01396325 -0.00346766
v 0.03149402 -0.01411049 -0.00385060
v 0.03147952 -0.01409601 -0.00389301
v 0.03140465 -0.01399799 -0.00400658
v 0.03134554 -0.01391658 -0.00408422
v 0.03134554 -0.01396833 -0.00414445
v 0.03149402 -0.01435126 -0.00399720
v 0.03147952 -0.01439367 -0.00401169
v 0.03140465 -0.01450724 -0.00410971
v 0.03134554 -0.01458488 -0.00419112
v 0.03134554 -0.01464511 -0.00413937
v 0.03149402 -0.01449786 -0.00375644
v 0.03147952 -0.01451235 -0.00371402
v 0.03140465 -0.01461037 -0.00360045
v 0.03134554 -0.01469178 -0.00352281
v 0.03134554 -0.01464003 -0.00346258
v 0.03147633 -0.01451579 -0.00370699
v 0.03145151 -0.01454568 -0.00366325
v 0.03144220 -0.01455828 -0.00365016
v 0.03149961 -0.01449299 -0.00380382
v 0.03147865 -0.01451463 -0.00389183
v 0.03149216 -0.01450039 -0.00385484
v 0.03147088 -0.01452348 -0.00390782
v 0.03144220 -0.01456055 -0.00395304
v 0.03134554 -0.01469595 -0.00407837
v 0.03140465 -0.01461338 -0.00400196
v 0.03147633 -0.01440070 -0.00401513
v 0.03145151 -0.01444444 -0.00404502
v 0.03144220 -0.01445753 -0.00405762
v 0.03149962 -0.01430567 -0.00399231
v 0.03147865 -0.01421587 -0.00401397
v 0.03149216 -0.01425285 -0.00399973
v 0.03147088 -0.01419987 -0.00402282
v 0.03144220 -0.01415465 -0.00405989
v 0.03134554 -0.01402932 -0.00419529
v 0.03140465 -0.01410573 -0.00411272
v 0.03147633 -0.01409257 -0.00390004
v 0.03145151 -0.01406268 -0.00394378
v 0.03144220 -0.01405008 -0.00395687
v 0.03149962 -0.01411539 -0.00380501
v 0.03147865 -0.01409373 -0.00371521
v 0.03149216 -0.01410797 -0.00375219
v 0.03147088 -0.01408487 -0.00369921
v 0.03144220 -0.01404780 -0.00365399
v 0.03134554 -0.01391241 -0.00352866
v 0.03140465 -0.01399498 -0.00360507
v 0.03147633 -0.01420766 -0.00359191
v 0.03145151 -0.01416392 -0.00356202
v 0.03144220 -0.01415082 -0.00354942
v 0.03149961 -0.01430448 -0.00361471
v 0.03147865 -0.01439249 -0.00359307
v 0.03149216 -0.01435551 -0.00360730
v 0.03147088 -0.01440848 -0.00358421
v 0.03144220 -0.01445370 -0.00354714
v 0.03134554 -0.01457903 -0.00341174
v 0.03140465 -0.01450262 -0.00349431
v 0.03055454 -0.01502088 -0.00430946
v 0.03055025 -0.01502474 -0.00431284
v 0.03053945 -0.01504170 -0.00432871
v 0.03057213 -0.01501063 -0.00430125
v 0.03055454 -0.01481012 -0.00308682
v 0.03055025 -0.01481350 -0.00308295
v 0.03053945 -0.01482937 -0.00306599
v 0.03057213 -0.01480191 -0.00309707
v 0.03053794 -0.01484757 -0.00454013
v 0.03053872 -0.01484293 -0.00453560
v 0.03054838 -0.01482605 -0.00451828
v 0.03057213 -0.01481246 -0.00450241
v 0.03053794 -0.01504080 -0.00326013
v 0.03053872 -0.01503626 -0.00326476
v 0.03054838 -0.01501895 -0.00328165
v 0.03057213 -0.01500308 -0.00329523
v 0.03055454 -0.01379824 -0.00452021
v 0.03055025 -0.01379485 -0.00452408
v 0.03053945 -0.01377899 -0.00454104
v 0.03057213 -0.01380645 -0.00450997
v 0.03053794 -0.01356756 -0.00434691
v 0.03053872 -0.01357209 -0.00434227
v 0.03054838 -0.01358941 -0.00432539
v 0.03057213 -0.01360528 -0.00431180
v 0.03055454 -0.01358748 -0.00329758
v 0.03055025 -0.01358362 -0.00329419
v 0.03053945 -0.01356665 -0.00327833
v 0.03057213 -0.01359773 -0.00330578
v 0.03053794 -0.01376079 -0.00306690
v 0.03053872 -0.01376543 -0.00307143
v 0.03054838 -0.01378231 -0.00308875
v 0.03057213 -0.01379590 -0.00310462
v 0.03057213 -0.01491064 -0.00318788
v 0.03053873 -0.01494205 -0.00315600
v 0.03055026 -0.01492341 -0.00317492
v 0.03057213 -0.01491982 -0.00440998
v 0.03053873 -0.01495170 -0.00444139
v 0.03055026 -0.01493278 -0.00442275
v 0.03057213 -0.01369771 -0.00441915
v 0.03053873 -0.01366631 -0.00445104
v 0.03055026 -0.01368495 -0.00443212
v 0.03057213 -0.01368854 -0.00319705
v 0.03053873 -0.01365666 -0.00316564
v 0.03055026 -0.01367558 -0.00318428
v 0.03450000 -0.01323955 -0.00352680
v 0.03450000 -0.01334745 -0.00326068
v 0.03650000 -0.01430418 -0.00380352
v 0.03450000 -0.01320421 -0.00381177
v 0.03450000 -0.01324383 -0.00409618
v 0.03450000 -0.01335571 -0.00436065
v 0.03450000 -0.01353222 -0.00458715
v 0.03450000 -0.01376134 -0.00476025
v 0.03450000 -0.01402746 -0.00486814
v 0.03450000 -0.01431243 -0.00490349
v 0.03450000 -0.01459685 -0.00486387
v 0.03450000 -0.01486131 -0.00475199
v 0.03450000 -0.01508781 -0.00457547
v 0.03450000 -0.01526091 -0.00434635
v 0.03450000 -0.01536880 -0.00408023
v 0.03450000 -0.01540415 -0.00379526
v 0.03450000 -0.01536453 -0.00351085
v 0.03450000 -0.01525265 -0.00324638
v 0.03450000 -0.01507614 -0.00301988
v 0.03450000 -0.01484701 -0.00284679
v 0.03450000 -0.01458090 -0.00273889
v 0.03450000 -0.01429592 -0.00270355
v 0.03450000 -0.01401151 -0.00274316
v 0.03450000 -0.01374704 -0.00285504
v 0.03450000 -0.01352055 -0.00303156
v 0.03200000 -0.01344931 -0.00296138
v 0.03200000 -0.01334400 -0.00308375
v 0.03200000 -0.01323091 -0.00326677
v 0.03200000 -0.01315232 -0.00346703
v 0.03200000 -0.01311075 -0.00367811
v 0.03200000 -0.01310754 -0.00389322
v 0.03200000 -0.01314279 -0.00410545
v 0.03200000 -0.01321536 -0.00430797
v 0.03200000 -0.01332293 -0.00449428
v 0.03200000 -0.01346204 -0.00465839
v 0.03200000 -0.01362822 -0.00479502
v 0.03200000 -0.01381612 -0.00489978
v 0.03200000 -0.01401971 -0.00496931
v 0.03200000 -0.01423244 -0.00500137
v 0.03200000 -0.01444748 -0.00499493
v 0.03200000 -0.01465791 -0.00495019
v 0.03200000 -0.01485698 -0.00486861
v 0.03200000 -0.01503827 -0.00475278
v 0.03200000 -0.01519597 -0.00460645
v 0.03200000 -0.01532501 -0.00443431
v 0.03200000 -0.01542124 -0.00424190
v 0.03200000 -0.01548156 -0.00403539
v 0.03200000 -0.01550405 -0.00382144
v 0.03200000 -0.01548796 -0.00360690
v 0.03200000 -0.01543383 -0.00339869
v 0.03200000 -0.01534339 -0.00320349
v 0.03200000 -0.01521955 -0.00302757
v 0.03200000 -0.01506629 -0.00287660
v 0.03200000 -0.01488854 -0.00275541
v 0.03200000 -0.01469200 -0.00266791
v 0.03200000 -0.01448300 -0.00261691
v 0.03200000 -0.01426825 -0.00260405
v 0.03200000 -0.01405465 -0.00262975
v 0.03200000 -0.01384908 -0.00269316
v 0.03200000 -0.01365813 -0.00279227
v 0.03200000 -0.01348795 -0.00292388
v 0.03210000 -0.01342401 -0.00314373
v 0.03210000 -0.01323955 -0.00352680
v 0.03210000 -0.01324831 -0.00349507
v 0.03210000 -0.01332035 -0.00331150
v 0.03210000 -0.01334745 -0.00326068
v 0.03210000 -0.01321020 -0.00368856
v 0.03210000 -0.01320421 -0.00381177
v 0.03210000 -0.01323957 -0.00408029
v 0.03210000 -0.01320726 -0.00388575
v 0.03210000 -0.01330610 -0.00426594
v 0.03210000 -0.01324383 -0.00409618
v 0.03210000 -0.01340470 -0.00443672
v 0.03210000 -0.01335571 -0.00436065
v 0.03210000 -0.01368455 -0.00471239
v 0.03210000 -0.01353222 -0.00458715
v 0.03210000 -0.01404342 -0.00487216
v 0.03210000 -0.01402746 -0.00486814
v 0.03210000 -0.01385679 -0.00480843
v 0.03210000 -0.01376134 -0.00476025
v 0.03210000 -0.01423842 -0.00490155
v 0.03210000 -0.01431243 -0.00490349
v 0.03210000 -0.01443554 -0.00489564
v 0.03210000 -0.01459685 -0.00486387
v 0.03210000 -0.01462844 -0.00485464
v 0.03210000 -0.01481091 -0.00477985
v 0.03210000 -0.01512166 -0.00453954
v 0.03210000 -0.01508781 -0.00457547
v 0.03210000 -0.01497710 -0.00467368
v 0.03210000 -0.01486131 -0.00475199
v 0.03210000 -0.01523994 -0.00438174
v 0.03210000 -0.01526091 -0.00434635
v 0.03210000 -0.01532815 -0.00420537
v 0.03210000 -0.01536880 -0.00408023
v 0.03210000 -0.01540406 -0.00381994
v 0.03210000 -0.01538345 -0.00401607
v 0.03210000 -0.01538931 -0.00362329
v 0.03210000 -0.01540415 -0.00379526
v 0.03210000 -0.01525679 -0.00325349
v 0.03210000 -0.01533969 -0.00343243
v 0.03210000 -0.01536453 -0.00351085
v 0.03210000 -0.01525265 -0.00324638
v 0.03210000 -0.01514327 -0.00309224
v 0.03210000 -0.01507614 -0.00301988
v 0.03210000 -0.01500278 -0.00295384
v 0.03210000 -0.01484701 -0.00284679
v 0.03210000 -0.01483984 -0.00284275
v 0.03210000 -0.01465968 -0.00276255
v 0.03210000 -0.01427124 -0.00270401
v 0.03210000 -0.01429592 -0.00270355
v 0.03210000 -0.01446810 -0.00271580
v 0.03210000 -0.01458090 -0.00273889
v 0.03210000 -0.01407545 -0.00272756
v 0.03210000 -0.01401151 -0.00274316
v 0.03210000 -0.01388700 -0.00278569
v 0.03210000 -0.01374704 -0.00285504
v 0.03210000 -0.01352055 -0.00303156
v 0.03210000 -0.01355597 -0.00299718
v 0.03210000 -0.01371197 -0.00287654
v 0.03205000 -0.01404024 -0.00488518
v 0.03205000 -0.01423762 -0.00491492
v 0.03205000 -0.01481708 -0.00479174
v 0.03205000 -0.01463239 -0.00486744
v 0.03205000 -0.01525134 -0.00438879
v 0.03205000 -0.01513161 -0.00454850
v 0.03205000 -0.01541745 -0.00382014
v 0.03205000 -0.01539659 -0.00401866
v 0.03205000 -0.01484637 -0.00283105
v 0.03205000 -0.01466401 -0.00274987
v 0.03205000 -0.01407266 -0.00271446
v 0.03205000 -0.01427084 -0.00269062
v 0.03205000 -0.01354686 -0.00298736
v 0.03205000 -0.01370476 -0.00286525
v 0.03205000 -0.01323545 -0.00349132
v 0.03205000 -0.01330837 -0.00330550
v 0.03201340 -0.01383646 -0.00485411
v 0.03201340 -0.01530009 -0.00322849
v 0.03201340 -0.01315740 -0.00388949
v 0.03201340 -0.01319118 -0.00409287
v 0.03201340 -0.01316048 -0.00368334
v 0.03201340 -0.01320031 -0.00348105
v 0.03201340 -0.01327563 -0.00328913
v 0.03201340 -0.01338401 -0.00311374
v 0.03201340 -0.01352196 -0.00296053
v 0.03201340 -0.01518141 -0.00305990
v 0.03201340 -0.01503454 -0.00291522
v 0.03201340 -0.01486419 -0.00279908
v 0.03201340 -0.01467584 -0.00271523
v 0.03201340 -0.01447555 -0.00266636
v 0.03201340 -0.01426975 -0.00265403
v 0.03201340 -0.01406505 -0.00267865
v 0.03201340 -0.01386804 -0.00273943
v 0.03201340 -0.01368505 -0.00283440
v 0.03201340 -0.01403156 -0.00492074
v 0.03201340 -0.01423543 -0.00495146
v 0.03201340 -0.01444151 -0.00494529
v 0.03201340 -0.01464318 -0.00490242
v 0.03201340 -0.01483394 -0.00482423
v 0.03201340 -0.01500768 -0.00471323
v 0.03201340 -0.01515882 -0.00457299
v 0.03201340 -0.01528248 -0.00440803
v 0.03201340 -0.01537469 -0.00422363
v 0.03201340 -0.01543250 -0.00402573
v 0.03201340 -0.01545405 -0.00382069
v 0.03201340 -0.01543864 -0.00361510
v 0.03201340 -0.01538676 -0.00341556
v 0.03201340 -0.01336382 -0.00446550
v 0.03201340 -0.01349713 -0.00462277
v 0.03201340 -0.01365639 -0.00475371
v 0.03205000 -0.01515349 -0.00308357
v 0.03205000 -0.01501129 -0.00294349
v 0.03205000 -0.01447009 -0.00270255
v 0.03205000 -0.01388192 -0.00277330
v 0.03205000 -0.01341330 -0.00313570
v 0.03205000 -0.01319688 -0.00368716
v 0.03205000 -0.01319390 -0.00388675
v 0.03205000 -0.01443714 -0.00490895
v 0.03205000 -0.01498529 -0.00468428
v 0.03205000 -0.01534062 -0.00421026
v 0.03205000 -0.01540253 -0.00362109
v 0.03205000 -0.01535231 -0.00342791
v 0.03205000 -0.01339375 -0.00444443
v 0.03205000 -0.01352282 -0.00459669
v 0.03205000 -0.01367700 -0.00472346
v 0.03205000 -0.01329394 -0.00427157
v 0.03201340 -0.01326073 -0.00428695
v 0.03205000 -0.01322660 -0.00408366
v 0.03205000 -0.01526839 -0.00324679
v 0.03205000 -0.01385135 -0.00482067
v 0.01100000 -0.02469648 -0.00220352
v 0.01100000 -0.02593611 -0.00202529
v 0.01100000 -0.02469648 0.00219648
v 0.01100000 -0.02137119 -0.00068490
v 0.01100000 -0.02231766 -0.00150503
v 0.01100000 -0.02345686 -0.00202529
v 0.01100000 -0.02034127 0.00282267
v 0.01100000 -0.02034127 0.00157030
v 0.01100000 -0.02069410 0.00036866
v 0.01100000 -0.02231766 0.00589800
v 0.01100000 -0.02137119 0.00507787
v 0.01100000 -0.02069410 0.00402431
v 0.01100000 -0.02593611 0.00641825
v 0.01100000 -0.02469648 0.00659648
v 0.01100000 -0.02345686 0.00641825
v 0.01100000 -0.02869886 0.00402431
v 0.01100000 -0.02802178 0.00507787
v 0.01100000 -0.02707530 0.00589800
v 0.01100000 -0.02869886 0.00036866
v 0.01100000 -0.02905170 0.00157030
v 0.01100000 -0.02905170 0.00282267
v 0.01100000 -0.02707530 -0.00150503
v 0.01100000 -0.02802178 -0.00068490
v 0.03200000 -0.03069648 -0.00744582
v 0.03400000 -0.03069648 -0.00744582
v 0.03200000 -0.03107148 -0.00754630
v 0.03400000 -0.03107148 -0.00754630
v 0.03200000 -0.03134600 -0.00782082
v 0.03400000 -0.03134600 -0.00782082
v 0.03200000 -0.03144648 -0.00819582
v 0.03400000 -0.03144648 -0.00819582
v 0.03200000 -0.03134600 -0.00857082
v 0.03400000 -0.03134600 -0.00857082
v 0.03200000 -0.03107148 -0.00884534
v 0.03400000 -0.03107148 -0.00884534
v 0.03200000 -0.03069648 -0.00894582
v 0.03400000 -0.03069648 -0.00894582
v 0.03200000 -0.03032148 -0.00884534
v 0.03400000 -0.03032148 -0.00884534
v 0.03200000 -0.03004696 -0.00857082
v 0.03400000 -0.03004696 -0.00857082
v 0.03200000 -0.02994648 -0.00819582
v 0.03400000 -0.02994648 -0.00819582
v 0.03200000 -0.03004696 -0.00782082
v 0.03400000 -0.03004696 -0.00782082
v 0.03200000 -0.03032148 -0.00754630
v 0.03400000 -0.03032148 -0.00754630
v 0.03200000 -0.03508879 -0.00305352
v 0.03400000 -0.03508879 -0.00305352
v 0.03200000 -0.03546379 -0.00315400
v 0.03400000 -0.03546379 -0.00315400
v 0.03200000 -0.03573831 -0.00342852
v 0.03400000 -0.03573831 -0.00342852
v 0.03200000 -0.03583879 -0.00380352
v 0.03400000 -0.03583879 -0.00380352
v 0.03200000 -0.03573831 -0.00417852
v 0.03400000 -0.03573831 -0.00417852
v 0.03200000 -0.03546379 -0.00445304
v 0.03400000 -0.03546379 -0.00445304
v 0.03200000 -0.03508879 -0.00455352
v 0.03400000 -0.03508879 -0.00455352
v 0.03200000 -0.03471379 -0.00445304
v 0.03400000 -0.03471379 -0.00445304
v 0.03200000 -0.03443927 -0.00417852
v 0.03400000 -0.03443927 -0.00417852
v 0.03200000 -0.03433879 -0.00380352
v 0.03400000 -0.03433879 -0.00380352
v 0.03200000 -0.03443927 -0.00342852
v 0.03400000 -0.03443927 -0.00342852
v 0.03200000 -0.03471379 -0.00315400
v 0.03400000 -0.03471379 -0.00315400
v 0.03200000 -0.01430418 -0.00305352
v 0.03400000 -0.01430418 -0.00305352
v 0.03200000 -0.01467918 -0.00315400
v 0.03400000 -0.01467918 -0.00315400
v 0.03200000 -0.01495370 -0.00342852
v 0.03400000 -0.01495370 -0.00342852
v 0.03200000 -0.01505418 -0.00380352
v 0.03400000 -0.01505418 -0.00380352
v 0.03200000 -0.01495370 -0.00417852
v 0.03400000 -0.01495370 -0.00417852
v 0.03200000 -0.01467918 -0.00445304
v 0.03400000 -0.01467918 -0.00445304
v 0.03200000 -0.01430418 -0.00455352
v 0.03400000 -0.01430418 -0.00455352
v 0.03200000 -0.01392918 -0.00445304
v 0.03400000 -0.01392918 -0.00445304
v 0.03200000 -0.01365466 -0.00417852
v 0.03400000 -0.01365466 -0.00417852
v 0.03200000 -0.01355418 -0.00380352
v 0.03400000 -0.01355418 -0.00380352
v 0.03200000 -0.01365466 -0.00342852
v 0.03400000 -0.01365466 -0.00342852
v 0.03200000 -0.01392918 -0.00315400
v 0.03400000 -0.01392918 -0.00315400
v 0.03200000 -0.01869648 -0.00744582
v 0.03400000 -0.01869648 -0.00744582
v 0.03200000 -0.01907148 -0.00754630
v 0.03400000 -0.01907148 -0.00754630
v 0.03200000 -0.01934600 -0.00782082
v 0.03400000 -0.01934600 -0.00782082
v 0.03200000 -0.01944648 -0.00819582
v 0.03400000 -0.01944648 -0.00819582
v 0.03200000 -0.01934600 -0.00857082
v 0.03400000 -0.01934600 -0.00857082
v 0.03200000 -0.01907148 -0.00884534
v 0.03400000 -0.01907148 -0.00884534
v 0.03200000 -0.01869648 -0.00894582
v 0.03400000 -0.01869648 -0.00894582
v 0.03200000 -0.01832148 -0.00884534
v 0.03400000 -0.01832148 -0.00884534
v 0.03200000 -0.01804696 -0.00857082
v 0.03400000 -0.01804696 -0.00857082
v 0.03200000 -0.01794648 -0.00819582
v 0.03400000 -0.01794648 -0.00819582
v 0.03200000 -0.01804696 -0.00782082
v 0.03400000 -0.01804696 -0.00782082
v 0.03200000 -0.01832148 -0.00754630
v 0.03400000 -0.01832148 -0.00754630
v 0.03200000 -0.02469648 -0.00905352
v 0.03400000 -0.02469648 -0.00905352
v 0.03200000 -0.02507148 -0.00915400
v 0.03400000 -0.02507148 -0.00915400
v 0.03200000 -0.02534600 -0.00942852
v 0.03400000 -0.02534600 -0.00942852
v 0.03200000 -0.02544648 -0.00980352
v 0.03400000 -0.02544648 -0.00980352
v 0.03200000 -0.02534600 -0.01017852
v 0.03400000 -0.02534600 -0.01017852
v 0.03200000 -0.02507148 -0.01045304
v 0.03400000 -0.02507148 -0.01045304
v 0.03200000 -0.02469648 -0.01055352
v 0.03400000 -0.02469648 -0.01055352
v 0.03200000 -0.02432148 -0.01045304
v 0.03400000 -0.02432148 -0.01045304
v 0.03200000 -0.02404696 -0.01017852
v 0.03400000 -0.02404696 -0.01017852
v 0.03200000 -0.02394648 -0.00980352
v 0.03400000 -0.02394648 -0.00980352
v 0.03200000 -0.02404696 -0.00942852
v 0.03400000 -0.02404696 -0.00942852
v 0.03200000 -0.02432148 -0.00915400
v 0.03400000 -0.02432148 -0.00915400
v 0.03400000 -0.01789149 -0.01117109
v 0.03400000 -0.02769648 -0.00599967
v 0.03400000 -0.02770529 -0.01249865
v 0.03400000 -0.01275755 -0.00600231
v 0.03400000 -0.01280086 -0.00617590
v 0.03400000 -0.02006469 -0.01207049
v 0.03400000 -0.02704120 -0.01261913
v 0.03400000 -0.02469648 -0.01280352
v 0.03400000 -0.02235176 -0.01261913
v 0.03400000 -0.01588560 -0.00994305
v 0.03400000 -0.01409632 -0.00841655
v 0.03400000 -0.01330110 -0.00738150
v 0.03400000 -0.03663541 -0.00600231
v 0.03400000 -0.03659210 -0.00617590
v 0.03400000 -0.03609187 -0.00738150
v 0.03400000 -0.03529665 -0.00841655
v 0.03400000 -0.03350737 -0.00994305
v 0.03400000 -0.03150148 -0.01117109
v 0.03400000 -0.02932828 -0.01207049
v 0.03400000 -0.03676326 -0.00488190
v 0.03400000 -0.03659368 -0.00358771
v 0.03400000 -0.03426589 -0.00055026
v 0.03400000 -0.03530094 -0.00134548
v 0.03400000 -0.03609490 -0.00238150
v 0.03400000 -0.02982897 0.00099591
v 0.03400000 -0.02869886 0.00036866
v 0.03400000 -0.02930631 0.00163972
v 0.03400000 -0.02905170 0.00157030
v 0.03400000 -0.02908973 0.00244020
v 0.03400000 -0.03056785 0.00061944
v 0.03400000 -0.03306029 -0.00005003
v 0.03400000 -0.01279929 -0.00358771
v 0.03400000 -0.02593611 -0.00202529
v 0.03400000 -0.02802178 -0.00068490
v 0.03400000 -0.02772296 -0.00099733
v 0.03400000 -0.02707530 -0.00150503
v 0.03400000 -0.01262971 -0.00488190
v 0.03400000 -0.01329806 -0.00238150
v 0.03400000 -0.01409203 -0.00134548
v 0.03400000 -0.02069410 0.00036866
v 0.03400000 -0.02137119 -0.00068490
v 0.03400000 -0.02231766 -0.00150503
v 0.03400000 -0.02345686 -0.00202529
v 0.03400000 -0.02469648 -0.00220352
v 0.03400000 -0.01512708 -0.00055026
v 0.03400000 -0.01633268 -0.00005003
v 0.03400000 -0.01882512 0.00061944
v 0.03400000 -0.01956399 0.00099591
v 0.03400000 -0.02034127 0.00157030
v 0.03400000 -0.02008665 0.00163972
v 0.03400000 -0.02030324 0.00244020
v 0.03640000 -0.02469648 -0.00220352
v 0.03640000 -0.02345686 -0.00202529
v 0.03640000 -0.02469648 0.00219648
v 0.03640000 -0.02802178 -0.00068490
v 0.03640000 -0.02707530 -0.00150503
v 0.03640000 -0.02593611 -0.00202529
v 0.03640000 -0.02905170 0.00282267
v 0.03640000 -0.02905170 0.00157030
v 0.03640000 -0.02869886 0.00036866
v 0.03640000 -0.02707530 0.00589800
v 0.03640000 -0.02802178 0.00507787
v 0.03640000 -0.02869886 0.00402431
v 0.03640000 -0.02345686 0.00641825
v 0.03640000 -0.02469648 0.00659648
v 0.03640000 -0.02593611 0.00641825
v 0.03640000 -0.02069410 0.00402431
v 0.03640000 -0.02137119 0.00507787
v 0.03640000 -0.02231766 0.00589800
v 0.03640000 -0.02069410 0.00036866
v 0.03640000 -0.02034127 0.00157030
v 0.03640000 -0.02034127 0.00282267
v 0.03640000 -0.02231766 -0.00150503
v 0.03640000 -0.02137119 -0.00068490
v 0.03200000 -0.03529665 -0.00841655
v 0.03200000 -0.03350737 -0.00994305
v 0.03200000 -0.03150148 -0.01117109
v 0.03200000 -0.02932828 -0.01207049
v 0.03200000 -0.02704120 -0.01261913
v 0.03200000 -0.02469648 -0.01280352
v 0.03200000 -0.02235176 -0.01261913
v 0.03200000 -0.02168768 -0.01249865
v 0.03200000 -0.02006469 -0.01207049
v 0.03200000 -0.01789149 -0.01117109
v 0.03200000 -0.01588560 -0.00994305
v 0.03200000 -0.01409632 -0.00841655
v 0.03200000 -0.03306029 -0.00005003
v 0.03200000 -0.03056785 0.00061944
v 0.03200000 -0.03426589 -0.00055026
v 0.03200000 -0.03530094 -0.00134548
v 0.03200000 -0.03609490 -0.00238150
v 0.03200000 -0.03659368 -0.00358771
v 0.03200000 -0.03676326 -0.00488190
v 0.03200000 -0.03663541 -0.00600231
v 0.03200000 -0.03659210 -0.00617590
v 0.03200000 -0.03609187 -0.00738150
v 0.03200000 -0.02169648 -0.00599967
v 0.03200000 -0.01275755 -0.00600231
v 0.03200000 -0.02069410 0.00036866
v 0.03200000 -0.01956399 0.00099591
v 0.03200000 -0.01882512 0.00061944
v 0.03200000 -0.02167001 -0.00099733
v 0.03200000 -0.02137119 -0.00068490
v 0.03200000 -0.01512708 -0.00055026
v 0.03200000 -0.01409203 -0.00134548
v 0.03200000 -0.01329806 -0.00238150
v 0.03200000 -0.01279929 -0.00358771
v 0.03200000 -0.02008665 0.00163972
v 0.03200000 -0.02034127 0.00157030
v 0.03200000 -0.02030324 0.00244020
v 0.03200000 -0.01633268 -0.00005003
v 0.03200000 -0.01262971 -0.00488190
v 0.03200000 -0.02707530 -0.00150503
v 0.03200000 -0.02593611 -0.00202529
v 0.03200000 -0.02869886 0.00036866
v 0.03200000 -0.02802178 -0.00068490
v 0.03200000 -0.02469648 -0.00220352
v 0.03200000 -0.02345686 -0.00202529
v 0.03200000 -0.02231766 -0.00150503
v 0.03200000 -0.02982897 0.00099591
v 0.03200000 -0.02905170 0.00157030
v 0.03200000 -0.02930631 0.00163972
v 0.03200000 -0.02908973 0.00244020
v 0.03200000 -0.01330110 -0.00738150
v 0.03200000 -0.01280086 -0.00617590
v -0.00756029 0.01900000 -0.00273160
v -0.00671457 0.01900000 -0.00444929
v -0.00758018 0.01900000 -0.00272276
v 0.08275106 0.01900000 0.00439372
v 0.08120786 0.01900000 0.00611887
v 0.08122315 0.01900000 0.00613075
v 0.08008561 0.01900000 0.00690667
v -0.00800789 0.01900000 -0.00045738
v -0.00804174 0.01900000 -0.00045137
v -0.00785413 0.01900000 0.00155780
v -0.00789730 0.01900000 0.00158033
v -0.00706902 0.01900000 0.00373664
v -0.00712118 0.01900000 0.00376272
v -0.00590432 0.01900000 0.00538324
v -0.00595213 0.01900000 0.00542640
v -0.00411184 0.01900000 0.00684787
v -0.00416254 0.01900000 0.00689487
v -0.00223778 0.01900000 0.00767090
v -0.00227427 0.01900000 0.00772646
v 0.00003649 0.01900000 0.00799889
v 0.00000000 0.01900000 0.00805445
v 0.07603648 0.01900000 0.00799889
v 0.07600000 0.01900000 0.00805445
v 0.07725552 0.01900000 0.00790566
v 0.07735462 0.01900000 0.00793920
v 0.07795134 0.01900000 0.00776744
v 0.07788917 0.01900000 0.00782924
v 0.08002614 0.01900000 0.00697557
v -0.00671414 0.02100000 -0.00444900
v -0.00758018 0.02100000 -0.00272276
v -0.00804174 0.02100000 -0.00045137
v -0.00789730 0.02100000 0.00158033
v -0.00712118 0.02100000 0.00376272
v -0.00595213 0.02100000 0.00542640
v -0.00416254 0.02100000 0.00689487
v -0.00227427 0.02100000 0.00772646
v 0.00000000 0.02100000 0.00805445
v -0.00465019 0.00008427 0.00571841
v -0.00522741 0.00035714 0.00642824
v -0.00642824 0.00035714 0.00522741
v -0.00133431 0.00412921 0.01133700
v -0.00150105 0.00500000 0.01140162
v -0.00266995 0.00500000 0.01118577
v -0.00521739 0.00000000 -0.00387617
v -0.00584617 0.00000000 -0.00284105
v -0.00662932 0.00008427 -0.00322163
v -0.00203265 0.00000000 0.00617387
v -0.00150900 0.00000000 0.00632205
v -0.00171116 0.00008427 0.00716899
v -0.00522079 0.00000000 0.00387161
v -0.00504288 0.00000000 0.00410085
v -0.00571841 0.00008427 0.00465019
v -0.00387094 0.00000000 0.00522127
v -0.00582696 0.00000000 0.00288016
v -0.00660755 0.00008427 0.00326600
v -0.00617757 0.00000000 0.00202145
v -0.00716797 0.00008427 0.00171536
v -0.00632119 0.00000000 0.00151272
v -0.00737023 0.00008427 0.00008971
v -0.00650004 0.00000000 0.00000041
v -0.00737073 0.00008427 -0.00002990
v -0.00718007 0.00008427 -0.00166394
v -0.00633185 0.00000000 -0.00146737
v -0.00617163 0.00000000 -0.00203948
v -0.00202775 0.00000000 -0.00617551
v -0.00281273 0.00000000 -0.00585984
v -0.00318953 0.00008427 -0.00664484
v -0.00387684 0.00000000 -0.00521691
v -0.00458390 0.00008427 -0.00577164
v -0.00506954 0.00000000 -0.00406777
v -0.00574867 0.00008427 -0.00461270
v -0.00163377 0.00008427 -0.00718700
v 0.00000000 0.00011270 -0.00750714
v -0.00144077 0.00000000 -0.00633797
v 0.00000000 0.00000000 -0.00650000
v 0.00000000 0.00000000 0.00650000
v 0.00000000 0.00011270 0.00750714
v 0.00000000 0.00035714 0.00828571
v 0.00000000 0.00079621 0.00912841
v -0.00107359 0.00083333 0.00912184
v -0.00130241 0.00321429 0.01106601
v -0.00265021 0.00412921 0.01110319
v -0.00096846 0.00035714 0.00822857
v -0.00192356 0.00035714 0.00805887
v -0.00326542 0.00008427 0.00660783
v -0.00281495 0.00035714 0.00779280
v -0.00367075 0.00035714 0.00742805
v -0.00447692 0.00035714 0.00697151
v -0.00287966 0.00000000 0.00582723
v -0.00467747 0.00500000 0.01050577
v -0.00387833 0.00412921 0.01073661
v -0.00509487 0.00500000 0.01030982
v -0.00505741 0.00412921 0.01023408
v -0.00621403 0.00500000 0.00967656
v -0.00616813 0.00412921 0.00960507
v -0.00725551 0.00500000 0.00892231
v -0.00720212 0.00412921 0.00885657
v -0.00746865 0.00500000 0.00874467
v -0.00885657 0.00412921 0.00720212
v -0.00697131 0.00035714 0.00447723
v -0.01081465 0.00500000 0.00391068
v -0.01102643 0.00500000 0.00326618
v -0.01110162 0.00412921 0.00265671
v -0.01073529 0.00412921 0.00388197
v -0.01023364 0.00412921 0.00505831
v -0.01030939 0.00500000 0.00509574
v -0.00960480 0.00412921 0.00616855
v -0.00964471 0.00500000 0.00626335
v -0.00892227 0.00500000 0.00725556
v -0.00742773 0.00035714 0.00367140
v -0.00779184 0.00035714 0.00281759
v -0.00805773 0.00035714 0.00192828
v -0.00822220 0.00035714 0.00102087
v -0.01120311 0.00500000 -0.00259620
v -0.01133868 0.00412921 -0.00131992
v -0.01142286 0.00500000 -0.00132973
v -0.01141564 0.00412921 -0.00004631
v -0.01150000 0.00500000 0.00000000
v -0.01141487 0.00412921 0.00013893
v -0.01149915 0.00500000 0.00013996
v -0.01132823 0.00412921 0.00140651
v -0.01141237 0.00500000 0.00141697
v -0.01118422 0.00500000 0.00267642
v -0.00828509 0.00035714 0.00010084
v -0.00828565 0.00035714 -0.00003361
v -0.00822979 0.00035714 -0.00095802
v -0.00807133 0.00035714 -0.00187048
v -0.00781117 0.00035714 -0.00276348
v -0.00745220 0.00035714 -0.00362153
v -0.01102643 0.00500000 -0.00326618
v -0.01076193 0.00412921 -0.00380741
v -0.01112035 0.00412921 -0.00257708
v -0.00700081 0.00035714 -0.00443098
v -0.01084151 0.00500000 -0.00383558
v -0.01034332 0.00500000 -0.00502651
v -0.01026735 0.00412921 -0.00498960
v -0.00971727 0.00500000 -0.00615018
v -0.00964543 0.00412921 -0.00610483
v -0.00964471 0.00500000 -0.00626335
v -0.00890342 0.00412921 -0.00714406
v -0.00646224 0.00035714 -0.00518527
v -0.00584422 0.00035714 -0.00587351
v -0.00515289 0.00035714 -0.00648807
v -0.00439650 0.00035714 -0.00702252
v -0.00358544 0.00035714 -0.00746965
v -0.00272813 0.00035714 -0.00782358
v -0.00150105 0.00500000 -0.01140162
v -0.00253036 0.00412921 -0.01113109
v -0.00375871 0.00412921 -0.01077901
v -0.00896949 0.00500000 -0.00719710
v -0.00746865 0.00500000 -0.00874467
v -0.00805194 0.00412921 -0.00809229
v -0.00715212 0.00500000 -0.00900540
v -0.00709945 0.00412921 -0.00893900
v -0.00610239 0.00500000 -0.00974735
v -0.00605732 0.00412921 -0.00967535
v -0.00497643 0.00500000 -0.01036750
v -0.00493988 0.00412921 -0.01029139
v -0.00467747 0.00500000 -0.01050577
v -0.00378651 0.00500000 -0.01085875
v 0.00000000 0.00177531 -0.01025643
v 0.00000000 0.00079621 -0.00912841
v -0.00102441 0.00083333 -0.00912751
v -0.00111529 0.00150000 -0.00993721
v -0.00203594 0.00083333 -0.00895616
v -0.00221655 0.00150000 -0.00975066
v -0.00302429 0.00083333 -0.00867288
v -0.00329257 0.00150000 -0.00944225
v -0.00397466 0.00083333 -0.00828054
v -0.00432726 0.00150000 -0.00901510
v -0.00487377 0.00083333 -0.00778486
v -0.00530612 0.00150000 -0.00847546
v -0.00571227 0.00083333 -0.00719239
v -0.00621901 0.00150000 -0.00783043
v -0.00647865 0.00083333 -0.00651112
v -0.00705337 0.00150000 -0.00708872
v -0.00716376 0.00083333 -0.00574817
v -0.00779926 0.00150000 -0.00625808
v -0.00776079 0.00083333 -0.00491199
v -0.00844925 0.00150000 -0.00534773
v -0.00826119 0.00083333 -0.00401467
v -0.00899404 0.00150000 -0.00437081
v -0.00865913 0.00083333 -0.00306347
v -0.00942728 0.00150000 -0.00333523
v -0.00894752 0.00083333 -0.00207353
v -0.00974126 0.00150000 -0.00225748
v -0.00912319 0.00083333 -0.00106202
v -0.00993250 0.00150000 -0.00115623
v -0.00918511 0.00083333 -0.00003726
v -0.00999992 0.00150000 -0.00004057
v -0.00918450 0.00083333 0.00011179
v -0.00999925 0.00150000 0.00012170
v -0.00911478 0.00083333 0.00113169
v -0.00992335 0.00150000 0.00123208
v -0.00893245 0.00083333 0.00213761
v -0.00972484 0.00150000 0.00232724
v -0.00863770 0.00083333 0.00312346
v -0.00940395 0.00150000 0.00340055
v -0.00823406 0.00083333 0.00406996
v -0.00896451 0.00150000 0.00443100
v -0.00772809 0.00083333 0.00496326
v -0.00841365 0.00150000 0.00540355
v -0.00712606 0.00083333 0.00579488
v -0.00775821 0.00150000 0.00630894
v -0.00579488 0.00083333 0.00712606
v -0.00630894 0.00150000 0.00775821
v -0.00496292 0.00083333 0.00772831
v -0.00540318 0.00150000 0.00841389
v -0.00406924 0.00083333 0.00823442
v -0.00443022 0.00150000 0.00896489
v -0.00312053 0.00083333 0.00863876
v -0.00339735 0.00150000 0.00940510
v -0.00213238 0.00083333 0.00893371
v -0.00232154 0.00150000 0.00972622
v -0.00116883 0.00150000 0.00993103
v 0.00000000 0.00177531 0.01025643
v 0.00000000 0.00035714 -0.00828571
v -0.00092409 0.00035714 -0.00823369
v -0.00183657 0.00035714 -0.00807912
v -0.00127318 0.00412921 -0.01134405
v 0.00000000 0.00500000 -0.01150000
v 0.00000000 0.00412921 -0.01141573
v 0.00000000 0.00326489 -0.01116315
v 0.00000000 0.00231481 -0.01066667
v -0.00118964 0.00231481 -0.01059969
v -0.00124275 0.00321429 -0.01107289
v -0.00236432 0.00231481 -0.01040070
v -0.00246987 0.00321429 -0.01086502
v -0.00351208 0.00231481 -0.01007173
v -0.00366887 0.00321429 -0.01052136
v -0.00461574 0.00231481 -0.00961611
v -0.00482180 0.00321429 -0.01004540
v -0.00565986 0.00231481 -0.00904049
v -0.00591253 0.00321429 -0.00944408
v -0.00663361 0.00231481 -0.00835245
v -0.00692975 0.00321429 -0.00872533
v -0.00752360 0.00231481 -0.00756130
v -0.00785947 0.00321429 -0.00789886
v -0.00831921 0.00231481 -0.00667529
v -0.00869060 0.00321429 -0.00697329
v -0.00901253 0.00231481 -0.00570425
v -0.00941488 0.00321429 -0.00595890
v -0.00959364 0.00231481 -0.00466220
v -0.01002193 0.00321429 -0.00487033
v -0.01005576 0.00231481 -0.00355758
v -0.01050468 0.00321429 -0.00371640
v -0.01039067 0.00231481 -0.00240798
v -0.01085454 0.00321429 -0.00251548
v -0.01059467 0.00231481 -0.00123331
v -0.01106765 0.00321429 -0.00128837
v -0.01066658 0.00231481 -0.00004327
v -0.01114276 0.00321429 -0.00004521
v -0.01066587 0.00231481 0.00012982
v -0.01114202 0.00321429 0.00013561
v -0.01058490 0.00231481 0.00131422
v -0.01105744 0.00321429 0.00137289
v -0.01037316 0.00231481 0.00248239
v -0.01083625 0.00321429 0.00259321
v -0.01003088 0.00231481 0.00362725
v -0.01047868 0.00321429 0.00378918
v -0.00956214 0.00231481 0.00472640
v -0.00998902 0.00321429 0.00493740
v -0.00897456 0.00231481 0.00576379
v -0.00937521 0.00321429 0.00602110
v -0.00827543 0.00231481 0.00672954
v -0.00864487 0.00321429 0.00702996
v -0.00672954 0.00231481 0.00827543
v -0.00702996 0.00321429 0.00864487
v -0.00576339 0.00231481 0.00897481
v -0.00602069 0.00321429 0.00937547
v -0.00472556 0.00231481 0.00956255
v -0.00493653 0.00321429 0.00998945
v -0.00362385 0.00231481 0.01003211
v -0.00378562 0.00321429 0.01047997
v -0.00247631 0.00231481 0.01037463
v -0.00258686 0.00321429 0.01083779
v -0.00124675 0.00231481 0.01059310
v -0.00000000 0.00500000 0.01150000
v -0.00000000 0.00412921 0.01141573
v -0.00000000 0.00326489 0.01116315
v -0.00000000 0.00231481 0.01066667
v 0.02551691 0.02070000 0.00214444
v 0.02551691 0.01900000 0.00214444
v 0.02441691 0.02070000 0.00184970
v 0.02441691 0.01900000 0.00184970
v 0.02361165 0.02070000 0.00104444
v 0.02361165 0.01900000 0.00104444
v 0.02331691 0.02070000 -0.00005556
v 0.02331691 0.01900000 -0.00005556
v 0.02361165 0.02070000 -0.00115556
v 0.02361165 0.01900000 -0.00115556
v 0.02441691 0.02070000 -0.00196081
v 0.02441691 0.01900000 -0.00196081
v 0.02551691 0.02070000 -0.00225556
v 0.02551691 0.01900000 -0.00225556
v 0.03061691 0.01900000 -0.00225556
v 0.03061691 0.02070000 -0.00225556
v 0.03061691 0.02070000 0.00214444
v 0.03061691 0.01900000 0.00214444
v 0.03171691 0.02070000 -0.00196081
v 0.03171691 0.01900000 -0.00196081
v 0.03252216 0.02070000 -0.00115556
v 0.03252216 0.01900000 -0.00115556
v 0.03281691 0.02070000 -0.00005556
v 0.03281691 0.01900000 -0.00005556
v 0.03252216 0.02070000 0.00104444
v 0.03252216 0.01900000 0.00104444
v 0.03171691 0.02070000 0.00184970
v 0.03171691 0.01900000 0.00184970
v 0.03061691 0.02082647 0.00214444
v 0.03061691 0.02105000 0.00214444
v 0.03153547 0.02080358 0.00194350
v 0.03171691 0.02105000 0.00184970
v 0.03171691 0.02082425 0.00184970
v 0.03252216 0.02105000 0.00104444
v 0.03252216 0.02091600 0.00104444
v 0.03274195 0.02094104 0.00051384
v 0.03281691 0.02105000 -0.00005556
v 0.03281691 0.02094958 -0.00005556
v 0.03274195 0.02094104 -0.00062496
v 0.03252216 0.02105000 -0.00115556
v 0.03252216 0.02091600 -0.00115556
v 0.03171691 0.02105000 -0.00196081
v 0.03171691 0.02082425 -0.00196081
v 0.03061691 0.02105000 -0.00225556
v 0.03061691 0.02083293 -0.00225556
v 0.03157400 0.02080796 -0.00203646
v 0.02551691 0.02105000 0.00214444
v 0.02551691 0.02082647 0.00214444
v 0.02551691 0.02083293 -0.00225556
v 0.02551691 0.02105000 -0.00225556
v 0.02451922 0.02080567 -0.00201633
v 0.02441691 0.02105000 -0.00196081
v 0.02441691 0.02081733 -0.00196081
v 0.02361165 0.02105000 -0.00115556
v 0.02361165 0.02090908 -0.00115556
v 0.02339187 0.02093412 -0.00062496
v 0.02331691 0.02105000 -0.00005556
v 0.02331691 0.02094266 -0.00005556
v 0.02339187 0.02093412 0.00051384
v 0.02361165 0.02105000 0.00104444
v 0.02361165 0.02090908 0.00104444
v 0.02441691 0.02105000 0.00184970
v 0.02441691 0.02081733 0.00184970
v 0.02455709 0.02080136 0.00192403
v 0.04155952 0.00500000 0.01130000
v 0.04165946 0.00500349 0.01130000
v 0.04135000 0.01100000 0.01130000
v 0.04145000 0.01100176 0.01130000
v 0.04090118 0.01267500 0.01130000
v 0.04098720 0.01272602 0.01130000
v 0.03967500 0.01390119 0.01130000
v 0.03972449 0.01398808 0.01130000
v 0.03800000 0.01435000 0.01130000
v 0.03800000 0.01445000 0.01130000
v 0.03632500 0.01390119 0.01130000
v 0.03627551 0.01398808 0.01130000
v 0.03509881 0.01267500 0.01130000
v 0.03501280 0.01272602 0.01130000
v 0.03465000 0.01100000 0.01130000
v 0.03455000 0.01100176 0.01130000
v 0.03444048 0.00500000 0.01130000
v 0.03434054 0.00500349 0.01130000
v 0.04145000 0.01100176 0.01150000
v 0.04098720 0.01272602 0.01150000
v 0.03972449 0.01398808 0.01150000
v 0.03800000 0.01445000 0.01150000
v 0.03627551 0.01398808 0.01150000
v 0.03501280 0.01272602 0.01150000
v 0.03455000 0.01100176 0.01150000
v 0.03434063 0.00500349 0.01150000
v 0.03444048 0.00500000 0.01150000
v 0.04165937 0.00500349 0.01150000
v 0.04155952 0.00500000 0.01150000
v 0.00579809 0.01800000 0.01150000
v 0.01134048 0.01800000 0.01150000
v 0.00579809 0.01800000 0.01041641
v 0.01454048 0.01800000 0.01150000
v 0.01774048 0.01800000 0.01150000
v 0.02094048 0.01800000 0.01150000
v 0.02414048 0.01800000 0.01150000
v 0.02734048 0.01800000 0.01150000
v 0.03800000 0.01800000 0.01150000
v 0.07020191 0.01800000 0.01041641
v 0.04545953 0.01800000 0.01150000
v 0.04865953 0.01800000 0.01150000
v 0.05185953 0.01800000 0.01150000
v 0.05505953 0.01800000 0.01150000
v 0.05825952 0.01800000 0.01150000
v 0.06145953 0.01800000 0.01150000
v 0.06465953 0.01800000 0.01150000
v 0.07020191 0.01800000 0.01150000
v 0.07158681 0.01347963 0.01118388
v 0.07119616 0.01710707 0.01061976
v 0.07119616 0.01710707 0.01150000
v 0.07228462 0.00700000 0.01150000
v 0.07211786 0.00854844 0.01148441
v 0.07170034 0.01242540 0.01128584
v 0.07600000 0.02100000 0.00945445
v 0.07037850 0.01798428 0.01042026
v 0.07600000 0.01795707 0.01042690
v 0.07067936 0.01787866 0.01044588
v 0.07103344 0.01755548 0.01052148
v 0.07600000 0.01502277 0.01098861
v 0.07600000 0.01348048 0.01118379
v 0.00498923 0.01758800 0.01051406
v 0.00534918 0.01789358 0.01044229
v -0.00000000 0.01795707 0.01042690
v 0.00561039 0.01798223 0.01042076
v -0.00000000 0.02100000 0.00945445
v 0.00480384 0.01710707 0.01061976
v -0.00000000 0.01502277 0.01098861
v 0.00441319 0.01347963 0.01118388
v -0.00000000 0.01348048 0.01118379
v 0.00429966 0.01242540 0.01128584
v -0.00000000 0.01126708 0.01137215
v 0.00388214 0.00854844 0.01148441
v -0.00000000 0.00700000 0.01150000
v 0.00371538 0.00700000 0.01150000
v 0.07600000 0.00700000 0.01150000
v 0.07600000 0.01126708 0.01137215
v 0.07840606 0.01126708 0.01111402
v 0.07600000 0.01348048 -0.01118379
v 0.07600000 0.01502277 -0.01098861
v 0.07734665 0.01502277 -0.01090529
v 0.07750105 0.00700000 -0.01140163
v 0.07739366 0.01126708 -0.01128593
v 0.07979379 0.00700000 -0.01085621
v 0.07975157 0.01126708 -0.01073536
v 0.08067747 0.00700000 -0.01050578
v 0.08194488 0.01126708 -0.00969379
v 0.08201206 0.00700000 -0.00980333
v 0.08346865 0.00700000 -0.00874468
v 0.08385624 0.01126708 -0.00822221
v 0.08419318 0.00700000 -0.00806981
v 0.08410209 0.01126708 -0.00798009
v 0.08564471 0.00700000 -0.00626336
v 0.08560743 0.01126708 -0.00608339
v 0.08680142 0.00700000 -0.00394708
v 0.08668124 0.01126708 -0.00390316
v 0.08702643 0.00700000 -0.00326618
v 0.08726502 0.01126708 -0.00155303
v 0.08739225 0.00700000 -0.00157058
v 0.08750001 0.00700000 -0.00000000
v 0.08733890 0.01126708 0.00086541
v 0.08746665 0.00700000 0.00087518
v 0.08702643 0.00700000 0.00326617
v 0.08689802 0.01126708 0.00324798
v 0.08607027 0.00700000 0.00555334
v 0.08595790 0.01126708 0.00549141
v 0.08564471 0.00700000 0.00626335
v 0.08456973 0.01126708 0.00747532
v 0.08466624 0.00700000 0.00755951
v 0.08346865 0.00700000 0.00874467
v 0.08279297 0.01126708 0.00911963
v 0.08286966 0.00700000 0.00922267
v 0.08067747 0.00700000 0.01050577
v 0.08070789 0.01126708 0.01035181
v 0.07843329 0.00700000 0.01123962
v 0.07750105 0.00700000 0.01140162
v 0.07600000 0.01126708 -0.01137215
v 0.07832491 0.01502277 0.01073919
v 0.08054911 0.01502277 0.01000268
v 0.08256387 0.01502277 0.00881206
v 0.08428070 0.01502277 0.00722321
v 0.08562206 0.01502277 0.00530621
v 0.08653048 0.01502277 0.00313844
v 0.08695649 0.01502277 0.00083622
v 0.08688509 0.01502277 -0.00150066
v 0.08632100 0.01502277 -0.00377152
v 0.08528341 0.01502277 -0.00587822
v 0.08382884 0.01502277 -0.00771095
v 0.08359127 0.01502277 -0.00794490
v 0.08174437 0.01502277 -0.00936686
v 0.07962504 0.01502277 -0.01037329
v 0.07600000 0.00700000 -0.01150000
v 0.07818966 0.01826708 0.01011446
v 0.08028448 0.01826708 0.00942080
v 0.08218203 0.01826708 0.00829944
v 0.08379900 0.01826708 0.00680302
v 0.08506232 0.01826708 0.00499753
v 0.08591789 0.01826708 0.00295587
v 0.08631912 0.01826708 0.00078757
v 0.08625188 0.01826708 -0.00141336
v 0.08572061 0.01826708 -0.00355212
v 0.08474337 0.01826708 -0.00553627
v 0.08337342 0.01826708 -0.00726239
v 0.08314967 0.01826708 -0.00748273
v 0.08141021 0.01826708 -0.00882196
v 0.07941416 0.01826708 -0.00976985
v 0.07726832 0.01826708 -0.01027091
v 0.07600000 0.01795707 -0.01042690
v 0.07800032 0.02100000 0.00923985
v 0.07991400 0.02100000 0.00860617
v 0.08164746 0.02100000 0.00758177
v 0.08312460 0.02100000 0.00621475
v 0.08427869 0.02100000 0.00456539
v 0.08506028 0.02100000 0.00270027
v 0.08542681 0.02100000 0.00071947
v 0.08536538 0.02100000 -0.00129114
v 0.08488005 0.02100000 -0.00324496
v 0.08398732 0.02100000 -0.00505754
v 0.08273583 0.02100000 -0.00663440
v 0.08253143 0.02100000 -0.00683568
v 0.08094238 0.02100000 -0.00805911
v 0.07911893 0.02100000 -0.00892504
v 0.07715864 0.02100000 -0.00938276
v 0.07600000 0.02100000 -0.00945445
v 0.05879464 0.01900000 0.00015000
v 0.05890445 0.01900000 0.00025981
v 0.05905445 0.01900000 0.00000000
v 0.05905445 0.01900000 0.00030000
v 0.05920445 0.01900000 0.00025981
v 0.05890445 0.01900000 -0.00025981
v 0.05879464 0.01900000 -0.00015000
v 0.05875445 0.01900000 0.00000000
v 0.05931426 0.01900000 -0.00015000
v 0.05920445 0.01900000 -0.00025981
v 0.05905445 0.01900000 -0.00030000
v 0.05931426 0.01900000 0.00015000
v 0.05935445 0.01900000 0.00000000
v 0.00168574 0.01900000 0.00015000
v 0.00179555 0.01900000 0.00025981
v 0.00194555 0.01900000 0.00000000
v 0.00194555 0.01900000 0.00030000
v 0.00209555 0.01900000 0.00025981
v 0.00179555 0.01900000 -0.00025981
v 0.00168574 0.01900000 -0.00015000
v 0.00164555 0.01900000 0.00000000
v 0.00220536 0.01900000 -0.00015000
v 0.00209555 0.01900000 -0.00025981
v 0.00194555 0.01900000 -0.00030000
v 0.00220536 0.01900000 0.00015000
v 0.00224555 0.01900000 0.00000000
v 0.07647884 0.01900000 0.00061021
v 0.07655273 0.01900000 -0.00009282
v 0.07647884 0.02070000 0.00061021
v 0.07655273 0.02070000 -0.00009282
v 0.07634187 0.02070000 -0.00017032
v 0.07634187 0.01900000 -0.00017032
v 0.07619476 0.02070000 -0.00034010
v 0.07619476 0.01900000 -0.00034010
v 0.07614805 0.02070000 -0.00055984
v 0.07614805 0.01900000 -0.00055984
v 0.07621339 0.02070000 -0.00077478
v 0.07621339 0.01900000 -0.00077478
v 0.07637449 0.02070000 -0.00093135
v 0.07637449 0.01900000 -0.00093135
v 0.07602105 0.01900000 -0.00154354
v 0.07602105 0.02070000 -0.00154354
v 0.07621951 0.01900000 -0.00125000
v 0.07538397 0.01900000 -0.00211716
v 0.07538397 0.02070000 -0.00211716
v 0.07534567 0.01900000 -0.00189580
v 0.07534567 0.02070000 -0.00189580
v 0.07541914 0.01900000 -0.00168351
v 0.07541914 0.02070000 -0.00168351
v 0.07558609 0.01900000 -0.00153319
v 0.07558609 0.02070000 -0.00153319
v 0.07580490 0.01900000 -0.00148230
v 0.07580490 0.02070000 -0.00148230
v 0.07591686 0.01900000 -0.00149922
v 0.07473819 0.01900000 -0.00240468
v 0.07473819 0.02070000 -0.00240468
v 0.07388562 0.01900000 -0.00249429
v 0.07388562 0.02070000 -0.00249429
v 0.07398474 0.01900000 -0.00229269
v 0.07398474 0.02070000 -0.00229269
v 0.07416897 0.01900000 -0.00216413
v 0.07416897 0.02070000 -0.00216413
v 0.07439239 0.01900000 -0.00214065
v 0.07439239 0.02070000 -0.00214065
v 0.07459932 0.01900000 -0.00222810
v 0.07459932 0.02070000 -0.00222810
v 0.07467995 0.01900000 -0.00230759
v 0.07319417 0.01900000 -0.00234732
v 0.07319417 0.02070000 -0.00234732
v 0.07320412 0.01900000 -0.00223453
v 0.07318562 0.02070000 -0.00212283
v 0.07318562 0.01900000 -0.00212283
v 0.07306960 0.02070000 -0.00193045
v 0.07306960 0.01900000 -0.00193045
v 0.07287505 0.02070000 -0.00181813
v 0.07287505 0.01900000 -0.00181813
v 0.07265044 0.02070000 -0.00181385
v 0.07245176 0.01900000 -0.00191869
v 0.07245176 0.02070000 -0.00191869
v 0.07254445 0.01900000 -0.00185367
v 0.07265044 0.01900000 -0.00181385
v 0.07405445 0.02070000 0.00030000
v 0.07405445 0.01900000 0.00030000
v 0.07390445 0.02070000 0.00025981
v 0.07390445 0.01900000 0.00025981
v 0.07379464 0.02070000 0.00015000
v 0.07379464 0.01900000 0.00015000
v 0.07375445 0.02070000 0.00000000
v 0.07375445 0.01900000 0.00000000
v 0.07379464 0.02070000 -0.00015000
v 0.07379464 0.01900000 -0.00015000
v 0.07390445 0.02070000 -0.00025981
v 0.07390445 0.01900000 -0.00025981
v 0.07405445 0.02070000 -0.00030000
v 0.07405445 0.01900000 -0.00030000
v 0.07420445 0.02070000 -0.00025981
v 0.07420445 0.01900000 -0.00025981
v 0.07431426 0.02070000 -0.00015000
v 0.07431426 0.01900000 -0.00015000
v 0.07435445 0.02070000 0.00000000
v 0.07435445 0.01900000 0.00000000
v 0.07431426 0.02070000 0.00015000
v 0.07431426 0.01900000 0.00015000
v 0.07420445 0.02070000 0.00025981
v 0.07420445 0.01900000 0.00025981
v 0.05983401 0.02070000 0.00184182
v 0.05983401 0.01900000 0.00184182
v 0.06046867 0.01900000 0.00141421
v 0.06046867 0.02070000 0.00141421
v 0.06089627 0.01900000 0.00077956
v 0.06089627 0.02070000 0.00077956
v 0.06136661 0.02070000 0.00095075
v 0.06136661 0.01900000 0.00095075
v 0.06144820 0.01900000 0.00072108
v 0.06150704 0.01900000 0.00048456
v 0.06155445 0.02070000 0.00000000
v 0.06155445 0.01900000 0.00000000
v 0.06136661 0.01900000 -0.00095075
v 0.06136661 0.02070000 -0.00095075
v 0.06089627 0.01900000 -0.00077956
v 0.06089627 0.02070000 -0.00077956
v 0.06113144 0.01900000 -0.00086515
v 0.06046867 0.01900000 -0.00141421
v 0.06046867 0.02070000 -0.00141421
v 0.05983401 0.01900000 -0.00184182
v 0.05983401 0.02070000 -0.00184182
v 0.06000520 0.02070000 -0.00231216
v 0.06000520 0.01900000 -0.00231216
v 0.05953901 0.01900000 -0.00245259
v 0.05905445 0.02070000 -0.00250000
v 0.05905445 0.01900000 -0.00250000
v 0.05810370 0.01900000 -0.00231216
v 0.05810370 0.02070000 -0.00231216
v 0.05827489 0.01900000 -0.00184182
v 0.05827489 0.02070000 -0.00184182
v 0.05818930 0.01900000 -0.00207699
v 0.05764024 0.01900000 -0.00141421
v 0.05764024 0.02070000 -0.00141421
v 0.05721264 0.01900000 -0.00077956
v 0.05721264 0.02070000 -0.00077956
v 0.05721264 0.02070000 0.00077956
v 0.05721264 0.01900000 0.00077956
v 0.05764024 0.01900000 0.00141421
v 0.05764024 0.02070000 0.00141421
v 0.05827489 0.01900000 0.00184182
v 0.05827489 0.02070000 0.00184182
v 0.05905445 0.02070000 0.00030000
v 0.05890445 0.02070000 0.00025981
v 0.05879464 0.02070000 0.00015000
v 0.05875445 0.02070000 0.00000000
v 0.05879464 0.02070000 -0.00015000
v 0.05890445 0.02070000 -0.00025981
v 0.05905445 0.02070000 -0.00030000
v 0.05920445 0.02070000 -0.00025981
v 0.05931426 0.02070000 -0.00015000
v 0.05935445 0.02070000 0.00000000
v 0.05931426 0.02070000 0.00015000
v 0.05920445 0.02070000 0.00025981
v 0.00380179 0.02070000 0.00072276
v 0.00425542 0.02070000 0.00093429
v 0.00380179 0.01900000 0.00072276
v 0.00425542 0.01900000 0.00093429
v 0.00394820 0.01900000 -0.00002838
v 0.00394820 0.02070000 -0.00002838
v 0.00380179 0.01900000 -0.00077951
v 0.00380179 0.02070000 -0.00077951
v 0.00424318 0.02070000 -0.00098533
v 0.00424318 0.01900000 -0.00098533
v 0.00401075 0.01900000 -0.00140888
v 0.00370118 0.02070000 -0.00177982
v 0.00289935 0.01900000 -0.00231090
v 0.00289935 0.02070000 -0.00231090
v 0.00332604 0.01900000 -0.00208428
v 0.00370118 0.01900000 -0.00177982
v 0.00269933 0.01900000 -0.00188197
v 0.00269933 0.02070000 -0.00188197
v 0.00279934 0.01900000 -0.00209643
v 0.00194820 0.01900000 -0.00202838
v 0.00194820 0.02070000 -0.00202838
v 0.00119707 0.01900000 -0.00188197
v 0.00119707 0.02070000 -0.00188197
v 0.00099620 0.02070000 -0.00231273
v 0.00099620 0.01900000 -0.00231273
v 0.00009461 0.02070000 -0.00077951
v 0.00009461 0.01900000 -0.00077951
v -0.00005180 0.01900000 -0.00002838
v -0.00005180 0.02070000 -0.00002838
v 0.00009461 0.01900000 0.00072276
v 0.00009461 0.02070000 0.00072276
v 0.00119707 0.02070000 0.00182522
v 0.00119707 0.01900000 0.00182522
v 0.00194820 0.01900000 0.00197163
v 0.00194820 0.02070000 0.00197163
v 0.00269933 0.01900000 0.00182522
v 0.00269933 0.02070000 0.00182522
v 0.00194555 0.02070000 0.00030000
v 0.00179555 0.02070000 0.00025981
v 0.00168574 0.02070000 0.00015000
v 0.00164555 0.02070000 0.00000000
v 0.00168574 0.02070000 -0.00015000
v 0.00179555 0.02070000 -0.00025981
v 0.00194555 0.02070000 -0.00030000
v 0.00209555 0.02070000 -0.00025981
v 0.00220536 0.02070000 -0.00015000
v 0.00224555 0.02070000 0.00000000
v 0.00220536 0.02070000 0.00015000
v 0.00209555 0.02070000 0.00025981
v 0.02544951 0.02070000 0.00093406
v 0.02544951 0.02070000 -0.00096594
v 0.02544951 0.01900000 0.00093406
v 0.02544951 0.01900000 -0.00096594
v 0.02554951 0.02070000 -0.00106594
v 0.02554951 0.01900000 -0.00106594
v 0.02744951 0.02070000 -0.00106594
v 0.02744951 0.01900000 -0.00106594
v 0.02754951 0.02070000 -0.00096594
v 0.02754951 0.01900000 -0.00096594
v 0.02754951 0.02070000 0.00093406
v 0.02754951 0.01900000 0.00093406
v 0.02744951 0.02070000 0.00103406
v 0.02744951 0.01900000 0.00103406
v 0.02554951 0.02070000 0.00103406
v 0.02554951 0.01900000 0.00103406
v 0.03051134 0.02070000 0.00103406
v 0.02861134 0.02070000 0.00103406
v 0.03051134 0.01900000 0.00103406
v 0.02861134 0.01900000 0.00103406
v 0.02851134 0.02070000 0.00093406
v 0.02851134 0.01900000 0.00093406
v 0.02851134 0.02070000 -0.00096594
v 0.02851134 0.01900000 -0.00096594
v 0.02861134 0.02070000 -0.00106594
v 0.02861134 0.01900000 -0.00106594
v 0.03051134 0.02070000 -0.00106594
v 0.03051134 0.01900000 -0.00106594
v 0.03061134 0.02070000 -0.00096594
v 0.03061134 0.01900000 -0.00096594
v 0.03061134 0.02070000 0.00093406
v 0.03061134 0.01900000 0.00093406
v 0.07600000 0.00011270 0.00750714
v 0.07600000 0.00000000 0.00650000
v 0.07600000 0.00034381 0.00825264
v 0.07600000 0.00079621 0.00912841
v 0.07600000 0.00177531 0.01025643
v 0.07600000 0.00500000 0.01150000
v 0.06465953 0.00500000 0.01150000
v 0.07600000 0.00412380 0.01141468
v 0.06145953 0.00500000 0.01150000
v 0.05825952 0.00500000 0.01150000
v 0.05505953 0.00500000 0.01150000
v 0.05185952 0.00500000 0.01150000
v 0.04865953 0.00500000 0.01150000
v 0.04545953 0.00500000 0.01150000
v 0.07600000 0.00326489 0.01116315
v 0.07600000 0.00229919 0.01065626
v 0.02734048 0.00500000 0.01150000
v 0.02414048 0.00500000 0.01150000
v 0.02094048 0.00500000 0.01150000
v 0.01774048 0.00500000 0.01150000
v 0.01454048 0.00500000 0.01150000
v 0.01134048 0.00500000 0.01150000
v 0.00447024 0.00500000 0.01150000
v 0.04131822 0.00556699 -0.00750000
v 0.04113521 0.00575000 -0.00750000
v 0.04156822 0.00600000 -0.00750000
v 0.04106822 0.00600000 -0.00750000
v 0.04113521 0.00625000 -0.00750000
v 0.04200124 0.00575000 -0.00750000
v 0.04181822 0.00556699 -0.00750000
v 0.04156822 0.00550000 -0.00750000
v 0.04181822 0.00643301 -0.00750000
v 0.04200124 0.00625000 -0.00750000
v 0.04206822 0.00600000 -0.00750000
v 0.04131822 0.00643301 -0.00750000
v 0.04156822 0.00650000 -0.00750000
v 0.04206822 0.00600000 -0.01150000
v 0.04200124 0.00575000 -0.01150000
v 0.04181822 0.00556699 -0.01150000
v 0.04156822 0.00550000 -0.01150000
v 0.04131822 0.00556699 -0.01150000
v 0.04113521 0.00575000 -0.01150000
v 0.04106822 0.00600000 -0.01150000
v 0.04113521 0.00625000 -0.01150000
v 0.04131822 0.00643301 -0.01150000
v 0.04156822 0.00650000 -0.01150000
v 0.04181822 0.00643301 -0.01150000
v 0.04200124 0.00625000 -0.01150000
v 0.04506822 0.00450000 -0.01140000
v 0.04506822 0.00440000 -0.01140000
v 0.03093178 0.00450000 -0.01140000
v 0.03093178 0.00440000 -0.01140000
v 0.03043636 0.00458418 -0.01140000
v 0.03040333 0.00448979 -0.01140000
v 0.02982460 0.00498799 -0.01140000
v 0.02975079 0.00492053 -0.01140000
v 0.02947724 0.00563349 -0.01140000
v 0.02938027 0.00560906 -0.01140000
v 0.02947724 0.00636651 -0.01140000
v 0.02938027 0.00639094 -0.01140000
v 0.02982460 0.00701201 -0.01140000
v 0.02975079 0.00707947 -0.01140000
v 0.03043636 0.00741583 -0.01140000
v 0.03040333 0.00751021 -0.01140000
v 0.03093178 0.00750000 -0.01140000
v 0.03093178 0.00760000 -0.01140000
v 0.04506822 0.00750000 -0.01140000
v 0.04506822 0.00760000 -0.01140000
v 0.04556364 0.00741583 -0.01140000
v 0.04559667 0.00751021 -0.01140000
v 0.04617540 0.00701201 -0.01140000
v 0.04624921 0.00707947 -0.01140000
v 0.04652276 0.00636651 -0.01140000
v 0.04661972 0.00639094 -0.01140000
v 0.04652276 0.00563349 -0.01140000
v 0.04661972 0.00560906 -0.01140000
v 0.04617540 0.00498799 -0.01140000
v 0.04624921 0.00492053 -0.01140000
v 0.04556364 0.00458418 -0.01140000
v 0.04559667 0.00448979 -0.01140000
v 0.03093178 0.00440000 -0.01145992
v 0.04506822 0.00440000 -0.01145992
v 0.04506822 0.00750000 -0.01149842
v 0.04594183 0.00721935 -0.01149970
v 0.04568019 0.00736949 -0.01149914
v 0.04618626 0.00500000 -0.01150000
v 0.04572703 0.00465239 -0.01148650
v 0.04516943 0.00450340 -0.01147251
v 0.04506822 0.00450000 -0.01147214
v 0.04652276 0.00563349 -0.01150000
v 0.04652276 0.00636651 -0.01150000
v 0.04618626 0.00700000 -0.01150000
v 0.04609775 0.00709091 -0.01149995
v 0.03093178 0.00750000 -0.01149842
v 0.02981374 0.00700000 -0.01150000
v 0.03031935 0.00736928 -0.01149914
v 0.03093178 0.00450000 -0.01147214
v 0.03036688 0.00461043 -0.01148306
v 0.02988621 0.00492432 -0.01149936
v 0.02981374 0.00500000 -0.01150000
v 0.02947724 0.00563349 -0.01150000
v 0.02947724 0.00636651 -0.01150000
v 0.03093178 0.00760000 -0.01149772
v 0.04506822 0.00760000 -0.01149772
v 0.04543657 0.00755702 -0.01149803
v 0.04521162 0.00759356 -0.01149776
v 0.04559623 0.00448960 -0.01147097
v 0.04611158 0.00478697 -0.01149492
v 0.04624921 0.00492050 -0.01149929
v 0.04576053 0.00744247 -0.01149876
v 0.04624921 0.00707947 -0.01149996
v 0.04631722 0.00700000 -0.01150000
v 0.04661972 0.00639094 -0.01150000
v 0.04661972 0.00560906 -0.01150000
v 0.04631722 0.00500000 -0.01150000
v 0.03874546 0.00880000 -0.01147878
v 0.03874546 0.00880000 -0.00150000
v 0.03882468 0.00845289 -0.00150000
v 0.03883611 0.00843009 -0.01148674
v 0.03904666 0.00817453 -0.00150000
v 0.03908855 0.00814331 -0.01149159
v 0.03936744 0.00802006 -0.00150000
v 0.03936744 0.00802006 -0.01149333
v 0.03945497 0.00800513 -0.01149352
v 0.03972347 0.00802006 -0.00150000
v 0.03972347 0.00802006 -0.01149333
v 0.03981221 0.00804579 -0.01149298
v 0.04004425 0.00817453 -0.00150000
v 0.04004425 0.00817454 -0.01149112
v 0.04011106 0.00823423 -0.01149017
v 0.04026623 0.00845289 -0.00150000
v 0.04026623 0.00845290 -0.01148630
v 0.04031111 0.00856810 -0.01148400
v 0.04034545 0.00880000 -0.00150000
v 0.04034545 0.00880000 -0.01147878
v 0.03874546 0.01273015 -0.00150000
v 0.03874546 0.01273015 -0.01050000
v 0.03885264 0.01313015 -0.00150000
v 0.03885264 0.01313015 -0.01050000
v 0.03914545 0.01342297 -0.00150000
v 0.03914545 0.01342297 -0.01050000
v 0.03954545 0.01353015 -0.00150000
v 0.03954545 0.01353015 -0.01050000
v 0.03994545 0.01342297 -0.00150000
v 0.03994545 0.01342297 -0.01050000
v 0.04023828 0.01313015 -0.00150000
v 0.04023828 0.01313015 -0.01050000
v 0.04034545 0.01273015 -0.00150000
v 0.04034545 0.01273015 -0.01050000
v 0.03565000 0.00880000 -0.01147878
v 0.03565000 0.00880000 -0.00150000
v 0.03572923 0.00845289 -0.00150000
v 0.03574066 0.00843009 -0.01148674
v 0.03595121 0.00817453 -0.00150000
v 0.03599310 0.00814331 -0.01149159
v 0.03627198 0.00802006 -0.00150000
v 0.03627198 0.00802006 -0.01149333
v 0.03635952 0.00800513 -0.01149352
v 0.03662802 0.00802006 -0.00150000
v 0.03662802 0.00802006 -0.01149333
v 0.03671676 0.00804579 -0.01149298
v 0.03694879 0.00817453 -0.00150000
v 0.03694879 0.00817454 -0.01149112
v 0.03701560 0.00823423 -0.01149017
v 0.03717078 0.00845289 -0.00150000
v 0.03717078 0.00845290 -0.01148630
v 0.03721565 0.00856810 -0.01148400
v 0.03725000 0.00880000 -0.00150000
v 0.03725000 0.00880000 -0.01147878
v 0.03565000 0.01273015 -0.00150000
v 0.03565000 0.01273015 -0.01050000
v 0.03575718 0.01313015 -0.00150000
v 0.03575718 0.01313015 -0.01050000
v 0.03605000 0.01342297 -0.00150000
v 0.03605000 0.01342297 -0.01050000
v 0.03645000 0.01353015 -0.00150000
v 0.03645000 0.01353015 -0.01050000
v 0.03685000 0.01342297 -0.00150000
v 0.03685000 0.01342297 -0.01050000
v 0.03714282 0.01313015 -0.00150000
v 0.03714282 0.01313015 -0.01050000
v 0.03725000 0.01273015 -0.00150000
v 0.03725000 0.01273015 -0.01050000
v 0.03712897 0.01049711 -0.00150000
v 0.03725000 0.01032986 -0.00150000
v 0.03699423 0.01100000 -0.00150000
v 0.03712897 0.01150289 -0.00150000
v 0.03725000 0.01167014 -0.00150000
v 0.03264765 0.01281869 -0.00150000
v 0.03256799 0.01287619 -0.00150000
v 0.03266172 0.01313015 -0.00150000
v 0.03375455 0.00810718 -0.00150000
v 0.03335455 0.00800000 -0.00150000
v 0.03294048 0.00826985 -0.00150000
v 0.03295454 0.00810718 -0.00150000
v 0.03292704 0.00812381 -0.00150000
v 0.03404737 0.00840000 -0.00150000
v 0.03415455 0.00880000 -0.00150000
v 0.03415455 0.01273015 -0.00150000
v 0.03294048 0.01220000 -0.00150000
v 0.03404737 0.01313015 -0.00150000
v 0.03286677 0.01253542 -0.00150000
v 0.03375455 0.01342297 -0.00150000
v 0.03335455 0.01353015 -0.00150000
v 0.03295454 0.01342297 -0.00150000
v 0.03292704 0.00812381 -0.00850000
v 0.03255454 0.00880000 -0.01147878
v 0.03255454 0.00880000 -0.00850000
v 0.03264520 0.00843009 -0.01148674
v 0.03266172 0.00840000 -0.00850000
v 0.03266172 0.00840000 -0.01148730
v 0.03289765 0.00814331 -0.01149159
v 0.03295454 0.00810718 -0.01149212
v 0.03326406 0.00800513 -0.01149352
v 0.03335455 0.00800000 -0.01149359
v 0.03362130 0.00804579 -0.01149298
v 0.03375455 0.00810718 -0.01149212
v 0.03392015 0.00823423 -0.01149017
v 0.03404737 0.00840001 -0.01148730
v 0.03412020 0.00856810 -0.01148400
v 0.03415455 0.00880000 -0.01147878
v 0.03255454 0.01273015 -0.00850000
v 0.03255454 0.01273015 -0.01050000
v 0.03256799 0.01287619 -0.00850000
v 0.03266172 0.01313015 -0.01050000
v 0.03295454 0.01342297 -0.01050000
v 0.03335455 0.01353015 -0.01050000
v 0.03375455 0.01342297 -0.01050000
v 0.03404737 0.01313015 -0.01050000
v 0.03415455 0.01273015 -0.01050000
v 0.01547464 0.01313015 -0.00150000
v 0.01558074 0.01277157 -0.00150000
v 0.01542064 0.01254905 -0.00150000
v 0.01438182 0.01342297 -0.00150000
v 0.01478182 0.01353015 -0.00150000
v 0.01408900 0.01313015 -0.00150000
v 0.01518182 0.01342297 -0.00150000
v 0.01398182 0.01273015 -0.00150000
v 0.01534048 0.01220000 -0.00150000
v 0.01398182 0.00880000 -0.00150000
v 0.01534048 0.00826985 -0.00150000
v 0.01406104 0.00845289 -0.00150000
v 0.01428303 0.00817453 -0.00150000
v 0.01495983 0.00802006 -0.00150000
v 0.01460380 0.00802006 -0.00150000
v 0.01528061 0.00817453 -0.00150000
v 0.01534155 0.00822842 -0.00150000
v 0.01398182 0.00880000 -0.01147878
v 0.01407248 0.00843009 -0.01148674
v 0.01432492 0.00814331 -0.01149159
v 0.01460380 0.00802006 -0.01149333
v 0.01469133 0.00800513 -0.01149352
v 0.01495984 0.00802006 -0.01149333
v 0.01534155 0.00822842 -0.00850000
v 0.01504858 0.00804579 -0.01149298
v 0.01528061 0.00817454 -0.01149112
v 0.01534742 0.00823423 -0.01149017
v 0.01550259 0.00845289 -0.00850000
v 0.01550260 0.00845290 -0.01148630
v 0.01554747 0.00856810 -0.01148400
v 0.01558182 0.00880000 -0.00850000
v 0.01558182 0.00880000 -0.01147878
v 0.01558074 0.01277157 -0.00850000
v 0.01547464 0.01313015 -0.01050000
v 0.01558182 0.01273015 -0.01050000
v 0.01558182 0.01273015 -0.00850000
v 0.01398182 0.01273015 -0.01050000
v 0.01408900 0.01313015 -0.01050000
v 0.01438182 0.01342297 -0.01050000
v 0.01478182 0.01353015 -0.01050000
v 0.01518182 0.01342297 -0.01050000
v 0.01237918 0.01313015 -0.00150000
v 0.01247702 0.01285208 -0.00150000
v 0.01244506 0.01282814 -0.00150000
v 0.01208636 0.01342297 -0.00150000
v 0.01168636 0.01353015 -0.00150000
v 0.01128636 0.01342297 -0.00150000
v 0.01222064 0.01254905 -0.00150000
v 0.01099354 0.01313015 -0.00150000
v 0.01214048 0.00826985 -0.00150000
v 0.01214982 0.00814792 -0.00150000
v 0.01208636 0.00810718 -0.00150000
v 0.01088636 0.01273015 -0.00150000
v 0.01214048 0.01220000 -0.00150000
v 0.01088636 0.00880000 -0.00150000
v 0.01099354 0.00840000 -0.00150000
v 0.01128636 0.00810718 -0.00150000
v 0.01168636 0.00800000 -0.00150000
v 0.01088636 0.00880000 -0.01147878
v 0.01097702 0.00843009 -0.01148674
v 0.01099354 0.00840000 -0.01148730
v 0.01122946 0.00814331 -0.01149159
v 0.01128636 0.00810718 -0.01149212
v 0.01159588 0.00800513 -0.01149352
v 0.01168636 0.00800000 -0.01149359
v 0.01214982 0.00814792 -0.00850000
v 0.01195312 0.00804579 -0.01149298
v 0.01208637 0.00810718 -0.01149212
v 0.01225196 0.00823423 -0.01149017
v 0.01237918 0.00840000 -0.00850000
v 0.01237919 0.00840001 -0.01148730
v 0.01245202 0.00856810 -0.01148400
v 0.01248636 0.00880000 -0.00850000
v 0.01248636 0.00880000 -0.01147878
v 0.01247702 0.01285208 -0.00850000
v 0.01237918 0.01313015 -0.01050000
v 0.01248636 0.01273015 -0.01050000
v 0.01248636 0.01273015 -0.00850000
v 0.01088636 0.01273015 -0.01050000
v 0.01099354 0.01313015 -0.01050000
v 0.01128636 0.01342297 -0.01050000
v 0.01168636 0.01353015 -0.01050000
v 0.01208636 0.01342297 -0.01050000
v 0.00928373 0.01313015 -0.00150000
v 0.00937058 0.01290935 -0.00150000
v 0.00924506 0.01282814 -0.00150000
v 0.00899091 0.01342297 -0.00150000
v 0.00902064 0.01254905 -0.00150000
v 0.00819091 0.01342297 -0.00150000
v 0.00859091 0.01353015 -0.00150000
v 0.00896081 0.00809065 -0.00150000
v 0.00859091 0.00800000 -0.00150000
v 0.00894048 0.00826985 -0.00150000
v 0.00819091 0.00810718 -0.00150000
v 0.00789809 0.00840000 -0.00150000
v 0.00779091 0.00880000 -0.00150000
v 0.00894048 0.01220000 -0.00150000
v 0.00779091 0.01273015 -0.00150000
v 0.00789809 0.01313015 -0.00150000
v 0.00779091 0.00880000 -0.01147878
v 0.00788157 0.00843009 -0.01148674
v 0.00789809 0.00840000 -0.01148730
v 0.00813401 0.00814331 -0.01149159
v 0.00819091 0.00810718 -0.01149212
v 0.00896081 0.00809065 -0.00850000
v 0.00850043 0.00800513 -0.01149352
v 0.00859091 0.00800000 -0.01149359
v 0.00885767 0.00804579 -0.01149298
v 0.00899091 0.00810718 -0.00850000
v 0.00899091 0.00810718 -0.01149212
v 0.00915651 0.00823423 -0.01149017
v 0.00928373 0.00840000 -0.00850000
v 0.00928373 0.00840001 -0.01148730
v 0.00935656 0.00856810 -0.01148400
v 0.00939091 0.00880000 -0.00850000
v 0.00939091 0.00880000 -0.01147878
v 0.00937058 0.01290935 -0.00850000
v 0.00928373 0.01313015 -0.01050000
v 0.00939091 0.01273015 -0.01050000
v 0.00939091 0.01273015 -0.00850000
v 0.00779091 0.01273015 -0.01050000
v 0.00789809 0.01313015 -0.01050000
v 0.00819091 0.01342297 -0.01050000
v 0.00859091 0.01353015 -0.01050000
v 0.00899091 0.01342297 -0.01050000
v 0.00509545 0.00810718 -0.00150000
v 0.00480263 0.00840000 -0.00150000
v 0.00469545 0.00880000 -0.00150000
v 0.00589545 0.00810718 -0.00150000
v 0.00549545 0.00800000 -0.00150000
v 0.00469545 0.01273015 -0.00150000
v 0.00629545 0.01273015 -0.00150000
v 0.00629545 0.00880000 -0.00150000
v 0.00618827 0.00840000 -0.00150000
v 0.00509545 0.01342297 -0.00150000
v 0.00549545 0.01353015 -0.00150000
v 0.00589545 0.01342297 -0.00150000
v 0.00480263 0.01313015 -0.00150000
v 0.00618827 0.01313015 -0.00150000
v 0.00469545 0.00880000 -0.01147878
v 0.00478611 0.00843009 -0.01148674
v 0.00480263 0.00840000 -0.01148730
v 0.00503856 0.00814331 -0.01149159
v 0.00509545 0.00810718 -0.01149212
v 0.00540497 0.00800513 -0.01149352
v 0.00549545 0.00800000 -0.01149359
v 0.00576221 0.00804579 -0.01149298
v 0.00589546 0.00810718 -0.01149212
v 0.00606106 0.00823423 -0.01149017
v 0.00618828 0.00840001 -0.01148730
v 0.00626111 0.00856810 -0.01148400
v 0.00629545 0.00880000 -0.01147878
v 0.00469545 0.01273015 -0.01050000
v 0.00480263 0.01313015 -0.01050000
v 0.00509545 0.01342297 -0.01050000
v 0.00549545 0.01353015 -0.01050000
v 0.00589545 0.01342297 -0.01050000
v 0.00618827 0.01313015 -0.01050000
v 0.00629545 0.01273015 -0.01050000
v 0.00469545 0.01523015 -0.01050000
v 0.00629545 0.01523015 -0.01050000
v 0.00531744 0.01601009 -0.01050000
v 0.00567347 0.01601009 -0.01050000
v 0.00599425 0.01585562 -0.01050000
v 0.00477468 0.01557726 -0.01050000
v 0.00499666 0.01585562 -0.01050000
v 0.00621623 0.01557726 -0.01050000
v 0.00629545 0.01523015 -0.01095773
v 0.00629545 0.01348048 -0.01118379
v 0.00469545 0.01523015 -0.01095773
v 0.00469545 0.01348048 -0.01118379
v 0.00779091 0.01523015 -0.01050000
v 0.00939091 0.01523015 -0.01050000
v 0.00787013 0.01557726 -0.01050000
v 0.00809212 0.01585562 -0.01050000
v 0.00841289 0.01601009 -0.01050000
v 0.00876893 0.01601009 -0.01050000
v 0.00908970 0.01585562 -0.01050000
v 0.00931168 0.01557726 -0.01050000
v 0.00939091 0.01523015 -0.01095773
v 0.00939091 0.01348048 -0.01118379
v 0.00779091 0.01523015 -0.01095773
v 0.00779091 0.01348048 -0.01118379
v 0.01088636 0.01523015 -0.01050000
v 0.01248636 0.01523015 -0.01050000
v 0.01096559 0.01557726 -0.01050000
v 0.01118757 0.01585562 -0.01050000
v 0.01150835 0.01601009 -0.01050000
v 0.01186438 0.01601009 -0.01050000
v 0.01218516 0.01585562 -0.01050000
v 0.01240714 0.01557726 -0.01050000
v 0.01248636 0.01523015 -0.01095773
v 0.01248636 0.01348048 -0.01118379
v 0.01088636 0.01523015 -0.01095773
v 0.01088636 0.01348048 -0.01118379
v 0.01398182 0.01523015 -0.01050000
v 0.01558182 0.01523015 -0.01050000
v 0.01406104 0.01557726 -0.01050000
v 0.01428303 0.01585562 -0.01050000
v 0.01460380 0.01601009 -0.01050000
v 0.01495983 0.01601009 -0.01050000
v 0.01528061 0.01585562 -0.01050000
v 0.01550259 0.01557726 -0.01050000
v 0.01558182 0.01523015 -0.01095773
v 0.01558182 0.01348048 -0.01118379
v 0.01398182 0.01523015 -0.01095773
v 0.01398182 0.01348048 -0.01118379
v 0.01707727 0.01273015 -0.01050000
v 0.01707727 0.01523015 -0.01050000
v 0.01718445 0.01313015 -0.01050000
v 0.01747727 0.01342297 -0.01050000
v 0.01867727 0.01273015 -0.01050000
v 0.01857009 0.01313015 -0.01050000
v 0.01867727 0.01523015 -0.01050000
v 0.01827727 0.01342297 -0.01050000
v 0.01715650 0.01557726 -0.01050000
v 0.01737848 0.01585562 -0.01050000
v 0.01769926 0.01601009 -0.01050000
v 0.01787727 0.01353015 -0.01050000
v 0.01805529 0.01601009 -0.01050000
v 0.01837607 0.01585562 -0.01050000
v 0.01859805 0.01557726 -0.01050000
v 0.01867727 0.01264739 -0.00150000
v 0.01867727 0.01273015 -0.00150000
v 0.01867727 0.01264739 -0.00850000
v 0.01867727 0.01523015 -0.01095773
v 0.01867727 0.00880000 -0.00850000
v 0.01867727 0.00880000 -0.01147878
v 0.01867727 0.01348048 -0.01118379
v 0.01707727 0.01273015 -0.00150000
v 0.01707727 0.00880000 -0.00150000
v 0.01707727 0.01523015 -0.01095773
v 0.01707727 0.01348048 -0.01118379
v 0.01707727 0.00880000 -0.01147878
v 0.02027991 0.01313015 -0.01050000
v 0.02017273 0.01273015 -0.01050000
v 0.02017273 0.01523015 -0.01050000
v 0.02057273 0.01342297 -0.01050000
v 0.02177273 0.01273015 -0.01050000
v 0.02166555 0.01313015 -0.01050000
v 0.02177273 0.01523015 -0.01050000
v 0.02137273 0.01342297 -0.01050000
v 0.02079471 0.01601009 -0.01050000
v 0.02115074 0.01601009 -0.01050000
v 0.02147152 0.01585562 -0.01050000
v 0.02025195 0.01557726 -0.01050000
v 0.02047393 0.01585562 -0.01050000
v 0.02097273 0.01353015 -0.01050000
v 0.02169350 0.01557726 -0.01050000
v 0.02177273 0.01242485 -0.00150000
v 0.02177273 0.01273015 -0.00150000
v 0.02177273 0.01242485 -0.00850000
v 0.02177273 0.01523015 -0.01095773
v 0.02177273 0.00880000 -0.00850000
v 0.02177273 0.00880000 -0.01147878
v 0.02177273 0.01348048 -0.01118379
v 0.02017273 0.01273015 -0.00150000
v 0.02017273 0.00880000 -0.00150000
v 0.02017273 0.01523015 -0.01095773
v 0.02017273 0.01348048 -0.01118379
v 0.02017273 0.00880000 -0.01147878
v 0.02337536 0.01313015 -0.01050000
v 0.02326818 0.01273015 -0.01050000
v 0.02326818 0.01523015 -0.01050000
v 0.02366818 0.01342297 -0.01050000
v 0.02446818 0.01342297 -0.01050000
v 0.02486818 0.01523015 -0.01050000
v 0.02476100 0.01313015 -0.01050000
v 0.02486818 0.01273015 -0.01050000
v 0.02389017 0.01601009 -0.01050000
v 0.02424620 0.01601009 -0.01050000
v 0.02456697 0.01585562 -0.01050000
v 0.02334741 0.01557726 -0.01050000
v 0.02356939 0.01585562 -0.01050000
v 0.02406818 0.01353015 -0.01050000
v 0.02478896 0.01557726 -0.01050000
v 0.02486818 0.01523015 -0.01095773
v 0.02486818 0.00880000 -0.00150000
v 0.02486818 0.01273015 -0.00150000
v 0.02486818 0.00880000 -0.01147878
v 0.02486818 0.01348048 -0.01118379
v 0.02326818 0.01273015 -0.00150000
v 0.02326818 0.01253233 -0.00850000
v 0.02326818 0.01253233 -0.00150000
v 0.02326818 0.01523015 -0.01095773
v 0.02326818 0.01348048 -0.01118379
v 0.02326818 0.00880000 -0.01147878
v 0.02326818 0.00880000 -0.00850000
v 0.02647082 0.01313015 -0.01050000
v 0.02636364 0.01273015 -0.01050000
v 0.02636364 0.01523015 -0.01050000
v 0.02756364 0.01342297 -0.01050000
v 0.02796364 0.01523015 -0.01050000
v 0.02785646 0.01313015 -0.01050000
v 0.02796364 0.01273015 -0.01050000
v 0.02734165 0.01601009 -0.01050000
v 0.02716364 0.01353015 -0.01050000
v 0.02676364 0.01342297 -0.01050000
v 0.02788441 0.01557726 -0.01050000
v 0.02766243 0.01585562 -0.01050000
v 0.02666484 0.01585562 -0.01050000
v 0.02698562 0.01601009 -0.01050000
v 0.02644286 0.01557726 -0.01050000
v 0.02796364 0.01523015 -0.01095773
v 0.02796364 0.00880000 -0.00150000
v 0.02796364 0.01273015 -0.00150000
v 0.02796364 0.00880000 -0.01147878
v 0.02796364 0.01348048 -0.01118379
v 0.02636364 0.01273015 -0.00150000
v 0.02636364 0.01270167 -0.00850000
v 0.02636364 0.01270167 -0.00150000
v 0.02636364 0.01523015 -0.01095773
v 0.02636364 0.01348048 -0.01118379
v 0.02636364 0.00880000 -0.01147878
v 0.02636364 0.00880000 -0.00850000
v 0.03065909 0.01342297 -0.01050000
v 0.03105909 0.01523015 -0.01050000
v 0.03095191 0.01313015 -0.01050000
v 0.03105909 0.01273015 -0.01050000
v 0.02945909 0.01273015 -0.01050000
v 0.02945909 0.01523015 -0.01050000
v 0.02956627 0.01313015 -0.01050000
v 0.02985909 0.01342297 -0.01050000
v 0.03008107 0.01601009 -0.01050000
v 0.03043711 0.01601009 -0.01050000
v 0.03075788 0.01585562 -0.01050000
v 0.02953832 0.01557726 -0.01050000
v 0.02976030 0.01585562 -0.01050000
v 0.03025909 0.01353015 -0.01050000
v 0.03097987 0.01557726 -0.01050000
v 0.03105909 0.01523015 -0.01095773
v 0.03105909 0.00880000 -0.00150000
v 0.03105909 0.01273015 -0.00150000
v 0.03105909 0.00880000 -0.01147878
v 0.03105909 0.01348048 -0.01118379
v 0.02945909 0.01273015 -0.00850000
v 0.02945909 0.00880000 -0.00850000
v 0.02945909 0.01523015 -0.01095773
v 0.02945909 0.01348048 -0.01118379
v 0.02945909 0.00880000 -0.01147878
v 0.03415455 0.01523015 -0.01050000
v 0.03255454 0.01523015 -0.01050000
v 0.03317653 0.01601009 -0.01050000
v 0.03353256 0.01601009 -0.01050000
v 0.03385334 0.01585562 -0.01050000
v 0.03263377 0.01557726 -0.01050000
v 0.03285575 0.01585562 -0.01050000
v 0.03407532 0.01557726 -0.01050000
v 0.03415455 0.01523015 -0.01095773
v 0.03415455 0.01348048 -0.01118379
v 0.03255454 0.01523015 -0.01095773
v 0.03255454 0.01348048 -0.01118379
v 0.03725000 0.01523015 -0.01050000
v 0.03565000 0.01523015 -0.01050000
v 0.03627198 0.01601009 -0.01050000
v 0.03662802 0.01601009 -0.01050000
v 0.03694879 0.01585562 -0.01050000
v 0.03572923 0.01557726 -0.01050000
v 0.03595121 0.01585562 -0.01050000
v 0.03717078 0.01557726 -0.01050000
v 0.03725000 0.01523015 -0.01095773
v 0.03725000 0.01048835 -0.00157925
v 0.03725000 0.01348048 -0.01118379
v 0.03725000 0.01147225 -0.00159675
v 0.03725000 0.01107284 -0.00170426
v 0.03565000 0.01523015 -0.01095773
v 0.03565000 0.01348048 -0.01118379
v 0.03874546 0.01523015 -0.01050000
v 0.04034545 0.01523015 -0.01050000
v 0.03972347 0.01601009 -0.01050000
v 0.04026623 0.01557726 -0.01050000
v 0.04004425 0.01585562 -0.01050000
v 0.03904666 0.01585562 -0.01050000
v 0.03936744 0.01601009 -0.01050000
v 0.03882468 0.01557726 -0.01050000
v 0.04034545 0.01523015 -0.01095773
v 0.04034545 0.01348048 -0.01118379
v 0.03874546 0.01167519 -0.00150000
v 0.03874546 0.01150588 -0.00158493
v 0.03874546 0.01523015 -0.01095773
v 0.03874546 0.01348048 -0.01118379
v 0.03874546 0.01032481 -0.00150000
v 0.03874546 0.01052933 -0.00160055
v 0.03874546 0.01092359 -0.00170764
v 0.04194809 0.01313015 -0.01050000
v 0.04184091 0.01273015 -0.01050000
v 0.04184091 0.01523015 -0.01050000
v 0.04344091 0.01273015 -0.01050000
v 0.04333373 0.01313015 -0.01050000
v 0.04344091 0.01523015 -0.01050000
v 0.04304091 0.01342297 -0.01050000
v 0.04281893 0.01601009 -0.01050000
v 0.04264091 0.01353015 -0.01050000
v 0.04224091 0.01342297 -0.01050000
v 0.04336168 0.01557726 -0.01050000
v 0.04313970 0.01585562 -0.01050000
v 0.04214212 0.01585562 -0.01050000
v 0.04246289 0.01601009 -0.01050000
v 0.04192013 0.01557726 -0.01050000
v 0.04344091 0.01523015 -0.01095773
v 0.04344091 0.00880000 -0.00850000
v 0.04344091 0.01273015 -0.00850000
v 0.04344091 0.00880000 -0.01147878
v 0.04344091 0.01348048 -0.01118379
v 0.04184091 0.01273015 -0.00150000
v 0.04184091 0.00880000 -0.00150000
v 0.04184091 0.01523015 -0.01095773
v 0.04184091 0.01348048 -0.01118379
v 0.04184091 0.00880000 -0.01147878
v 0.04504354 0.01313015 -0.01050000
v 0.04493636 0.01273015 -0.01050000
v 0.04493636 0.01523015 -0.01050000
v 0.04533636 0.01342297 -0.01050000
v 0.04653636 0.01273015 -0.01050000
v 0.04642918 0.01313015 -0.01050000
v 0.04653636 0.01523015 -0.01050000
v 0.04613636 0.01342297 -0.01050000
v 0.04555835 0.01601009 -0.01050000
v 0.04591438 0.01601009 -0.01050000
v 0.04623516 0.01585562 -0.01050000
v 0.04501559 0.01557726 -0.01050000
v 0.04523757 0.01585562 -0.01050000
v 0.04573637 0.01353015 -0.01050000
v 0.04645714 0.01557726 -0.01050000
v 0.04653636 0.01523015 -0.01095773
v 0.04653636 0.00880000 -0.00850000
v 0.04653636 0.01273015 -0.00850000
v 0.04653636 0.00880000 -0.01147878
v 0.04653636 0.01348048 -0.01118379
v 0.04493636 0.01273015 -0.00150000
v 0.04493636 0.00880000 -0.00150000
v 0.04493636 0.01523015 -0.01095773
v 0.04493636 0.01348048 -0.01118379
v 0.04493636 0.00880000 -0.01147878
v 0.04813900 0.01313015 -0.01050000
v 0.04803182 0.01273015 -0.01050000
v 0.04803182 0.01523015 -0.01050000
v 0.04843182 0.01342297 -0.01050000
v 0.04963182 0.01273015 -0.01050000
v 0.04952464 0.01313015 -0.01050000
v 0.04963182 0.01523015 -0.01050000
v 0.04923182 0.01342297 -0.01050000
v 0.04865380 0.01601009 -0.01050000
v 0.04900983 0.01601009 -0.01050000
v 0.04933061 0.01585562 -0.01050000
v 0.04811104 0.01557726 -0.01050000
v 0.04833303 0.01585562 -0.01050000
v 0.04883182 0.01353015 -0.01050000
v 0.04955259 0.01557726 -0.01050000
v 0.04963182 0.01269596 -0.00150000
v 0.04963182 0.01273015 -0.00150000
v 0.04963182 0.01269596 -0.00850000
v 0.04963182 0.01523015 -0.01095773
v 0.04963182 0.00880000 -0.00850000
v 0.04963182 0.00880000 -0.01147878
v 0.04963182 0.01348048 -0.01118379
v 0.04803182 0.01273015 -0.00150000
v 0.04803182 0.00880000 -0.00150000
v 0.04803182 0.01523015 -0.01095773
v 0.04803182 0.01348048 -0.01118379
v 0.04803182 0.00880000 -0.01147878
v 0.05123445 0.01313015 -0.01050000
v 0.05112727 0.01273015 -0.01050000
v 0.05112727 0.01523015 -0.01050000
v 0.05232727 0.01342297 -0.01050000
v 0.05272727 0.01523015 -0.01050000
v 0.05262009 0.01313015 -0.01050000
v 0.05272727 0.01273015 -0.01050000
v 0.05210529 0.01601009 -0.01050000
v 0.05192727 0.01353015 -0.01050000
v 0.05152727 0.01342297 -0.01050000
v 0.05264805 0.01557726 -0.01050000
v 0.05242607 0.01585562 -0.01050000
v 0.05142848 0.01585562 -0.01050000
v 0.05174926 0.01601009 -0.01050000
v 0.05120650 0.01557726 -0.01050000
v 0.05272727 0.01252218 -0.00150000
v 0.05272727 0.01273015 -0.00150000
v 0.05272727 0.01252218 -0.00850000
v 0.05272727 0.01523015 -0.01095773
v 0.05272727 0.00880000 -0.00850000
v 0.05272727 0.00880000 -0.01147878
v 0.05272727 0.01348048 -0.01118379
v 0.05112727 0.01273015 -0.00150000
v 0.05112727 0.00880000 -0.00150000
v 0.05112727 0.01523015 -0.01095773
v 0.05112727 0.01348048 -0.01118379
v 0.05112727 0.00880000 -0.01147878
v 0.05432991 0.01313015 -0.01050000
v 0.05422273 0.01273015 -0.01050000
v 0.05422273 0.01523015 -0.01050000
v 0.05542273 0.01342297 -0.01050000
v 0.05582273 0.01523015 -0.01050000
v 0.05571555 0.01313015 -0.01050000
v 0.05582273 0.01273015 -0.01050000
v 0.05520074 0.01601009 -0.01050000
v 0.05502273 0.01353015 -0.01050000
v 0.05462273 0.01342297 -0.01050000
v 0.05574350 0.01557726 -0.01050000
v 0.05552152 0.01585562 -0.01050000
v 0.05452393 0.01585562 -0.01050000
v 0.05484471 0.01601009 -0.01050000
v 0.05430195 0.01557726 -0.01050000
v 0.05582273 0.01523015 -0.01095773
v 0.05582273 0.00880000 -0.00150000
v 0.05582273 0.01273015 -0.00150000
v 0.05582273 0.00880000 -0.01147878
v 0.05582273 0.01348048 -0.01118379
v 0.05422273 0.01273015 -0.00150000
v 0.05422273 0.01243984 -0.00850000
v 0.05422273 0.01243984 -0.00150000
v 0.05422273 0.01523015 -0.01095773
v 0.05422273 0.01348048 -0.01118379
v 0.05422273 0.00880000 -0.01147878
v 0.05422273 0.00880000 -0.00850000
v 0.05742536 0.01313015 -0.01050000
v 0.05731818 0.01273015 -0.01050000
v 0.05731818 0.01523015 -0.01050000
v 0.05891818 0.01273015 -0.01050000
v 0.05881100 0.01313015 -0.01050000
v 0.05891818 0.01523015 -0.01050000
v 0.05851818 0.01342297 -0.01050000
v 0.05829620 0.01601009 -0.01050000
v 0.05811818 0.01353015 -0.01050000
v 0.05771818 0.01342297 -0.01050000
v 0.05883896 0.01557726 -0.01050000
v 0.05861697 0.01585562 -0.01050000
v 0.05761939 0.01585562 -0.01050000
v 0.05794017 0.01601009 -0.01050000
v 0.05739741 0.01557726 -0.01050000
v 0.05891818 0.01523015 -0.01095773
v 0.05891818 0.00880000 -0.00150000
v 0.05891818 0.01273015 -0.00150000
v 0.05891818 0.00880000 -0.01147878
v 0.05891818 0.01348048 -0.01118379
v 0.05731818 0.01273015 -0.00150000
v 0.05731818 0.01265406 -0.00850000
v 0.05731818 0.01265406 -0.00150000
v 0.05731818 0.01523015 -0.01095773
v 0.05731818 0.01348048 -0.01118379
v 0.05731818 0.00880000 -0.01147878
v 0.05731818 0.00880000 -0.00850000
v 0.06052082 0.01313015 -0.01050000
v 0.06041364 0.01273015 -0.01050000
v 0.06041364 0.01523015 -0.01050000
v 0.06201364 0.01273015 -0.01050000
v 0.06190646 0.01313015 -0.01050000
v 0.06201364 0.01523015 -0.01050000
v 0.06161364 0.01342297 -0.01050000
v 0.06139165 0.01601009 -0.01050000
v 0.06121363 0.01353015 -0.01050000
v 0.06081364 0.01342297 -0.01050000
v 0.06193441 0.01557726 -0.01050000
v 0.06171243 0.01585562 -0.01050000
v 0.06071484 0.01585562 -0.01050000
v 0.06103562 0.01601009 -0.01050000
v 0.06049286 0.01557726 -0.01050000
v 0.06201364 0.01523015 -0.01095773
v 0.06201364 0.00880000 -0.00150000
v 0.06201364 0.01273015 -0.00150000
v 0.06201364 0.00880000 -0.01147878
v 0.06201364 0.01348048 -0.01118379
v 0.06041364 0.01273015 -0.00850000
v 0.06041364 0.00880000 -0.00850000
v 0.06041364 0.01523015 -0.01095773
v 0.06041364 0.01348048 -0.01118379
v 0.06041364 0.00880000 -0.01147878
v 0.06361627 0.01313015 -0.01050000
v 0.06350909 0.01273015 -0.01050000
v 0.06350909 0.01523015 -0.01050000
v 0.06510909 0.01273015 -0.01050000
v 0.06500191 0.01313015 -0.01050000
v 0.06510909 0.01523015 -0.01050000
v 0.06470909 0.01342297 -0.01050000
v 0.06448711 0.01601009 -0.01050000
v 0.06430909 0.01353015 -0.01050000
v 0.06390909 0.01342297 -0.01050000
v 0.06502987 0.01557726 -0.01050000
v 0.06480788 0.01585562 -0.01050000
v 0.06381030 0.01585562 -0.01050000
v 0.06413107 0.01601009 -0.01050000
v 0.06358831 0.01557726 -0.01050000
v 0.06510909 0.01523015 -0.01095773
v 0.06510909 0.00880000 -0.00150000
v 0.06510909 0.01273015 -0.00150000
v 0.06510909 0.00880000 -0.01147878
v 0.06510909 0.01348048 -0.01118379
v 0.06350909 0.01273015 -0.00850000
v 0.06350909 0.00880000 -0.00850000
v 0.06350909 0.01523015 -0.01095773
v 0.06350909 0.01348048 -0.01118379
v 0.06350909 0.00880000 -0.01147878
v 0.06671172 0.01313015 -0.01050000
v 0.06660455 0.01273015 -0.01050000
v 0.06660455 0.01523015 -0.01050000
v 0.06820454 0.01523015 -0.01050000
v 0.06820454 0.01273015 -0.01050000
v 0.06809737 0.01313015 -0.01050000
v 0.06790334 0.01585562 -0.01050000
v 0.06812532 0.01557726 -0.01050000
v 0.06758256 0.01601009 -0.01050000
v 0.06780455 0.01342297 -0.01050000
v 0.06740455 0.01353015 -0.01050000
v 0.06700455 0.01342297 -0.01050000
v 0.06690575 0.01585562 -0.01050000
v 0.06722653 0.01601009 -0.01050000
v 0.06668377 0.01557726 -0.01050000
v 0.06820454 0.01523015 -0.01095773
v 0.06820454 0.00880000 -0.00150000
v 0.06820454 0.01273015 -0.00150000
v 0.06820454 0.00880000 -0.01147878
v 0.06820454 0.01348048 -0.01118379
v 0.06660455 0.01273015 -0.00850000
v 0.06660455 0.00880000 -0.00850000
v 0.06660455 0.01523015 -0.01095773
v 0.06660455 0.01348048 -0.01118379
v 0.06660455 0.00880000 -0.01147878
v 0.06980718 0.01313015 -0.01050000
v 0.06970000 0.01273015 -0.01050000
v 0.06970000 0.01523015 -0.01050000
v 0.07090000 0.01342297 -0.01050000
v 0.07130000 0.01523015 -0.01050000
v 0.07119282 0.01313015 -0.01050000
v 0.07130000 0.01273015 -0.01050000
v 0.07067802 0.01601009 -0.01050000
v 0.07050000 0.01353015 -0.01050000
v 0.07010000 0.01342297 -0.01050000
v 0.07122078 0.01557726 -0.01050000
v 0.07099880 0.01585562 -0.01050000
v 0.07000121 0.01585562 -0.01050000
v 0.07032198 0.01601009 -0.01050000
v 0.06977922 0.01557726 -0.01050000
v 0.07130000 0.01523015 -0.01095773
v 0.07130000 0.00880000 -0.00150000
v 0.07130000 0.01273015 -0.00150000
v 0.07130000 0.00880000 -0.01147878
v 0.07130000 0.01348048 -0.01118379
v 0.06970000 0.01273015 -0.00150000
v 0.06970000 0.00880000 -0.00150000
v 0.06970000 0.01523015 -0.01095773
v 0.06970000 0.01348048 -0.01118379
v 0.06970000 0.00880000 -0.01147878
v 0.01884506 0.01282814 -0.00850000
v 0.01854048 0.01220000 0.01080000
v 0.01854048 0.01220000 -0.00150000
v 0.01862064 0.01254905 0.01080000
v 0.01862064 0.01254905 -0.00150000
v 0.01884506 0.01282814 0.01080000
v 0.02014048 0.01220000 -0.00850000
v 0.02014047 0.01220000 0.01080000
v 0.02006677 0.01253542 -0.00850000
v 0.02006677 0.01253542 0.01080000
v 0.01984765 0.01281869 -0.00850000
v 0.01984765 0.01281869 0.01080000
v 0.01952689 0.01297798 -0.00850000
v 0.01952689 0.01297798 0.01080000
v 0.01916877 0.01298135 -0.00850000
v 0.01916877 0.01298135 0.01080000
v 0.02654048 0.00826985 -0.00850000
v 0.02654047 0.00829833 -0.00850000
v 0.02647082 0.00840000 -0.00850000
v 0.02614048 0.00757703 -0.00850000
v 0.02643330 0.00786985 -0.00850000
v 0.02534048 0.00757703 -0.00850000
v 0.02574048 0.00746985 -0.00850000
v 0.02504766 0.00786985 -0.00850000
v 0.02494048 0.00826985 -0.00850000
v 0.02494048 0.01220000 -0.00850000
v 0.02624764 0.01281869 -0.00850000
v 0.02502064 0.01254905 -0.00850000
v 0.02524506 0.01282814 -0.00850000
v 0.02556877 0.01298135 -0.00850000
v 0.02592688 0.01297798 -0.00850000
v 0.02963330 0.00786985 -0.00850000
v 0.02973687 0.00819396 -0.00850000
v 0.02956627 0.00840000 -0.00850000
v 0.02946270 0.01280604 -0.00850000
v 0.02944764 0.01281869 -0.00850000
v 0.02894048 0.00746985 -0.00850000
v 0.02934048 0.00757703 -0.00850000
v 0.02854048 0.00757703 -0.00850000
v 0.02824766 0.00786985 -0.00850000
v 0.02814048 0.00826985 -0.00850000
v 0.02814048 0.01220000 -0.00850000
v 0.02822064 0.01254905 -0.00850000
v 0.02844506 0.01282814 -0.00850000
v 0.02912688 0.01297798 -0.00850000
v 0.02876877 0.01298135 -0.00850000
v 0.03286125 0.00792274 -0.00850000
v 0.03263927 0.00764438 -0.00850000
v 0.03164168 0.00764438 -0.00850000
v 0.03141970 0.00792274 -0.00850000
v 0.03134048 0.00826985 -0.00850000
v 0.03232688 0.01297798 -0.00850000
v 0.03196246 0.00748991 -0.00850000
v 0.03231850 0.00748991 -0.00850000
v 0.03134048 0.01220000 -0.00850000
v 0.03142064 0.01254905 -0.00850000
v 0.03164506 0.01282814 -0.00850000
v 0.03196877 0.01298135 -0.00850000
v 0.04976411 0.01282814 -0.00850000
v 0.04945953 0.01220000 0.01080000
v 0.04945953 0.01220000 -0.00150000
v 0.04953969 0.01254905 0.01080000
v 0.04953969 0.01254905 -0.00150000
v 0.04976411 0.01282814 0.01080000
v 0.05105953 0.01220000 -0.00850000
v 0.05105953 0.01220000 0.01080000
v 0.05098582 0.01253542 -0.00850000
v 0.05098582 0.01253542 0.01080000
v 0.05076670 0.01281869 -0.00850000
v 0.05076670 0.01281869 0.01080000
v 0.05044593 0.01297798 -0.00850000
v 0.05044593 0.01297798 0.01080000
v 0.05008782 0.01298135 -0.00850000
v 0.05008782 0.01298135 0.01080000
v 0.05425953 0.00826985 -0.00850000
v 0.05425952 0.00856016 -0.00850000
v 0.05273969 0.01254905 -0.00850000
v 0.05418582 0.01253542 -0.00850000
v 0.05396669 0.01281869 -0.00850000
v 0.05364593 0.01297798 -0.00850000
v 0.05328782 0.01298135 -0.00850000
v 0.05296411 0.01282814 -0.00850000
v 0.05273875 0.00792274 -0.00850000
v 0.05296073 0.00764438 -0.00850000
v 0.05328151 0.00748991 -0.00850000
v 0.05265953 0.00847781 -0.00850000
v 0.05265953 0.00826985 -0.00850000
v 0.05418030 0.00792274 -0.00850000
v 0.05395832 0.00764438 -0.00850000
v 0.05363755 0.00748991 -0.00850000
v 0.05745953 0.00826985 -0.00850000
v 0.05745953 0.00834594 -0.00850000
v 0.05739741 0.00845289 -0.00850000
v 0.05705953 0.00757703 -0.00850000
v 0.05735235 0.00786985 -0.00850000
v 0.05665953 0.00746985 -0.00850000
v 0.05625953 0.00757703 -0.00850000
v 0.05596671 0.00786985 -0.00850000
v 0.05585953 0.00826985 -0.00850000
v 0.05585953 0.01220000 -0.00850000
v 0.05716670 0.01281869 -0.00850000
v 0.05616411 0.01282814 -0.00850000
v 0.05593969 0.01254905 -0.00850000
v 0.05648782 0.01298135 -0.00850000
v 0.05684593 0.01297798 -0.00850000
v 0.06055235 0.00786985 -0.00850000
v 0.06065822 0.00822422 -0.00850000
v 0.06052082 0.00840000 -0.00850000
v 0.05916671 0.00786985 -0.00850000
v 0.05945953 0.00757703 -0.00850000
v 0.05985953 0.00746985 -0.00850000
v 0.05936411 0.01282814 -0.00850000
v 0.05913969 0.01254905 -0.00850000
v 0.05905953 0.01220000 -0.00850000
v 0.05905953 0.00826985 -0.00850000
v 0.06025953 0.00757703 -0.00850000
v 0.06004594 0.01297798 -0.00850000
v 0.05968782 0.01298135 -0.00850000
v 0.06036669 0.01281869 -0.00850000
v 0.06041494 0.01277578 -0.00850000
v 0.06378030 0.00792274 -0.00850000
v 0.06384973 0.00814503 -0.00850000
v 0.06361627 0.00840000 -0.00850000
v 0.06323754 0.00748991 -0.00850000
v 0.06355832 0.00764438 -0.00850000
v 0.06225953 0.00826985 -0.00850000
v 0.06233875 0.00792274 -0.00850000
v 0.06256074 0.00764438 -0.00850000
v 0.06288151 0.00748991 -0.00850000
v 0.06351889 0.01285497 -0.00850000
v 0.06324594 0.01297798 -0.00850000
v 0.06225953 0.01220000 -0.00850000
v 0.06233969 0.01254905 -0.00850000
v 0.06256411 0.01282814 -0.00850000
v 0.06288782 0.01298135 -0.00850000
v 0.06695235 0.00786985 -0.00850000
v 0.06703871 0.00808855 -0.00850000
v 0.06665953 0.00757703 -0.00850000
v 0.06700455 0.00810718 -0.00850000
v 0.06625953 0.00746985 -0.00850000
v 0.06671172 0.00840000 -0.00850000
v 0.06585953 0.00757703 -0.00850000
v 0.06556670 0.00786985 -0.00850000
v 0.06662536 0.01291145 -0.00850000
v 0.06644593 0.01297798 -0.00850000
v 0.06545953 0.00826985 -0.00850000
v 0.06545953 0.01220000 -0.00850000
v 0.06553969 0.01254905 -0.00850000
v 0.06576411 0.01282814 -0.00850000
v 0.06608782 0.01298135 -0.00850000
v 0.00991850 0.00748991 -0.00850000
v 0.01023927 0.00764438 -0.00850000
v 0.01046125 0.00792274 -0.00850000
v 0.00956246 0.00748991 -0.00850000
v 0.00901970 0.00792274 -0.00850000
v 0.00924169 0.00764438 -0.00850000
v 0.01024765 0.01281869 -0.00850000
v 0.00992689 0.01297798 -0.00850000
v 0.00956877 0.01298135 -0.00850000
v 0.01046677 0.01253542 -0.00850000
v 0.01054048 0.01220000 -0.00850000
v 0.01054048 0.00826985 -0.00850000
v 0.00894048 0.01220000 0.01080000
v 0.00902064 0.01254905 0.01080000
v 0.00924506 0.01282814 0.01080000
v 0.00956877 0.01298135 0.01080000
v 0.01054048 0.01220000 0.01080000
v 0.01046677 0.01253542 0.01080000
v 0.01024765 0.01281869 0.01080000
v 0.00992689 0.01297798 0.01080000
v 0.00894048 0.00826985 0.01150000
v 0.00901970 0.00792274 0.01150000
v 0.00924169 0.00764438 0.01150000
v 0.00956246 0.00748991 0.01150000
v 0.00991850 0.00748991 0.01150000
v 0.01023927 0.00764438 0.01150000
v 0.01046125 0.00792274 0.01150000
v 0.01054048 0.00826985 0.01150000
v 0.01224766 0.00786985 -0.00850000
v 0.01363330 0.00786985 -0.00850000
v 0.01334048 0.00757703 -0.00850000
v 0.01294048 0.00746985 -0.00850000
v 0.01254048 0.00757703 -0.00850000
v 0.01344765 0.01281869 -0.00850000
v 0.01312689 0.01297798 -0.00850000
v 0.01276877 0.01298135 -0.00850000
v 0.01366677 0.01253542 -0.00850000
v 0.01374048 0.01220000 -0.00850000
v 0.01374048 0.00826985 -0.00850000
v 0.01214048 0.01220000 0.01080000
v 0.01222064 0.01254905 0.01080000
v 0.01244506 0.01282814 0.01080000
v 0.01276877 0.01298135 0.01080000
v 0.01374048 0.01220000 0.01080000
v 0.01366677 0.01253542 0.01080000
v 0.01344765 0.01281869 0.01080000
v 0.01312689 0.01297798 0.01080000
v 0.01214048 0.00826985 0.01150000
v 0.01224766 0.00786985 0.01150000
v 0.01254048 0.00757703 0.01150000
v 0.01294048 0.00746985 0.01150000
v 0.01334048 0.00757703 0.01150000
v 0.01363330 0.00786985 0.01150000
v 0.01374048 0.00826985 0.01150000
v 0.01614048 0.00746985 -0.00850000
v 0.01654048 0.00757703 -0.00850000
v 0.01574048 0.00757703 -0.00850000
v 0.01683330 0.00786985 -0.00850000
v 0.01544766 0.00786985 -0.00850000
v 0.01564506 0.01282814 -0.00850000
v 0.01664765 0.01281869 -0.00850000
v 0.01596877 0.01298135 -0.00850000
v 0.01632689 0.01297798 -0.00850000
v 0.01686677 0.01253542 -0.00850000
v 0.01694048 0.01220000 -0.00850000
v 0.01694048 0.00826985 -0.00850000
v 0.01534048 0.01220000 0.01080000
v 0.01542064 0.01254905 0.01080000
v 0.01564506 0.01282814 0.01080000
v 0.01694047 0.01220000 0.01080000
v 0.01686677 0.01253542 0.01080000
v 0.01664765 0.01281869 0.01080000
v 0.01632689 0.01297798 0.01080000
v 0.01596877 0.01298135 0.01080000
v 0.01534048 0.00826985 0.01150000
v 0.01544766 0.00786985 0.01150000
v 0.01574048 0.00757703 0.01150000
v 0.01614048 0.00746985 0.01150000
v 0.01654048 0.00757703 0.01150000
v 0.01683330 0.00786985 0.01150000
v 0.01694048 0.00826985 0.01150000
v 0.01974048 0.00757703 -0.00850000
v 0.02003330 0.00786985 -0.00850000
v 0.01854048 0.00826985 -0.00850000
v 0.01854048 0.00835260 -0.00850000
v 0.01864766 0.00786985 -0.00850000
v 0.01894048 0.00757703 -0.00850000
v 0.01934048 0.00746985 -0.00850000
v 0.02014048 0.00826985 -0.00850000
v 0.01857009 0.00840000 -0.00850000
v 0.02304764 0.01281869 -0.00850000
v 0.02272688 0.01297798 -0.00850000
v 0.02326677 0.01253542 -0.00850000
v 0.02236877 0.01298135 -0.00850000
v 0.02323330 0.00786985 -0.00850000
v 0.02334048 0.00826985 -0.00850000
v 0.02174048 0.00826985 -0.00850000
v 0.02334047 0.00846767 -0.00850000
v 0.02174048 0.00857514 -0.00850000
v 0.02182064 0.01254905 -0.00850000
v 0.02204506 0.01282814 -0.00850000
v 0.02254048 0.00746985 -0.00850000
v 0.02294048 0.00757703 -0.00850000
v 0.02214048 0.00757703 -0.00850000
v 0.02184766 0.00786985 -0.00850000
v 0.02182064 0.01254905 0.01080000
v 0.02174048 0.01220000 0.01080000
v 0.02174048 0.01220000 -0.00150000
v 0.02334048 0.01220000 -0.00150000
v 0.02334047 0.01220000 0.01080000
v 0.02326677 0.01253542 0.01080000
v 0.02304764 0.01281869 0.01080000
v 0.02272688 0.01297798 0.01080000
v 0.02236877 0.01298135 0.01080000
v 0.02204506 0.01282814 0.01080000
v 0.02654048 0.01220000 -0.00150000
v 0.02654047 0.01220000 0.01080000
v 0.02646677 0.01253542 -0.00150000
v 0.02646677 0.01253542 0.01080000
v 0.02624764 0.01281869 0.01080000
v 0.02592688 0.01297798 0.01080000
v 0.02556877 0.01298135 0.01080000
v 0.02524506 0.01282814 0.01080000
v 0.02502064 0.01254905 0.01080000
v 0.02494048 0.01220000 0.01080000
v 0.02974048 0.01220000 -0.00150000
v 0.02974048 0.01220000 0.01080000
v 0.02966677 0.01253542 -0.00150000
v 0.02966677 0.01253542 0.01080000
v 0.02946270 0.01280604 -0.00150000
v 0.02944764 0.01281869 0.01080000
v 0.02912688 0.01297798 0.01080000
v 0.02876877 0.01298135 0.01080000
v 0.02844506 0.01282814 0.01080000
v 0.02822064 0.01254905 0.01080000
v 0.02814048 0.01220000 0.01080000
v 0.02973687 0.00819396 -0.00150000
v 0.02963330 0.00786985 0.01150000
v 0.02974048 0.00826985 0.01150000
v 0.02974048 0.00826985 -0.00150000
v 0.02814048 0.00826985 0.01150000
v 0.02824766 0.00786985 0.01150000
v 0.02854048 0.00757703 0.01150000
v 0.02894048 0.00746985 0.01150000
v 0.02934048 0.00757703 0.01150000
v 0.03286125 0.00792274 0.01150000
v 0.03294048 0.00826985 0.01150000
v 0.03134048 0.00826985 0.01150000
v 0.03141970 0.00792274 0.01150000
v 0.03164168 0.00764438 0.01150000
v 0.03196246 0.00748991 0.01150000
v 0.03231850 0.00748991 0.01150000
v 0.03263927 0.00764438 0.01150000
v 0.03294048 0.01220000 0.01080000
v 0.03286677 0.01253542 0.01080000
v 0.03264765 0.01281869 0.01080000
v 0.03232688 0.01297798 0.01080000
v 0.03196877 0.01298135 0.01080000
v 0.03164506 0.01282814 0.01080000
v 0.03142064 0.01254905 0.01080000
v 0.03134048 0.01220000 0.01080000
v 0.04345953 0.00757703 -0.00850000
v 0.04385953 0.00746985 -0.00850000
v 0.04316671 0.00786985 -0.00850000
v 0.04385953 0.00750000 -0.00850000
v 0.04336168 0.00845289 -0.00850000
v 0.04313970 0.00817453 -0.00850000
v 0.04307249 0.00812640 -0.00850000
v 0.04436669 0.01281869 -0.00850000
v 0.04404594 0.01297798 -0.00850000
v 0.04368782 0.01298135 -0.00850000
v 0.04342794 0.01287360 -0.00850000
v 0.04458582 0.01253542 -0.00850000
v 0.04465953 0.01220000 -0.00850000
v 0.04465953 0.00830000 -0.00850000
v 0.04455235 0.00790000 -0.00850000
v 0.04425953 0.00760718 -0.00850000
v 0.04305953 0.00826985 -0.00150000
v 0.04305953 0.00826985 0.01150000
v 0.04307249 0.00812640 -0.00150000
v 0.04316671 0.00786985 0.01150000
v 0.04345953 0.00757703 0.01150000
v 0.04385953 0.00746985 0.01150000
v 0.04342794 0.01287360 -0.00150000
v 0.04305953 0.01220000 0.01080000
v 0.04305952 0.01220000 -0.00150000
v 0.04313969 0.01254905 0.01080000
v 0.04313969 0.01254905 -0.00150000
v 0.04336411 0.01282814 0.01080000
v 0.04336411 0.01282814 -0.00150000
v 0.04368782 0.01298135 0.01080000
v 0.04465953 0.01220000 0.01080000
v 0.04458582 0.01253542 0.01080000
v 0.04436669 0.01281869 0.01080000
v 0.04404594 0.01297798 0.01080000
v 0.04656411 0.01282814 -0.00850000
v 0.04653310 0.01280238 -0.00850000
v 0.04656073 0.00764438 -0.00850000
v 0.04688151 0.00748991 -0.00850000
v 0.04633875 0.00792274 -0.00850000
v 0.04723755 0.00748991 -0.00850000
v 0.04755832 0.00764438 -0.00850000
v 0.04785953 0.01220000 -0.00850000
v 0.04785953 0.00826985 -0.00850000
v 0.04778030 0.00792274 -0.00850000
v 0.04642918 0.00840000 -0.00850000
v 0.04626280 0.00819761 -0.00850000
v 0.04688782 0.01298135 -0.00850000
v 0.04724593 0.01297798 -0.00850000
v 0.04756669 0.01281869 -0.00850000
v 0.04778581 0.01253542 -0.00850000
v 0.04653310 0.01280238 -0.00150000
v 0.04625953 0.01220000 0.01080000
v 0.04625953 0.01220000 -0.00150000
v 0.04633969 0.01254905 0.01080000
v 0.04633969 0.01254905 -0.00150000
v 0.04656411 0.01282814 0.01080000
v 0.04785952 0.01220000 0.01080000
v 0.04778581 0.01253542 0.01080000
v 0.04756669 0.01281869 0.01080000
v 0.04724593 0.01297798 0.01080000
v 0.04688782 0.01298135 0.01080000
v 0.04625953 0.00826985 -0.00150000
v 0.04625953 0.00826985 0.01150000
v 0.04626280 0.00819761 -0.00150000
v 0.04633875 0.00792274 0.01150000
v 0.04656073 0.00764438 0.01150000
v 0.04688151 0.00748991 0.01150000
v 0.04723755 0.00748991 0.01150000
v 0.04755832 0.00764438 0.01150000
v 0.04778030 0.00792274 0.01150000
v 0.04785953 0.00826985 0.01150000
v 0.04945952 0.00830403 -0.00850000
v 0.04945953 0.00826985 -0.00850000
v 0.05098030 0.00792274 -0.00850000
v 0.04953875 0.00792274 -0.00850000
v 0.04976074 0.00764438 -0.00850000
v 0.05075832 0.00764438 -0.00850000
v 0.05043754 0.00748991 -0.00850000
v 0.05008151 0.00748991 -0.00850000
v 0.05105953 0.00826985 -0.00850000
v 0.04955259 0.00845289 -0.00850000
v 0.05425953 0.01220000 -0.00150000
v 0.05425952 0.01220000 0.01080000
v 0.05418582 0.01253542 0.01080000
v 0.05273969 0.01254905 0.01080000
v 0.05265953 0.01220000 0.01080000
v 0.05265953 0.01220000 -0.00150000
v 0.05396669 0.01281869 0.01080000
v 0.05364593 0.01297798 0.01080000
v 0.05328782 0.01298135 0.01080000
v 0.05296411 0.01282814 0.01080000
v 0.05745953 0.01220000 -0.00150000
v 0.05745953 0.01220000 0.01080000
v 0.05738582 0.01253542 -0.00150000
v 0.05738582 0.01253542 0.01080000
v 0.05716670 0.01281869 0.01080000
v 0.05684593 0.01297798 0.01080000
v 0.05648782 0.01298135 0.01080000
v 0.05616411 0.01282814 0.01080000
v 0.05593969 0.01254905 0.01080000
v 0.05585953 0.01220000 0.01080000
v 0.06065953 0.01220000 -0.00150000
v 0.06065952 0.01220000 0.01080000
v 0.06058582 0.01253542 -0.00150000
v 0.06058582 0.01253542 0.01080000
v 0.06041494 0.01277578 -0.00150000
v 0.06036669 0.01281869 0.01080000
v 0.06004594 0.01297798 0.01080000
v 0.05968782 0.01298135 0.01080000
v 0.05936411 0.01282814 0.01080000
v 0.05913969 0.01254905 0.01080000
v 0.05905953 0.01220000 0.01080000
v 0.06065822 0.00822422 -0.00150000
v 0.06055235 0.00786985 0.01150000
v 0.06065953 0.00826985 0.01150000
v 0.06065952 0.00826985 -0.00150000
v 0.05905953 0.00826985 0.01150000
v 0.05916671 0.00786985 0.01150000
v 0.05945953 0.00757703 0.01150000
v 0.05985953 0.00746985 0.01150000
v 0.06025953 0.00757703 0.01150000
v 0.06385953 0.01220000 -0.00150000
v 0.06385952 0.01220000 0.01080000
v 0.06378581 0.01253542 -0.00150000
v 0.06378581 0.01253542 0.01080000
v 0.06356669 0.01281869 -0.00150000
v 0.06356669 0.01281869 0.01080000
v 0.06351889 0.01285497 -0.00150000
v 0.06324594 0.01297798 0.01080000
v 0.06288782 0.01298135 0.01080000
v 0.06256411 0.01282814 0.01080000
v 0.06233969 0.01254905 0.01080000
v 0.06225953 0.01220000 0.01080000
v 0.06384973 0.00814503 -0.00150000
v 0.06378030 0.00792274 0.01150000
v 0.06385953 0.00826985 0.01150000
v 0.06385952 0.00826985 -0.00150000
v 0.06225953 0.00826985 0.01150000
v 0.06233875 0.00792274 0.01150000
v 0.06256074 0.00764438 0.01150000
v 0.06288151 0.00748991 0.01150000
v 0.06323754 0.00748991 0.01150000
v 0.06355832 0.00764438 0.01150000
v 0.06703871 0.00808855 -0.00150000
v 0.06695235 0.00786985 0.01150000
v 0.06705952 0.00826985 0.01150000
v 0.06705952 0.00826985 -0.00150000
v 0.06545953 0.00826985 0.01150000
v 0.06556670 0.00786985 0.01150000
v 0.06585953 0.00757703 0.01150000
v 0.06625953 0.00746985 0.01150000
v 0.06665953 0.00757703 0.01150000
v 0.06705952 0.01220000 -0.00150000
v 0.06705952 0.01220000 0.01080000
v 0.06698582 0.01253542 -0.00150000
v 0.06698582 0.01253542 0.01080000
v 0.06676669 0.01281869 -0.00150000
v 0.06676669 0.01281869 0.01080000
v 0.06662536 0.01291145 -0.00150000
v 0.06644593 0.01297798 0.01080000
v 0.06608782 0.01298135 0.01080000
v 0.06576411 0.01282814 0.01080000
v 0.06553969 0.01254905 0.01080000
v 0.06545953 0.01220000 0.01080000
v 0.06705952 0.01470000 0.01150000
v 0.06705952 0.01470000 0.01080000
v 0.06385952 0.01470000 0.01150000
v 0.06385952 0.01470000 0.01080000
v 0.06065952 0.01470000 0.01150000
v 0.06065952 0.01470000 0.01080000
v 0.05745953 0.00834594 -0.00150000
v 0.05745953 0.00826985 0.01150000
v 0.05745953 0.01470000 0.01150000
v 0.05745953 0.01470000 0.01080000
v 0.05425952 0.00856016 -0.00150000
v 0.05425953 0.00826985 0.01150000
v 0.05425952 0.01470000 0.01150000
v 0.05425952 0.01470000 0.01080000
v 0.05265953 0.00826985 0.01150000
v 0.05265953 0.00847781 -0.00150000
v 0.05265953 0.01470000 0.01080000
v 0.05265953 0.01470000 0.01150000
v 0.04945952 0.00830403 -0.00150000
v 0.04945952 0.01470000 0.01080000
v 0.04945952 0.01470000 0.01150000
v 0.04945953 0.00826985 0.01150000
v 0.04625953 0.01470000 0.01080000
v 0.04625953 0.01470000 0.01150000
v 0.04305952 0.01470000 0.01080000
v 0.04305952 0.01470000 0.01150000
v 0.03294048 0.01470000 0.01150000
v 0.03294048 0.01470000 0.01080000
v 0.02974048 0.01470000 0.01150000
v 0.02974048 0.01470000 0.01080000
v 0.02654047 0.00829833 -0.00150000
v 0.02654048 0.00826985 0.01150000
v 0.02654047 0.01470000 0.01150000
v 0.02654047 0.01470000 0.01080000
v 0.02174048 0.00826985 0.01150000
v 0.02174048 0.00857514 -0.00150000
v 0.02174048 0.01470000 0.01080000
v 0.02174048 0.01470000 0.01150000
v 0.02334047 0.00846767 -0.00150000
v 0.02334048 0.00826985 0.01150000
v 0.02334047 0.01470000 0.01150000
v 0.02334047 0.01470000 0.01080000
v 0.01854048 0.00826985 0.01150000
v 0.01854048 0.00835260 -0.00150000
v 0.01854048 0.01470000 0.01080000
v 0.01854048 0.01470000 0.01150000
v 0.01534048 0.01470000 0.01080000
v 0.01534048 0.01470000 0.01150000
v 0.01214048 0.01470000 0.01080000
v 0.01214048 0.01470000 0.01150000
v 0.00894048 0.01470000 0.01080000
v 0.00894048 0.01470000 0.01150000
v 0.03925000 0.01316506 -0.00029000
v 0.03862174 0.01342145 -0.00029000
v 0.03855459 0.01315997 -0.00050862
v 0.03675000 0.00883494 -0.00029000
v 0.03584412 0.00973422 -0.00029000
v 0.03562123 0.01033485 -0.00031475
v 0.03563590 0.01149556 -0.00035849
v 0.03556081 0.01078951 -0.00033192
v 0.03638704 0.01270269 -0.00041483
v 0.03592053 0.01215810 -0.00038715
v 0.03743912 0.01132383 -0.00179000
v 0.03767617 0.01156089 -0.00179000
v 0.03800000 0.01164765 -0.00179000
v 0.03745619 0.01322005 -0.00046357
v 0.03683638 0.01300613 -0.00043646
v 0.03657804 0.01285073 -0.00042424
v 0.03735235 0.01100000 -0.00179000
v 0.03743912 0.01067617 -0.00179000
v 0.03767617 0.01043911 -0.00179000
v 0.03925000 0.00883494 -0.00029000
v 0.04016506 0.00975000 -0.00029000
v 0.03887103 0.01049711 -0.00150000
v 0.03856089 0.01067617 -0.00179000
v 0.03832383 0.01043911 -0.00179000
v 0.03832383 0.01156089 -0.00179000
v 0.03900578 0.01100000 -0.00150000
v 0.04050000 0.01100000 -0.00029000
v 0.03887103 0.01150289 -0.00150000
v 0.04016506 0.01225000 -0.00029000
v 0.03819644 0.01324021 -0.00049339
v 0.03864766 0.01100000 -0.00179000
v 0.03856089 0.01132383 -0.00179000
v 0.03800000 0.01035235 -0.00179000
v 0.03800000 0.00850000 -0.00029000
v 0.00525582 0.01599342 -0.01083354
v 0.00620276 0.01560393 -0.01089903
v 0.00594684 0.01589064 -0.01085126
v 0.00567365 0.01601005 -0.01083064
v 0.00557649 0.01602603 -0.01082785
v 0.00491983 0.01578572 -0.01086903
v 0.00493097 0.01579703 -0.01086713
v 0.00499651 0.01585549 -0.01085725
v 0.00477461 0.01557711 -0.01090338
v 0.00472948 0.01546097 -0.01092195
v 0.00835128 0.01599342 -0.01083354
v 0.00929822 0.01560393 -0.01089903
v 0.00904229 0.01589064 -0.01085126
v 0.00876910 0.01601005 -0.01083064
v 0.00867194 0.01602603 -0.01082785
v 0.00801529 0.01578572 -0.01086903
v 0.00802642 0.01579703 -0.01086713
v 0.00809197 0.01585549 -0.01085725
v 0.00787006 0.01557711 -0.01090338
v 0.00782493 0.01546097 -0.01092195
v 0.01144673 0.01599342 -0.01083354
v 0.01239367 0.01560393 -0.01089903
v 0.01213775 0.01589064 -0.01085126
v 0.01186455 0.01601005 -0.01083064
v 0.01176740 0.01602603 -0.01082785
v 0.01111074 0.01578572 -0.01086903
v 0.01112188 0.01579703 -0.01086713
v 0.01118742 0.01585549 -0.01085725
v 0.01096552 0.01557711 -0.01090338
v 0.01092038 0.01546097 -0.01092195
v 0.01454219 0.01599342 -0.01083354
v 0.01548913 0.01560393 -0.01089903
v 0.01523320 0.01589064 -0.01085126
v 0.01496001 0.01601005 -0.01083064
v 0.01486285 0.01602603 -0.01082785
v 0.01420620 0.01578572 -0.01086903
v 0.01421733 0.01579703 -0.01086713
v 0.01428288 0.01585549 -0.01085725
v 0.01406097 0.01557711 -0.01090338
v 0.01401584 0.01546097 -0.01092195
v 0.01763764 0.01599342 -0.01083354
v 0.01858458 0.01560393 -0.01089903
v 0.01832866 0.01589064 -0.01085126
v 0.01805546 0.01601005 -0.01083064
v 0.01795831 0.01602603 -0.01082785
v 0.01730165 0.01578572 -0.01086903
v 0.01731279 0.01579703 -0.01086713
v 0.01737833 0.01585549 -0.01085725
v 0.01715643 0.01557711 -0.01090338
v 0.01711129 0.01546097 -0.01092195
v 0.02073310 0.01599342 -0.01083354
v 0.02168004 0.01560393 -0.01089903
v 0.02142411 0.01589064 -0.01085126
v 0.02115092 0.01601005 -0.01083064
v 0.02105376 0.01602603 -0.01082785
v 0.02039711 0.01578572 -0.01086903
v 0.02040824 0.01579703 -0.01086713
v 0.02047379 0.01585549 -0.01085725
v 0.02025188 0.01557711 -0.01090338
v 0.02020675 0.01546097 -0.01092195
v 0.02382855 0.01599342 -0.01083354
v 0.02477549 0.01560393 -0.01089903
v 0.02451957 0.01589064 -0.01085126
v 0.02424637 0.01601005 -0.01083064
v 0.02414922 0.01602603 -0.01082785
v 0.02349256 0.01578572 -0.01086903
v 0.02350369 0.01579703 -0.01086713
v 0.02356924 0.01585549 -0.01085725
v 0.02334733 0.01557711 -0.01090338
v 0.02330220 0.01546097 -0.01092195
v 0.02692401 0.01599342 -0.01083354
v 0.02787095 0.01560393 -0.01089903
v 0.02761502 0.01589064 -0.01085126
v 0.02734183 0.01601005 -0.01083064
v 0.02724467 0.01602603 -0.01082785
v 0.02658802 0.01578572 -0.01086903
v 0.02659915 0.01579703 -0.01086713
v 0.02666469 0.01585549 -0.01085725
v 0.02644279 0.01557711 -0.01090338
v 0.02639766 0.01546097 -0.01092195
v 0.03001946 0.01599342 -0.01083354
v 0.03096640 0.01560393 -0.01089903
v 0.03071048 0.01589064 -0.01085126
v 0.03043728 0.01601005 -0.01083064
v 0.03034013 0.01602603 -0.01082785
v 0.02968347 0.01578572 -0.01086903
v 0.02969460 0.01579703 -0.01086713
v 0.02976015 0.01585549 -0.01085725
v 0.02953824 0.01557711 -0.01090338
v 0.02949311 0.01546097 -0.01092195
v 0.03311491 0.01599342 -0.01083354
v 0.03406186 0.01560393 -0.01089903
v 0.03380593 0.01589064 -0.01085126
v 0.03353273 0.01601005 -0.01083064
v 0.03343558 0.01602603 -0.01082785
v 0.03277893 0.01578572 -0.01086903
v 0.03279006 0.01579703 -0.01086713
v 0.03285560 0.01585549 -0.01085725
v 0.03263370 0.01557711 -0.01090338
v 0.03258857 0.01546097 -0.01092195
v 0.03621037 0.01599342 -0.01083354
v 0.03715731 0.01560393 -0.01089903
v 0.03690138 0.01589064 -0.01085126
v 0.03662819 0.01601005 -0.01083064
v 0.03653103 0.01602603 -0.01082785
v 0.03587438 0.01578572 -0.01086903
v 0.03588551 0.01579703 -0.01086713
v 0.03595106 0.01585549 -0.01085725
v 0.03572915 0.01557711 -0.01090338
v 0.03568402 0.01546097 -0.01092195
v 0.03930582 0.01599342 -0.01083354
v 0.04025276 0.01560393 -0.01089903
v 0.03999684 0.01589064 -0.01085126
v 0.03972365 0.01601005 -0.01083064
v 0.03962649 0.01602603 -0.01082785
v 0.03896983 0.01578572 -0.01086903
v 0.03898097 0.01579703 -0.01086713
v 0.03904651 0.01585549 -0.01085725
v 0.03882461 0.01557711 -0.01090338
v 0.03877947 0.01546097 -0.01092195
v 0.04240128 0.01599342 -0.01083354
v 0.04334822 0.01560393 -0.01089903
v 0.04309229 0.01589064 -0.01085126
v 0.04281910 0.01601005 -0.01083064
v 0.04272195 0.01602603 -0.01082785
v 0.04206529 0.01578572 -0.01086903
v 0.04207642 0.01579703 -0.01086713
v 0.04214197 0.01585549 -0.01085725
v 0.04192006 0.01557711 -0.01090338
v 0.04187493 0.01546097 -0.01092195
v 0.04549673 0.01599342 -0.01083354
v 0.04644367 0.01560393 -0.01089903
v 0.04618775 0.01589064 -0.01085126
v 0.04591455 0.01601005 -0.01083064
v 0.04581740 0.01602603 -0.01082785
v 0.04516074 0.01578572 -0.01086903
v 0.04517188 0.01579703 -0.01086713
v 0.04523742 0.01585549 -0.01085725
v 0.04501552 0.01557711 -0.01090338
v 0.04497039 0.01546097 -0.01092195
v 0.04859219 0.01599342 -0.01083354
v 0.04953913 0.01560393 -0.01089903
v 0.04928320 0.01589064 -0.01085126
v 0.04901001 0.01601005 -0.01083064
v 0.04891285 0.01602603 -0.01082785
v 0.04825620 0.01578572 -0.01086903
v 0.04826733 0.01579703 -0.01086713
v 0.04833288 0.01585549 -0.01085725
v 0.04811097 0.01557711 -0.01090338
v 0.04806584 0.01546097 -0.01092195
v 0.05168764 0.01599342 -0.01083354
v 0.05263458 0.01560393 -0.01089903
v 0.05237866 0.01589064 -0.01085126
v 0.05210546 0.01601005 -0.01083064
v 0.05200831 0.01602603 -0.01082785
v 0.05135165 0.01578572 -0.01086903
v 0.05136279 0.01579703 -0.01086713
v 0.05142833 0.01585549 -0.01085725
v 0.05120642 0.01557711 -0.01090338
v 0.05116129 0.01546097 -0.01092195
v 0.05478310 0.01599342 -0.01083354
v 0.05573004 0.01560393 -0.01089903
v 0.05547411 0.01589064 -0.01085126
v 0.05520092 0.01601005 -0.01083064
v 0.05510376 0.01602603 -0.01082785
v 0.05444711 0.01578572 -0.01086903
v 0.05445824 0.01579703 -0.01086713
v 0.05452378 0.01585549 -0.01085725
v 0.05430188 0.01557711 -0.01090338
v 0.05425675 0.01546097 -0.01092195
v 0.05787855 0.01599342 -0.01083354
v 0.05882549 0.01560393 -0.01089903
v 0.05856957 0.01589064 -0.01085126
v 0.05829637 0.01601005 -0.01083064
v 0.05819922 0.01602603 -0.01082785
v 0.05754256 0.01578572 -0.01086903
v 0.05755369 0.01579703 -0.01086713
v 0.05761924 0.01585549 -0.01085725
v 0.05739734 0.01557711 -0.01090338
v 0.05735220 0.01546097 -0.01092195
v 0.06097401 0.01599342 -0.01083354
v 0.06192094 0.01560393 -0.01089903
v 0.06166502 0.01589064 -0.01085126
v 0.06139183 0.01601005 -0.01083064
v 0.06129467 0.01602603 -0.01082785
v 0.06063802 0.01578572 -0.01086903
v 0.06064915 0.01579703 -0.01086713
v 0.06071470 0.01585549 -0.01085725
v 0.06049279 0.01557711 -0.01090338
v 0.06044766 0.01546097 -0.01092195
v 0.06406946 0.01599342 -0.01083354
v 0.06501640 0.01560393 -0.01089903
v 0.06476048 0.01589064 -0.01085126
v 0.06448728 0.01601005 -0.01083064
v 0.06439013 0.01602603 -0.01082785
v 0.06373347 0.01578572 -0.01086903
v 0.06374460 0.01579703 -0.01086713
v 0.06381015 0.01585549 -0.01085725
v 0.06358825 0.01557711 -0.01090338
v 0.06354311 0.01546097 -0.01092195
v 0.06716491 0.01599342 -0.01083354
v 0.06811185 0.01560393 -0.01089903
v 0.06785593 0.01589064 -0.01085126
v 0.06758273 0.01601005 -0.01083064
v 0.06748558 0.01602603 -0.01082785
v 0.06682893 0.01578572 -0.01086903
v 0.06684006 0.01579703 -0.01086713
v 0.06690560 0.01585549 -0.01085725
v 0.06668369 0.01557711 -0.01090338
v 0.06663857 0.01546097 -0.01092195
v 0.07026037 0.01599342 -0.01083354
v 0.07120731 0.01560393 -0.01089903
v 0.07095139 0.01589064 -0.01085126
v 0.07067819 0.01601005 -0.01083064
v 0.07058103 0.01602603 -0.01082785
v 0.06992438 0.01578572 -0.01086903
v 0.06993552 0.01579703 -0.01086713
v 0.07000106 0.01585549 -0.01085725
v 0.06977915 0.01557711 -0.01090338
v 0.06973402 0.01546097 -0.01092195
v 0.01864766 0.00786985 0.01150000
v 0.01894048 0.00757703 0.01150000
v 0.01934048 0.00746985 0.01150000
v 0.01974048 0.00757703 0.01150000
v 0.02003330 0.00786985 0.01150000
v 0.02014048 0.00826985 0.01150000
v 0.02184766 0.00786985 0.01150000
v 0.02214048 0.00757703 0.01150000
v 0.02254048 0.00746985 0.01150000
v 0.02294048 0.00757703 0.01150000
v 0.02323330 0.00786985 0.01150000
v 0.02494048 0.00826985 0.01150000
v 0.02504766 0.00786985 0.01150000
v 0.02534048 0.00757703 0.01150000
v 0.02574048 0.00746985 0.01150000
v 0.02614048 0.00757703 0.01150000
v 0.02643330 0.00786985 0.01150000
v 0.04385953 0.00750000 0.01150000
v 0.04425953 0.00760718 0.01150000
v 0.04455235 0.00790000 0.01150000
v 0.04465953 0.00830000 0.01150000
v 0.04953875 0.00792274 0.01150000
v 0.04976074 0.00764438 0.01150000
v 0.05008151 0.00748991 0.01150000
v 0.05043754 0.00748991 0.01150000
v 0.05075832 0.00764438 0.01150000
v 0.05098030 0.00792274 0.01150000
v 0.05105953 0.00826985 0.01150000
v 0.05273875 0.00792274 0.01150000
v 0.05296073 0.00764438 0.01150000
v 0.05328151 0.00748991 0.01150000
v 0.05363755 0.00748991 0.01150000
v 0.05395832 0.00764438 0.01150000
v 0.05418030 0.00792274 0.01150000
v 0.05585953 0.00826985 0.01150000
v 0.05596671 0.00786985 0.01150000
v 0.05625953 0.00757703 0.01150000
v 0.05665953 0.00746985 0.01150000
v 0.05705953 0.00757703 0.01150000
v 0.05735235 0.00786985 0.01150000
v 0.06665953 0.01539282 0.01080000
v 0.06625953 0.01550000 0.01080000
v 0.06585953 0.01539282 0.01080000
v 0.06695235 0.01510000 0.01080000
v 0.06556670 0.01510000 0.01080000
v 0.06545953 0.01470000 0.01080000
v 0.06545953 0.01470000 0.01150000
v 0.06305952 0.01550000 0.01080000
v 0.06265952 0.01539282 0.01080000
v 0.06236671 0.01510000 0.01080000
v 0.06225953 0.01470000 0.01080000
v 0.06375235 0.01510000 0.01080000
v 0.06345952 0.01539282 0.01080000
v 0.06225953 0.01470000 0.01150000
v 0.05985953 0.01550000 0.01080000
v 0.05945953 0.01539282 0.01080000
v 0.05916670 0.01510000 0.01080000
v 0.05905952 0.01470000 0.01080000
v 0.06055234 0.01510000 0.01080000
v 0.06025952 0.01539282 0.01080000
v 0.05905952 0.01470000 0.01150000
v 0.05735235 0.01510000 0.01080000
v 0.05705953 0.01539282 0.01080000
v 0.05665952 0.01550000 0.01080000
v 0.05625952 0.01539282 0.01080000
v 0.05596671 0.01510000 0.01080000
v 0.05585952 0.01470000 0.01080000
v 0.05585952 0.01470000 0.01150000
v 0.05345953 0.01550000 0.01080000
v 0.05305953 0.01539282 0.01080000
v 0.05276670 0.01510000 0.01080000
v 0.05415234 0.01510000 0.01080000
v 0.05385952 0.01539282 0.01080000
v 0.05025952 0.01550000 0.01080000
v 0.04985952 0.01539282 0.01080000
v 0.04956670 0.01510000 0.01080000
v 0.05105953 0.01470000 0.01080000
v 0.05095235 0.01510000 0.01080000
v 0.05065953 0.01539282 0.01080000
v 0.05105953 0.01470000 0.01150000
v 0.04785952 0.01470000 0.01080000
v 0.04745952 0.01539282 0.01080000
v 0.04705952 0.01550000 0.01080000
v 0.04665953 0.01539282 0.01080000
v 0.04775234 0.01510000 0.01080000
v 0.04636670 0.01510000 0.01080000
v 0.04785952 0.01470000 0.01150000
v 0.04465953 0.01470000 0.01080000
v 0.04455234 0.01510000 0.01080000
v 0.04425953 0.01539282 0.01080000
v 0.04385952 0.01550000 0.01080000
v 0.04316670 0.01510000 0.01080000
v 0.04345952 0.01539282 0.01080000
v 0.04465953 0.01470000 0.01150000
v 0.03283330 0.01510000 0.01080000
v 0.03254047 0.01539282 0.01080000
v 0.03214047 0.01550000 0.01080000
v 0.03134048 0.01470000 0.01080000
v 0.03144766 0.01510000 0.01080000
v 0.03174048 0.01539282 0.01080000
v 0.03134048 0.01470000 0.01150000
v 0.02963329 0.01510000 0.01080000
v 0.02934048 0.01539282 0.01080000
v 0.02894047 0.01550000 0.01080000
v 0.02854048 0.01539282 0.01080000
v 0.02824765 0.01510000 0.01080000
v 0.02814048 0.01470000 0.01080000
v 0.02814048 0.01470000 0.01150000
v 0.02574047 0.01550000 0.01080000
v 0.02534048 0.01539282 0.01080000
v 0.02504765 0.01510000 0.01080000
v 0.02614048 0.01539282 0.01080000
v 0.02643330 0.01510000 0.01080000
v 0.02494048 0.01470000 0.01080000
v 0.02494048 0.01470000 0.01150000
v 0.02254048 0.01550000 0.01080000
v 0.02214047 0.01539282 0.01080000
v 0.02184765 0.01510000 0.01080000
v 0.02323330 0.01510000 0.01080000
v 0.02294048 0.01539282 0.01080000
v 0.02014047 0.01470000 0.01080000
v 0.02003330 0.01510000 0.01080000
v 0.01974048 0.01539282 0.01080000
v 0.01934048 0.01550000 0.01080000
v 0.01864766 0.01510000 0.01080000
v 0.01894047 0.01539282 0.01080000
v 0.02014047 0.01470000 0.01150000
v 0.01614048 0.01550000 0.01080000
v 0.01574047 0.01539282 0.01080000
v 0.01544765 0.01510000 0.01080000
v 0.01694047 0.01470000 0.01080000
v 0.01683330 0.01510000 0.01080000
v 0.01654048 0.01539282 0.01080000
v 0.01694047 0.01470000 0.01150000
v 0.01374048 0.01470000 0.01080000
v 0.01363330 0.01510000 0.01080000
v 0.01334048 0.01539282 0.01080000
v 0.01294048 0.01550000 0.01080000
v 0.01254048 0.01539282 0.01080000
v 0.01224765 0.01510000 0.01080000
v 0.01374048 0.01470000 0.01150000
v 0.01054048 0.01470000 0.01080000
v 0.01043330 0.01510000 0.01080000
v 0.01014048 0.01539282 0.01080000
v 0.00974048 0.01550000 0.01080000
v 0.00904766 0.01510000 0.01080000
v 0.00934048 0.01539282 0.01080000
v 0.01054048 0.01470000 0.01150000
v 0.05095235 0.01510000 0.01150000
v 0.05185953 0.01675000 0.01150000
v 0.05735235 0.01510000 0.01150000
v 0.05825952 0.01675000 0.01150000
v 0.06055234 0.01510000 0.01150000
v 0.06145953 0.01675000 0.01150000
v 0.06375235 0.01510000 0.01150000
v 0.06465953 0.01675000 0.01150000
v 0.04545953 0.01675000 0.01150000
v 0.04385952 0.01550000 0.01150000
v 0.04425953 0.01539282 0.01150000
v 0.04455234 0.01510000 0.01150000
v 0.04345952 0.01539282 0.01150000
v 0.03800000 0.01675000 0.01150000
v 0.04316670 0.01510000 0.01150000
v 0.02963329 0.01510000 0.01150000
v 0.03174048 0.01539282 0.01150000
v 0.03214047 0.01550000 0.01150000
v 0.03254047 0.01539282 0.01150000
v 0.03283330 0.01510000 0.01150000
v 0.02824765 0.01510000 0.01150000
v 0.02854048 0.01539282 0.01150000
v 0.02734048 0.01675000 0.01150000
v 0.02894047 0.01550000 0.01150000
v 0.02934048 0.01539282 0.01150000
v 0.03144766 0.01510000 0.01150000
v 0.02504765 0.01510000 0.01150000
v 0.02414048 0.01675000 0.01150000
v 0.02534048 0.01539282 0.01150000
v 0.02574047 0.01550000 0.01150000
v 0.02614048 0.01539282 0.01150000
v 0.02643330 0.01510000 0.01150000
v 0.02323330 0.01510000 0.01150000
v 0.02184765 0.01510000 0.01150000
v 0.02094048 0.01675000 0.01150000
v 0.02214047 0.01539282 0.01150000
v 0.02254048 0.01550000 0.01150000
v 0.02294048 0.01539282 0.01150000
v 0.02003330 0.01510000 0.01150000
v 0.01864766 0.01510000 0.01150000
v 0.01774048 0.01675000 0.01150000
v 0.01894047 0.01539282 0.01150000
v 0.01934048 0.01550000 0.01150000
v 0.01974048 0.01539282 0.01150000
v 0.01683330 0.01510000 0.01150000
v 0.01544765 0.01510000 0.01150000
v 0.01574047 0.01539282 0.01150000
v 0.01454048 0.01675000 0.01150000
v 0.01614048 0.01550000 0.01150000
v 0.01654048 0.01539282 0.01150000
v 0.01134048 0.01675000 0.01150000
v 0.01224765 0.01510000 0.01150000
v 0.01254048 0.01539282 0.01150000
v 0.01294048 0.01550000 0.01150000
v 0.01334048 0.01539282 0.01150000
v 0.01363330 0.01510000 0.01150000
v 0.00904766 0.01510000 0.01150000
v 0.00480384 0.01710707 0.01150000
v 0.00934048 0.01539282 0.01150000
v 0.00974048 0.01550000 0.01150000
v 0.01014048 0.01539282 0.01150000
v 0.01043330 0.01510000 0.01150000
v 0.06556670 0.01510000 0.01150000
v 0.06585953 0.01539282 0.01150000
v 0.06625953 0.01550000 0.01150000
v 0.06665953 0.01539282 0.01150000
v 0.06695235 0.01510000 0.01150000
v 0.06345952 0.01539282 0.01150000
v 0.06305952 0.01550000 0.01150000
v 0.06265952 0.01539282 0.01150000
v 0.06236671 0.01510000 0.01150000
v 0.05916670 0.01510000 0.01150000
v 0.05945953 0.01539282 0.01150000
v 0.05985953 0.01550000 0.01150000
v 0.06025952 0.01539282 0.01150000
v 0.05505953 0.01675000 0.01150000
v 0.05596671 0.01510000 0.01150000
v 0.05625952 0.01539282 0.01150000
v 0.05665952 0.01550000 0.01150000
v 0.05705953 0.01539282 0.01150000
v 0.05276670 0.01510000 0.01150000
v 0.05305953 0.01539282 0.01150000
v 0.05345953 0.01550000 0.01150000
v 0.05385952 0.01539282 0.01150000
v 0.05415234 0.01510000 0.01150000
v 0.04865953 0.01675000 0.01150000
v 0.04956670 0.01510000 0.01150000
v 0.04985952 0.01539282 0.01150000
v 0.05025952 0.01550000 0.01150000
v 0.05065953 0.01539282 0.01150000
v 0.04636670 0.01510000 0.01150000
v 0.04665953 0.01539282 0.01150000
v 0.04705952 0.01550000 0.01150000
v 0.04745952 0.01539282 0.01150000
v 0.04775234 0.01510000 0.01150000
v 0.07102999 0.01756061 0.01150000
v 0.07067063 0.01788335 0.01150000
v 0.00497001 0.01756061 0.01150000
v 0.00532937 0.01788335 0.01150000
v 0.03800000 0.01100000 -0.00179000
v 0.03950962 0.00900725 0.00985380
v 0.03924999 0.00883493 0.00983382
v 0.03925000 0.00883494 0.01050000
v 0.04031823 0.01006415 0.00093897
v 0.04016507 0.00975002 0.00091618
v 0.04016508 0.00975003 0.00104118
v 0.03823926 0.01348852 0.00036027
v 0.03822892 0.01348950 0.00023592
v 0.03862178 0.01342144 0.00021051
v 0.03915376 0.01321785 0.00029831
v 0.03914187 0.01322399 0.00029918
v 0.03800002 0.01350000 0.00025000
v 0.03799998 0.01350000 0.00037500
v 0.03732004 0.01340576 0.00029340
v 0.03733205 0.01340912 0.00041759
v 0.03675001 0.01316507 0.00033382
v 0.03675001 0.01316507 0.00045882
v 0.03647687 0.01298244 0.00035487
v 0.03651046 0.01300780 0.00047721
v 0.03586518 0.01230097 0.00041235
v 0.03552365 0.01065693 0.00064630
v 0.03582663 0.00976450 0.00070773
v 0.03583494 0.00975000 0.00058382
v 0.03589068 0.01234194 0.00053424
v 0.03583493 0.01225000 0.00054118
v 0.03553489 0.01141622 0.00047401
v 0.03554385 0.01146618 0.00059577
v 0.03550000 0.01100000 0.00050000
v 0.03550000 0.01100000 0.00062500
v 0.03554603 0.01052248 0.00052997
v 0.03554773 0.01051380 0.00053054
v 0.03977930 0.00924384 0.00100099
v 0.03981670 0.00928256 0.00087926
v 0.03924998 0.00883492 0.00095882
v 0.03924998 0.00883493 0.00083382
v 0.03903113 0.00872255 0.00094280
v 0.03915406 0.00878231 0.00082671
v 0.03812589 0.00850317 0.00088268
v 0.03825921 0.00851347 0.00076598
v 0.03800002 0.00850000 0.00087500
v 0.03799998 0.00850000 0.00075000
v 0.03721538 0.00862632 0.00082449
v 0.03734929 0.00858617 0.00070857
v 0.03675003 0.00883492 0.00079119
v 0.03675003 0.00883492 0.00066619
v 0.03641473 0.00906689 0.00076515
v 0.03652843 0.00897899 0.00064921
v 0.03590341 0.00963827 0.00059227
v 0.04029570 0.01001017 0.00106015
v 0.04049822 0.01090576 0.00111927
v 0.04049987 0.01097467 0.00099847
v 0.04050000 0.01100003 0.00112500
v 0.04034266 0.01187289 0.00105662
v 0.04036370 0.01181419 0.00117755
v 0.04016507 0.01224998 0.00108382
v 0.04016508 0.01224997 0.00120882
v 0.03985823 0.01267242 0.00111698
v 0.03989709 0.01262820 0.00123834
v 0.03924999 0.01316507 0.00116618
v 0.03919402 0.01319643 0.00129535
v 0.03915378 0.01321784 0.00117331
v 0.03914189 0.01322398 0.00117418
v 0.03823928 0.01348852 0.00123527
v 0.03829651 0.01348235 0.00135666
v 0.03799999 0.01350000 0.00125000
v 0.03800001 0.01350000 0.00137500
v 0.03733208 0.01340912 0.00129258
v 0.03740804 0.01342891 0.00141251
v 0.03717207 0.01335893 0.00142850
v 0.03675003 0.01316508 0.00133382
v 0.03675002 0.01316507 0.00145882
v 0.03651048 0.01300782 0.00135220
v 0.03636111 0.01288787 0.00148922
v 0.03589070 0.01234196 0.00140924
v 0.03583493 0.01224999 0.00154118
v 0.03583493 0.01224999 0.00141618
v 0.03579250 0.01217344 0.00154686
v 0.03554386 0.01146622 0.00147076
v 0.03551783 0.01129810 0.00160656
v 0.03550000 0.01100000 0.00150000
v 0.03550000 0.01099999 0.00162500
v 0.03552365 0.01065693 0.00152130
v 0.03557581 0.01038902 0.00166377
v 0.03582662 0.00976451 0.00158273
v 0.03583492 0.00975002 0.00170882
v 0.03597565 0.00953303 0.00172543
v 0.03641472 0.00906690 0.00164015
v 0.03663807 0.00890354 0.00178271
v 0.03675002 0.00883493 0.00166618
v 0.03675001 0.00883493 0.00179118
v 0.03721537 0.00862632 0.00169949
v 0.03751324 0.00854785 0.00184442
v 0.03799998 0.00850000 0.00175000
v 0.03800000 0.00850000 0.00187500
v 0.03812588 0.00850317 0.00175768
v 0.03840783 0.00853349 0.00190045
v 0.03852985 0.00855679 0.00190840
v 0.03903111 0.00872254 0.00181780
v 0.03924999 0.00883493 0.00195882
v 0.03924997 0.00883492 0.00183382
v 0.03939899 0.00892809 0.00197014
v 0.03977930 0.00924384 0.00187599
v 0.04004616 0.00956360 0.00202696
v 0.04016508 0.00975003 0.00191618
v 0.04016507 0.00975002 0.00204118
v 0.04029569 0.01001016 0.00193515
v 0.04041981 0.01037187 0.00208508
v 0.04049822 0.01090574 0.00199427
v 0.04050000 0.01100002 0.00212500
v 0.04050000 0.01100002 0.00200000
v 0.04048525 0.01127118 0.00214174
v 0.04046886 0.01139334 0.00214952
v 0.04036371 0.01181417 0.00205255
v 0.04014718 0.01228048 0.00221110
v 0.04016507 0.01224999 0.00208382
v 0.03989710 0.01262819 0.00211334
v 0.03954729 0.01296364 0.00226820
v 0.03919404 0.01319642 0.00217034
v 0.03924998 0.01316508 0.00229118
v 0.03877590 0.01337655 0.00232508
v 0.03829653 0.01348235 0.00223166
v 0.03800001 0.01350000 0.00237500
v 0.03799998 0.01350000 0.00225000
v 0.03787180 0.01349671 0.00238282
v 0.03774129 0.01348658 0.00239095
v 0.03864536 0.00858473 0.00291607
v 0.03840779 0.00853348 0.00277545
v 0.03799998 0.00850000 0.00287500
v 0.03799999 0.00850000 0.00275000
v 0.03773204 0.00851440 0.00285847
v 0.03751320 0.00854785 0.00271942
v 0.03683145 0.00878991 0.00279722
v 0.03675000 0.00883493 0.00266618
v 0.03675001 0.00883493 0.00279118
v 0.03663805 0.00890356 0.00265771
v 0.03611424 0.00935868 0.00273942
v 0.03597563 0.00953306 0.00260043
v 0.03583493 0.00975001 0.00270882
v 0.03583493 0.00975001 0.00258382
v 0.03564217 0.01016895 0.00267871
v 0.03557580 0.01038905 0.00253877
v 0.03550000 0.01099999 0.00262500
v 0.03550000 0.01099999 0.00250000
v 0.03550110 0.01107409 0.00262050
v 0.03551784 0.01129812 0.00248156
v 0.03570190 0.01198423 0.00256055
v 0.03579251 0.01217346 0.00242186
v 0.03583492 0.01224997 0.00254118
v 0.03583492 0.01224998 0.00241618
v 0.03612419 0.01265267 0.00250965
v 0.03636112 0.01288788 0.00236422
v 0.03675003 0.01316508 0.00245882
v 0.03675000 0.01316507 0.00233382
v 0.03684203 0.01321565 0.00245200
v 0.03717208 0.01335893 0.00230350
v 0.03740807 0.01342891 0.00228750
v 0.04014719 0.01228047 0.00308610
v 0.04046886 0.01139333 0.00302452
v 0.04045543 0.01146998 0.00315448
v 0.04048525 0.01127115 0.00301673
v 0.04050000 0.01100004 0.00312500
v 0.04050000 0.01099999 0.00300000
v 0.04045948 0.01055169 0.00309693
v 0.04041979 0.01037184 0.00296008
v 0.04016509 0.00975005 0.00304119
v 0.04016507 0.00975001 0.00291618
v 0.04011713 0.00967042 0.00303518
v 0.04004615 0.00956359 0.00290196
v 0.03949520 0.00899641 0.00297765
v 0.03939898 0.00892808 0.00284514
v 0.03924998 0.00883492 0.00295882
v 0.03924998 0.00883493 0.00283382
v 0.03852985 0.00855679 0.00278340
v 0.04016506 0.01225000 0.00320882
v 0.04010539 0.01234809 0.00321623
v 0.03954731 0.01296363 0.00314320
v 0.03947569 0.01301800 0.00327388
v 0.03924997 0.01316508 0.00316618
v 0.03924997 0.01316508 0.00329119
v 0.03877592 0.01337654 0.00320008
v 0.03862227 0.01342132 0.00333548
v 0.03800000 0.01350000 0.00325000
v 0.03800002 0.01350000 0.00337500
v 0.03787183 0.01349671 0.00325782
v 0.03774130 0.01348658 0.00326595
v 0.03770399 0.01348241 0.00339331
v 0.03684204 0.01321566 0.00332700
v 0.03680707 0.01319702 0.00345457
v 0.03675001 0.01316507 0.00333382
v 0.03612420 0.01265268 0.00338465
v 0.03609258 0.01261609 0.00351265
v 0.03583492 0.01224997 0.00341618
v 0.03583491 0.01224996 0.00354119
v 0.03570188 0.01198419 0.00343555
v 0.03563156 0.01180030 0.00357341
v 0.03550110 0.01107405 0.00349550
v 0.03550000 0.01099999 0.00362500
v 0.03550000 0.01099999 0.00350000
v 0.03550249 0.01088854 0.00363179
v 0.03564218 0.01016891 0.00355372
v 0.03571645 0.00998245 0.00369183
v 0.03583492 0.00975003 0.00358382
v 0.03583493 0.00975001 0.00370882
v 0.03611426 0.00935866 0.00361442
v 0.03623905 0.00922544 0.00375058
v 0.03675001 0.00883493 0.00366618
v 0.03675003 0.00883492 0.00379118
v 0.03683148 0.00878990 0.00367223
v 0.03700353 0.00870717 0.00380968
v 0.03773207 0.00851440 0.00373347
v 0.03789847 0.00850206 0.00386882
v 0.03800000 0.00850000 0.00375000
v 0.03800001 0.00850000 0.00387500
v 0.03864539 0.00858474 0.00379107
v 0.03880299 0.00863247 0.00392678
v 0.03924998 0.00883492 0.00383382
v 0.03924999 0.00883493 0.00395882
v 0.03949522 0.00899642 0.00385265
v 0.03956912 0.00905375 0.00398355
v 0.04011714 0.00967044 0.00391018
v 0.04005830 0.00958105 0.00402832
v 0.04016506 0.00975000 0.00391618
v 0.04016507 0.00975001 0.00404118
v 0.04045948 0.01055171 0.00397193
v 0.04043259 0.01042339 0.00408851
v 0.04050000 0.01099999 0.00400000
v 0.04049511 0.01084378 0.00411545
v 0.04050000 0.01100002 0.00412500
v 0.04045542 0.01147000 0.00402948
v 0.04038662 0.01174432 0.00417276
v 0.04016508 0.01224997 0.00408382
v 0.04016507 0.01224999 0.00420882
v 0.04010538 0.01234810 0.00409123
v 0.04003157 0.01245696 0.00422465
v 0.03947568 0.01301801 0.00414889
v 0.03939088 0.01307737 0.00428049
v 0.03924997 0.01316508 0.00416618
v 0.03925622 0.01316146 0.00429072
v 0.03862226 0.01342132 0.00421048
v 0.03836506 0.01347320 0.00435230
v 0.03800000 0.01350000 0.00425000
v 0.03799998 0.01350000 0.00437500
v 0.03770399 0.01348241 0.00426831
v 0.03745792 0.01344052 0.00440920
v 0.03680707 0.01319702 0.00432957
v 0.03675000 0.01316506 0.00445882
v 0.03659309 0.01306655 0.00447075
v 0.03609258 0.01261610 0.00438765
v 0.03600092 0.01250122 0.00452187
v 0.03583492 0.01224997 0.00441618
v 0.03583492 0.01224997 0.00454118
v 0.03563156 0.01180030 0.00444841
v 0.03559487 0.01168217 0.00458146
v 0.03550000 0.01100000 0.00450000
v 0.03550000 0.01100001 0.00462500
v 0.03550249 0.01088855 0.00450679
v 0.03551035 0.01077278 0.00463897
v 0.03571645 0.00998246 0.00456682
v 0.03575990 0.00989006 0.00469849
v 0.03583494 0.00975000 0.00458382
v 0.03583491 0.00975004 0.00470881
v 0.03623904 0.00922545 0.00462558
v 0.03631358 0.00915447 0.00475685
v 0.03675003 0.00883492 0.00466618
v 0.03675003 0.00883492 0.00479118
v 0.03700351 0.00870718 0.00468468
v 0.03707878 0.00867592 0.00481500
v 0.03741520 0.00856936 0.00483797
v 0.03789844 0.00850206 0.00474382
v 0.03800000 0.00850000 0.00487500
v 0.03800000 0.00850000 0.00475000
v 0.03832366 0.00852104 0.00489506
v 0.03880298 0.00863246 0.00480178
v 0.03918868 0.00880067 0.00495426
v 0.03924998 0.00883493 0.00483382
v 0.03925000 0.00883493 0.00495882
v 0.03956933 0.00905393 0.00485857
v 0.04005823 0.00958096 0.00490331
v 0.03989838 0.00937331 0.00501178
v 0.04016507 0.00975001 0.00491618
v 0.04016507 0.00975002 0.00504118
v 0.04043257 0.01042328 0.00496351
v 0.04032910 0.01009155 0.00506590
v 0.04049512 0.01084380 0.00499045
v 0.04050000 0.01099661 0.00512480
v 0.04050000 0.01100001 0.00500000
v 0.04038662 0.01174434 0.00504776
v 0.04033086 0.01190394 0.00518379
v 0.04016507 0.01224998 0.00508382
v 0.04016508 0.01224997 0.00520882
v 0.04003159 0.01245692 0.00509964
v 0.03984451 0.01268753 0.00524324
v 0.03939091 0.01307735 0.00515548
v 0.03925001 0.01316506 0.00529118
v 0.03925622 0.01316146 0.00516572
v 0.03912268 0.01323374 0.00530058
v 0.03836506 0.01347320 0.00522730
v 0.03821873 0.01349041 0.00536156
v 0.03799999 0.01350000 0.00525000
v 0.03799999 0.01350000 0.00537500
v 0.03745793 0.01344052 0.00528420
v 0.03731390 0.01340401 0.00541881
v 0.03675000 0.01316506 0.00533382
v 0.03675002 0.01316508 0.00545882
v 0.03659311 0.01306655 0.00534575
v 0.03652966 0.01302191 0.00547569
v 0.03600093 0.01250124 0.00539687
v 0.03590450 0.01236341 0.00553260
v 0.03583492 0.01224998 0.00541618
v 0.03583492 0.01224998 0.00554118
v 0.03559488 0.01168219 0.00545645
v 0.03555455 0.01151942 0.00559229
v 0.03550000 0.01100000 0.00550000
v 0.03550000 0.01100000 0.00562500
v 0.03551035 0.01077280 0.00551397
v 0.03553041 0.01061123 0.00564922
v 0.03575989 0.00989009 0.00557349
v 0.03583377 0.00975202 0.00570867
v 0.03583493 0.00975002 0.00558382
v 0.03631355 0.00915449 0.00563185
v 0.03642622 0.00905752 0.00576608
v 0.03675002 0.00883493 0.00566618
v 0.03675002 0.00883492 0.00579118
v 0.03707875 0.00867593 0.00569000
v 0.03725172 0.00861461 0.00582697
v 0.03741520 0.00856936 0.00571297
v 0.03832366 0.00852104 0.00577006
v 0.03800000 0.00850000 0.00575000
v 0.03811385 0.00850259 0.00588194
v 0.03799998 0.00850000 0.00587500
v 0.03918868 0.00880067 0.00582926
v 0.03899647 0.00870717 0.00594032
v 0.03924999 0.00883493 0.00583382
v 0.03924998 0.00883492 0.00595882
v 0.03940152 0.00892980 0.00597033
v 0.03989838 0.00937330 0.00588678
v 0.04004942 0.00956827 0.00602732
v 0.04016508 0.00975002 0.00591618
v 0.04016506 0.00975000 0.00604118
v 0.04032911 0.01009156 0.00594090
v 0.04043446 0.01043132 0.00608904
v 0.04050000 0.01099662 0.00599980
v 0.04050000 0.01099999 0.00612500
v 0.04047490 0.01135338 0.00614696
v 0.04033086 0.01190394 0.00605879
v 0.04016788 0.01224510 0.00620845
v 0.04016508 0.01224997 0.00608382
v 0.03984451 0.01268753 0.00611824
v 0.03957111 0.01294464 0.00626629
v 0.03924999 0.01316507 0.00616618
v 0.03924999 0.01316507 0.00629118
v 0.03912268 0.01323374 0.00617558
v 0.03874200 0.01338735 0.00632740
v 0.03821873 0.01349041 0.00623656
v 0.03800002 0.01350000 0.00637500
v 0.03800001 0.01350000 0.00625000
v 0.03782760 0.01349405 0.00638555
v 0.03731392 0.01340401 0.00629381
v 0.03692338 0.01325630 0.00644607
v 0.03675001 0.01316507 0.00633382
v 0.03675001 0.01316507 0.00645882
v 0.03652965 0.01302190 0.00635070
v 0.03618131 0.01271533 0.00650444
v 0.03590450 0.01236340 0.00640760
v 0.03583492 0.01224998 0.00654118
v 0.03583493 0.01225000 0.00641618
v 0.03572526 0.01203709 0.00655677
v 0.03555455 0.01151941 0.00646729
v 0.03550332 0.01112872 0.00661715
v 0.03550000 0.01100001 0.00650000
v 0.03550000 0.01100000 0.00662500
v 0.03553041 0.01061122 0.00652423
v 0.03562117 0.01023112 0.00667443
v 0.03583377 0.00975202 0.00658367
v 0.03583492 0.00975003 0.00670882
v 0.03607347 0.00940673 0.00673550
v 0.03642622 0.00905752 0.00664108
v 0.03676832 0.00882446 0.00679255
v 0.03675002 0.00883492 0.00666618
v 0.03725171 0.00861461 0.00670197
v 0.03766235 0.00852291 0.00685405
v 0.03799999 0.00850000 0.00675000
v 0.03800001 0.00850000 0.00687500
v 0.03811376 0.00850259 0.00675693
v 0.03856789 0.00856535 0.00691091
v 0.03899638 0.00870714 0.00681532
v 0.03924999 0.00883493 0.00695882
v 0.03924998 0.00883493 0.00683382
v 0.03940154 0.00892981 0.00684534
v 0.03937285 0.00891067 0.00696813
v 0.04004943 0.00956828 0.00690232
v 0.04002875 0.00953912 0.00702505
v 0.04016508 0.00975003 0.00691618
v 0.04016507 0.00975001 0.00704118
v 0.04043446 0.01043133 0.00696404
v 0.04041782 0.01036430 0.00708458
v 0.04050000 0.01099999 0.00700000
v 0.04050000 0.01099998 0.00712500
v 0.04047490 0.01135339 0.00702196
v 0.04048504 0.01127310 0.00714186
v 0.04016788 0.01224511 0.00708345
v 0.04022271 0.01214436 0.00720100
v 0.04016509 0.01224996 0.00720881
v 0.03957111 0.01294464 0.00714129
v 0.03966020 0.01286915 0.00725903
v 0.03924998 0.01316508 0.00716618
v 0.03924998 0.01316507 0.00729118
v 0.03874200 0.01338735 0.00720240
v 0.03886430 0.01334584 0.00731898
v 0.03800000 0.01350000 0.00725000
v 0.03803862 0.01349970 0.00737266
v 0.03782760 0.01349405 0.00726055
v 0.03550000 0.01099999 0.00762500
v 0.03550000 0.01100000 0.00750000
v 0.03550332 0.01112871 0.00749215
v 0.03692339 0.01325630 0.00732107
v 0.03713154 0.01334431 0.00743131
v 0.03675003 0.01316508 0.00733382
v 0.03675001 0.01316507 0.00745882
v 0.03618132 0.01271534 0.00737944
v 0.03634395 0.01287283 0.00749063
v 0.03583493 0.01224998 0.00741618
v 0.03583493 0.01224998 0.00754118
v 0.03572525 0.01203708 0.00743178
v 0.03578147 0.01215245 0.00754841
v 0.03551527 0.01127591 0.00760797
v 0.03562117 0.01023112 0.00754944
v 0.03558145 0.01036707 0.00766524
v 0.03583492 0.00975003 0.00758382
v 0.03583492 0.00975003 0.00770882
v 0.03607348 0.00940673 0.00761050
v 0.03598705 0.00951743 0.00772666
v 0.03676832 0.00882446 0.00766755
v 0.03656601 0.00895215 0.00777715
v 0.03675000 0.00883494 0.00779118
v 0.03766235 0.00852291 0.00772905
v 0.03742842 0.00856622 0.00783885
v 0.03800002 0.00850000 0.00775000
v 0.03799998 0.00850000 0.00787500
v 0.03856788 0.00856535 0.00778591
v 0.03834588 0.00852404 0.00789648
v 0.03924997 0.00883492 0.00783382
v 0.03923839 0.00882827 0.00795795
v 0.03937286 0.00891068 0.00784313
v 0.04002875 0.00953913 0.00790005
v 0.03994047 0.00942375 0.00801588
v 0.04016507 0.00975001 0.00791618
v 0.04016508 0.00975002 0.00804118
v 0.04041783 0.01036430 0.00795958
v 0.04038529 0.01025141 0.00807695
v 0.04050000 0.01099998 0.00800000
v 0.04050000 0.01100001 0.00812500
v 0.04048504 0.01127311 0.00801686
v 0.04049450 0.01116578 0.00813514
v 0.04022271 0.01214436 0.00807600
v 0.04027385 0.01203905 0.00819337
v 0.04020425 0.01217952 0.00820358
v 0.04016508 0.01224997 0.00808381
v 0.04016507 0.01224999 0.00820882
v 0.03966021 0.01286915 0.00813403
v 0.03963231 0.01289356 0.00826132
v 0.03924996 0.01316509 0.00816619
v 0.03924997 0.01316508 0.00829118
v 0.03886430 0.01334584 0.00819398
v 0.03884754 0.01335195 0.00832015
v 0.03803860 0.01349970 0.00824766
v 0.03794090 0.01349930 0.00837858
v 0.03713153 0.01334430 0.00830631
v 0.03716623 0.01335687 0.00842890
v 0.03675002 0.01316507 0.00833382
v 0.03675004 0.01316509 0.00845881
v 0.03634395 0.01287283 0.00836563
v 0.03635670 0.01288403 0.00848958
v 0.03583493 0.01224999 0.00841618
v 0.03583493 0.01224999 0.00854118
v 0.03578147 0.01215245 0.00842341
v 0.03579055 0.01216976 0.00854713
v 0.03551527 0.01127591 0.00848297
v 0.03551457 0.01126949 0.00860837
v 0.03550000 0.01100000 0.00850000
v 0.03550000 0.01100000 0.00862500
v 0.03558145 0.01036707 0.00854024
v 0.03558235 0.01036363 0.00866547
v 0.03583493 0.00975002 0.00858382
v 0.03583493 0.00975001 0.00870882
v 0.03598705 0.00951743 0.00860166
v 0.03597227 0.00953770 0.00872506
v 0.03656602 0.00895215 0.00865215
v 0.03662730 0.00891057 0.00878189
v 0.03675001 0.00883493 0.00866618
v 0.03675000 0.00883494 0.00879118
v 0.03742843 0.00856622 0.00871385
v 0.03744768 0.00856177 0.00884012
v 0.03800000 0.00850000 0.00875000
v 0.03800001 0.00850000 0.00887500
v 0.03834589 0.00852404 0.00877148
v 0.03834319 0.00852367 0.00889631
v 0.03866310 0.00858954 0.00891726
v 0.03923839 0.00882827 0.00883295
v 0.03924996 0.00883491 0.00895881
v 0.03950960 0.00900724 0.00897879
v 0.03994047 0.00942375 0.00889088
v 0.04012717 0.00968654 0.00903641
v 0.04016507 0.00975002 0.00891618
v 0.04016507 0.00975002 0.00904118
v 0.04038529 0.01025141 0.00895195
v 0.04046278 0.01057022 0.00909813
v 0.04050000 0.01100001 0.00900000
v 0.04050000 0.01099999 0.00912500
v 0.04049450 0.01116577 0.00901014
v 0.04045211 0.01148701 0.00915559
v 0.04027385 0.01203904 0.00906837
v 0.04016508 0.01224997 0.00920882
v 0.04020425 0.01217952 0.00907858
v 0.04016507 0.01224998 0.00908382
v 0.04011455 0.01233367 0.00921513
v 0.04007154 0.01239955 0.00922018
v 0.03963232 0.01289355 0.00913632
v 0.03943506 0.01304710 0.00927706
v 0.03924998 0.01316507 0.00916618
v 0.03925001 0.01316506 0.00929118
v 0.03884754 0.01335195 0.00919515
v 0.03860645 0.01342533 0.00933653
v 0.03794092 0.01349930 0.00925358
v 0.03800003 0.01350000 0.00937500
v 0.03770009 0.01348194 0.00939355
v 0.03716623 0.01335687 0.00930390
v 0.03688296 0.01323656 0.00944901
v 0.03675004 0.01316509 0.00933381
v 0.03675001 0.01316507 0.00945882
v 0.03635670 0.01288403 0.00936458
v 0.03615059 0.01268217 0.00950721
v 0.03583493 0.01224999 0.00941618
v 0.03583493 0.01224998 0.00954118
v 0.03579055 0.01216976 0.00942213
v 0.03566995 0.01190602 0.00956607
v 0.03551457 0.01126949 0.00948337
v 0.03550000 0.01100000 0.00962500
v 0.03550000 0.01100000 0.00950000
v 0.03558237 0.01036354 0.00954047
v 0.03550000 0.01100000 0.01050000
v 0.03583494 0.00975000 0.01050000
v 0.03583493 0.00975002 0.00958382
v 0.03675000 0.00883494 0.01050000
v 0.03662737 0.00891053 0.00965689
v 0.03597233 0.00953762 0.00960007
v 0.03834310 0.00852366 0.00977130
v 0.03800000 0.00850000 0.00975000
v 0.03800000 0.00850000 0.01050000
v 0.03744759 0.00856179 0.00971511
v 0.03675002 0.00883493 0.00966618
v 0.03866312 0.00858955 0.00979226
v 0.04012718 0.00968656 0.00991141
v 0.04016506 0.00975000 0.01050000
v 0.04016507 0.00975002 0.00991618
v 0.04046278 0.01057024 0.00997313
v 0.04050000 0.01100000 0.01050000
v 0.04050000 0.01099998 0.01000000
v 0.04007154 0.01239954 0.01009518
v 0.04016506 0.01225000 0.01050000
v 0.03943507 0.01304709 0.01015206
v 0.03925000 0.01316506 0.01050000
v 0.03924999 0.01316507 0.01016618
v 0.04011454 0.01233368 0.01009013
v 0.04016507 0.01225000 0.01008382
v 0.04045210 0.01148702 0.01003059
v 0.03800000 0.01350000 0.01050000
v 0.03675000 0.01316506 0.01050000
v 0.03688294 0.01323656 0.01032401
v 0.03770010 0.01348195 0.01026855
v 0.03800002 0.01350000 0.01025000
v 0.03860646 0.01342533 0.01021153
v 0.03583494 0.01225000 0.01050000
v 0.03615059 0.01268216 0.01038221
v 0.03675002 0.01316508 0.01033382
v 0.03566995 0.01190602 0.01044107
v 0.03583493 0.01224999 0.01041618
v 0.04034266 0.01187290 0.00018162
v 0.04016508 0.01224997 0.00020882
v 0.03985822 0.01267243 0.00024198
v 0.03924998 0.01316507 0.00029118
v 0.04049987 0.01097469 0.00012347
v 0.04031823 0.01006416 0.00006397
v 0.04016507 0.00975001 0.00004118
v 0.03800001 0.00850000 -0.00012500
v 0.03825923 0.00851348 -0.00010902
v 0.03915409 0.00878233 -0.00004829
v 0.03924999 0.00883493 -0.00004118
v 0.03981670 0.00928256 0.00000426
v 0.03734932 0.00858616 -0.00016643
v 0.03675000 0.00883493 -0.00020882
v 0.03590342 0.00963825 -0.00028273
v 0.03652845 0.00897898 -0.00022579
v 0.03890420 0.00926246 0.00051421
v 0.03897935 0.00930368 0.00052132
v 0.03897935 0.00930368 0.00027132
v 0.03617442 0.01170986 0.01012857
v 0.03604127 0.01100000 0.01018750
v 0.03604127 0.01100000 0.00993750
v 0.03612613 0.01157029 0.00989086
v 0.03617442 0.01170986 0.00987857
v 0.03630367 0.01197934 0.01010368
v 0.03630366 0.01197932 0.00985369
v 0.03655099 0.01231796 0.01006971
v 0.03660959 0.01237964 0.00981309
v 0.03702065 0.01269633 0.01002132
v 0.03702068 0.01269634 0.00977131
v 0.03712479 0.01275233 0.01001151
v 0.03712481 0.01275233 0.00976151
v 0.03776503 0.01294459 0.00995605
v 0.03743805 0.01287639 0.00973342
v 0.03776502 0.01294459 0.00970605
v 0.03800002 0.01295873 0.00993750
v 0.03799998 0.01295873 0.00968750
v 0.03847516 0.01290023 0.00989903
v 0.03833167 0.01293045 0.00966105
v 0.03847515 0.01290023 0.00964903
v 0.03897936 0.01269632 0.00985368
v 0.03897935 0.01269632 0.00960368
v 0.03912437 0.01260388 0.00983956
v 0.03919199 0.01255428 0.00958277
v 0.03962304 0.01209653 0.00978268
v 0.03962304 0.01209654 0.00953268
v 0.03965673 0.01204493 0.00977763
v 0.03969633 0.01197933 0.00952131
v 0.03969631 0.01197936 0.00977132
v 0.03977526 0.01182771 0.00950712
v 0.03992121 0.01138158 0.00971809
v 0.03992121 0.01138157 0.00946809
v 0.03995873 0.01100000 0.00968750
v 0.03995873 0.01100003 0.00943750
v 0.03995591 0.01089476 0.00942930
v 0.03992958 0.01066328 0.00966063
v 0.03992957 0.01066327 0.00941063
v 0.03969631 0.01002063 0.00960368
v 0.03971039 0.01004543 0.00935604
v 0.03966663 0.00997093 0.00959891
v 0.03966662 0.00997091 0.00934890
v 0.03918278 0.00943869 0.00954129
v 0.03906649 0.00935706 0.00927973
v 0.03897935 0.00930368 0.00952132
v 0.03897937 0.00930369 0.00927132
v 0.03851955 0.00911143 0.00947976
v 0.03851953 0.00911142 0.00922976
v 0.03826882 0.00905980 0.00945880
v 0.03817898 0.00904946 0.00920155
v 0.03799999 0.00904127 0.00943750
v 0.03799997 0.00904127 0.00918750
v 0.03756719 0.00908968 0.00940261
v 0.03756726 0.00908967 0.00915262
v 0.03702064 0.00930368 0.00935368
v 0.03723346 0.00919748 0.00912347
v 0.03702067 0.00930366 0.00910369
v 0.03692456 0.00936291 0.00934439
v 0.03692450 0.00936295 0.00909439
v 0.03641133 0.00985423 0.00928757
v 0.03651698 0.00972044 0.00905125
v 0.03641129 0.00985430 0.00903756
v 0.03630368 0.01002065 0.00927132
v 0.03630367 0.01002066 0.00902131
v 0.03610580 0.01050133 0.00922797
v 0.03609294 0.01055306 0.00897358
v 0.03604127 0.01099998 0.00918750
v 0.03604127 0.01100000 0.00893750
v 0.03605268 0.01121115 0.00917087
v 0.03605268 0.01121115 0.00892087
v 0.03610389 0.01149132 0.00889765
v 0.03626891 0.01191650 0.00910963
v 0.03626891 0.01191650 0.00885964
v 0.03630368 0.01197935 0.00910368
v 0.03630366 0.01197933 0.00885369
v 0.03671248 0.01247612 0.00905208
v 0.03656663 0.01233495 0.00881790
v 0.03671249 0.01247612 0.00880208
v 0.03702066 0.01269633 0.00902131
v 0.03702068 0.01269634 0.00877131
v 0.03734674 0.01284659 0.00899140
v 0.03730413 0.01283096 0.00874518
v 0.03795371 0.01295819 0.00894108
v 0.03795370 0.01295819 0.00869108
v 0.03824329 0.01294357 0.00866827
v 0.03866405 0.01284274 0.00888264
v 0.03866404 0.01284274 0.00863265
v 0.03897934 0.01269633 0.00885369
v 0.03897936 0.01269632 0.00860368
v 0.03927891 0.01248359 0.00882382
v 0.03911773 0.01260852 0.00859022
v 0.03927891 0.01248359 0.00857382
v 0.03969632 0.01197935 0.00877132
v 0.03969632 0.01197935 0.00852132
v 0.03972702 0.01192415 0.00876608
v 0.03974128 0.01189698 0.00851354
v 0.03978155 0.01181408 0.00875587
v 0.03995442 0.01112988 0.00869764
v 0.03995793 0.01105616 0.00844185
v 0.03995873 0.01099998 0.00868750
v 0.03995873 0.01099998 0.00843750
v 0.03986886 0.01041349 0.00863945
v 0.03986886 0.01041349 0.00838945
v 0.03976369 0.01014792 0.00836564
v 0.03969632 0.01002066 0.00860368
v 0.03969633 0.01002066 0.00835369
v 0.03952035 0.00976502 0.00857838
v 0.03952035 0.00976502 0.00832838
v 0.03897027 0.00929847 0.00852045
v 0.03918627 0.00944135 0.00829165
v 0.03897936 0.00930368 0.00827132
v 0.03897027 0.00929847 0.00827045
v 0.03827100 0.00906010 0.00845898
v 0.03829122 0.00906304 0.00821063
v 0.03799999 0.00904127 0.00843750
v 0.03799997 0.00904127 0.00818750
v 0.03755218 0.00909315 0.00840135
v 0.03755217 0.00909315 0.00815135
v 0.03738134 0.00914153 0.00813664
v 0.03702064 0.00930368 0.00835368
v 0.03702068 0.00930366 0.00810369
v 0.03687648 0.00939552 0.00833965
v 0.03687648 0.00939553 0.00808965
v 0.03642286 0.00983842 0.00828916
v 0.03658871 0.00964173 0.00805960
v 0.03637292 0.00990947 0.00803209
v 0.03630368 0.01002065 0.00827132
v 0.03630368 0.01002063 0.00802132
v 0.03610508 0.01050410 0.00822774
v 0.03610508 0.01050410 0.00797774
v 0.03604127 0.01099998 0.00818750
v 0.03604916 0.01082428 0.00795129
v 0.03604127 0.01100003 0.00793750
v 0.03605323 0.01121617 0.00817047
v 0.03605323 0.01121617 0.00792047
v 0.03626180 0.01190293 0.00811091
v 0.03803025 0.01295850 0.00793516
v 0.03731956 0.01283675 0.00799381
v 0.03760065 0.01291759 0.00771958
v 0.03619095 0.01175098 0.00787487
v 0.03626180 0.01190294 0.00786091
v 0.03630368 0.01197935 0.00810368
v 0.03630366 0.01197932 0.00785369
v 0.03670249 0.01246735 0.00805313
v 0.03675736 0.01251409 0.00779741
v 0.03702066 0.01269633 0.00802131
v 0.03702066 0.01269633 0.00777132
v 0.03731957 0.01283675 0.00774381
v 0.03800001 0.01295873 0.00768750
v 0.03803026 0.01295850 0.00768516
v 0.03867718 0.01283795 0.00788148
v 0.03851041 0.01289106 0.00764602
v 0.03873172 0.01281693 0.00762661
v 0.03897934 0.01269633 0.00785368
v 0.03897932 0.01269634 0.00760369
v 0.03930076 0.01246447 0.00757153
v 0.03930076 0.01246447 0.00782153
v 0.03950128 0.01225809 0.00754901
v 0.03969632 0.01197935 0.00777132
v 0.03969633 0.01197934 0.00752132
v 0.03974148 0.01189660 0.00776350
v 0.03974148 0.01189660 0.00751350
v 0.03994701 0.01121398 0.00770436
v 0.03991337 0.01141911 0.00747123
v 0.03994701 0.01121398 0.00745436
v 0.03995873 0.01099998 0.00768750
v 0.03995873 0.01099999 0.00743750
v 0.03989435 0.01050194 0.00764708
v 0.03988793 0.01047813 0.00739504
v 0.03969632 0.01002064 0.00760368
v 0.03969633 0.01002066 0.00735369
v 0.03958952 0.00985541 0.00758755
v 0.03949133 0.00973012 0.00732476
v 0.03907563 0.00936303 0.00753063
v 0.03907562 0.00936303 0.00728063
v 0.03897936 0.00930368 0.00752132
v 0.03897932 0.00930366 0.00727131
v 0.03844493 0.00909247 0.00747341
v 0.03703499 0.00929548 0.00710505
v 0.03703499 0.00929548 0.00735505
v 0.03776411 0.00905552 0.00716887
v 0.03773545 0.00905921 0.00741655
v 0.03800003 0.00904127 0.00718750
v 0.03800001 0.00904127 0.00743750
v 0.03844494 0.00909247 0.00722341
v 0.03870545 0.00917271 0.00724604
v 0.03689267 0.00938431 0.00709125
v 0.03684448 0.00941841 0.00708645
v 0.03649058 0.00975168 0.00729800
v 0.03649058 0.00975169 0.00704800
v 0.03630367 0.01002066 0.00727132
v 0.03630367 0.01002066 0.00702131
v 0.03623495 0.01015074 0.00700910
v 0.03613620 0.01039759 0.00723694
v 0.03613620 0.01039759 0.00698694
v 0.03604127 0.01099998 0.00718750
v 0.03604164 0.01103831 0.00693454
v 0.03604386 0.01110084 0.00717965
v 0.03621776 0.01181255 0.00686927
v 0.03621775 0.01181254 0.00711928
v 0.03630367 0.01197934 0.00710368
v 0.03630053 0.01197388 0.00685421
v 0.03657507 0.01234396 0.00706694
v 0.03657507 0.01234395 0.00681694
v 0.03702066 0.01269633 0.00702132
v 0.03694703 0.01265163 0.00677841
v 0.03702063 0.01269631 0.00677132
v 0.03715648 0.01276780 0.00700857
v 0.03715648 0.01276780 0.00675857
v 0.03786493 0.01295407 0.00694805
v 0.03784938 0.01295293 0.00669929
v 0.03800002 0.01295873 0.00693750
v 0.03800000 0.01295873 0.00668750
v 0.03814512 0.01295335 0.00667615
v 0.03858135 0.01287047 0.00688990
v 0.03858135 0.01287047 0.00663990
v 0.03897934 0.01269633 0.00685368
v 0.03897937 0.01269631 0.00660368
v 0.03906770 0.01264215 0.00659515
v 0.03923095 0.01252361 0.00682879
v 0.03923095 0.01252361 0.00657879
v 0.03969852 0.01197554 0.00677095
v 0.03969632 0.01197936 0.00652132
v 0.03971184 0.01195196 0.00651871
v 0.03993906 0.01127688 0.00670946
v 0.03993907 0.01127687 0.00645946
v 0.03995873 0.01099999 0.00668750
v 0.03995861 0.01102227 0.00643922
v 0.03990739 0.01055445 0.00665154
v 0.03990738 0.01055444 0.00640154
v 0.03974781 0.01011580 0.00636266
v 0.03969632 0.01002064 0.00660368
v 0.03969632 0.01002065 0.00635368
v 0.03960572 0.00987826 0.00658982
v 0.03960571 0.00987825 0.00633982
v 0.03909810 0.00937802 0.00653284
v 0.03915388 0.00941722 0.00628838
v 0.03897936 0.00930368 0.00652132
v 0.03897656 0.00930207 0.00627105
v 0.03878066 0.00920356 0.00650282
v 0.03878073 0.00920359 0.00625282
v 0.03808913 0.00904329 0.00644443
v 0.03804873 0.00904187 0.00619127
v 0.03799998 0.00904127 0.00643750
v 0.03741372 0.00913106 0.00638947
v 0.03741373 0.00913106 0.00613947
v 0.03713972 0.00924030 0.00611488
v 0.03702065 0.00930367 0.00635368
v 0.03702066 0.00930367 0.00610368
v 0.03676696 0.00947808 0.00632858
v 0.03676696 0.00947808 0.00607858
v 0.03630278 0.01002221 0.00627117
v 0.03641426 0.00985019 0.00603798
v 0.03630368 0.01002064 0.00602132
v 0.03606509 0.01069539 0.00621173
v 0.03606185 0.01071675 0.00595998
v 0.03604127 0.01100001 0.00618750
v 0.03604127 0.01100003 0.00593750
v 0.03608401 0.01140695 0.00615479
v 0.03608401 0.01140696 0.00590479
v 0.03614360 0.01162484 0.00588610
v 0.03630368 0.01197936 0.00610368
v 0.03626075 0.01190091 0.00586110
v 0.03630368 0.01197935 0.00585368
v 0.03635819 0.01206822 0.00609510
v 0.03635819 0.01206822 0.00584510
v 0.03684799 0.01258414 0.00603820
v 0.03688745 0.01261210 0.00578426
v 0.03702065 0.01269632 0.00602132
v 0.03702064 0.01269632 0.00577132
v 0.03746245 0.01288353 0.00598131
v 0.03746245 0.01288353 0.00573131
v 0.03799998 0.01295873 0.00593750
v 0.03776697 0.01294482 0.00570589
v 0.03800003 0.01295873 0.00568750
v 0.03817137 0.01295122 0.00592406
v 0.03817137 0.01295122 0.00567406
v 0.03887961 0.01275012 0.00586308
v 0.03868589 0.01283472 0.00563071
v 0.03887961 0.01275012 0.00561308
v 0.03897935 0.01269632 0.00585368
v 0.03995873 0.01099735 0.00568730
v 0.03982621 0.01170823 0.00574629
v 0.03982621 0.01170823 0.00549629
v 0.03897935 0.01269632 0.00560368
v 0.03918003 0.01256338 0.00558398
v 0.03944517 0.01232217 0.00580574
v 0.03944517 0.01232217 0.00555574
v 0.03969633 0.01197934 0.00577131
v 0.03969633 0.01197933 0.00552131
v 0.03978044 0.01181650 0.00550609
v 0.03995873 0.01100003 0.00543750
v 0.03995539 0.01088558 0.00542858
v 0.03982484 0.01028824 0.00562840
v 0.03982484 0.01028824 0.00537840
v 0.03969633 0.01002066 0.00560368
v 0.03967275 0.00998090 0.00534987
v 0.03948737 0.00972549 0.00557428
v 0.03948737 0.00972550 0.00532428
v 0.03897936 0.00930368 0.00552132
v 0.03900267 0.00931736 0.00527355
v 0.03893132 0.00927684 0.00551676
v 0.03841519 0.00908578 0.00522090
v 0.03825359 0.00905775 0.00545756
v 0.03825359 0.00905775 0.00520756
v 0.03799998 0.00904127 0.00543750
v 0.03799999 0.00904127 0.00518750
v 0.03754181 0.00909561 0.00540047
v 0.03747503 0.00911293 0.00514477
v 0.03727821 0.00917911 0.00537750
v 0.03727823 0.00917910 0.00512750
v 0.03702066 0.00930367 0.00535369
v 0.03702066 0.00930367 0.00510368
v 0.03673504 0.00950450 0.00507527
v 0.03667868 0.00955406 0.00531935
v 0.03667870 0.00955404 0.00506935
v 0.03630367 0.01002065 0.00527132
v 0.03630366 0.01002068 0.00502131
v 0.03624489 0.01013039 0.00526099
v 0.03618526 0.01026288 0.00499888
v 0.03604937 0.01082199 0.00520147
v 0.03604837 0.01083336 0.00495056
v 0.03604127 0.01100002 0.00518750
v 0.03604127 0.01100003 0.00493750
v 0.03611560 0.01153449 0.00514395
v 0.03611560 0.01153447 0.00489396
v 0.03630368 0.01197935 0.00510368
v 0.03620121 0.01177524 0.00487268
v 0.03630367 0.01197933 0.00485369
v 0.03643374 0.01217621 0.00508437
v 0.03643373 0.01217620 0.00483437
v 0.03689771 0.01261913 0.00503325
v 0.03669754 0.01246296 0.00480365
v 0.03689770 0.01261913 0.00478325
v 0.03702064 0.01269632 0.00502132
v 0.03702067 0.01269633 0.00477131
v 0.03757529 0.01291213 0.00497170
v 0.03752909 0.01290128 0.00472561
v 0.03799999 0.01295873 0.00493750
v 0.03799999 0.01295873 0.00468750
v 0.03808579 0.01295685 0.00468083
v 0.03828602 0.01293774 0.00491480
v 0.03828602 0.01293774 0.00466480
v 0.03898424 0.01269349 0.00485322
v 0.03897937 0.01269631 0.00460368
v 0.03908977 0.01262759 0.00484298
v 0.03901105 0.01267762 0.00460065
v 0.03959174 0.01214149 0.00478714
v 0.03962555 0.01209280 0.00453231
v 0.03969632 0.01197936 0.00477132
v 0.03969631 0.01197936 0.00452132
v 0.03986990 0.01158318 0.00473526
v 0.03986990 0.01158317 0.00448526
v 0.03995873 0.01100002 0.00468750
v 0.03994796 0.01120518 0.00445365
v 0.03995873 0.01099999 0.00443750
v 0.03995491 0.01087762 0.00467795
v 0.03992863 0.01065791 0.00441019
v 0.03990590 0.01054815 0.00465101
v 0.03990592 0.01054823 0.00440101
v 0.03969632 0.01002064 0.00460368
v 0.03969632 0.01002065 0.00435368
v 0.03961261 0.00988819 0.00459081
v 0.03952738 0.00977373 0.00432927
v 0.03922956 0.00947526 0.00454607
v 0.03922939 0.00947513 0.00429605
v 0.03897935 0.00930367 0.00452132
v 0.03897933 0.00930366 0.00427131
v 0.03862913 0.00914505 0.00448928
v 0.03879236 0.00920868 0.00425388
v 0.03862914 0.00914505 0.00423928
v 0.03800002 0.00904127 0.00443750
v 0.03800003 0.00904127 0.00418750
v 0.03792043 0.00904288 0.00443132
v 0.03785387 0.00904672 0.00417607
v 0.03721926 0.00920359 0.00437218
v 0.03743232 0.00912533 0.00414109
v 0.03721927 0.00920358 0.00412218
v 0.03702066 0.00930367 0.00435369
v 0.03702068 0.00930366 0.00410369
v 0.03662030 0.00960965 0.00431308
v 0.03661001 0.00961994 0.00406196
v 0.03630367 0.01002066 0.00427131
v 0.03630366 0.01002068 0.00402131
v 0.03621085 0.01020277 0.00425432
v 0.03621085 0.01020276 0.00400433
v 0.03613072 0.01041482 0.00398543
v 0.03604321 0.01091268 0.00419429
v 0.03604321 0.01091267 0.00394429
v 0.03604127 0.01100002 0.00418750
v 0.03604127 0.01099998 0.00393750
v 0.03614434 0.01162703 0.00413591
v 0.03607400 0.01135660 0.00390899
v 0.03614434 0.01162703 0.00388591
v 0.03630367 0.01197934 0.00410368
v 0.03630368 0.01197935 0.00385368
v 0.03643173 0.01217353 0.00383464
v 0.03650555 0.01226620 0.00407515
v 0.03650555 0.01226620 0.00382515
v 0.03706535 0.01272135 0.00401707
v 0.03702066 0.01269633 0.00377131
v 0.03716291 0.01277086 0.00375798
v 0.03776808 0.01294496 0.00395581
v 0.03776808 0.01294496 0.00370581
v 0.03800002 0.01295873 0.00393750
v 0.03799997 0.01295873 0.00368750
v 0.03810015 0.01295617 0.00367970
v 0.03848754 0.01289709 0.00389798
v 0.03848754 0.01289709 0.00364798
v 0.03897936 0.01269632 0.00385368
v 0.03900700 0.01268005 0.00360103
v 0.03915619 0.01258110 0.00383638
v 0.03915619 0.01258109 0.00358638
v 0.03964955 0.01205623 0.00377873
v 0.03967258 0.01201937 0.00352516
v 0.03969632 0.01197936 0.00377132
v 0.03992381 0.01136824 0.00371698
v 0.03992381 0.01136823 0.00346698
v 0.03995551 0.01111236 0.00344626
v 0.03995873 0.01100000 0.00368750
v 0.03995873 0.01100000 0.00343750
v 0.03992699 0.01064877 0.00365943
v 0.03994544 0.01077216 0.00341952
v 0.03992698 0.01064876 0.00340943
v 0.03969631 0.01002064 0.00360368
v 0.03969632 0.01002064 0.00335368
v 0.03965877 0.00995830 0.00359768
v 0.03959577 0.00986415 0.00333842
v 0.03917149 0.00943021 0.00354015
v 0.03917148 0.00943020 0.00329015
v 0.03897935 0.00930368 0.00352132
v 0.03897935 0.00930368 0.00327132
v 0.03889230 0.00925632 0.00326310
v 0.03850566 0.00910766 0.00347857
v 0.03850564 0.00910765 0.00322857
v 0.03800002 0.00904127 0.00343750
v 0.03796420 0.00904159 0.00318473
v 0.03779008 0.00905255 0.00342097
v 0.03779006 0.00905255 0.00317097
v 0.03708448 0.00926840 0.00335973
v 0.03713375 0.00924323 0.00311432
v 0.03702065 0.00930368 0.00335368
v 0.03702066 0.00930367 0.00310368
v 0.03652254 0.00971402 0.00330192
v 0.03652252 0.00971404 0.00305192
v 0.03630367 0.01002066 0.00327132
v 0.03641050 0.00985539 0.00303746
v 0.03630368 0.01002064 0.00302132
v 0.03615267 0.01034885 0.00324122
v 0.03615266 0.01034888 0.00299121
v 0.03604127 0.01099999 0.00318750
v 0.03605934 0.01073454 0.00295853
v 0.03604127 0.01099428 0.00293794
v 0.03604212 0.01105802 0.00318300
v 0.03619945 0.01177114 0.00287305
v 0.03619944 0.01177111 0.00312305
v 0.03630367 0.01197935 0.00310368
v 0.03627834 0.01193409 0.00285798
v 0.03653032 0.01229487 0.00307215
v 0.03653031 0.01229486 0.00282215
v 0.03702065 0.01269632 0.00302132
v 0.03691167 0.01262855 0.00278187
v 0.03702063 0.01269631 0.00277132
v 0.03709275 0.01273595 0.00301450
v 0.03709274 0.01273595 0.00276450
v 0.03779731 0.01294822 0.00295345
v 0.03782290 0.01295071 0.00270140
v 0.03789958 0.01295616 0.00294532
v 0.03789956 0.01295616 0.00269532
v 0.03800002 0.01295873 0.00293750
v 0.03800003 0.01295873 0.00268750
v 0.03860793 0.01286200 0.00288758
v 0.03868673 0.01283441 0.00263063
v 0.03897935 0.01269632 0.00285368
v 0.03897932 0.01269634 0.00260369
v 0.03921231 0.01253849 0.00283070
v 0.03921229 0.01253850 0.00258070
v 0.03968231 0.01200324 0.00277360
v 0.03946861 0.01229608 0.00255298
v 0.03968230 0.01200325 0.00252360
v 0.03990125 0.01147104 0.00247562
v 0.03993434 0.01130817 0.00271202
v 0.03994614 0.01122177 0.00245499
v 0.03994718 0.01121244 0.00270423
v 0.03995873 0.01099998 0.00268750
v 0.03995873 0.01099996 0.00243750
v 0.03989590 0.01050784 0.00264758
v 0.03989590 0.01050787 0.00239758
v 0.03969632 0.01002064 0.00260368
v 0.03981769 0.01027017 0.00237678
v 0.03969634 0.01002068 0.00235369
v 0.03960314 0.00987458 0.00258946
v 0.03960315 0.00987459 0.00233946
v 0.03909609 0.00937666 0.00253264
v 0.03926503 0.00950456 0.00229973
v 0.03909610 0.00937667 0.00228264
v 0.03897936 0.00930368 0.00252132
v 0.03897934 0.00930367 0.00227131
v 0.03841513 0.00908576 0.00247090
v 0.03839128 0.00908075 0.00221890
v 0.03831950 0.00906750 0.00246295
v 0.03831953 0.00906750 0.00221295
v 0.03800000 0.00904127 0.00243750
v 0.03799999 0.00904127 0.00218750
v 0.03761860 0.00907876 0.00240692
v 0.03749103 0.00910855 0.00214615
v 0.03702064 0.00930368 0.00235368
v 0.03702068 0.00930366 0.00210369
v 0.03693292 0.00935745 0.00234521
v 0.03693294 0.00935743 0.00209521
v 0.03641392 0.00985066 0.00228793
v 0.03666102 0.00957039 0.00206747
v 0.03656148 0.00967060 0.00205651
v 0.03641393 0.00985064 0.00203793
v 0.03630368 0.01002065 0.00227132
v 0.03630366 0.01002067 0.00202131
v 0.03610066 0.01052132 0.00222627
v 0.03609936 0.01052652 0.00197583
v 0.03604127 0.01099998 0.00218750
v 0.03604127 0.01100000 0.00193750
v 0.03605524 0.01123358 0.00216906
v 0.03605524 0.01123356 0.00191906
v 0.03609978 0.01147520 0.00189903
v 0.03627045 0.01191940 0.00210936
v 0.03627044 0.01191938 0.00185936
v 0.03630368 0.01197935 0.00210368
v 0.03630367 0.01197933 0.00185369
v 0.03671595 0.01247914 0.00205172
v 0.03653649 0.01230184 0.00182141
v 0.03671594 0.01247913 0.00180172
v 0.03702066 0.01269633 0.00202132
v 0.03702068 0.01269634 0.00177131
v 0.03735133 0.01284821 0.00199100
v 0.03728574 0.01282386 0.00174683
v 0.03743468 0.01287538 0.00173371
v 0.03753623 0.01290304 0.00197500
v 0.03753620 0.01290303 0.00172501
v 0.03799998 0.01295873 0.00193750
v 0.03799998 0.01295873 0.00168750
v 0.03823233 0.01294491 0.00191916
v 0.03838450 0.01292063 0.00165666
v 0.03893552 0.01272088 0.00185784
v 0.03893551 0.01272089 0.00160785
v 0.03948637 0.01227568 0.00180084
v 0.03925877 0.01250071 0.00157592
v 0.03948636 0.01227569 0.00155084
v 0.03969633 0.01197934 0.00177132
v 0.03969634 0.01197932 0.00152131
v 0.03985195 0.01163790 0.00174005
v 0.03980984 0.01174908 0.00149996
v 0.03985195 0.01163791 0.00149005
v 0.03995873 0.01100002 0.00168750
v 0.03995873 0.01100003 0.00143750
v 0.03995734 0.01092615 0.00168177
v 0.03995156 0.01083244 0.00142436
v 0.03993671 0.01070712 0.00141424
v 0.03979866 0.01022446 0.00162265
v 0.03979867 0.01022447 0.00137265
v 0.03969633 0.01002066 0.00160369
v 0.03969632 0.01002065 0.00135368
v 0.03939407 0.00962406 0.00156349
v 0.03955626 0.00981060 0.00133303
v 0.03939407 0.00962406 0.00131349
v 0.03897934 0.00930367 0.00152131
v 0.03897933 0.00930367 0.00127131
v 0.03880787 0.00921563 0.00150530
v 0.03880788 0.00921563 0.00125530
v 0.03809862 0.00904375 0.00144518
v 0.03809863 0.00904375 0.00119518
v 0.03799998 0.00904127 0.00143750
v 0.03800002 0.00904127 0.00118750
v 0.03790467 0.00904359 0.00118008
v 0.03738524 0.00914024 0.00138699
v 0.03738526 0.00914024 0.00113699
v 0.03702066 0.00930367 0.00135368
v 0.03701683 0.00930589 0.00110332
v 0.03688134 0.00939213 0.00109013
v 0.03675795 0.00948542 0.00132765
v 0.03675795 0.00948542 0.00107765
v 0.03629717 0.01003200 0.00127023
v 0.03630368 0.01002065 0.00102132
v 0.03625352 0.01011319 0.00101259
v 0.03605980 0.01073121 0.00120880
v 0.03605980 0.01073121 0.00095880
v 0.03604127 0.01100001 0.00118750
v 0.03604185 0.01104775 0.00093380
v 0.03607563 0.01136528 0.00115826
v 0.03607562 0.01136525 0.00090827
v 0.03630368 0.01197936 0.00110368
v 0.03629285 0.01196036 0.00085549
v 0.03634738 0.01205142 0.00109674
v 0.03634737 0.01205140 0.00084674
v 0.03683297 0.01257311 0.00103971
v 0.03691387 0.01263002 0.00078166
v 0.03702065 0.01269632 0.00102132
v 0.03702623 0.01269953 0.00077078
v 0.03747669 0.01288753 0.00098008
v 0.03747667 0.01288753 0.00073009
v 0.03799998 0.01295873 0.00093750
v 0.03795667 0.01295825 0.00069085
v 0.03818748 0.01294974 0.00092277
v 0.03818746 0.01294974 0.00067277
v 0.03889466 0.01274247 0.00086168
v 0.03889698 0.01274128 0.00061146
v 0.03890398 0.01273766 0.00086081
v 0.03897935 0.01269632 0.00085368
v 0.03897935 0.01269632 0.00060368
v 0.03945591 0.01231033 0.00080448
v 0.03945590 0.01231034 0.00055448
v 0.03969633 0.01197934 0.00077131
v 0.03958378 0.01215251 0.00053825
v 0.03969632 0.01197936 0.00052132
v 0.03983546 0.01168390 0.00074412
v 0.03983546 0.01168391 0.00049412
v 0.03995863 0.01098016 0.00068597
v 0.03993833 0.01128198 0.00045987
v 0.03995467 0.01112615 0.00044735
v 0.03995873 0.01099997 0.00043750
v 0.03995863 0.01098017 0.00043597
v 0.03981632 0.01026677 0.00062647
v 0.03977777 0.01017770 0.00036838
v 0.03969633 0.01002066 0.00060369
v 0.03969633 0.01002067 0.00035369
v 0.03942337 0.00965439 0.00056676
v 0.03942337 0.00965440 0.00031676
v 0.03918285 0.00943875 0.00029130
v 0.03890422 0.00926247 0.00026421
v 0.03832053 0.00906767 0.00021303
v 0.03820309 0.00905182 0.00045348
v 0.03820311 0.00905182 0.00020348
v 0.03799998 0.00904127 0.00043750
v 0.03799998 0.00904127 0.00018750
v 0.03749018 0.00910878 0.00039607
v 0.03741384 0.00913103 0.00013948
v 0.03702065 0.00930368 0.00035368
v 0.03726753 0.00918338 0.00012654
v 0.03702068 0.00930366 0.00010369
v 0.03684703 0.00941655 0.00033671
v 0.03684705 0.00941654 0.00008671
v 0.03635734 0.00993309 0.00027977
v 0.03649627 0.00974484 0.00004871
v 0.03635734 0.00993308 0.00002977
v 0.03630368 0.01002064 0.00027132
v 0.03630367 0.01002066 0.00002132
v 0.03607867 0.01061906 0.00021804
v 0.03607833 0.01062074 -0.00003210
v 0.03607733 0.01062587 0.00021747
v 0.03604127 0.01100000 0.00018750
v 0.03604127 0.01100001 -0.00006250
v 0.03606860 0.01132610 0.00016151
v 0.03606860 0.01132607 -0.00008849
v 0.03610857 0.01150905 -0.00010386
v 0.03632738 0.01201930 0.00009985
v 0.03657028 0.01233886 -0.00018252
v 0.03680664 0.01255323 0.00004237
v 0.03632737 0.01201928 -0.00015015
v 0.03630366 0.01197933 -0.00014631
v 0.03668245 0.01244937 -0.00019475
v 0.03680662 0.01255321 -0.00020763
v 0.03702065 0.01269632 0.00002132
v 0.03702067 0.01269634 -0.00022869
v 0.03754225 0.01290450 -0.00027551
v 0.03848714 0.01289719 -0.00035199
v 0.03848716 0.01289719 -0.00010199
v 0.03817934 0.01295051 -0.00032658
v 0.03817936 0.01295051 -0.00007658
v 0.03746726 0.01288489 -0.00001910
v 0.03463449 0.01055600 0.01139467
v 0.03461847 0.01009709 0.01150000
v 0.03496891 0.00925000 0.01150000
v 0.04138153 0.01009709 0.01150000
v 0.04136550 0.01055600 0.01139467
v 0.04135000 0.01100000 0.01135000
v 0.04090118 0.01267500 0.01135000
v 0.03967500 0.01390119 0.01135000
v 0.03800000 0.01435000 0.01135000
v 0.03632500 0.01390119 0.01135000
v 0.03509881 0.01267500 0.01135000
v 0.03465000 0.01100000 0.01135000
v 0.03625000 0.00796891 0.01150000
v 0.03800000 0.00750000 0.01150000
v 0.03975000 0.00796891 0.01150000
v 0.04103109 0.00925000 0.01150000
v 0.07192587 0.01900000 -0.00130556
v 0.07165281 0.01900000 -0.00060829
v 0.07180054 0.01900000 -0.00062417
v 0.07197901 0.01900000 -0.00072190
v 0.07209618 0.01900000 -0.00088825
v 0.07212812 0.01900000 -0.00108920
v 0.07206827 0.01900000 -0.00128368
v 0.07197890 0.01900000 -0.00139322
v 0.07178106 0.01900000 0.00090072
v 0.07191331 0.01900000 0.00074271
v 0.07165513 0.01900000 0.00050733
v 0.07196126 0.01900000 0.00054232
v 0.07191487 0.01900000 0.00034156
v 0.07178386 0.01900000 0.00018253
v 0.07159569 0.01900000 0.00009856
v 0.07274813 0.01900000 0.00205320
v 0.07275797 0.01900000 0.00185461
v 0.07242513 0.01900000 0.00180860
v 0.07268128 0.01900000 0.00167116
v 0.07253301 0.01900000 0.00153867
v 0.07234213 0.01900000 0.00148301
v 0.07214589 0.01900000 0.00151504
v 0.07409094 0.01900000 0.00244444
v 0.07420898 0.01900000 0.00244165
v 0.07410340 0.01900000 0.00227010
v 0.07354326 0.01900000 0.00220473
v 0.07340101 0.01900000 0.00234736
v 0.07373348 0.01900000 0.00213845
v 0.07393356 0.01900000 0.00216180
v 0.07534093 0.01900000 0.00210950
v 0.07564174 0.01900000 0.00190531
v 0.07545049 0.01900000 0.00181203
v 0.07493231 0.01900000 0.00209580
v 0.07490789 0.01900000 0.00230719
v 0.07505111 0.01900000 0.00191927
v 0.07523775 0.01900000 0.00181706
v 0.07625676 0.01900000 0.00064206
v 0.07607766 0.01900000 0.00077717
v 0.07598606 0.01900000 0.00098197
v 0.07284094 0.01900000 -0.00222062
v 0.07236265 0.01900000 -0.00186194
v 0.07198319 0.01900000 -0.00139996
v 0.07636578 0.01900000 0.00061207
v 0.07625600 0.01900000 0.00119444
v 0.07612899 0.01900000 0.00139232
v 0.07600471 0.01900000 0.00120554
v 0.07650575 0.01900000 0.00059149
v 0.07409094 0.01900000 -0.00255556
v 0.07473798 0.01900000 -0.00247037
v 0.07534093 0.01900000 -0.00222062
v 0.07585870 0.01900000 -0.00182333
v 0.07625600 0.01900000 -0.00130556
v 0.07650575 0.01900000 -0.00070261
v 0.07344389 0.01900000 -0.00247037
v 0.07659094 0.01900000 -0.00005556
v 0.07612899 0.02070000 0.00139232
v 0.07600471 0.02070000 0.00120554
v 0.07598606 0.02070000 0.00098197
v 0.07607766 0.02070000 0.00077717
v 0.07625676 0.02070000 0.00064206
v 0.07198105 0.02070000 -0.00139659
v 0.07206827 0.02070000 -0.00128368
v 0.07212812 0.02070000 -0.00108920
v 0.07209618 0.02070000 -0.00088825
v 0.07197901 0.02070000 -0.00072190
v 0.07180054 0.02070000 -0.00062417
v 0.07165281 0.02070000 -0.00060829
v 0.07159569 0.02070000 0.00009856
v 0.07178386 0.02070000 0.00018253
v 0.07191487 0.02070000 0.00034156
v 0.07196126 0.02070000 0.00054232
v 0.07191331 0.02070000 0.00074271
v 0.07178106 0.02070000 0.00090072
v 0.07214589 0.02070000 0.00151504
v 0.07234213 0.02070000 0.00148301
v 0.07253301 0.02070000 0.00153867
v 0.07268128 0.02070000 0.00167116
v 0.07275797 0.02070000 0.00185461
v 0.07274813 0.02070000 0.00205320
v 0.07340101 0.02070000 0.00234736
v 0.07354326 0.02070000 0.00220473
v 0.07373348 0.02070000 0.00213845
v 0.07393356 0.02070000 0.00216180
v 0.07410340 0.02070000 0.00227010
v 0.07420898 0.02070000 0.00244165
v 0.07490789 0.02070000 0.00230719
v 0.07493231 0.02070000 0.00209580
v 0.07505111 0.02070000 0.00191927
v 0.07523775 0.02070000 0.00181706
v 0.07545049 0.02070000 0.00181203
v 0.07564174 0.02070000 0.00190531
v 0.07159094 0.02070000 -0.00005556
v 0.07192587 0.02070000 0.00119444
v 0.07284094 0.02070000 0.00210950
v 0.05679420 0.01900000 0.00093186
v 0.05812606 0.01900000 0.00225074
v 0.05784094 0.01900000 0.00210950
v 0.05692587 0.01900000 0.00119444
v 0.05675494 0.01900000 -0.00094614
v 0.05692587 0.01900000 -0.00130556
v 0.06150575 0.01900000 -0.00070261
v 0.06125600 0.01900000 -0.00130556
v 0.06159094 0.01900000 -0.00005556
v 0.05784094 0.01900000 -0.00222062
v 0.05844389 0.01900000 -0.00247037
v 0.05909094 0.01900000 -0.00255556
v 0.05973798 0.01900000 -0.00247037
v 0.06034094 0.01900000 -0.00222062
v 0.05999216 0.01900000 0.00227635
v 0.06034094 0.01900000 0.00210950
v 0.06125600 0.01900000 0.00119444
v 0.06140064 0.01900000 0.00090115
v 0.06150575 0.01900000 0.00059149
v 0.05999216 0.02070000 0.00227635
v 0.05675494 0.02070000 -0.00094614
v 0.05679420 0.02070000 0.00093186
v 0.05812606 0.02070000 0.00225074
v 0.05659094 0.02070000 -0.00005556
v 0.05909094 0.02070000 0.00244444
v -0.00033992 0.01900000 -0.00098213
v -0.00051797 0.01900000 -0.00005556
v -0.00032119 0.01900000 0.00091664
v 0.00100169 0.01900000 0.00224421
v 0.00198203 0.01900000 0.00244444
v 0.00290561 0.01900000 0.00226759
v 0.00374980 0.01900000 -0.00182333
v 0.00414710 0.01900000 -0.00130556
v 0.00439685 0.01900000 -0.00070261
v 0.00198203 0.01900000 -0.00255556
v 0.00133499 0.01900000 -0.00247037
v 0.00412051 0.01900000 0.00120900
v 0.00414710 0.01900000 0.00119444
v 0.00429173 0.01900000 0.00090115
v 0.00439685 0.01900000 0.00059149
v 0.00448203 0.01900000 -0.00005556
v 0.00066827 0.01900000 -0.00214908
v 0.00073203 0.01900000 -0.00222062
v 0.00036779 0.01900000 -0.00193925
v 0.00025374 0.01900000 -0.00186194
v -0.00012571 0.01900000 -0.00139996
v 0.00262908 0.01900000 -0.00247037
v 0.00323203 0.01900000 -0.00222062
v 0.00404069 0.01900000 0.00133965
v 0.00395303 0.01900000 0.00146516
v 0.00387285 0.01900000 0.00157992
v 0.00353090 0.01900000 0.00190684
v 0.00082923 0.01900000 -0.00223693
v 0.00036779 0.02070000 -0.00193925
v -0.00012571 0.02070000 -0.00139996
v -0.00033992 0.02070000 -0.00098213
v -0.00032119 0.02070000 0.00091664
v 0.00100169 0.02070000 0.00224421
v 0.00290561 0.02070000 0.00226759
v 0.00353090 0.02070000 0.00190684
v 0.00073203 0.02070000 0.00210950
v -0.00018303 0.02070000 -0.00130556
v -0.00018303 0.02070000 0.00119444
v 0.00323203 0.02070000 0.00210950
v 0.07603648 0.02105000 0.00799889
v 0.00003649 0.02105000 0.00799889
v -0.00756029 0.02105000 -0.00273160
v -0.00671370 0.02105000 -0.00444871
v -0.00800789 0.02105000 -0.00045738
v -0.00785413 0.02105000 0.00155780
v -0.00706902 0.02105000 0.00373664
v -0.00590432 0.02105000 0.00538324
v -0.00411184 0.02105000 0.00684787
v -0.00223778 0.02105000 0.00767090
v -0.00304752 0.02105000 -0.00745565
v -0.00304753 0.02100000 -0.00745566
v -0.00308335 0.02100000 -0.00744091
v -0.00308335 0.02105000 -0.00744091
v -0.00311908 0.02100000 -0.00742600
v -0.00311908 0.02105000 -0.00742600
v 0.08275106 0.02100000 0.00439372
v 0.07725552 0.02105000 0.00790566
v 0.07795134 0.02105000 0.00776744
v 0.08008561 0.02105000 0.00690667
v 0.08120786 0.02105000 0.00611887
v 0.08275019 0.02105000 0.00439315
v 0.00198203 0.02105000 0.00244444
v 0.00323203 0.02105000 0.00210950
v 0.00414710 0.02105000 0.00119444
v 0.00073203 0.02105000 -0.00222062
v -0.00018303 0.02105000 -0.00130556
v -0.00051797 0.02105000 -0.00005556
v -0.00018303 0.02105000 0.00119444
v 0.00073203 0.02105000 0.00210950
v 0.00198203 0.02105000 -0.00255556
v 0.00323203 0.02105000 -0.00222062
v 0.00414710 0.02105000 -0.00130556
v 0.00448203 0.02105000 -0.00005556
v 0.05784094 0.02105000 -0.00222062
v 0.05692587 0.02105000 -0.00130556
v 0.06034094 0.02105000 0.00210950
v 0.05659094 0.02105000 -0.00005556
v 0.05692587 0.02105000 0.00119444
v 0.05909094 0.02105000 0.00244444
v 0.05784094 0.02105000 0.00210950
v 0.05909094 0.02105000 -0.00255556
v 0.06034094 0.02105000 -0.00222062
v 0.06125600 0.02105000 -0.00130556
v 0.06159094 0.02105000 -0.00005556
v 0.06125600 0.02105000 0.00119444
v 0.07409094 0.02105000 0.00244444
v 0.07534093 0.02105000 0.00210950
v 0.07625600 0.02105000 0.00119444
v 0.07192587 0.02105000 -0.00130556
v 0.07284094 0.02105000 -0.00222062
v 0.07159094 0.02105000 -0.00005556
v 0.07192587 0.02105000 0.00119444
v 0.07284094 0.02105000 0.00210950
v 0.07409094 0.02105000 -0.00255556
v 0.07534093 0.02105000 -0.00222062
v 0.07625600 0.02105000 -0.00130556
v 0.07659094 0.02105000 -0.00005556
v -0.00000000 0.02105000 -0.00805445
v -0.00000000 0.02100000 -0.00805445
v -0.00155077 0.02100000 -0.00790317
v -0.00155077 0.02105000 -0.00790317
v 0.08362212 0.02100000 0.00260285
v 0.08362212 0.02105000 0.00260285
v 0.08404788 0.02100000 0.00032446
v 0.08404788 0.02105000 0.00032446
v 0.08387993 0.02100000 -0.00166487
v 0.08387993 0.02105000 -0.00166487
v 0.08308082 0.02100000 -0.00383803
v 0.08308082 0.02105000 -0.00383803
v 0.08192309 0.02100000 -0.00545810
v 0.08192309 0.02105000 -0.00545810
v 0.08012612 0.02100000 -0.00691674
v 0.08012612 0.02105000 -0.00691674
v 0.07827426 0.02100000 -0.00772646
v 0.07827426 0.02105000 -0.00772646
v 0.07600000 0.02100000 -0.00805445
v 0.07600000 0.02105000 -0.00805445
v -0.00574954 0.02105000 -0.00564065
v -0.00574954 0.02100000 -0.00564065
v -0.00625900 0.02100000 -0.00506907
v -0.00625900 0.02105000 -0.00506907
v -0.00449002 0.02100000 -0.00668614
v -0.00449002 0.02105000 -0.00668614
v -0.00570002 0.02100000 -0.00569069
v -0.00570002 0.02105000 -0.00569069
v 0.07748284 0.00000000 -0.00632823
v 0.07802726 0.00000000 -0.00617564
v 0.07885658 0.00000000 -0.00583859
v 0.07987616 0.00000000 -0.00521740
v 0.07744205 0.00000000 0.00633768
v 0.07600000 0.00000000 -0.00650000
v 0.08122202 0.00000000 0.00386993
v 0.08217161 0.00000000 -0.00203960
v 0.08184905 0.00000000 0.00283512
v 0.08217819 0.00000000 0.00201948
v 0.07987060 0.00000000 0.00522154
v 0.07881511 0.00000000 0.00585870
v 0.07803260 0.00000000 0.00617392
v 0.08008206 0.00000000 -0.00505806
v 0.08121692 0.00000000 -0.00387683
v 0.08183820 0.00000000 -0.00285733
v 0.08233362 0.00000000 0.00145970
v 0.08232728 0.00000000 -0.00148700
v 0.08250004 0.00000000 -0.00000041
v 0.08107282 0.00000000 0.00406368
v 0.07750105 0.00500000 0.01140162
v 0.07600000 0.00500000 -0.01150000
v 0.08067747 0.00500000 0.01050577
v 0.07855149 0.00500000 0.01121338
v 0.08098064 0.00500000 0.01036548
v 0.08210734 0.00500000 0.00974425
v 0.08315760 0.00500000 0.00900104
v 0.08346865 0.00500000 0.00874467
v 0.08497529 0.00500000 0.00718986
v 0.08684577 0.00500000 0.00382351
v 0.08564471 0.00500000 0.00626335
v 0.08572286 0.00500000 0.00614133
v 0.08634841 0.00500000 0.00501601
v 0.08702643 0.00500000 0.00326617
v 0.08720625 0.00500000 0.00258263
v 0.08742460 0.00500000 0.00131474
v 0.08750001 0.00500000 -0.00000000
v 0.08749964 0.00500000 -0.00009117
v 0.08632926 0.00500000 -0.00505534
v 0.08569998 0.00500000 -0.00617742
v 0.08741816 0.00500000 -0.00136954
v 0.08719502 0.00500000 -0.00263092
v 0.08702643 0.00500000 -0.00326618
v 0.08683017 0.00500000 -0.00386749
v 0.08564471 0.00500000 -0.00626336
v 0.08494917 0.00500000 -0.00722237
v 0.08346865 0.00500000 -0.00874468
v 0.08322231 0.00500000 -0.00894921
v 0.08217686 0.00500000 -0.00970034
v 0.08105402 0.00500000 -0.01032991
v 0.08067747 0.00500000 -0.01050578
v 0.07862366 0.00500000 -0.01119672
v 0.07750105 0.00500000 -0.01140163
v 0.00000000 0.01348048 -0.01118379
v 0.00000000 0.01126708 -0.01137215
v -0.00240606 0.01126708 -0.01111402
v -0.00134666 0.01502277 0.01090529
v -0.00150105 0.00700000 0.01140162
v -0.00139366 0.01126708 0.01128593
v -0.00379379 0.00700000 0.01085621
v -0.00375156 0.01126708 0.01073536
v -0.00467747 0.00700000 0.01050577
v -0.00594487 0.01126708 0.00969379
v -0.00601206 0.00700000 0.00980333
v -0.00746865 0.00700000 0.00874467
v -0.00785624 0.01126708 0.00822221
v -0.00819318 0.00700000 0.00806981
v -0.00810209 0.01126708 0.00798009
v -0.00964471 0.00700000 0.00626335
v -0.00960744 0.01126708 0.00608339
v -0.01080141 0.00700000 0.00394708
v -0.01068124 0.01126708 0.00390316
v -0.01102643 0.00700000 0.00326618
v -0.01126502 0.01126708 0.00155303
v -0.01139225 0.00700000 0.00157058
v -0.01150000 0.00700000 0.00000000
v -0.01133890 0.01126708 -0.00086541
v -0.01146665 0.00700000 -0.00087518
v -0.01102643 0.00700000 -0.00326618
v -0.01089802 0.01126708 -0.00324798
v -0.01007027 0.00700000 -0.00555334
v -0.00995790 0.01126708 -0.00549141
v -0.00964471 0.00700000 -0.00626335
v -0.00856973 0.01126708 -0.00747532
v -0.00866624 0.00700000 -0.00755951
v -0.00746865 0.00700000 -0.00874467
v -0.00679297 0.01126708 -0.00911963
v -0.00686966 0.00700000 -0.00922267
v -0.00467747 0.00700000 -0.01050577
v -0.00470790 0.01126708 -0.01035181
v -0.00243329 0.00700000 -0.01123962
v -0.00150105 0.00700000 -0.01140162
v 0.00000000 0.00700000 -0.01150000
v 0.00000000 0.01502277 -0.01098861
v -0.00232491 0.01502277 -0.01073919
v -0.00454912 0.01502277 -0.01000268
v -0.00656387 0.01502277 -0.00881206
v -0.00828070 0.01502277 -0.00722321
v -0.00962206 0.01502277 -0.00530621
v -0.01053048 0.01502277 -0.00313844
v -0.01095648 0.01502277 -0.00083622
v -0.01088510 0.01502277 0.00150066
v -0.01032100 0.01502277 0.00377152
v -0.00928341 0.01502277 0.00587822
v -0.00782884 0.01502277 0.00771095
v -0.00759127 0.01502277 0.00794490
v -0.00574437 0.01502277 0.00936686
v -0.00362504 0.01502277 0.01037329
v -0.00000000 0.01795707 -0.01042690
v -0.00218966 0.01826708 -0.01011446
v -0.00428448 0.01826708 -0.00942080
v -0.00618203 0.01826708 -0.00829944
v -0.00779899 0.01826708 -0.00680302
v -0.00906232 0.01826708 -0.00499753
v -0.00991789 0.01826708 -0.00295587
v -0.01031912 0.01826708 -0.00078757
v -0.01025189 0.01826708 0.00141336
v -0.00972060 0.01826708 0.00355212
v -0.00874337 0.01826708 0.00553627
v -0.00737342 0.01826708 0.00726239
v -0.00714967 0.01826708 0.00748273
v -0.00541021 0.01826708 0.00882196
v -0.00341416 0.01826708 0.00976985
v -0.00126832 0.01826708 0.01027091
v 0.00000000 0.02100000 -0.00945445
v -0.00200032 0.02100000 -0.00923985
v -0.00391400 0.02100000 -0.00860617
v -0.00564746 0.02100000 -0.00758177
v -0.00712460 0.02100000 -0.00621475
v -0.00827868 0.02100000 -0.00456539
v -0.00906028 0.02100000 -0.00270027
v -0.00942681 0.02100000 -0.00071947
v -0.00936539 0.02100000 0.00129114
v -0.00888005 0.02100000 0.00324496
v -0.00798732 0.02100000 0.00505754
v -0.00673583 0.02100000 0.00663440
v -0.00653143 0.02100000 0.00683568
v -0.00494238 0.02100000 0.00805911
v -0.00311893 0.02100000 0.00892504
v -0.00115864 0.02100000 0.00938276
v 0.04539762 0.00457646 -0.01147999
v 0.04550503 0.00735967 -0.01149918
v 0.05066667 0.00700000 -0.01150000
v 0.02938027 0.00560906 -0.01150000
v 0.02968278 0.00500000 -0.01150000
v 0.02533333 0.00700000 -0.01150000
v 0.02938027 0.00639094 -0.01150000
v 0.02968278 0.00700000 -0.01150000
v 0.08122315 0.02100000 0.00613075
v 0.08002614 0.02100000 0.00697557
v 0.07600000 0.02100000 0.00805445
v 0.07735462 0.02100000 0.00793920
v 0.07788917 0.02100000 0.00782924
v -0.00572485 0.02100000 -0.00566571
v 0.05066667 0.02100000 -0.00945445
v 0.02533333 0.02100000 -0.00945445
v 0.07405445 0.01900000 0.00000000
v 0.07731074 0.00412380 -0.01133870
v 0.08259855 0.00007712 0.00319841
v 0.08060515 0.00007712 -0.00570622
v 0.07922263 0.00007712 -0.00658675
v 0.07767286 0.00007712 -0.00713918
v 0.08170622 0.00007712 -0.00460515
v 0.08258633 0.00007712 -0.00322348
v 0.08313807 0.00007712 -0.00167755
v 0.08333273 0.00007712 -0.00005813
v 0.08333294 0.00007712 0.00001938
v 0.08314523 0.00007712 0.00164675
v 0.07917584 0.00007712 0.00660945
v 0.08056387 0.00007712 0.00573925
v 0.08172287 0.00007712 0.00458442
v 0.07762684 0.00007712 0.00714980
v 0.07600000 0.00011270 -0.00750714
v 0.07600000 0.00034381 -0.00825264
v 0.07694764 0.00034381 -0.00819771
v 0.07788267 0.00034381 -0.00803455
v 0.07877228 0.00034381 -0.00777297
v 0.07962679 0.00034381 -0.00741283
v 0.08043238 0.00034381 -0.00696074
v 0.08118271 0.00034381 -0.00642187
v 0.08242187 0.00034381 -0.00518271
v 0.08226873 0.00148204 -0.00776755
v 0.08091921 0.00081614 -0.00772529
v 0.08136117 0.00148204 -0.00841934
v 0.08002514 0.00081614 -0.00822703
v 0.08038677 0.00148204 -0.00896617
v 0.07907677 0.00081614 -0.00862672
v 0.07935320 0.00148204 -0.00940176
v 0.07808945 0.00081614 -0.00891704
v 0.07827717 0.00148204 -0.00971816
v 0.07705173 0.00081614 -0.00909812
v 0.07714622 0.00148204 -0.00991552
v 0.08305831 0.00148204 -0.00705831
v 0.08312722 0.00081614 -0.00575196
v 0.08175196 0.00081614 -0.00712722
v 0.08296046 0.00034381 -0.00443283
v 0.07860402 0.00412380 -0.01111302
v 0.07983449 0.00412380 -0.01075121
v 0.08101641 0.00412380 -0.01025310
v 0.08213066 0.00412380 -0.00962778
v 0.08316849 0.00412380 -0.00888244
v 0.08407140 0.00412380 -0.00807140
v 0.08488244 0.00412380 -0.00716849
v 0.08562738 0.00412380 -0.00613129
v 0.08625244 0.00412380 -0.00501775
v 0.08674970 0.00412380 -0.00383874
v 0.08711129 0.00412380 -0.00261131
v 0.08341236 0.00034381 -0.00362776
v 0.08377187 0.00034381 -0.00277535
v 0.08403330 0.00034381 -0.00188794
v 0.08419355 0.00034381 -0.00098276
v 0.08733936 0.00412380 0.00130491
v 0.08741464 0.00412380 0.00003016
v 0.08741432 0.00412380 -0.00009049
v 0.08733295 0.00412380 -0.00135931
v 0.08425238 0.00034381 -0.00006543
v 0.08425262 0.00034381 0.00002181
v 0.08419819 0.00034381 0.00094343
v 0.08404136 0.00034381 0.00185328
v 0.08378305 0.00034381 0.00274379
v 0.08342612 0.00034381 0.00359954
v 0.08676516 0.00412380 0.00379508
v 0.08712244 0.00412380 0.00256337
v 0.08297688 0.00034381 0.00440694
v 0.08627147 0.00412380 0.00497872
v 0.08565010 0.00412380 0.00609548
v 0.08490837 0.00412380 0.00713621
v 0.08244061 0.00034381 0.00515938
v 0.08182504 0.00034381 0.00584594
v 0.08113626 0.00034381 0.00645905
v 0.08038250 0.00034381 0.00699227
v 0.07957415 0.00034381 0.00743839
v 0.07871962 0.00034381 0.00779152
v 0.07692124 0.00034381 0.00820073
v 0.07783087 0.00034381 0.00804650
v 0.08376755 0.00148204 -0.00626873
v 0.08441900 0.00148204 -0.00536172
v 0.08372497 0.00081614 -0.00491972
v 0.08496559 0.00148204 -0.00438794
v 0.08422651 0.00081614 -0.00402622
v 0.08540043 0.00148204 -0.00335692
v 0.08462550 0.00081614 -0.00308019
v 0.08571665 0.00148204 -0.00228355
v 0.08491565 0.00081614 -0.00209530
v 0.08591048 0.00148204 -0.00118870
v 0.08509350 0.00081614 -0.00109070
v 0.08598164 0.00148204 -0.00007913
v 0.08515880 0.00081614 -0.00007261
v 0.08598192 0.00148204 0.00002638
v 0.08515905 0.00081614 0.00002420
v 0.08591609 0.00148204 0.00114113
v 0.08509865 0.00081614 0.00104706
v 0.08572640 0.00148204 0.00224162
v 0.08492459 0.00081614 0.00205683
v 0.08541396 0.00148204 0.00331874
v 0.08463791 0.00081614 0.00304515
v 0.08498224 0.00148204 0.00435381
v 0.08424178 0.00081614 0.00399490
v 0.08443886 0.00148204 0.00533040
v 0.08374320 0.00081614 0.00489098
v 0.08379022 0.00148204 0.00624051
v 0.08314802 0.00081614 0.00572606
v 0.08304565 0.00148204 0.00707094
v 0.08246484 0.00081614 0.00648804
v 0.08221254 0.00148204 0.00781252
v 0.08170041 0.00081614 0.00716849
v 0.08130083 0.00148204 0.00845747
v 0.08086386 0.00081614 0.00776027
v 0.08032310 0.00148204 0.00899708
v 0.07996672 0.00081614 0.00825539
v 0.07928950 0.00148204 0.00942421
v 0.07901832 0.00081614 0.00864732
v 0.07821453 0.00148204 0.00973262
v 0.07803197 0.00081614 0.00893030
v 0.07711428 0.00148204 0.00991917
v 0.07702242 0.00081614 0.00910147
v 0.07718955 0.00229919 0.01058924
v 0.07724337 0.00320327 0.01106829
v 0.07836412 0.00229919 0.01039008
v 0.07847107 0.00320327 0.01086013
v 0.07951172 0.00229919 0.01006084
v 0.07967059 0.00320327 0.01051599
v 0.08061514 0.00229919 0.00960485
v 0.08082393 0.00320327 0.01003938
v 0.08165892 0.00229919 0.00902880
v 0.08191492 0.00320327 0.00943726
v 0.08263222 0.00229919 0.00834028
v 0.08293226 0.00320327 0.00871759
v 0.08352160 0.00229919 0.00754860
v 0.08386188 0.00320327 0.00789010
v 0.08431647 0.00229919 0.00666207
v 0.08469271 0.00320327 0.00696346
v 0.08500893 0.00229919 0.00569048
v 0.08541650 0.00320327 0.00594792
v 0.08558901 0.00229919 0.00464793
v 0.08602282 0.00320327 0.00485820
v 0.08604990 0.00229919 0.00354293
v 0.08650456 0.00320327 0.00370321
v 0.08638345 0.00229919 0.00239305
v 0.08685319 0.00320327 0.00250131
v 0.08658595 0.00229919 0.00121821
v 0.08706485 0.00320327 0.00127333
v 0.08665623 0.00229919 0.00002816
v 0.08713831 0.00320327 0.00002943
v 0.08665593 0.00229919 -0.00008448
v 0.08713800 0.00320327 -0.00008830
v 0.08657996 0.00229919 -0.00126900
v 0.08705860 0.00320327 -0.00132640
v 0.08637304 0.00229919 -0.00243781
v 0.08684231 0.00320327 -0.00254809
v 0.08603546 0.00229919 -0.00358369
v 0.08648946 0.00320327 -0.00374581
v 0.08557124 0.00229919 -0.00468436
v 0.08600425 0.00320327 -0.00489628
v 0.08498772 0.00229919 -0.00572392
v 0.08539432 0.00320327 -0.00598286
v 0.08429227 0.00229919 -0.00669220
v 0.08466741 0.00320327 -0.00699495
v 0.08353512 0.00229919 -0.00753512
v 0.08387601 0.00320327 -0.00787601
v 0.08269220 0.00229919 -0.00829227
v 0.08299495 0.00320327 -0.00866741
v 0.08172333 0.00229919 -0.00898809
v 0.08198225 0.00320327 -0.00939471
v 0.08068311 0.00229919 -0.00957186
v 0.08089498 0.00320327 -0.01000489
v 0.07957972 0.00229919 -0.01003688
v 0.07974166 0.00320327 -0.01049095
v 0.07843100 0.00229919 -0.01037465
v 0.07854098 0.00320327 -0.01084400
v 0.07722365 0.00229919 -0.01058534
v 0.07727901 0.00320327 -0.01106421
v 0.08405693 0.00412380 0.00808585
v 0.08310424 0.00412380 0.00893386
v 0.08206167 0.00412380 0.00967139
v 0.08094360 0.00412380 0.01028844
v 0.07976165 0.00412380 0.01077688
v 0.07853238 0.00412380 0.01112955
v 0.07727421 0.00412380 0.01134288
v 0.07600000 0.00177531 -0.01025643
v 0.07600000 0.00079621 -0.00912841
v 0.07600000 0.00326489 -0.01116315
v 0.07600000 0.00229919 -0.01065626
v 0.07600000 0.00412380 -0.01141468
v -0.00572485 0.02105000 -0.00566571
v 0.02544669 0.02070000 -0.00108886
v 0.03062639 0.02070000 -0.00108886
v 0.03062639 0.02070000 0.00103443
v 0.02544669 0.02070000 0.00103443
v 0.04333373 0.01313015 -0.00150000
v 0.04194809 0.01313015 -0.00150000
v 0.04224091 0.01342297 -0.00150000
v 0.04264091 0.01353015 -0.00150000
v 0.04304091 0.01342297 -0.00150000
v 0.04192013 0.00845289 -0.00150000
v 0.04193157 0.00843009 -0.01148674
v 0.04214212 0.00817453 -0.00150000
v 0.04218401 0.00814331 -0.01149159
v 0.04246289 0.00802006 -0.00150000
v 0.04246289 0.00802006 -0.01149333
v 0.04281893 0.00802006 -0.00150000
v 0.04255043 0.00800513 -0.01149352
v 0.04281893 0.00802006 -0.01149333
v 0.04290767 0.00804579 -0.01149298
v 0.04313970 0.00817454 -0.01149112
v 0.04320651 0.00823423 -0.01149017
v 0.04336169 0.00845290 -0.01148630
v 0.04340656 0.00856810 -0.01148400
v 0.04642918 0.01313015 -0.00150000
v 0.04504354 0.01313015 -0.00150000
v 0.04533636 0.01342297 -0.00150000
v 0.04573637 0.01353015 -0.00150000
v 0.04613636 0.01342297 -0.00150000
v 0.04502702 0.00843009 -0.01148674
v 0.04504354 0.00840000 -0.00150000
v 0.04504354 0.00840000 -0.01148730
v 0.04527947 0.00814331 -0.01149159
v 0.04533636 0.00810718 -0.00150000
v 0.04533636 0.00810718 -0.01149212
v 0.04564588 0.00800513 -0.01149352
v 0.04573637 0.00800000 -0.00150000
v 0.04573637 0.00800000 -0.01149359
v 0.04613636 0.00810718 -0.00150000
v 0.04600312 0.00804579 -0.01149298
v 0.04613636 0.00810718 -0.01149212
v 0.04630196 0.00823423 -0.01149017
v 0.04642919 0.00840001 -0.01148730
v 0.04650202 0.00856810 -0.01148400
v 0.04813900 0.01313015 -0.00150000
v 0.04843182 0.01342297 -0.00150000
v 0.04883182 0.01353015 -0.00150000
v 0.04923182 0.01342297 -0.00150000
v 0.04952464 0.01313015 -0.00150000
v 0.04811104 0.00845289 -0.00150000
v 0.04812248 0.00843009 -0.01148674
v 0.04833303 0.00817453 -0.00150000
v 0.04837492 0.00814331 -0.01149159
v 0.04865380 0.00802006 -0.00150000
v 0.04865380 0.00802006 -0.01149333
v 0.04874133 0.00800513 -0.01149352
v 0.04900983 0.00802006 -0.00150000
v 0.04900983 0.00802006 -0.01149333
v 0.04933061 0.00817453 -0.00150000
v 0.04909858 0.00804579 -0.01149298
v 0.04933061 0.00817454 -0.01149112
v 0.04939742 0.00823423 -0.01149017
v 0.04955260 0.00845290 -0.01148630
v 0.04959747 0.00856810 -0.01148400
v 0.05123445 0.01313015 -0.00150000
v 0.05152727 0.01342297 -0.00150000
v 0.05192727 0.01353015 -0.00150000
v 0.05232727 0.01342297 -0.00150000
v 0.05262009 0.01313015 -0.00150000
v 0.05120650 0.00845289 -0.00150000
v 0.05121793 0.00843009 -0.01148674
v 0.05142848 0.00817453 -0.00150000
v 0.05147037 0.00814331 -0.01149159
v 0.05174926 0.00802006 -0.00150000
v 0.05174926 0.00802006 -0.01149333
v 0.05183679 0.00800513 -0.01149352
v 0.05210529 0.00802006 -0.00150000
v 0.05210529 0.00802006 -0.01149333
v 0.05219403 0.00804579 -0.01149298
v 0.05242607 0.00817453 -0.00150000
v 0.05242607 0.00817454 -0.01149112
v 0.05264805 0.00845289 -0.00150000
v 0.05249288 0.00823423 -0.01149017
v 0.05264805 0.00845290 -0.01148630
v 0.05269292 0.00856810 -0.01148400
v 0.05432991 0.01313015 -0.00150000
v 0.05462273 0.01342297 -0.00150000
v 0.05502273 0.01353015 -0.00150000
v 0.05542273 0.01342297 -0.00150000
v 0.05571555 0.01313015 -0.00150000
v 0.05432991 0.00840000 -0.00150000
v 0.05431339 0.00843009 -0.01148674
v 0.05432991 0.00840000 -0.01148730
v 0.05456583 0.00814331 -0.01149159
v 0.05462273 0.00810718 -0.00150000
v 0.05462272 0.00810718 -0.01149212
v 0.05493224 0.00800513 -0.01149352
v 0.05502273 0.00800000 -0.00150000
v 0.05502273 0.00800000 -0.01149359
v 0.05528948 0.00804579 -0.01149298
v 0.05542273 0.00810718 -0.00150000
v 0.05542273 0.00810718 -0.01149212
v 0.05558833 0.00823423 -0.01149017
v 0.05571555 0.00840000 -0.00150000
v 0.05571555 0.00840001 -0.01148730
v 0.05578838 0.00856810 -0.01148400
v 0.05742536 0.01313015 -0.00150000
v 0.05771818 0.01342297 -0.00150000
v 0.05811818 0.01353015 -0.00150000
v 0.05851818 0.01342297 -0.00150000
v 0.05881100 0.01313015 -0.00150000
v 0.05761939 0.00817453 -0.00150000
v 0.05766128 0.00814331 -0.01149159
v 0.05740884 0.00843009 -0.01148674
v 0.05794017 0.00802006 -0.00150000
v 0.05794016 0.00802006 -0.01149333
v 0.05802770 0.00800513 -0.01149352
v 0.05829620 0.00802006 -0.00150000
v 0.05829620 0.00802006 -0.01149333
v 0.05838494 0.00804579 -0.01149298
v 0.05861697 0.00817453 -0.00150000
v 0.05861697 0.00817454 -0.01149112
v 0.05868378 0.00823423 -0.01149017
v 0.05883896 0.00845289 -0.00150000
v 0.05883896 0.00845290 -0.01148630
v 0.05888383 0.00856810 -0.01148400
v 0.06052082 0.01313015 -0.00150000
v 0.06081364 0.01342297 -0.00150000
v 0.06121363 0.01353015 -0.00150000
v 0.06161364 0.01342297 -0.00150000
v 0.06190646 0.01313015 -0.00150000
v 0.06081364 0.00810718 -0.00150000
v 0.06050429 0.00843009 -0.01148674
v 0.06052082 0.00840000 -0.01148730
v 0.06075674 0.00814331 -0.01149159
v 0.06081364 0.00810718 -0.01149212
v 0.06112315 0.00800513 -0.01149352
v 0.06121363 0.00800000 -0.00150000
v 0.06121363 0.00800000 -0.01149359
v 0.06148040 0.00804579 -0.01149298
v 0.06161364 0.00810718 -0.00150000
v 0.06161364 0.00810718 -0.01149212
v 0.06177924 0.00823423 -0.01149017
v 0.06190646 0.00840000 -0.00150000
v 0.06190646 0.00840001 -0.01148730
v 0.06197929 0.00856810 -0.01148400
v 0.06361627 0.01313015 -0.00150000
v 0.06390909 0.01342297 -0.00150000
v 0.06430909 0.01353015 -0.00150000
v 0.06470909 0.01342297 -0.00150000
v 0.06500191 0.01313015 -0.00150000
v 0.06390909 0.00810718 -0.00150000
v 0.06359975 0.00843009 -0.01148674
v 0.06361627 0.00840000 -0.01148730
v 0.06385219 0.00814331 -0.01149159
v 0.06390909 0.00810718 -0.01149212
v 0.06421861 0.00800513 -0.01149352
v 0.06430909 0.00800000 -0.00150000
v 0.06430909 0.00800000 -0.01149359
v 0.06457585 0.00804579 -0.01149298
v 0.06470909 0.00810718 -0.00150000
v 0.06470909 0.00810718 -0.01149212
v 0.06487469 0.00823423 -0.01149017
v 0.06500191 0.00840000 -0.00150000
v 0.06500191 0.00840001 -0.01148730
v 0.06507474 0.00856810 -0.01148400
v 0.06671172 0.01313015 -0.00150000
v 0.06700455 0.01342297 -0.00150000
v 0.06740455 0.01353015 -0.00150000
v 0.06780455 0.01342297 -0.00150000
v 0.06809737 0.01313015 -0.00150000
v 0.06740455 0.00800000 -0.00150000
v 0.06669521 0.00843009 -0.01148674
v 0.06671172 0.00840000 -0.01148730
v 0.06694765 0.00814331 -0.01149159
v 0.06700455 0.00810718 -0.01149212
v 0.06731406 0.00800513 -0.01149352
v 0.06740455 0.00800000 -0.01149359
v 0.06767131 0.00804579 -0.01149298
v 0.06780455 0.00810718 -0.00150000
v 0.06780455 0.00810718 -0.01149212
v 0.06797015 0.00823423 -0.01149017
v 0.06809737 0.00840000 -0.00150000
v 0.06809737 0.00840001 -0.01148730
v 0.06817020 0.00856810 -0.01148400
v 0.02956627 0.01313015 -0.00150000
v 0.02985909 0.01342297 -0.00150000
v 0.03025909 0.01353015 -0.00150000
v 0.03065909 0.01342297 -0.00150000
v 0.03095191 0.01313015 -0.00150000
v 0.02985909 0.00810718 -0.00150000
v 0.02954975 0.00843009 -0.01148674
v 0.02956627 0.00840000 -0.01148730
v 0.02980219 0.00814331 -0.01149159
v 0.02985909 0.00810718 -0.01149212
v 0.03016861 0.00800513 -0.01149352
v 0.03025909 0.00800000 -0.00150000
v 0.03025909 0.00800000 -0.01149359
v 0.03052585 0.00804579 -0.01149298
v 0.03065909 0.00810718 -0.00150000
v 0.03065909 0.00810718 -0.01149212
v 0.03082469 0.00823423 -0.01149017
v 0.03095191 0.00840000 -0.00150000
v 0.03095192 0.00840001 -0.01148730
v 0.03102474 0.00856810 -0.01148400
v 0.02647082 0.01313015 -0.00150000
v 0.02676364 0.01342297 -0.00150000
v 0.02716364 0.01353015 -0.00150000
v 0.02756364 0.01342297 -0.00150000
v 0.02785646 0.01313015 -0.00150000
v 0.02676364 0.00810718 -0.00150000
v 0.02645430 0.00843009 -0.01148674
v 0.02647082 0.00840000 -0.01148730
v 0.02670674 0.00814331 -0.01149159
v 0.02676363 0.00810718 -0.01149212
v 0.02707315 0.00800513 -0.01149352
v 0.02716364 0.00800000 -0.00150000
v 0.02716364 0.00800000 -0.01149359
v 0.02743039 0.00804579 -0.01149298
v 0.02756364 0.00810718 -0.00150000
v 0.02756364 0.00810718 -0.01149212
v 0.02772924 0.00823423 -0.01149017
v 0.02785646 0.00840000 -0.00150000
v 0.02785646 0.00840001 -0.01148730
v 0.02792929 0.00856810 -0.01148400
v 0.02337536 0.01313015 -0.00150000
v 0.02366818 0.01342297 -0.00150000
v 0.02406818 0.01353015 -0.00150000
v 0.02446818 0.01342297 -0.00150000
v 0.02476100 0.01313015 -0.00150000
v 0.02337536 0.00840000 -0.00150000
v 0.02335884 0.00843009 -0.01148674
v 0.02337536 0.00840000 -0.01148730
v 0.02361128 0.00814331 -0.01149159
v 0.02366818 0.00810718 -0.00150000
v 0.02366818 0.00810718 -0.01149212
v 0.02397770 0.00800513 -0.01149352
v 0.02406818 0.00800000 -0.00150000
v 0.02406818 0.00800000 -0.01149359
v 0.02433494 0.00804579 -0.01149298
v 0.02446818 0.00810718 -0.00150000
v 0.02446818 0.00810718 -0.01149212
v 0.02463378 0.00823423 -0.01149017
v 0.02476100 0.00840000 -0.00150000
v 0.02476100 0.00840001 -0.01148730
v 0.02483383 0.00856810 -0.01148400
v 0.02027991 0.01313015 -0.00150000
v 0.02057273 0.01342297 -0.00150000
v 0.02097273 0.01353015 -0.00150000
v 0.02137273 0.01342297 -0.00150000
v 0.02166555 0.01313015 -0.00150000
v 0.02026339 0.00843009 -0.01148674
v 0.02027991 0.00840000 -0.00150000
v 0.02027991 0.00840000 -0.01148730
v 0.02051583 0.00814331 -0.01149159
v 0.02057273 0.00810718 -0.00150000
v 0.02057273 0.00810718 -0.01149212
v 0.02088224 0.00800513 -0.01149352
v 0.02097273 0.00800000 -0.00150000
v 0.02097273 0.00800000 -0.01149359
v 0.02123949 0.00804579 -0.01149298
v 0.02137273 0.00810718 -0.00150000
v 0.02137273 0.00810718 -0.01149212
v 0.02166555 0.00840000 -0.00150000
v 0.02153833 0.00823423 -0.01149017
v 0.02166555 0.00840001 -0.01148730
v 0.02173838 0.00856810 -0.01148400
v 0.01718445 0.01313015 -0.00150000
v 0.01747727 0.01342297 -0.00150000
v 0.01787727 0.01353015 -0.00150000
v 0.01827727 0.01342297 -0.00150000
v 0.01857009 0.01313015 -0.00150000
v 0.01716793 0.00843009 -0.01148674
v 0.01718445 0.00840000 -0.00150000
v 0.01718445 0.00840000 -0.01148730
v 0.01742037 0.00814331 -0.01149159
v 0.01747727 0.00810718 -0.00150000
v 0.01747727 0.00810718 -0.01149212
v 0.01778679 0.00800513 -0.01149352
v 0.01787727 0.00800000 -0.00150000
v 0.01787727 0.00800000 -0.01149359
v 0.01827727 0.00810718 -0.00150000
v 0.01814403 0.00804579 -0.01149298
v 0.01827727 0.00810718 -0.01149212
v 0.01844287 0.00823423 -0.01149017
v 0.01857010 0.00840001 -0.01148730
v 0.01864292 0.00856810 -0.01148400
v 0.06980718 0.01313015 -0.00150000
v 0.07010000 0.01342297 -0.00150000
v 0.07050000 0.01353015 -0.00150000
v 0.07090000 0.01342297 -0.00150000
v 0.07119282 0.01313015 -0.00150000
v 0.06979066 0.00843009 -0.01148674
v 0.06980718 0.00840000 -0.00150000
v 0.06980718 0.00840000 -0.01148730
v 0.07004310 0.00814331 -0.01149159
v 0.07010000 0.00810718 -0.00150000
v 0.07010000 0.00810718 -0.01149212
v 0.07040951 0.00800513 -0.01149352
v 0.07050000 0.00800000 -0.00150000
v 0.07050000 0.00800000 -0.01149359
v 0.07076676 0.00804579 -0.01149298
v 0.07090000 0.00810718 -0.00150000
v 0.07090000 0.00810718 -0.01149212
v 0.07106560 0.00823423 -0.01149017
v 0.07119282 0.00840000 -0.00150000
v 0.07119282 0.00840001 -0.01148730
v 0.07126565 0.00856810 -0.01148400
v 0.02975080 0.00492051 -0.01149926
v 0.02991502 0.00476461 -0.01149380
v 0.03038767 0.00449536 -0.01147178
v 0.03023884 0.00744216 -0.01149876
v 0.02994728 0.00726126 -0.01149957
v 0.02977724 0.00710772 -0.01149993
v 0.02533333 0.01348048 -0.01118379
v 0.05066667 0.01795707 -0.01042690
v 0.05066667 0.01348048 -0.01118379
v 0.02533333 0.01795707 -0.01042690
f 1 2 3
f 4 5 6
f 7 8 9
f 9 8 4
f 9 4 10
f 10 4 6
f 3 2 11
f 2 12 11
f 11 12 13
f 11 13 5
f 5 13 14
f 5 14 6
f 1 3 15
f 15 3 16
f 15 16 17
f 17 16 18
f 17 18 19
f 19 18 20
f 20 18 21
f 20 21 22
f 22 21 23
f 23 21 24
f 23 24 25
f 25 24 26
f 26 24 27
f 26 27 28
f 28 27 29
f 29 27 30
f 29 30 31
f 31 30 32
f 31 32 33
f 33 32 34
f 33 34 35
f 36 37 38
f 38 39 36
f 36 39 40
f 36 40 34
f 34 40 41
f 34 41 35
f 42 43 44
f 44 45 42
f 42 45 46
f 42 46 37
f 37 46 47
f 37 47 38
f 48 49 50
f 50 49 51
f 50 51 43
f 43 51 52
f 43 52 44
f 53 54 48
f 48 54 55
f 48 55 49
f 56 57 53
f 53 57 58
f 53 58 54
f 59 60 56
f 56 60 61
f 56 61 57
f 7 62 8
f 8 62 63
f 8 63 64
f 64 63 65
f 64 65 66
f 66 65 67
f 66 67 59
f 59 67 68
f 59 68 60
f 62 69 70
f 62 7 69
f 69 7 9
f 69 9 71
f 9 10 71
f 71 10 6
f 71 6 72
f 72 6 14
f 72 14 73
f 14 13 73
f 73 13 12
f 73 12 74
f 74 12 2
f 2 1 74
f 74 1 15
f 74 15 75
f 15 17 75
f 75 17 19
f 75 19 76
f 19 20 76
f 76 20 22
f 76 22 77
f 22 23 77
f 77 23 25
f 77 25 78
f 25 26 78
f 78 26 28
f 78 28 79
f 28 29 79
f 79 29 31
f 79 31 80
f 31 33 80
f 80 33 35
f 80 35 81
f 35 41 81
f 81 41 40
f 81 40 82
f 40 39 82
f 82 39 38
f 82 38 83
f 83 38 47
f 83 47 84
f 47 46 84
f 84 46 45
f 84 45 85
f 45 44 85
f 85 44 52
f 85 52 86
f 86 52 51
f 51 49 86
f 86 49 55
f 86 55 87
f 55 54 87
f 87 54 58
f 87 58 88
f 58 57 88
f 88 57 61
f 88 61 89
f 61 60 89
f 89 60 68
f 89 68 90
f 68 67 90
f 90 67 65
f 90 65 70
f 70 65 63
f 70 63 62
f 71 91 69
f 69 91 92
f 69 92 70
f 70 92 93
f 70 93 90
f 73 94 72
f 72 94 95
f 72 95 71
f 71 95 96
f 71 96 91
f 75 97 74
f 74 97 98
f 74 98 73
f 73 98 99
f 73 99 94
f 77 100 76
f 76 100 101
f 76 101 75
f 75 101 102
f 75 102 97
f 79 103 78
f 78 103 104
f 78 104 77
f 77 104 105
f 77 105 100
f 82 106 81
f 81 106 107
f 81 107 80
f 80 107 108
f 80 108 79
f 79 108 109
f 79 109 103
f 84 110 83
f 83 110 111
f 83 111 82
f 82 111 112
f 82 112 106
f 86 113 85
f 85 113 114
f 85 114 84
f 84 114 115
f 84 115 110
f 88 116 87
f 87 116 117
f 87 117 86
f 86 117 118
f 86 118 113
f 93 119 90
f 90 119 120
f 90 120 89
f 89 120 121
f 89 121 88
f 88 121 122
f 88 122 116
f 123 124 125
f 126 127 125
f 128 129 125
f 130 131 132
f 133 134 125
f 135 136 125
f 137 138 125
f 139 140 141
f 142 143 125
f 144 145 125
f 146 147 125
f 148 149 150
f 151 152 125
f 153 154 125
f 155 156 125
f 157 158 159
f 157 159 156
f 156 159 125
f 125 160 161
f 154 160 125
f 161 155 125
f 152 153 125
f 125 162 163
f 164 125 163
f 165 151 125
f 164 165 125
f 166 167 150
f 150 167 162
f 150 162 125
f 148 150 147
f 147 150 125
f 125 168 169
f 145 168 125
f 169 146 125
f 143 144 125
f 125 170 171
f 172 125 171
f 173 142 125
f 172 173 125
f 174 175 141
f 141 175 170
f 141 170 125
f 139 141 138
f 138 141 125
f 125 176 177
f 136 176 125
f 177 137 125
f 134 135 125
f 125 178 179
f 180 125 179
f 181 133 125
f 180 181 125
f 182 183 132
f 132 183 178
f 132 178 125
f 130 132 129
f 129 132 125
f 125 184 185
f 127 184 125
f 185 128 125
f 124 126 125
f 125 186 187
f 188 125 187
f 189 123 125
f 188 189 125
f 190 191 159
f 159 191 186
f 159 186 125
f 192 193 194
f 194 193 195
f 194 195 196
f 183 182 197
f 179 178 198
f 198 178 183
f 198 183 194
f 194 183 197
f 194 197 192
f 187 199 188
f 188 199 200
f 188 200 189
f 189 200 123
f 123 200 201
f 123 201 124
f 201 127 126
f 201 126 124
f 127 201 184
f 184 201 202
f 184 202 185
f 185 202 203
f 185 203 128
f 204 205 206
f 206 205 207
f 206 207 208
f 191 190 209
f 187 186 199
f 199 186 191
f 199 191 206
f 206 191 209
f 206 209 204
f 210 211 212
f 213 214 210
f 210 214 215
f 210 215 211
f 212 158 210
f 210 158 157
f 210 157 216
f 216 157 156
f 216 156 155
f 217 218 219
f 220 221 217
f 217 221 222
f 217 222 218
f 219 131 217
f 217 131 130
f 217 130 203
f 203 130 129
f 203 129 128
f 179 198 180
f 180 198 223
f 180 223 181
f 181 223 133
f 133 223 224
f 133 224 134
f 224 136 135
f 224 135 134
f 136 224 176
f 176 224 225
f 176 225 177
f 177 225 226
f 177 226 137
f 163 227 164
f 164 227 228
f 164 228 165
f 165 228 151
f 151 228 229
f 151 229 152
f 229 154 153
f 229 153 152
f 154 229 160
f 160 229 230
f 160 230 161
f 161 230 216
f 161 216 155
f 231 232 233
f 233 232 234
f 233 234 235
f 167 166 236
f 163 162 227
f 227 162 167
f 227 167 233
f 233 167 236
f 233 236 231
f 237 238 239
f 240 241 237
f 237 241 242
f 237 242 238
f 239 149 237
f 237 149 148
f 237 148 243
f 243 148 147
f 243 147 146
f 171 244 172
f 172 244 245
f 172 245 173
f 173 245 142
f 142 245 246
f 142 246 143
f 246 145 144
f 246 144 143
f 145 246 168
f 168 246 247
f 168 247 169
f 169 247 243
f 169 243 146
f 248 249 250
f 250 249 251
f 250 251 252
f 175 174 253
f 171 170 244
f 244 170 175
f 244 175 250
f 250 175 253
f 250 253 248
f 254 255 256
f 257 258 254
f 254 258 259
f 254 259 255
f 256 140 254
f 254 140 139
f 254 139 226
f 226 139 138
f 226 138 137
f 260 261 115
f 262 263 106
f 264 265 103
f 92 91 266
f 267 93 268
f 268 93 92
f 268 92 269
f 269 92 266
f 96 95 270
f 270 271 96
f 96 271 272
f 96 272 91
f 91 272 273
f 91 273 266
f 94 99 274
f 274 275 94
f 94 275 276
f 94 276 95
f 95 276 277
f 95 277 270
f 98 97 278
f 278 279 98
f 98 279 280
f 98 280 99
f 99 280 281
f 99 281 274
f 102 101 282
f 282 283 102
f 102 283 284
f 102 284 97
f 97 284 285
f 97 285 278
f 100 105 286
f 286 287 100
f 100 287 288
f 100 288 101
f 101 288 289
f 101 289 282
f 103 265 104
f 265 290 104
f 104 290 291
f 104 291 105
f 105 291 292
f 105 292 286
f 264 103 293
f 293 103 109
f 293 109 294
f 294 109 108
f 294 108 295
f 106 263 107
f 263 296 107
f 107 296 297
f 107 297 108
f 108 297 298
f 108 298 295
f 262 106 299
f 299 106 112
f 299 112 300
f 300 112 111
f 300 111 301
f 301 111 302
f 302 111 110
f 302 110 303
f 115 261 110
f 110 261 304
f 110 304 303
f 260 115 305
f 305 115 114
f 305 114 306
f 306 114 113
f 306 113 307
f 117 308 118
f 118 308 309
f 118 309 113
f 113 309 310
f 113 310 307
f 311 312 116
f 116 312 313
f 116 313 117
f 117 313 314
f 117 314 308
f 311 116 315
f 315 116 122
f 315 122 316
f 316 122 121
f 316 121 317
f 317 121 318
f 318 121 120
f 318 120 319
f 267 320 93
f 93 320 321
f 93 321 119
f 119 321 322
f 119 322 120
f 120 322 323
f 120 323 319
f 228 227 324
f 325 326 327
f 328 329 330
f 331 332 333
f 334 335 336
f 337 338 339
f 340 341 342
f 343 344 345
f 346 347 348
f 348 347 349
f 346 348 350
f 350 348 351
f 350 351 352
f 344 343 351
f 351 343 353
f 351 353 352
f 338 337 354
f 355 356 357
f 357 356 358
f 357 358 359
f 360 361 362
f 362 361 363
f 362 363 364
f 365 366 367
f 367 366 368
f 368 366 369
f 369 366 370
f 369 370 371
f 371 370 372
f 372 370 373
f 372 373 374
f 374 373 375
f 375 373 376
f 375 376 377
f 378 379 380
f 381 382 383
f 384 385 381
f 381 385 386
f 381 386 382
f 387 388 389
f 389 388 390
f 389 390 391
f 391 390 392
f 393 394 387
f 387 394 395
f 387 395 388
f 396 397 398
f 398 397 399
f 398 399 393
f 393 399 400
f 393 400 394
f 401 402 403
f 403 402 404
f 403 404 396
f 396 404 405
f 396 405 397
f 406 401 407
f 408 409 410
f 410 409 411
f 410 411 412
f 413 414 327
f 327 414 415
f 327 415 325
f 347 416 349
f 349 416 417
f 349 417 413
f 413 417 418
f 413 418 414
f 419 420 421
f 421 420 422
f 421 422 423
f 423 422 424
f 423 424 196
f 225 224 425
f 425 224 223
f 225 425 226
f 226 425 426
f 226 426 254
f 254 426 427
f 254 427 257
f 257 427 428
f 257 428 429
f 429 428 430
f 430 428 431
f 430 431 432
f 432 431 433
f 432 433 252
f 434 250 252
f 245 244 435
f 435 244 250
f 246 245 247
f 247 245 435
f 247 435 243
f 243 435 436
f 243 436 237
f 237 436 437
f 237 437 240
f 240 437 438
f 240 438 439
f 439 438 440
f 440 438 441
f 440 441 442
f 442 441 443
f 442 443 235
f 228 324 229
f 444 445 446
f 446 445 213
f 446 213 447
f 447 213 210
f 447 210 448
f 448 210 216
f 448 216 324
f 324 216 230
f 324 230 229
f 449 450 208
f 208 450 451
f 208 451 206
f 206 451 452
f 206 452 199
f 452 203 202
f 199 452 200
f 200 452 202
f 200 202 201
f 453 331 454
f 454 331 333
f 454 333 446
f 446 333 455
f 446 455 444
f 444 455 456
f 332 334 333
f 333 334 336
f 333 336 455
f 455 336 449
f 455 449 456
f 456 449 208
f 360 359 361
f 361 359 358
f 361 358 363
f 363 358 457
f 363 457 458
f 458 457 459
f 458 459 443
f 443 459 460
f 443 460 235
f 355 328 356
f 356 328 330
f 356 330 358
f 358 330 461
f 358 461 457
f 457 461 462
f 457 462 459
f 459 462 463
f 459 463 460
f 460 463 464
f 460 464 235
f 235 464 233
f 329 453 330
f 330 453 454
f 330 454 461
f 461 454 446
f 461 446 462
f 462 446 447
f 462 447 463
f 463 447 448
f 463 448 464
f 464 448 324
f 464 324 233
f 233 324 227
f 335 465 336
f 336 465 466
f 336 466 449
f 449 466 467
f 449 467 450
f 450 467 468
f 450 468 451
f 451 468 469
f 451 469 452
f 452 469 470
f 452 470 203
f 203 470 217
f 465 339 466
f 466 339 338
f 466 338 467
f 467 338 354
f 467 354 468
f 468 354 471
f 468 471 469
f 469 471 472
f 469 472 470
f 470 472 473
f 470 473 217
f 217 473 220
f 337 340 354
f 354 340 342
f 354 342 471
f 471 342 474
f 471 474 472
f 472 474 475
f 472 475 473
f 473 475 420
f 473 420 220
f 220 420 419
f 367 364 365
f 365 364 363
f 365 363 366
f 366 363 458
f 366 458 370
f 370 458 443
f 370 443 373
f 373 443 441
f 373 441 376
f 376 441 438
f 250 434 435
f 435 434 476
f 435 476 436
f 436 476 477
f 436 477 437
f 437 477 478
f 437 478 438
f 438 478 378
f 438 378 376
f 376 378 380
f 376 380 377
f 252 479 434
f 434 479 480
f 434 480 476
f 476 480 481
f 476 481 477
f 477 481 482
f 477 482 478
f 478 482 483
f 478 483 378
f 341 484 342
f 342 484 345
f 342 345 474
f 474 345 344
f 474 344 475
f 475 344 351
f 475 351 420
f 420 351 348
f 420 348 422
f 422 348 349
f 422 349 424
f 424 349 413
f 424 413 485
f 485 413 327
f 485 327 411
f 411 327 326
f 411 326 412
f 412 326 325
f 252 433 479
f 479 433 486
f 479 486 480
f 480 486 384
f 480 384 481
f 481 384 381
f 481 381 482
f 482 381 383
f 482 383 483
f 483 383 487
f 483 487 378
f 378 487 488
f 378 488 379
f 425 489 426
f 426 489 490
f 426 490 427
f 427 490 491
f 427 491 428
f 428 491 492
f 489 493 490
f 490 493 494
f 490 494 491
f 491 494 495
f 491 495 492
f 492 495 407
f 223 198 425
f 425 198 194
f 425 194 489
f 489 194 196
f 489 196 493
f 493 196 424
f 493 424 494
f 494 424 485
f 494 485 495
f 495 485 411
f 495 411 407
f 407 411 409
f 407 409 406
f 406 409 408
f 401 403 407
f 407 403 396
f 407 396 492
f 492 396 398
f 492 398 428
f 428 398 393
f 428 393 431
f 431 393 387
f 431 387 433
f 433 387 389
f 433 389 486
f 486 389 391
f 486 391 384
f 384 391 392
f 384 392 385
f 278 496 279
f 279 496 497
f 279 497 280
f 280 497 498
f 280 498 281
f 281 498 499
f 281 499 274
f 274 499 500
f 274 500 275
f 275 500 501
f 275 501 276
f 276 501 502
f 276 502 277
f 277 502 503
f 277 503 270
f 270 503 504
f 270 504 271
f 271 504 505
f 271 505 272
f 272 505 506
f 272 506 273
f 273 506 507
f 273 507 266
f 266 507 508
f 266 508 269
f 269 508 509
f 269 509 268
f 268 509 510
f 268 510 267
f 267 510 511
f 267 511 320
f 320 511 512
f 320 512 321
f 321 512 513
f 321 513 322
f 322 513 514
f 322 514 323
f 323 514 515
f 323 515 319
f 319 515 516
f 319 516 318
f 318 516 517
f 318 517 317
f 317 517 518
f 317 518 316
f 316 518 519
f 316 519 315
f 315 519 520
f 315 520 311
f 311 520 521
f 311 521 312
f 312 521 522
f 312 522 313
f 313 522 523
f 313 523 314
f 314 523 524
f 314 524 308
f 308 524 525
f 308 525 309
f 309 525 526
f 309 526 310
f 310 526 527
f 310 527 307
f 307 527 528
f 307 528 306
f 306 528 529
f 306 529 305
f 305 529 530
f 305 530 260
f 260 530 531
f 260 531 261
f 261 531 532
f 261 532 304
f 304 532 533
f 304 533 303
f 303 533 534
f 303 534 302
f 302 534 535
f 302 535 301
f 301 535 536
f 301 536 300
f 300 536 537
f 300 537 299
f 299 537 538
f 299 538 262
f 262 538 539
f 262 539 263
f 263 539 540
f 263 540 296
f 296 540 541
f 296 541 297
f 297 541 542
f 297 542 298
f 298 542 543
f 298 543 295
f 295 543 544
f 295 544 294
f 294 544 545
f 294 545 293
f 293 545 546
f 293 546 264
f 264 546 547
f 264 547 265
f 265 547 548
f 265 548 290
f 290 548 549
f 290 549 291
f 291 549 550
f 291 550 292
f 292 550 551
f 292 551 286
f 286 551 552
f 286 552 287
f 287 552 553
f 287 553 288
f 288 553 554
f 288 554 289
f 289 554 555
f 289 555 282
f 282 555 556
f 282 556 283
f 283 556 557
f 283 557 284
f 284 557 558
f 284 558 285
f 285 558 559
f 285 559 278
f 278 559 496
f 559 399 496
f 496 399 397
f 496 397 497
f 497 397 405
f 497 405 498
f 498 405 404
f 498 404 499
f 499 404 402
f 499 402 500
f 500 402 401
f 500 401 501
f 501 401 406
f 501 406 502
f 502 406 408
f 502 408 503
f 503 408 410
f 503 410 504
f 504 410 412
f 504 412 505
f 505 412 325
f 505 325 506
f 506 325 415
f 506 415 507
f 507 415 414
f 507 414 508
f 508 414 418
f 508 418 509
f 509 418 417
f 509 417 510
f 510 417 416
f 510 416 511
f 511 416 347
f 511 347 512
f 512 347 346
f 512 346 513
f 513 346 350
f 513 350 514
f 514 350 352
f 514 352 515
f 515 352 353
f 515 353 516
f 516 353 343
f 516 343 517
f 517 343 345
f 517 345 518
f 518 345 484
f 518 484 519
f 519 484 341
f 519 341 520
f 520 341 340
f 520 340 521
f 521 340 337
f 521 337 522
f 522 337 339
f 522 339 523
f 523 339 465
f 523 465 524
f 524 465 335
f 524 335 525
f 525 335 334
f 525 334 526
f 526 334 332
f 526 332 527
f 527 332 331
f 527 331 528
f 528 331 453
f 528 453 529
f 529 453 329
f 529 329 530
f 530 329 328
f 530 328 531
f 531 328 355
f 531 355 532
f 532 355 357
f 532 357 533
f 533 357 359
f 533 359 534
f 534 359 360
f 534 360 535
f 535 360 362
f 535 362 536
f 536 362 364
f 536 364 537
f 537 364 367
f 537 367 538
f 538 367 368
f 538 368 539
f 539 368 369
f 539 369 540
f 540 369 371
f 540 371 541
f 541 371 372
f 541 372 542
f 542 372 374
f 542 374 543
f 543 374 375
f 543 375 544
f 544 375 377
f 544 377 545
f 545 377 380
f 545 380 546
f 546 380 379
f 546 379 547
f 547 379 488
f 547 488 548
f 548 488 487
f 548 487 549
f 549 487 383
f 549 383 550
f 550 383 382
f 550 382 551
f 551 382 386
f 551 386 552
f 552 386 385
f 552 385 553
f 553 385 392
f 553 392 554
f 554 392 390
f 554 390 555
f 555 390 388
f 555 388 556
f 556 388 395
f 556 395 557
f 557 395 394
f 557 394 558
f 558 394 400
f 558 400 559
f 559 400 399
f 158 212 560
f 158 560 159
f 209 190 561
f 561 190 159
f 561 159 562
f 562 159 560
f 204 209 561
f 560 212 211
f 563 205 204
f 564 207 205
f 456 208 207
f 207 564 456
f 456 564 565
f 456 565 444
f 444 565 566
f 444 566 445
f 445 566 214
f 445 214 213
f 205 563 564
f 564 563 567
f 564 567 565
f 565 567 568
f 565 568 566
f 566 568 215
f 566 215 214
f 204 561 563
f 563 561 562
f 563 562 567
f 567 562 560
f 567 560 568
f 568 560 211
f 568 211 215
f 149 239 569
f 149 569 150
f 236 166 570
f 570 166 150
f 570 150 571
f 571 150 569
f 231 236 570
f 569 239 238
f 572 232 231
f 573 234 232
f 442 235 234
f 234 573 442
f 442 573 574
f 442 574 440
f 440 574 575
f 440 575 439
f 439 575 241
f 439 241 240
f 232 572 573
f 573 572 576
f 573 576 574
f 574 576 577
f 574 577 575
f 575 577 242
f 575 242 241
f 231 570 572
f 572 570 571
f 572 571 576
f 576 571 569
f 576 569 577
f 577 569 238
f 577 238 242
f 140 256 578
f 140 578 141
f 253 174 579
f 579 174 141
f 579 141 580
f 580 141 578
f 248 253 579
f 578 256 255
f 581 249 248
f 582 251 249
f 432 252 251
f 251 582 432
f 432 582 583
f 432 583 430
f 430 583 584
f 430 584 429
f 429 584 258
f 429 258 257
f 249 581 582
f 582 581 585
f 582 585 583
f 583 585 586
f 583 586 584
f 584 586 259
f 584 259 258
f 248 579 581
f 581 579 580
f 581 580 585
f 585 580 578
f 585 578 586
f 586 578 255
f 586 255 259
f 131 219 587
f 131 587 132
f 197 182 588
f 588 182 132
f 588 132 589
f 589 132 587
f 192 197 588
f 587 219 218
f 590 193 192
f 591 195 193
f 423 196 195
f 195 591 423
f 423 591 592
f 423 592 421
f 421 592 593
f 421 593 419
f 419 593 221
f 419 221 220
f 193 590 591
f 591 590 594
f 591 594 592
f 592 594 595
f 592 595 593
f 593 595 222
f 593 222 221
f 192 588 590
f 590 588 589
f 590 589 594
f 594 589 587
f 594 587 595
f 595 587 218
f 595 218 222
f 596 597 598
f 598 597 599
f 598 599 600
f 601 602 598
f 598 602 603
f 598 603 596
f 604 605 598
f 598 605 606
f 598 606 601
f 607 608 598
f 598 608 609
f 598 609 604
f 610 611 598
f 598 611 612
f 598 612 607
f 613 614 598
f 598 614 615
f 598 615 610
f 616 617 598
f 598 617 618
f 598 618 613
f 600 619 598
f 598 619 620
f 598 620 616
f 621 66 622
f 622 66 59
f 622 59 623
f 623 59 56
f 623 56 624
f 624 56 53
f 624 53 625
f 625 53 48
f 625 48 626
f 626 48 50
f 626 50 627
f 627 50 43
f 627 43 628
f 628 43 42
f 628 42 629
f 629 42 37
f 629 37 630
f 630 37 36
f 630 36 631
f 631 36 34
f 631 34 632
f 632 34 32
f 632 32 633
f 633 32 30
f 633 30 634
f 634 30 27
f 634 27 635
f 635 27 24
f 635 24 636
f 636 24 21
f 636 21 637
f 637 21 18
f 637 18 638
f 638 18 16
f 638 16 639
f 639 16 3
f 639 3 640
f 640 3 11
f 640 11 641
f 641 11 5
f 641 5 642
f 642 5 4
f 642 4 643
f 643 4 8
f 643 8 644
f 644 8 64
f 644 64 621
f 621 64 66
f 633 611 632
f 632 611 610
f 632 610 631
f 631 610 615
f 631 615 630
f 630 615 614
f 630 614 629
f 629 614 613
f 629 613 628
f 628 613 618
f 628 618 627
f 627 618 617
f 627 617 626
f 626 617 616
f 626 616 625
f 625 616 620
f 625 620 624
f 624 620 619
f 624 619 623
f 623 619 600
f 623 600 622
f 622 600 599
f 622 599 621
f 621 599 597
f 621 597 644
f 644 597 596
f 644 596 643
f 643 596 603
f 643 603 642
f 642 603 602
f 642 602 641
f 641 602 601
f 641 601 640
f 640 601 606
f 640 606 639
f 639 606 605
f 639 605 638
f 638 605 604
f 638 604 637
f 637 604 609
f 637 609 636
f 636 609 608
f 636 608 635
f 635 608 607
f 635 607 634
f 634 607 612
f 634 612 633
f 633 612 611
f 645 646 647
f 648 649 650
f 651 652 653
f 653 652 648
f 653 648 654
f 654 648 650
f 647 646 655
f 646 656 655
f 655 656 657
f 655 657 649
f 649 657 658
f 649 658 650
f 645 647 659
f 659 647 660
f 659 660 661
f 661 660 662
f 661 662 663
f 663 662 664
f 664 662 665
f 664 665 666
f 666 665 667
f 667 665 668
f 667 668 669
f 669 668 670
f 670 668 671
f 670 671 672
f 672 671 673
f 673 671 674
f 673 674 675
f 675 674 676
f 675 676 677
f 677 676 678
f 677 678 679
f 680 681 682
f 682 683 680
f 680 683 684
f 680 684 678
f 678 684 685
f 678 685 679
f 686 687 688
f 688 689 686
f 686 689 690
f 686 690 681
f 681 690 691
f 681 691 682
f 692 693 694
f 694 693 695
f 694 695 687
f 687 695 696
f 687 696 688
f 697 698 692
f 692 698 699
f 692 699 693
f 700 701 697
f 697 701 702
f 697 702 698
f 703 704 700
f 700 704 705
f 700 705 701
f 651 706 652
f 652 706 707
f 652 707 708
f 708 707 709
f 708 709 710
f 710 709 711
f 710 711 703
f 703 711 712
f 703 712 704
f 706 713 714
f 706 651 713
f 713 651 653
f 713 653 715
f 653 654 715
f 715 654 650
f 715 650 716
f 716 650 658
f 716 658 717
f 658 657 717
f 717 657 656
f 717 656 718
f 718 656 646
f 646 645 718
f 718 645 659
f 718 659 719
f 659 661 719
f 719 661 663
f 719 663 720
f 663 664 720
f 720 664 666
f 720 666 721
f 666 667 721
f 721 667 669
f 721 669 722
f 669 670 722
f 722 670 672
f 722 672 723
f 672 673 723
f 723 673 675
f 723 675 724
f 675 677 724
f 724 677 679
f 724 679 725
f 679 685 725
f 725 685 684
f 725 684 726
f 684 683 726
f 726 683 682
f 726 682 727
f 727 682 691
f 727 691 728
f 691 690 728
f 728 690 689
f 728 689 729
f 689 688 729
f 729 688 696
f 729 696 730
f 730 696 695
f 695 693 730
f 730 693 699
f 730 699 731
f 699 698 731
f 731 698 702
f 731 702 732
f 702 701 732
f 732 701 705
f 732 705 733
f 705 704 733
f 733 704 712
f 733 712 734
f 712 711 734
f 734 711 709
f 734 709 714
f 714 709 707
f 714 707 706
f 715 735 713
f 713 735 736
f 713 736 714
f 714 736 737
f 714 737 734
f 717 738 716
f 716 738 739
f 716 739 715
f 715 739 740
f 715 740 735
f 719 741 718
f 718 741 742
f 718 742 717
f 717 742 743
f 717 743 738
f 721 744 720
f 720 744 745
f 720 745 719
f 719 745 746
f 719 746 741
f 723 747 722
f 722 747 748
f 722 748 721
f 721 748 749
f 721 749 744
f 726 750 725
f 725 750 751
f 725 751 724
f 724 751 752
f 724 752 723
f 723 752 753
f 723 753 747
f 728 754 727
f 727 754 755
f 727 755 726
f 726 755 756
f 726 756 750
f 730 757 729
f 729 757 758
f 729 758 728
f 728 758 759
f 728 759 754
f 732 760 731
f 731 760 761
f 731 761 730
f 730 761 762
f 730 762 757
f 737 763 734
f 734 763 764
f 734 764 733
f 733 764 765
f 733 765 732
f 732 765 766
f 732 766 760
f 767 768 769
f 770 771 769
f 772 773 769
f 774 775 776
f 777 778 769
f 779 780 769
f 781 782 769
f 783 784 785
f 786 787 769
f 788 789 769
f 790 791 769
f 792 793 794
f 795 796 769
f 797 798 769
f 799 800 769
f 801 802 803
f 801 803 800
f 800 803 769
f 769 804 805
f 798 804 769
f 805 799 769
f 796 797 769
f 769 806 807
f 808 769 807
f 809 795 769
f 808 809 769
f 810 811 794
f 794 811 806
f 794 806 769
f 792 794 791
f 791 794 769
f 769 812 813
f 789 812 769
f 813 790 769
f 787 788 769
f 769 814 815
f 816 769 815
f 817 786 769
f 816 817 769
f 818 819 785
f 785 819 814
f 785 814 769
f 783 785 782
f 782 785 769
f 769 820 821
f 780 820 769
f 821 781 769
f 778 779 769
f 769 822 823
f 824 769 823
f 825 777 769
f 824 825 769
f 826 827 776
f 776 827 822
f 776 822 769
f 774 776 773
f 773 776 769
f 769 828 829
f 771 828 769
f 829 772 769
f 768 770 769
f 769 830 831
f 832 769 831
f 833 767 769
f 832 833 769
f 834 835 803
f 803 835 830
f 803 830 769
f 836 837 838
f 838 837 839
f 838 839 840
f 827 826 841
f 823 822 842
f 842 822 827
f 842 827 838
f 838 827 841
f 838 841 836
f 831 843 832
f 832 843 844
f 832 844 833
f 833 844 767
f 767 844 845
f 767 845 768
f 845 771 770
f 845 770 768
f 771 845 828
f 828 845 846
f 828 846 829
f 829 846 847
f 829 847 772
f 848 849 850
f 850 849 851
f 850 851 852
f 835 834 853
f 831 830 843
f 843 830 835
f 843 835 850
f 850 835 853
f 850 853 848
f 854 855 856
f 857 858 854
f 854 858 859
f 854 859 855
f 856 802 854
f 854 802 801
f 854 801 860
f 860 801 800
f 860 800 799
f 861 862 863
f 864 865 861
f 861 865 866
f 861 866 862
f 863 775 861
f 861 775 774
f 861 774 847
f 847 774 773
f 847 773 772
f 823 842 824
f 824 842 867
f 824 867 825
f 825 867 777
f 777 867 868
f 777 868 778
f 868 780 779
f 868 779 778
f 780 868 820
f 820 868 869
f 820 869 821
f 821 869 870
f 821 870 781
f 807 871 808
f 808 871 872
f 808 872 809
f 809 872 795
f 795 872 873
f 795 873 796
f 873 798 797
f 873 797 796
f 798 873 804
f 804 873 874
f 804 874 805
f 805 874 860
f 805 860 799
f 875 876 877
f 877 876 878
f 877 878 879
f 811 810 880
f 807 806 871
f 871 806 811
f 871 811 877
f 877 811 880
f 877 880 875
f 881 882 883
f 884 885 881
f 881 885 886
f 881 886 882
f 883 793 881
f 881 793 792
f 881 792 887
f 887 792 791
f 887 791 790
f 815 888 816
f 816 888 889
f 816 889 817
f 817 889 786
f 786 889 890
f 786 890 787
f 890 789 788
f 890 788 787
f 789 890 812
f 812 890 891
f 812 891 813
f 813 891 887
f 813 887 790
f 892 893 894
f 894 893 895
f 894 895 896
f 819 818 897
f 815 814 888
f 888 814 819
f 888 819 894
f 894 819 897
f 894 897 892
f 898 899 900
f 901 902 898
f 898 902 903
f 898 903 899
f 900 784 898
f 898 784 783
f 898 783 870
f 870 783 782
f 870 782 781
f 904 905 759
f 906 907 750
f 908 909 747
f 736 735 910
f 911 737 912
f 912 737 736
f 912 736 913
f 913 736 910
f 740 739 914
f 914 915 740
f 740 915 916
f 740 916 735
f 735 916 917
f 735 917 910
f 738 743 918
f 918 919 738
f 738 919 920
f 738 920 739
f 739 920 921
f 739 921 914
f 742 741 922
f 922 923 742
f 742 923 924
f 742 924 743
f 743 924 925
f 743 925 918
f 746 745 926
f 926 927 746
f 746 927 928
f 746 928 741
f 741 928 929
f 741 929 922
f 744 749 930
f 930 931 744
f 744 931 932
f 744 932 745
f 745 932 933
f 745 933 926
f 747 909 748
f 909 934 748
f 748 934 935
f 748 935 749
f 749 935 936
f 749 936 930
f 908 747 937
f 937 747 753
f 937 753 938
f 938 753 752
f 938 752 939
f 750 907 751
f 907 940 751
f 751 940 941
f 751 941 752
f 752 941 942
f 752 942 939
f 906 750 943
f 943 750 756
f 943 756 944
f 944 756 755
f 944 755 945
f 945 755 946
f 946 755 754
f 946 754 947
f 759 905 754
f 754 905 948
f 754 948 947
f 904 759 949
f 949 759 758
f 949 758 950
f 950 758 757
f 950 757 951
f 761 952 762
f 762 952 953
f 762 953 757
f 757 953 954
f 757 954 951
f 955 956 760
f 760 956 957
f 760 957 761
f 761 957 958
f 761 958 952
f 955 760 959
f 959 760 766
f 959 766 960
f 960 766 765
f 960 765 961
f 961 765 962
f 962 765 764
f 962 764 963
f 911 964 737
f 737 964 965
f 737 965 763
f 763 965 966
f 763 966 764
f 764 966 967
f 764 967 963
f 872 871 968
f 969 970 971
f 972 973 974
f 975 976 977
f 978 979 980
f 981 982 983
f 984 985 986
f 987 988 989
f 990 991 992
f 992 991 993
f 990 992 994
f 994 992 995
f 994 995 996
f 988 987 995
f 995 987 997
f 995 997 996
f 982 981 998
f 999 1000 1001
f 1001 1000 1002
f 1001 1002 1003
f 1004 1005 1006
f 1006 1005 1007
f 1006 1007 1008
f 1009 1010 1011
f 1011 1010 1012
f 1012 1010 1013
f 1013 1010 1014
f 1013 1014 1015
f 1015 1014 1016
f 1016 1014 1017
f 1016 1017 1018
f 1018 1017 1019
f 1019 1017 1020
f 1019 1020 1021
f 1022 1023 1024
f 1025 1026 1027
f 1028 1029 1025
f 1025 1029 1030
f 1025 1030 1026
f 1031 1032 1033
f 1033 1032 1034
f 1033 1034 1035
f 1035 1034 1036
f 1037 1038 1031
f 1031 1038 1039
f 1031 1039 1032
f 1040 1041 1042
f 1042 1041 1043
f 1042 1043 1037
f 1037 1043 1044
f 1037 1044 1038
f 1045 1046 1047
f 1047 1046 1048
f 1047 1048 1040
f 1040 1048 1049
f 1040 1049 1041
f 1050 1045 1051
f 1052 1053 1054
f 1054 1053 1055
f 1054 1055 1056
f 1057 1058 971
f 971 1058 1059
f 971 1059 969
f 991 1060 993
f 993 1060 1061
f 993 1061 1057
f 1057 1061 1062
f 1057 1062 1058
f 1063 1064 1065
f 1065 1064 1066
f 1065 1066 1067
f 1067 1066 1068
f 1067 1068 840
f 869 868 1069
f 1069 868 867
f 869 1069 870
f 870 1069 1070
f 870 1070 898
f 898 1070 1071
f 898 1071 901
f 901 1071 1072
f 901 1072 1073
f 1073 1072 1074
f 1074 1072 1075
f 1074 1075 1076
f 1076 1075 1077
f 1076 1077 896
f 1078 894 896
f 889 888 1079
f 1079 888 894
f 890 889 891
f 891 889 1079
f 891 1079 887
f 887 1079 1080
f 887 1080 881
f 881 1080 1081
f 881 1081 884
f 884 1081 1082
f 884 1082 1083
f 1083 1082 1084
f 1084 1082 1085
f 1084 1085 1086
f 1086 1085 1087
f 1086 1087 879
f 872 968 873
f 1088 1089 1090
f 1090 1089 857
f 1090 857 1091
f 1091 857 854
f 1091 854 1092
f 1092 854 860
f 1092 860 968
f 968 860 874
f 968 874 873
f 1093 1094 852
f 852 1094 1095
f 852 1095 850
f 850 1095 1096
f 850 1096 843
f 1096 847 846
f 843 1096 844
f 844 1096 846
f 844 846 845
f 1097 975 1098
f 1098 975 977
f 1098 977 1090
f 1090 977 1099
f 1090 1099 1088
f 1088 1099 1100
f 976 978 977
f 977 978 980
f 977 980 1099
f 1099 980 1093
f 1099 1093 1100
f 1100 1093 852
f 1004 1003 1005
f 1005 1003 1002
f 1005 1002 1007
f 1007 1002 1101
f 1007 1101 1102
f 1102 1101 1103
f 1102 1103 1087
f 1087 1103 1104
f 1087 1104 879
f 999 972 1000
f 1000 972 974
f 1000 974 1002
f 1002 974 1105
f 1002 1105 1101
f 1101 1105 1106
f 1101 1106 1103
f 1103 1106 1107
f 1103 1107 1104
f 1104 1107 1108
f 1104 1108 879
f 879 1108 877
f 973 1097 974
f 974 1097 1098
f 974 1098 1105
f 1105 1098 1090
f 1105 1090 1106
f 1106 1090 1091
f 1106 1091 1107
f 1107 1091 1092
f 1107 1092 1108
f 1108 1092 968
f 1108 968 877
f 877 968 871
f 979 1109 980
f 980 1109 1110
f 980 1110 1093
f 1093 1110 1111
f 1093 1111 1094
f 1094 1111 1112
f 1094 1112 1095
f 1095 1112 1113
f 1095 1113 1096
f 1096 1113 1114
f 1096 1114 847
f 847 1114 861
f 1109 983 1110
f 1110 983 982
f 1110 982 1111
f 1111 982 998
f 1111 998 1112
f 1112 998 1115
f 1112 1115 1113
f 1113 1115 1116
f 1113 1116 1114
f 1114 1116 1117
f 1114 1117 861
f 861 1117 864
f 981 984 998
f 998 984 986
f 998 986 1115
f 1115 986 1118
f 1115 1118 1116
f 1116 1118 1119
f 1116 1119 1117
f 1117 1119 1064
f 1117 1064 864
f 864 1064 1063
f 1011 1008 1009
f 1009 1008 1007
f 1009 1007 1010
f 1010 1007 1102
f 1010 1102 1014
f 1014 1102 1087
f 1014 1087 1017
f 1017 1087 1085
f 1017 1085 1020
f 1020 1085 1082
f 894 1078 1079
f 1079 1078 1120
f 1079 1120 1080
f 1080 1120 1121
f 1080 1121 1081
f 1081 1121 1122
f 1081 1122 1082
f 1082 1122 1022
f 1082 1022 1020
f 1020 1022 1024
f 1020 1024 1021
f 896 1123 1078
f 1078 1123 1124
f 1078 1124 1120
f 1120 1124 1125
f 1120 1125 1121
f 1121 1125 1126
f 1121 1126 1122
f 1122 1126 1127
f 1122 1127 1022
f 985 1128 986
f 986 1128 989
f 986 989 1118
f 1118 989 988
f 1118 988 1119
f 1119 988 995
f 1119 995 1064
f 1064 995 992
f 1064 992 1066
f 1066 992 993
f 1066 993 1068
f 1068 993 1057
f 1068 1057 1129
f 1129 1057 971
f 1129 971 1055
f 1055 971 970
f 1055 970 1056
f 1056 970 969
f 896 1077 1123
f 1123 1077 1130
f 1123 1130 1124
f 1124 1130 1028
f 1124 1028 1125
f 1125 1028 1025
f 1125 1025 1126
f 1126 1025 1027
f 1126 1027 1127
f 1127 1027 1131
f 1127 1131 1022
f 1022 1131 1132
f 1022 1132 1023
f 1069 1133 1070
f 1070 1133 1134
f 1070 1134 1071
f 1071 1134 1135
f 1071 1135 1072
f 1072 1135 1136
f 1133 1137 1134
f 1134 1137 1138
f 1134 1138 1135
f 1135 1138 1139
f 1135 1139 1136
f 1136 1139 1051
f 867 842 1069
f 1069 842 838
f 1069 838 1133
f 1133 838 840
f 1133 840 1137
f 1137 840 1068
f 1137 1068 1138
f 1138 1068 1129
f 1138 1129 1139
f 1139 1129 1055
f 1139 1055 1051
f 1051 1055 1053
f 1051 1053 1050
f 1050 1053 1052
f 1045 1047 1051
f 1051 1047 1040
f 1051 1040 1136
f 1136 1040 1042
f 1136 1042 1072
f 1072 1042 1037
f 1072 1037 1075
f 1075 1037 1031
f 1075 1031 1077
f 1077 1031 1033
f 1077 1033 1130
f 1130 1033 1035
f 1130 1035 1028
f 1028 1035 1036
f 1028 1036 1029
f 922 1140 923
f 923 1140 1141
f 923 1141 924
f 924 1141 1142
f 924 1142 925
f 925 1142 1143
f 925 1143 918
f 918 1143 1144
f 918 1144 919
f 919 1144 1145
f 919 1145 920
f 920 1145 1146
f 920 1146 921
f 921 1146 1147
f 921 1147 914
f 914 1147 1148
f 914 1148 915
f 915 1148 1149
f 915 1149 916
f 916 1149 1150
f 916 1150 917
f 917 1150 1151
f 917 1151 910
f 910 1151 1152
f 910 1152 913
f 913 1152 1153
f 913 1153 912
f 912 1153 1154
f 912 1154 911
f 911 1154 1155
f 911 1155 964
f 964 1155 1156
f 964 1156 965
f 965 1156 1157
f 965 1157 966
f 966 1157 1158
f 966 1158 967
f 967 1158 1159
f 967 1159 963
f 963 1159 1160
f 963 1160 962
f 962 1160 1161
f 962 1161 961
f 961 1161 1162
f 961 1162 960
f 960 1162 1163
f 960 1163 959
f 959 1163 1164
f 959 1164 955
f 955 1164 1165
f 955 1165 956
f 956 1165 1166
f 956 1166 957
f 957 1166 1167
f 957 1167 958
f 958 1167 1168
f 958 1168 952
f 952 1168 1169
f 952 1169 953
f 953 1169 1170
f 953 1170 954
f 954 1170 1171
f 954 1171 951
f 951 1171 1172
f 951 1172 950
f 950 1172 1173
f 950 1173 949
f 949 1173 1174
f 949 1174 904
f 904 1174 1175
f 904 1175 905
f 905 1175 1176
f 905 1176 948
f 948 1176 1177
f 948 1177 947
f 947 1177 1178
f 947 1178 946
f 946 1178 1179
f 946 1179 945
f 945 1179 1180
f 945 1180 944
f 944 1180 1181
f 944 1181 943
f 943 1181 1182
f 943 1182 906
f 906 1182 1183
f 906 1183 907
f 907 1183 1184
f 907 1184 940
f 940 1184 1185
f 940 1185 941
f 941 1185 1186
f 941 1186 942
f 942 1186 1187
f 942 1187 939
f 939 1187 1188
f 939 1188 938
f 938 1188 1189
f 938 1189 937
f 937 1189 1190
f 937 1190 908
f 908 1190 1191
f 908 1191 909
f 909 1191 1192
f 909 1192 934
f 934 1192 1193
f 934 1193 935
f 935 1193 1194
f 935 1194 936
f 936 1194 1195
f 936 1195 930
f 930 1195 1196
f 930 1196 931
f 931 1196 1197
f 931 1197 932
f 932 1197 1198
f 932 1198 933
f 933 1198 1199
f 933 1199 926
f 926 1199 1200
f 926 1200 927
f 927 1200 1201
f 927 1201 928
f 928 1201 1202
f 928 1202 929
f 929 1202 1203
f 929 1203 922
f 922 1203 1140
f 1203 1043 1140
f 1140 1043 1041
f 1140 1041 1141
f 1141 1041 1049
f 1141 1049 1142
f 1142 1049 1048
f 1142 1048 1143
f 1143 1048 1046
f 1143 1046 1144
f 1144 1046 1045
f 1144 1045 1145
f 1145 1045 1050
f 1145 1050 1146
f 1146 1050 1052
f 1146 1052 1147
f 1147 1052 1054
f 1147 1054 1148
f 1148 1054 1056
f 1148 1056 1149
f 1149 1056 969
f 1149 969 1150
f 1150 969 1059
f 1150 1059 1151
f 1151 1059 1058
f 1151 1058 1152
f 1152 1058 1062
f 1152 1062 1153
f 1153 1062 1061
f 1153 1061 1154
f 1154 1061 1060
f 1154 1060 1155
f 1155 1060 991
f 1155 991 1156
f 1156 991 990
f 1156 990 1157
f 1157 990 994
f 1157 994 1158
f 1158 994 996
f 1158 996 1159
f 1159 996 997
f 1159 997 1160
f 1160 997 987
f 1160 987 1161
f 1161 987 989
f 1161 989 1162
f 1162 989 1128
f 1162 1128 1163
f 1163 1128 985
f 1163 985 1164
f 1164 985 984
f 1164 984 1165
f 1165 984 981
f 1165 981 1166
f 1166 981 983
f 1166 983 1167
f 1167 983 1109
f 1167 1109 1168
f 1168 1109 979
f 1168 979 1169
f 1169 979 978
f 1169 978 1170
f 1170 978 976
f 1170 976 1171
f 1171 976 975
f 1171 975 1172
f 1172 975 1097
f 1172 1097 1173
f 1173 1097 973
f 1173 973 1174
f 1174 973 972
f 1174 972 1175
f 1175 972 999
f 1175 999 1176
f 1176 999 1001
f 1176 1001 1177
f 1177 1001 1003
f 1177 1003 1178
f 1178 1003 1004
f 1178 1004 1179
f 1179 1004 1006
f 1179 1006 1180
f 1180 1006 1008
f 1180 1008 1181
f 1181 1008 1011
f 1181 1011 1182
f 1182 1011 1012
f 1182 1012 1183
f 1183 1012 1013
f 1183 1013 1184
f 1184 1013 1015
f 1184 1015 1185
f 1185 1015 1016
f 1185 1016 1186
f 1186 1016 1018
f 1186 1018 1187
f 1187 1018 1019
f 1187 1019 1188
f 1188 1019 1021
f 1188 1021 1189
f 1189 1021 1024
f 1189 1024 1190
f 1190 1024 1023
f 1190 1023 1191
f 1191 1023 1132
f 1191 1132 1192
f 1192 1132 1131
f 1192 1131 1193
f 1193 1131 1027
f 1193 1027 1194
f 1194 1027 1026
f 1194 1026 1195
f 1195 1026 1030
f 1195 1030 1196
f 1196 1030 1029
f 1196 1029 1197
f 1197 1029 1036
f 1197 1036 1198
f 1198 1036 1034
f 1198 1034 1199
f 1199 1034 1032
f 1199 1032 1200
f 1200 1032 1039
f 1200 1039 1201
f 1201 1039 1038
f 1201 1038 1202
f 1202 1038 1044
f 1202 1044 1203
f 1203 1044 1043
f 802 856 1204
f 802 1204 803
f 853 834 1205
f 1205 834 803
f 1205 803 1206
f 1206 803 1204
f 848 853 1205
f 1204 856 855
f 1207 849 848
f 1208 851 849
f 1100 852 851
f 851 1208 1100
f 1100 1208 1209
f 1100 1209 1088
f 1088 1209 1210
f 1088 1210 1089
f 1089 1210 858
f 1089 858 857
f 849 1207 1208
f 1208 1207 1211
f 1208 1211 1209
f 1209 1211 1212
f 1209 1212 1210
f 1210 1212 859
f 1210 859 858
f 848 1205 1207
f 1207 1205 1206
f 1207 1206 1211
f 1211 1206 1204
f 1211 1204 1212
f 1212 1204 855
f 1212 855 859
f 793 883 1213
f 793 1213 794
f 880 810 1214
f 1214 810 794
f 1214 794 1215
f 1215 794 1213
f 875 880 1214
f 1213 883 882
f 1216 876 875
f 1217 878 876
f 1086 879 878
f 878 1217 1086
f 1086 1217 1218
f 1086 1218 1084
f 1084 1218 1219
f 1084 1219 1083
f 1083 1219 885
f 1083 885 884
f 876 1216 1217
f 1217 1216 1220
f 1217 1220 1218
f 1218 1220 1221
f 1218 1221 1219
f 1219 1221 886
f 1219 886 885
f 875 1214 1216
f 1216 1214 1215
f 1216 1215 1220
f 1220 1215 1213
f 1220 1213 1221
f 1221 1213 882
f 1221 882 886
f 784 900 1222
f 784 1222 785
f 897 818 1223
f 1223 818 785
f 1223 785 1224
f 1224 785 1222
f 892 897 1223
f 1222 900 899
f 1225 893 892
f 1226 895 893
f 1076 896 895
f 895 1226 1076
f 1076 1226 1227
f 1076 1227 1074
f 1074 1227 1228
f 1074 1228 1073
f 1073 1228 902
f 1073 902 901
f 893 1225 1226
f 1226 1225 1229
f 1226 1229 1227
f 1227 1229 1230
f 1227 1230 1228
f 1228 1230 903
f 1228 903 902
f 892 1223 1225
f 1225 1223 1224
f 1225 1224 1229
f 1229 1224 1222
f 1229 1222 1230
f 1230 1222 899
f 1230 899 903
f 775 863 1231
f 775 1231 776
f 841 826 1232
f 1232 826 776
f 1232 776 1233
f 1233 776 1231
f 836 841 1232
f 1231 863 862
f 1234 837 836
f 1235 839 837
f 1067 840 839
f 839 1235 1067
f 1067 1235 1236
f 1067 1236 1065
f 1065 1236 1237
f 1065 1237 1063
f 1063 1237 865
f 1063 865 864
f 837 1234 1235
f 1235 1234 1238
f 1235 1238 1236
f 1236 1238 1239
f 1236 1239 1237
f 1237 1239 866
f 1237 866 865
f 836 1232 1234
f 1234 1232 1233
f 1234 1233 1238
f 1238 1233 1231
f 1238 1231 1239
f 1239 1231 862
f 1239 862 866
f 1240 1241 1242
f 1242 1241 1243
f 1242 1243 1244
f 1245 1246 1242
f 1242 1246 1247
f 1242 1247 1240
f 1248 1249 1242
f 1242 1249 1250
f 1242 1250 1245
f 1251 1252 1242
f 1242 1252 1253
f 1242 1253 1248
f 1254 1255 1242
f 1242 1255 1256
f 1242 1256 1251
f 1257 1258 1242
f 1242 1258 1259
f 1242 1259 1254
f 1260 1261 1242
f 1242 1261 1262
f 1242 1262 1257
f 1244 1263 1242
f 1242 1263 1264
f 1242 1264 1260
f 1265 710 1266
f 1266 710 703
f 1266 703 1267
f 1267 703 700
f 1267 700 1268
f 1268 700 697
f 1268 697 1269
f 1269 697 692
f 1269 692 1270
f 1270 692 694
f 1270 694 1271
f 1271 694 687
f 1271 687 1272
f 1272 687 686
f 1272 686 1273
f 1273 686 681
f 1273 681 1274
f 1274 681 680
f 1274 680 1275
f 1275 680 678
f 1275 678 1276
f 1276 678 676
f 1276 676 1277
f 1277 676 674
f 1277 674 1278
f 1278 674 671
f 1278 671 1279
f 1279 671 668
f 1279 668 1280
f 1280 668 665
f 1280 665 1281
f 1281 665 662
f 1281 662 1282
f 1282 662 660
f 1282 660 1283
f 1283 660 647
f 1283 647 1284
f 1284 647 655
f 1284 655 1285
f 1285 655 649
f 1285 649 1286
f 1286 649 648
f 1286 648 1287
f 1287 648 652
f 1287 652 1288
f 1288 652 708
f 1288 708 1265
f 1265 708 710
f 1277 1255 1276
f 1276 1255 1254
f 1276 1254 1275
f 1275 1254 1259
f 1275 1259 1274
f 1274 1259 1258
f 1274 1258 1273
f 1273 1258 1257
f 1273 1257 1272
f 1272 1257 1262
f 1272 1262 1271
f 1271 1262 1261
f 1271 1261 1270
f 1270 1261 1260
f 1270 1260 1269
f 1269 1260 1264
f 1269 1264 1268
f 1268 1264 1263
f 1268 1263 1267
f 1267 1263 1244
f 1267 1244 1266
f 1266 1244 1243
f 1266 1243 1265
f 1265 1243 1241
f 1265 1241 1288
f 1288 1241 1240
f 1288 1240 1287
f 1287 1240 1247
f 1287 1247 1286
f 1286 1247 1246
f 1286 1246 1285
f 1285 1246 1245
f 1285 1245 1284
f 1284 1245 1250
f 1284 1250 1283
f 1283 1250 1249
f 1283 1249 1282
f 1282 1249 1248
f 1282 1248 1281
f 1281 1248 1253
f 1281 1253 1280
f 1280 1253 1252
f 1280 1252 1279
f 1279 1252 1251
f 1279 1251 1278
f 1278 1251 1256
f 1278 1256 1277
f 1277 1256 1255
f 1289 1290 1291
f 1292 1293 1294
f 1295 1296 1297
f 1297 1296 1298
f 1299 1300 1301
f 1302 1303 1304
f 1301 1300 1305
f 1303 1306 1304
f 1304 1306 1307
f 1304 1307 1296
f 1299 1301 1308
f 1308 1301 1309
f 1308 1309 1310
f 1307 1311 1296
f 1296 1311 1312
f 1296 1312 1298
f 1298 1312 1313
f 1298 1313 1309
f 1309 1313 1314
f 1309 1314 1310
f 1309 1315 1316
f 1309 1316 1317
f 1317 1316 1318
f 1317 1318 1319
f 1320 1321 1322
f 1322 1321 1323
f 1322 1323 1301
f 1301 1323 1324
f 1301 1324 1325
f 1325 1326 1301
f 1301 1326 1327
f 1301 1327 1309
f 1309 1327 1328
f 1309 1328 1315
f 1322 1329 1330
f 1317 1331 1332
f 1333 1334 1335
f 1335 1334 1336
f 1335 1336 1322
f 1322 1336 1337
f 1322 1337 1329
f 1319 1320 1317
f 1317 1320 1322
f 1317 1322 1331
f 1331 1322 1330
f 1332 1338 1317
f 1317 1338 1339
f 1317 1339 1340
f 1340 1339 1341
f 1340 1341 1342
f 1343 1344 1345
f 1335 1346 1347
f 1340 1348 1349
f 1350 1343 1351
f 1351 1343 1345
f 1351 1345 1352
f 1352 1345 1353
f 1352 1353 1335
f 1335 1353 1354
f 1335 1354 1346
f 1342 1333 1340
f 1340 1333 1335
f 1340 1335 1348
f 1348 1335 1347
f 1349 1355 1340
f 1340 1355 1356
f 1340 1356 1357
f 1357 1356 1358
f 1357 1358 1359
f 1343 1360 1344
f 1344 1360 1361
f 1344 1361 1359
f 1359 1361 1362
f 1359 1362 1357
f 1362 1363 1357
f 1357 1363 1364
f 1357 1364 1365
f 1365 1364 1366
f 1365 1366 1367
f 1367 1366 1368
f 1367 1368 1369
f 1369 1368 1370
f 1369 1370 1371
f 1371 1370 1372
f 1371 1372 1351
f 1351 1372 1373
f 1351 1373 1350
f 1300 1302 1305
f 1305 1302 1304
f 1305 1304 1374
f 1374 1304 1375
f 1376 1377 1378
f 1379 1380 1304
f 1294 1381 1382
f 1382 1383 1294
f 1294 1383 1384
f 1294 1384 1385
f 1385 1384 1386
f 1381 1294 1387
f 1387 1294 1375
f 1387 1375 1388
f 1388 1375 1389
f 1388 1389 1390
f 1391 1392 1389
f 1389 1392 1393
f 1389 1393 1390
f 1380 1394 1304
f 1304 1394 1395
f 1304 1395 1375
f 1375 1395 1396
f 1375 1396 1389
f 1386 1397 1385
f 1385 1397 1398
f 1385 1398 1392
f 1391 1399 1392
f 1392 1399 1400
f 1392 1400 1385
f 1385 1400 1401
f 1385 1401 1402
f 1403 1291 1404
f 1404 1291 1405
f 1294 1293 1291
f 1291 1293 1406
f 1291 1406 1405
f 1404 1407 1403
f 1403 1407 1408
f 1403 1408 1385
f 1385 1408 1409
f 1385 1409 1410
f 1410 1411 1385
f 1385 1411 1412
f 1385 1412 1294
f 1294 1412 1413
f 1294 1413 1292
f 1291 1290 1414
f 1414 1290 1415
f 1414 1415 1416
f 1417 1418 1419
f 1419 1418 1420
f 1419 1420 1403
f 1403 1420 1421
f 1403 1421 1422
f 1422 1423 1403
f 1403 1423 1424
f 1403 1424 1291
f 1291 1424 1425
f 1291 1425 1289
f 1416 1417 1414
f 1414 1417 1419
f 1414 1419 1426
f 1426 1419 1427
f 1428 1429 1430
f 1430 1429 1431
f 1430 1431 1432
f 1432 1431 1433
f 1432 1433 1419
f 1419 1433 1434
f 1419 1434 1427
f 1426 1435 1414
f 1414 1435 1436
f 1414 1436 1437
f 1437 1436 1438
f 1437 1438 1439
f 1439 1438 1440
f 1439 1440 1441
f 1441 1440 1442
f 1441 1442 1443
f 1444 1445 1446
f 1446 1445 1441
f 1446 1441 1428
f 1428 1441 1443
f 1428 1443 1429
f 1401 1376 1402
f 1402 1376 1378
f 1402 1378 1447
f 1447 1378 1448
f 1449 1450 1451
f 1450 1452 1453
f 1454 1455 1378
f 1456 1457 1458
f 1458 1459 1456
f 1456 1459 1460
f 1456 1460 1461
f 1461 1460 1462
f 1462 1463 1461
f 1461 1463 1464
f 1461 1464 1465
f 1378 1455 1448
f 1448 1455 1466
f 1448 1466 1467
f 1468 1451 1469
f 1469 1451 1450
f 1469 1450 1470
f 1470 1450 1453
f 1468 1471 1451
f 1451 1471 1472
f 1451 1472 1378
f 1378 1472 1473
f 1378 1473 1454
f 1457 1456 1474
f 1474 1456 1448
f 1474 1448 1475
f 1475 1448 1467
f 1475 1467 1452
f 1452 1467 1476
f 1452 1476 1453
f 1477 1478 1461
f 1461 1478 1479
f 1461 1479 1456
f 1456 1479 1480
f 1481 1482 1483
f 1483 1482 1484
f 1483 1484 1461
f 1461 1484 1485
f 1461 1485 1477
f 1480 1486 1456
f 1456 1486 1487
f 1456 1487 1488
f 1488 1487 1489
f 1488 1489 1490
f 1491 1492 1483
f 1488 1493 1494
f 1490 1481 1488
f 1488 1481 1483
f 1488 1483 1493
f 1493 1483 1492
f 1494 1495 1488
f 1488 1495 1496
f 1488 1496 1497
f 1497 1496 1498
f 1497 1498 1499
f 1500 1501 1502
f 1502 1501 1503
f 1502 1503 1483
f 1483 1503 1504
f 1483 1504 1491
f 1499 1500 1497
f 1497 1500 1502
f 1497 1502 1505
f 1505 1502 1506
f 1505 1507 1497
f 1497 1507 1508
f 1497 1508 1509
f 1509 1508 1510
f 1509 1510 1511
f 1511 1510 1512
f 1511 1512 1513
f 1513 1512 1514
f 1513 1514 1515
f 1516 1517 1518
f 1518 1517 1519
f 1518 1519 1520
f 1520 1519 1521
f 1520 1521 1502
f 1502 1521 1522
f 1502 1522 1506
f 1523 1524 1525
f 1525 1524 1513
f 1525 1513 1516
f 1516 1513 1515
f 1516 1515 1517
f 1464 1449 1465
f 1465 1449 1451
f 1465 1451 1526
f 1526 1451 1527
f 1528 1529 1295
f 1295 1529 1530
f 1295 1530 1296
f 1296 1530 1531
f 1296 1531 1532
f 1533 1534 1535
f 1535 1534 1527
f 1535 1527 1536
f 1536 1527 1451
f 1536 1451 1537
f 1537 1451 1538
f 1533 1539 1534
f 1534 1539 1540
f 1534 1540 1528
f 1528 1540 1541
f 1528 1541 1529
f 1542 1543 1534
f 1544 1545 1546
f 1546 1545 1547
f 1546 1548 1544
f 1544 1548 1549
f 1544 1549 1528
f 1528 1549 1550
f 1528 1550 1551
f 1534 1543 1545
f 1545 1543 1552
f 1545 1552 1547
f 1551 1553 1528
f 1528 1553 1554
f 1528 1554 1534
f 1534 1554 1555
f 1534 1555 1542
f 1556 1557 1545
f 1558 1559 1560
f 1560 1559 1561
f 1560 1562 1558
f 1558 1562 1563
f 1558 1563 1544
f 1544 1563 1564
f 1544 1564 1565
f 1545 1557 1559
f 1559 1557 1566
f 1559 1566 1561
f 1565 1567 1544
f 1544 1567 1568
f 1544 1568 1545
f 1545 1568 1569
f 1545 1569 1556
f 1570 1571 1572
f 1572 1571 1573
f 1574 1575 1559
f 1576 1577 1558
f 1558 1577 1578
f 1558 1578 1579
f 1579 1580 1558
f 1558 1580 1581
f 1558 1581 1559
f 1559 1581 1582
f 1559 1582 1574
f 1575 1570 1559
f 1559 1570 1572
f 1559 1572 1583
f 1583 1572 1584
f 1583 1584 1585
f 1585 1584 1586
f 1585 1586 1587
f 1587 1586 1588
f 1587 1588 1589
f 1589 1588 1590
f 1589 1590 1591
f 1591 1590 1592
f 1591 1592 1593
f 1593 1592 1594
f 1593 1594 1595
f 1595 1594 1596
f 1595 1596 1558
f 1558 1596 1597
f 1558 1597 1576
f 1573 1571 1598
f 1598 1571 1599
f 1598 1599 1576
f 1576 1599 1600
f 1576 1600 1577
f 1532 1538 1296
f 1296 1538 1451
f 1296 1451 1304
f 1304 1451 1378
f 1304 1378 1379
f 1379 1378 1377
f 1601 1602 1526
f 1526 1527 1601
f 1601 1527 1534
f 1601 1534 1603
f 1603 1534 1545
f 1603 1545 1604
f 1604 1545 1559
f 1604 1559 1605
f 1605 1559 1583
f 1605 1583 1606
f 1595 1607 1608
f 1595 1608 1593
f 1593 1608 1609
f 1593 1609 1591
f 1609 1610 1591
f 1591 1610 1611
f 1591 1611 1589
f 1589 1611 1612
f 1589 1612 1587
f 1587 1612 1613
f 1587 1613 1585
f 1613 1614 1585
f 1585 1614 1606
f 1585 1606 1583
f 1615 1575 1616
f 1616 1575 1574
f 1616 1574 1617
f 1617 1574 1582
f 1617 1582 1618
f 1618 1582 1581
f 1618 1581 1619
f 1619 1581 1580
f 1619 1580 1620
f 1620 1580 1579
f 1620 1579 1621
f 1621 1579 1578
f 1621 1578 1622
f 1622 1578 1577
f 1622 1577 1623
f 1623 1577 1600
f 1623 1600 1624
f 1624 1600 1599
f 1624 1599 1625
f 1625 1599 1571
f 1625 1571 1626
f 1626 1571 1570
f 1626 1570 1615
f 1615 1570 1575
f 1627 1557 1628
f 1628 1557 1556
f 1628 1556 1629
f 1629 1556 1569
f 1629 1569 1630
f 1630 1569 1568
f 1630 1568 1631
f 1631 1568 1567
f 1631 1567 1632
f 1632 1567 1565
f 1632 1565 1633
f 1633 1565 1564
f 1633 1564 1634
f 1634 1564 1563
f 1634 1563 1635
f 1635 1563 1562
f 1635 1562 1636
f 1636 1562 1560
f 1636 1560 1637
f 1637 1560 1561
f 1637 1561 1638
f 1638 1561 1566
f 1638 1566 1627
f 1627 1566 1557
f 1639 1543 1640
f 1640 1543 1542
f 1640 1542 1641
f 1641 1542 1555
f 1641 1555 1642
f 1642 1555 1554
f 1642 1554 1643
f 1643 1554 1553
f 1643 1553 1644
f 1644 1553 1551
f 1644 1551 1645
f 1645 1551 1550
f 1645 1550 1646
f 1646 1550 1549
f 1646 1549 1647
f 1647 1549 1548
f 1647 1548 1648
f 1648 1548 1546
f 1648 1546 1649
f 1649 1546 1547
f 1649 1547 1650
f 1650 1547 1552
f 1650 1552 1639
f 1639 1552 1543
f 1651 1535 1652
f 1652 1535 1536
f 1652 1536 1653
f 1653 1536 1537
f 1653 1537 1654
f 1654 1537 1538
f 1654 1538 1655
f 1655 1538 1532
f 1655 1532 1656
f 1656 1532 1531
f 1656 1531 1657
f 1657 1531 1530
f 1657 1530 1658
f 1658 1530 1529
f 1658 1529 1659
f 1659 1529 1541
f 1659 1541 1660
f 1660 1541 1540
f 1660 1540 1661
f 1661 1540 1539
f 1661 1539 1662
f 1662 1539 1533
f 1662 1533 1651
f 1651 1533 1535
f 1663 1664 1665
f 1666 1667 1668
f 1668 1667 1669
f 1669 1667 1670
f 1669 1670 1671
f 1664 1672 1665
f 1665 1672 1673
f 1665 1673 1674
f 1674 1673 1675
f 1674 1675 1676
f 1676 1675 1677
f 1676 1677 1678
f 1678 1677 1679
f 1678 1679 1670
f 1670 1679 1680
f 1670 1680 1671
f 1665 1681 1663
f 1663 1681 1682
f 1663 1682 1683
f 1683 1682 1684
f 1683 1684 1685
f 1685 1684 1686
f 1685 1686 1687
f 1687 1686 1688
f 1687 1688 1689
f 1689 1688 1690
f 1689 1690 1691
f 1691 1690 1692
f 1691 1692 1693
f 1693 1692 1694
f 1693 1694 1695
f 1695 1694 1696
f 1695 1696 1697
f 1697 1696 1666
f 1697 1666 1698
f 1698 1666 1668
f 1699 1584 1700
f 1700 1584 1572
f 1700 1572 1701
f 1701 1572 1573
f 1701 1573 1702
f 1702 1573 1598
f 1702 1598 1703
f 1703 1598 1576
f 1703 1576 1704
f 1704 1576 1597
f 1704 1597 1705
f 1705 1597 1596
f 1705 1596 1706
f 1706 1596 1594
f 1706 1594 1707
f 1707 1594 1592
f 1707 1592 1708
f 1708 1592 1590
f 1708 1590 1709
f 1709 1590 1588
f 1709 1588 1710
f 1710 1588 1586
f 1710 1586 1699
f 1699 1586 1584
f 1711 1712 1713
f 1714 1715 1716
f 1717 1718 1719
f 1662 1651 1720
f 1721 1722 1723
f 1606 1614 1724
f 1725 1726 1727
f 1727 1726 1728
f 1727 1728 1729
f 1729 1728 1730
f 1729 1730 1731
f 1614 1613 1709
f 1700 1724 1699
f 1699 1724 1614
f 1699 1614 1710
f 1710 1614 1709
f 1704 1608 1730
f 1730 1608 1607
f 1730 1607 1731
f 1704 1705 1608
f 1608 1705 1706
f 1608 1706 1609
f 1609 1706 1707
f 1609 1707 1708
f 1700 1701 1724
f 1724 1701 1702
f 1724 1702 1730
f 1730 1702 1703
f 1730 1703 1704
f 1611 1610 1612
f 1612 1610 1609
f 1612 1609 1613
f 1613 1609 1708
f 1613 1708 1709
f 1606 1724 1605
f 1605 1724 1732
f 1605 1732 1604
f 1604 1732 1733
f 1604 1733 1603
f 1603 1733 1720
f 1603 1720 1601
f 1713 1734 1735
f 1735 1734 1736
f 1735 1736 1737
f 1737 1736 1738
f 1739 1740 1713
f 1713 1740 1741
f 1713 1741 1734
f 1742 1743 1744
f 1744 1743 1722
f 1739 1745 1746
f 1746 1745 1747
f 1723 1748 1749
f 1749 1750 1713
f 1713 1750 1751
f 1713 1751 1739
f 1739 1751 1752
f 1739 1752 1745
f 1743 1753 1722
f 1722 1753 1754
f 1722 1754 1723
f 1723 1754 1755
f 1723 1755 1748
f 1744 1756 1757
f 1747 1742 1746
f 1746 1742 1744
f 1746 1744 1758
f 1758 1744 1757
f 1721 1723 1759
f 1759 1723 1760
f 1759 1760 1761
f 1761 1760 1762
f 1761 1762 1763
f 1763 1762 1764
f 1763 1764 1765
f 1719 1766 1767
f 1768 1769 1770
f 1770 1769 1771
f 1770 1771 1766
f 1772 1773 1774
f 1775 1776 1777
f 1777 1776 1778
f 1777 1778 1779
f 1779 1778 1780
f 1779 1780 1781
f 1781 1780 1782
f 1781 1782 1783
f 1783 1782 1768
f 1783 1768 1784
f 1784 1768 1785
f 1785 1768 1770
f 1785 1770 1786
f 1773 1787 1774
f 1774 1787 1788
f 1774 1788 1770
f 1770 1788 1789
f 1770 1789 1790
f 1772 1774 1791
f 1791 1774 1776
f 1791 1776 1792
f 1775 1793 1776
f 1776 1793 1794
f 1776 1794 1792
f 1792 1794 1795
f 1792 1795 1796
f 1796 1795 1797
f 1796 1797 1798
f 1798 1797 1786
f 1798 1786 1799
f 1799 1786 1770
f 1799 1770 1800
f 1800 1770 1790
f 1801 1802 1803
f 1803 1802 1804
f 1803 1804 1774
f 1774 1804 1805
f 1774 1805 1776
f 1669 1806 1801
f 1801 1806 1807
f 1801 1807 1802
f 1808 1809 1810
f 1810 1809 1811
f 1810 1811 1812
f 1812 1811 1806
f 1812 1806 1671
f 1671 1806 1669
f 1813 1814 1808
f 1808 1814 1815
f 1808 1815 1809
f 1816 1817 1818
f 1819 1818 1820
f 1820 1818 1821
f 1820 1821 1822
f 1822 1821 1823
f 1822 1823 1824
f 1824 1823 1825
f 1824 1825 1826
f 1826 1825 1813
f 1826 1813 1827
f 1818 1817 1828
f 1828 1817 1829
f 1828 1829 1830
f 1830 1831 1828
f 1828 1831 1832
f 1828 1832 1808
f 1808 1832 1833
f 1833 1834 1808
f 1808 1834 1835
f 1808 1835 1836
f 1827 1813 1837
f 1837 1813 1808
f 1837 1808 1838
f 1838 1808 1836
f 1838 1836 1839
f 1819 1840 1818
f 1818 1840 1841
f 1818 1841 1816
f 1816 1841 1842
f 1816 1842 1843
f 1843 1842 1839
f 1843 1839 1844
f 1844 1839 1836
f 1845 1846 1847
f 1847 1846 1848
f 1847 1848 1849
f 1849 1848 1850
f 1849 1850 1828
f 1828 1850 1851
f 1828 1851 1818
f 1668 1669 1852
f 1716 1853 1854
f 1855 1801 1856
f 1856 1801 1716
f 1856 1716 1857
f 1857 1716 1854
f 1855 1858 1801
f 1801 1858 1859
f 1801 1859 1669
f 1669 1859 1860
f 1669 1860 1852
f 1853 1716 1861
f 1861 1716 1693
f 1861 1693 1862
f 1862 1693 1695
f 1862 1695 1863
f 1863 1695 1697
f 1863 1697 1852
f 1852 1697 1698
f 1852 1698 1668
f 1691 1693 1864
f 1865 1764 1866
f 1866 1764 1867
f 1866 1867 1868
f 1868 1867 1869
f 1865 1870 1764
f 1764 1870 1871
f 1764 1871 1693
f 1693 1871 1872
f 1693 1872 1864
f 1691 1864 1689
f 1689 1864 1873
f 1689 1873 1687
f 1687 1873 1874
f 1687 1874 1685
f 1685 1874 1875
f 1685 1875 1867
f 1867 1875 1876
f 1867 1876 1869
f 1683 1685 1653
f 1720 1651 1685
f 1685 1651 1652
f 1685 1652 1653
f 1658 1659 1877
f 1877 1659 1660
f 1877 1660 1720
f 1720 1660 1661
f 1720 1661 1662
f 1683 1653 1663
f 1663 1653 1654
f 1663 1654 1664
f 1664 1654 1655
f 1664 1655 1672
f 1672 1655 1656
f 1672 1656 1877
f 1877 1656 1657
f 1877 1657 1658
f 1878 1879 1673
f 1673 1879 1880
f 1673 1880 1675
f 1675 1880 1677
f 1812 1881 1882
f 1883 1884 1847
f 1847 1884 1885
f 1677 1880 1679
f 1679 1880 1886
f 1679 1886 1680
f 1680 1886 1887
f 1680 1887 1671
f 1671 1887 1888
f 1671 1888 1812
f 1812 1888 1889
f 1812 1889 1881
f 1766 1719 1770
f 1770 1719 1718
f 1770 1718 1890
f 1803 1891 1892
f 1803 1892 1719
f 1719 1892 1893
f 1719 1893 1717
f 1894 1774 1895
f 1895 1774 1770
f 1895 1770 1896
f 1896 1770 1890
f 1894 1897 1774
f 1774 1897 1898
f 1774 1898 1803
f 1803 1898 1899
f 1803 1899 1891
f 1765 1764 1900
f 1900 1764 1693
f 1900 1693 1767
f 1767 1693 1716
f 1767 1716 1719
f 1719 1716 1715
f 1719 1715 1901
f 1801 1902 1903
f 1801 1903 1716
f 1716 1903 1904
f 1716 1904 1714
f 1905 1803 1906
f 1906 1803 1719
f 1906 1719 1907
f 1907 1719 1901
f 1905 1908 1803
f 1803 1908 1909
f 1803 1909 1801
f 1801 1909 1910
f 1801 1910 1902
f 1828 1911 1912
f 1913 1810 1914
f 1914 1810 1849
f 1914 1849 1915
f 1828 1912 1849
f 1849 1912 1916
f 1849 1916 1915
f 1913 1917 1810
f 1810 1917 1918
f 1810 1918 1808
f 1808 1918 1919
f 1919 1920 1808
f 1808 1920 1921
f 1808 1921 1828
f 1828 1921 1922
f 1828 1922 1911
f 1812 1923 1924
f 1882 1883 1812
f 1812 1883 1847
f 1812 1847 1923
f 1923 1847 1925
f 1924 1926 1812
f 1812 1926 1927
f 1812 1927 1810
f 1810 1927 1928
f 1929 1849 1930
f 1930 1849 1810
f 1930 1810 1931
f 1931 1810 1928
f 1929 1932 1849
f 1849 1932 1933
f 1849 1933 1847
f 1847 1933 1934
f 1847 1934 1925
f 1935 1936 1867
f 1937 1762 1938
f 1938 1762 1737
f 1938 1737 1939
f 1939 1737 1940
f 1601 1720 1602
f 1602 1720 1685
f 1602 1685 1738
f 1738 1685 1867
f 1738 1867 1737
f 1737 1867 1936
f 1737 1936 1940
f 1941 1764 1942
f 1942 1764 1762
f 1942 1762 1943
f 1943 1762 1937
f 1941 1944 1764
f 1764 1944 1945
f 1764 1945 1867
f 1867 1945 1946
f 1867 1946 1935
f 1947 1948 1760
f 1735 1949 1950
f 1949 1735 1951
f 1951 1735 1737
f 1951 1737 1952
f 1953 1762 1954
f 1954 1762 1760
f 1954 1760 1955
f 1955 1760 1948
f 1953 1956 1762
f 1762 1956 1957
f 1762 1957 1737
f 1737 1957 1958
f 1737 1958 1952
f 1959 1960 1735
f 1749 1713 1723
f 1723 1713 1712
f 1723 1712 1961
f 1960 1962 1735
f 1735 1962 1963
f 1735 1963 1713
f 1713 1963 1964
f 1713 1964 1711
f 1950 1947 1735
f 1735 1947 1760
f 1735 1760 1959
f 1959 1760 1965
f 1961 1966 1723
f 1723 1966 1967
f 1723 1967 1760
f 1760 1967 1968
f 1760 1968 1965
f 1648 1649 1733
f 1649 1650 1733
f 1733 1650 1639
f 1733 1639 1720
f 1720 1639 1640
f 1644 1645 1877
f 1726 1646 1647
f 1640 1641 1720
f 1720 1641 1642
f 1720 1642 1877
f 1877 1642 1643
f 1877 1643 1644
f 1885 1878 1847
f 1847 1878 1673
f 1847 1673 1845
f 1845 1673 1672
f 1845 1672 1725
f 1725 1672 1877
f 1725 1877 1726
f 1726 1877 1645
f 1726 1645 1646
f 1630 1631 1726
f 1636 1637 1732
f 1637 1638 1732
f 1732 1638 1627
f 1732 1627 1733
f 1733 1627 1628
f 1733 1628 1629
f 1647 1648 1726
f 1726 1648 1733
f 1726 1733 1630
f 1630 1733 1629
f 1631 1632 1726
f 1726 1632 1633
f 1726 1633 1728
f 1728 1633 1634
f 1728 1634 1635
f 1618 1619 1728
f 1625 1626 1724
f 1724 1626 1615
f 1724 1615 1732
f 1732 1615 1616
f 1732 1616 1617
f 1625 1724 1624
f 1624 1724 1730
f 1624 1730 1623
f 1635 1636 1728
f 1728 1636 1732
f 1728 1732 1618
f 1618 1732 1617
f 1619 1620 1728
f 1728 1620 1621
f 1728 1621 1730
f 1730 1621 1622
f 1730 1622 1623
f 1731 1607 1595
f 1297 1845 1295
f 1295 1845 1725
f 1731 1595 1729
f 1729 1595 1558
f 1729 1558 1727
f 1727 1558 1544
f 1727 1544 1725
f 1725 1544 1528
f 1725 1528 1295
f 1846 1845 1297
f 1357 1851 1340
f 1340 1851 1850
f 1340 1850 1317
f 1317 1850 1848
f 1317 1848 1309
f 1309 1848 1846
f 1309 1846 1298
f 1298 1846 1297
f 1352 1814 1813
f 1352 1813 1351
f 1351 1813 1825
f 1351 1825 1371
f 1371 1825 1823
f 1371 1823 1369
f 1369 1823 1821
f 1369 1821 1367
f 1367 1821 1818
f 1367 1818 1365
f 1365 1818 1851
f 1365 1851 1357
f 1374 1806 1305
f 1305 1806 1811
f 1814 1352 1815
f 1815 1352 1335
f 1815 1335 1809
f 1809 1335 1322
f 1809 1322 1811
f 1811 1322 1301
f 1811 1301 1305
f 1829 1356 1830
f 1830 1356 1355
f 1830 1355 1831
f 1831 1355 1349
f 1831 1349 1832
f 1832 1349 1348
f 1832 1348 1833
f 1833 1348 1347
f 1833 1347 1834
f 1834 1347 1346
f 1834 1346 1835
f 1835 1346 1354
f 1835 1354 1836
f 1836 1354 1353
f 1836 1353 1844
f 1844 1353 1345
f 1844 1345 1843
f 1843 1345 1344
f 1843 1344 1816
f 1816 1344 1359
f 1816 1359 1817
f 1817 1359 1358
f 1817 1358 1829
f 1829 1358 1356
f 1912 1339 1916
f 1916 1339 1338
f 1916 1338 1915
f 1915 1338 1332
f 1915 1332 1914
f 1914 1332 1331
f 1914 1331 1913
f 1913 1331 1330
f 1913 1330 1917
f 1917 1330 1329
f 1917 1329 1918
f 1918 1329 1337
f 1918 1337 1919
f 1919 1337 1336
f 1919 1336 1920
f 1920 1336 1334
f 1920 1334 1921
f 1921 1334 1333
f 1921 1333 1922
f 1922 1333 1342
f 1922 1342 1911
f 1911 1342 1341
f 1911 1341 1912
f 1912 1341 1339
f 1933 1316 1934
f 1934 1316 1315
f 1934 1315 1925
f 1925 1315 1328
f 1925 1328 1923
f 1923 1328 1327
f 1923 1327 1924
f 1924 1327 1326
f 1924 1326 1926
f 1926 1326 1325
f 1926 1325 1927
f 1927 1325 1324
f 1927 1324 1928
f 1928 1324 1323
f 1928 1323 1931
f 1931 1323 1321
f 1931 1321 1930
f 1930 1321 1320
f 1930 1320 1929
f 1929 1320 1319
f 1929 1319 1932
f 1932 1319 1318
f 1932 1318 1933
f 1933 1318 1316
f 1878 1313 1879
f 1879 1313 1312
f 1879 1312 1880
f 1880 1312 1311
f 1880 1311 1886
f 1886 1311 1307
f 1886 1307 1887
f 1887 1307 1306
f 1887 1306 1888
f 1888 1306 1303
f 1888 1303 1889
f 1889 1303 1302
f 1889 1302 1881
f 1881 1302 1300
f 1881 1300 1882
f 1882 1300 1299
f 1882 1299 1883
f 1883 1299 1308
f 1883 1308 1884
f 1884 1308 1310
f 1884 1310 1885
f 1885 1310 1314
f 1885 1314 1878
f 1878 1314 1313
f 1840 1364 1841
f 1841 1364 1363
f 1841 1363 1842
f 1842 1363 1362
f 1842 1362 1839
f 1839 1362 1361
f 1839 1361 1838
f 1838 1361 1360
f 1838 1360 1837
f 1837 1360 1343
f 1837 1343 1827
f 1827 1343 1350
f 1827 1350 1826
f 1826 1350 1373
f 1826 1373 1824
f 1824 1373 1372
f 1824 1372 1822
f 1822 1372 1370
f 1822 1370 1820
f 1820 1370 1368
f 1820 1368 1819
f 1819 1368 1366
f 1819 1366 1840
f 1840 1366 1364
f 1769 1768 1432
f 1432 1768 1430
f 1430 1768 1428
f 1428 1768 1782
f 1428 1782 1446
f 1446 1782 1780
f 1446 1780 1444
f 1444 1780 1778
f 1444 1778 1445
f 1445 1778 1441
f 1441 1778 1776
f 1441 1776 1439
f 1439 1776 1805
f 1439 1805 1437
f 1447 1900 1402
f 1402 1900 1767
f 1402 1767 1385
f 1385 1767 1766
f 1385 1766 1403
f 1403 1766 1771
f 1403 1771 1419
f 1419 1771 1769
f 1419 1769 1432
f 1772 1290 1773
f 1773 1290 1289
f 1773 1289 1787
f 1787 1289 1425
f 1787 1425 1788
f 1788 1425 1424
f 1788 1424 1789
f 1789 1424 1423
f 1789 1423 1790
f 1790 1423 1422
f 1790 1422 1800
f 1800 1422 1421
f 1800 1421 1799
f 1799 1421 1420
f 1799 1420 1798
f 1798 1420 1418
f 1798 1418 1796
f 1796 1418 1417
f 1796 1417 1792
f 1792 1417 1416
f 1792 1416 1791
f 1791 1416 1415
f 1791 1415 1772
f 1772 1415 1290
f 1898 1293 1899
f 1899 1293 1292
f 1899 1292 1891
f 1891 1292 1413
f 1891 1413 1892
f 1892 1413 1412
f 1892 1412 1893
f 1893 1412 1411
f 1893 1411 1717
f 1717 1411 1410
f 1717 1410 1718
f 1718 1410 1409
f 1718 1409 1890
f 1890 1409 1408
f 1890 1408 1896
f 1896 1408 1407
f 1896 1407 1895
f 1895 1407 1404
f 1895 1404 1894
f 1894 1404 1405
f 1894 1405 1897
f 1897 1405 1406
f 1897 1406 1898
f 1898 1406 1293
f 1909 1381 1910
f 1910 1381 1387
f 1910 1387 1902
f 1902 1387 1388
f 1902 1388 1903
f 1903 1388 1390
f 1903 1390 1904
f 1904 1390 1393
f 1904 1393 1714
f 1714 1393 1392
f 1714 1392 1715
f 1715 1392 1398
f 1715 1398 1901
f 1901 1398 1397
f 1901 1397 1907
f 1907 1397 1386
f 1907 1386 1906
f 1906 1386 1384
f 1906 1384 1905
f 1905 1384 1383
f 1905 1383 1908
f 1908 1383 1382
f 1908 1382 1909
f 1909 1382 1381
f 1859 1396 1860
f 1860 1396 1395
f 1860 1395 1852
f 1852 1395 1394
f 1852 1394 1863
f 1863 1394 1380
f 1863 1380 1862
f 1862 1380 1379
f 1862 1379 1861
f 1861 1379 1377
f 1861 1377 1853
f 1853 1377 1376
f 1853 1376 1854
f 1854 1376 1401
f 1854 1401 1857
f 1857 1401 1400
f 1857 1400 1856
f 1856 1400 1399
f 1856 1399 1855
f 1855 1399 1391
f 1855 1391 1858
f 1858 1391 1389
f 1858 1389 1859
f 1859 1389 1396
f 1793 1438 1794
f 1794 1438 1436
f 1794 1436 1795
f 1795 1436 1435
f 1795 1435 1797
f 1797 1435 1426
f 1797 1426 1786
f 1786 1426 1427
f 1786 1427 1785
f 1785 1427 1434
f 1785 1434 1784
f 1784 1434 1433
f 1784 1433 1783
f 1783 1433 1431
f 1783 1431 1781
f 1781 1431 1429
f 1781 1429 1779
f 1779 1429 1443
f 1779 1443 1777
f 1777 1443 1442
f 1777 1442 1775
f 1775 1442 1440
f 1775 1440 1793
f 1793 1440 1438
f 1806 1374 1807
f 1807 1374 1375
f 1807 1375 1802
f 1802 1375 1294
f 1802 1294 1804
f 1804 1294 1291
f 1804 1291 1805
f 1805 1291 1414
f 1805 1414 1437
f 1740 1739 1520
f 1520 1739 1518
f 1518 1739 1516
f 1516 1739 1746
f 1516 1746 1525
f 1746 1758 1525
f 1525 1758 1757
f 1525 1757 1523
f 1523 1757 1756
f 1523 1756 1524
f 1524 1756 1513
f 1513 1756 1744
f 1513 1744 1511
f 1744 1722 1511
f 1511 1722 1721
f 1511 1721 1509
f 1967 1496 1968
f 1968 1496 1495
f 1968 1495 1965
f 1965 1495 1494
f 1965 1494 1959
f 1959 1494 1493
f 1959 1493 1960
f 1960 1493 1492
f 1960 1492 1962
f 1962 1492 1491
f 1962 1491 1963
f 1963 1491 1504
f 1963 1504 1964
f 1964 1504 1503
f 1964 1503 1711
f 1711 1503 1501
f 1711 1501 1712
f 1712 1501 1500
f 1712 1500 1961
f 1961 1500 1499
f 1961 1499 1966
f 1966 1499 1498
f 1966 1498 1967
f 1967 1498 1496
f 1954 1487 1953
f 1953 1487 1486
f 1953 1486 1956
f 1956 1486 1480
f 1956 1480 1957
f 1957 1480 1479
f 1957 1479 1958
f 1958 1479 1478
f 1958 1478 1952
f 1952 1478 1477
f 1952 1477 1951
f 1951 1477 1485
f 1951 1485 1949
f 1949 1485 1484
f 1949 1484 1950
f 1950 1484 1482
f 1950 1482 1947
f 1947 1482 1481
f 1947 1481 1948
f 1948 1481 1490
f 1948 1490 1955
f 1955 1490 1489
f 1955 1489 1954
f 1954 1489 1487
f 1942 1457 1941
f 1941 1457 1474
f 1941 1474 1944
f 1944 1474 1475
f 1944 1475 1945
f 1945 1475 1452
f 1945 1452 1946
f 1946 1452 1450
f 1946 1450 1935
f 1935 1450 1449
f 1935 1449 1936
f 1936 1449 1464
f 1936 1464 1940
f 1940 1464 1463
f 1940 1463 1939
f 1939 1463 1462
f 1939 1462 1938
f 1938 1462 1460
f 1938 1460 1937
f 1937 1460 1459
f 1937 1459 1943
f 1943 1459 1458
f 1943 1458 1942
f 1942 1458 1457
f 1871 1466 1872
f 1872 1466 1455
f 1872 1455 1864
f 1864 1455 1454
f 1864 1454 1873
f 1873 1454 1473
f 1873 1473 1874
f 1874 1473 1472
f 1874 1472 1875
f 1875 1472 1471
f 1875 1471 1876
f 1876 1471 1468
f 1876 1468 1869
f 1869 1468 1469
f 1869 1469 1868
f 1868 1469 1470
f 1868 1470 1866
f 1866 1470 1453
f 1866 1453 1865
f 1865 1453 1476
f 1865 1476 1870
f 1870 1476 1467
f 1870 1467 1871
f 1871 1467 1466
f 1754 1510 1755
f 1755 1510 1508
f 1755 1508 1748
f 1748 1508 1507
f 1748 1507 1749
f 1749 1507 1505
f 1749 1505 1750
f 1750 1505 1506
f 1750 1506 1751
f 1751 1506 1522
f 1751 1522 1752
f 1752 1522 1521
f 1752 1521 1745
f 1745 1521 1519
f 1745 1519 1747
f 1747 1519 1517
f 1747 1517 1742
f 1742 1517 1515
f 1742 1515 1743
f 1743 1515 1514
f 1743 1514 1753
f 1753 1514 1512
f 1753 1512 1754
f 1754 1512 1510
f 1509 1721 1497
f 1497 1721 1759
f 1497 1759 1488
f 1488 1759 1761
f 1488 1761 1456
f 1456 1761 1763
f 1456 1763 1448
f 1448 1763 1765
f 1448 1765 1447
f 1447 1765 1900
f 1740 1520 1741
f 1741 1520 1502
f 1741 1502 1734
f 1734 1502 1483
f 1734 1483 1736
f 1736 1483 1461
f 1736 1461 1738
f 1738 1461 1465
f 1738 1465 1602
f 1602 1465 1526
f 1682 1681 1969
f 1688 1686 1969
f 1969 1686 1684
f 1969 1684 1682
f 1694 1692 1969
f 1969 1692 1690
f 1969 1690 1688
f 1667 1666 1969
f 1969 1666 1696
f 1969 1696 1694
f 1676 1678 1969
f 1969 1678 1670
f 1969 1670 1667
f 1681 1665 1969
f 1969 1665 1674
f 1969 1674 1676
f 1970 1971 1972
f 1972 1971 1973
f 1974 1975 1976
f 1976 1975 1977
f 1978 1979 1980
f 1980 1979 1981
f 1982 1983 1984
f 1982 1984 1985
f 1985 1984 1986
f 1985 1986 1987
f 1987 1986 1981
f 1987 1981 1979
f 1988 1989 1990
f 1991 1992 1993
f 1994 1995 1996
f 1996 1997 1998
f 1998 1997 1999
f 1998 1999 2000
f 2000 1999 2001
f 2000 2001 2002
f 1993 2003 1991
f 1991 2003 2004
f 1991 2004 2005
f 1990 2006 1988
f 1988 2006 2007
f 1988 2007 1991
f 1991 2007 2008
f 1991 2008 1992
f 1998 2009 1996
f 1996 2009 2010
f 1996 2010 1994
f 1994 2010 2003
f 1994 2003 2011
f 2011 2003 1993
f 2012 2013 2014
f 2014 2013 2015
f 2014 2015 2016
f 2016 2015 2017
f 2016 2017 2018
f 2018 2017 2019
f 2020 2021 2022
f 2022 2021 2023
f 2022 2023 2024
f 2024 2023 2025
f 2024 2025 2026
f 2026 2025 2027
f 2026 2027 2028
f 2028 2027 2029
f 2028 2029 2030
f 2030 2029 2031
f 2030 2031 2032
f 2032 2031 2033
f 2032 2033 2034
f 2034 2033 2035
f 2034 2035 2036
f 2036 2035 2037
f 2036 2037 2038
f 2038 2037 2039
f 2038 2039 2040
f 2040 2039 2041
f 2040 2041 2042
f 2042 2041 2043
f 2042 2043 2020
f 2020 2043 2021
f 2044 2045 2046
f 2046 2045 2047
f 2046 2047 2048
f 2048 2047 2049
f 2048 2049 2050
f 2050 2049 1493
f 2050 1493 2051
f 2051 1493 2052
f 2051 2052 2053
f 2053 2052 2054
f 2053 2054 2055
f 2055 2054 2056
f 2055 2056 2057
f 2057 2056 2058
f 2057 2058 2059
f 2059 2058 2060
f 2059 2060 2061
f 2061 2060 2062
f 2061 2062 2063
f 2063 2062 2064
f 2063 2064 2065
f 2065 2064 2066
f 2065 2066 2044
f 2044 2066 2045
f 2067 1424 2068
f 2068 1424 2069
f 2068 2069 2070
f 2070 2069 2071
f 2070 2071 2072
f 2072 2071 2073
f 2072 2073 2074
f 2074 2073 2075
f 2074 2075 2076
f 2076 2075 2077
f 2076 2077 2078
f 2078 2077 2079
f 2078 2079 2080
f 2080 2079 2081
f 2080 2081 2082
f 2082 2081 2083
f 2082 2083 2084
f 2084 2083 2085
f 2084 2085 2086
f 2086 2085 2087
f 2086 2087 2088
f 2088 2087 2089
f 2088 2089 2067
f 2067 2089 1424
f 1991 2005 2090
f 2090 2005 2091
f 1972 2092 1970
f 1970 2092 2093
f 1970 2093 2094
f 2094 2093 2095
f 2094 2095 2096
f 2096 2095 2097
f 2096 2097 2098
f 2098 2097 2099
f 2098 2099 2100
f 2100 2099 2101
f 2100 2101 2102
f 2102 2101 2103
f 2102 2103 2104
f 2104 2103 2105
f 2104 2105 2106
f 2106 2105 2107
f 2106 2107 2108
f 2108 2107 2109
f 2108 2109 2110
f 2110 2109 2111
f 2110 2111 2112
f 2112 2111 2113
f 2112 2113 2114
f 2114 2113 2115
f 2114 2115 2116
f 2116 2115 2117
f 2116 2117 2118
f 2118 2117 2119
f 2118 2119 2120
f 2120 2119 2121
f 2120 2121 2122
f 2122 2121 2123
f 2122 2123 1977
f 1977 2123 2093
f 1977 2093 1976
f 1976 2093 2092
f 1975 1974 2124
f 2124 1974 2125
f 2124 2125 2126
f 2126 2125 2127
f 2126 2127 2128
f 2128 2127 2129
f 2128 2129 2130
f 2130 2129 2131
f 2132 2133 2134
f 2134 2133 2135
f 1988 2136 1989
f 1989 2136 2133
f 1989 2133 2137
f 2137 2133 2132
f 2138 2007 2139
f 2139 2007 2006
f 2139 2006 2140
f 2140 2006 1990
f 2140 1990 2137
f 2137 1990 1989
f 2008 2007 2141
f 2141 2007 2138
f 2142 2011 2143
f 2143 2011 1993
f 2143 1993 2144
f 2144 1993 1992
f 2144 1992 2141
f 2141 1992 2008
f 1994 2011 2145
f 2145 2011 2142
f 2146 1995 2145
f 2145 1995 1994
f 1996 1995 2147
f 2147 1995 2146
f 2148 2002 2149
f 2149 2002 2001
f 2149 2001 2150
f 2150 2001 1999
f 2150 1999 2151
f 2151 1999 1997
f 2151 1997 2147
f 2147 1997 1996
f 2152 2153 2154
f 2154 2153 2155
f 2156 2157 2154
f 2154 2157 2152
f 2158 2157 2159
f 2159 2157 2156
f 2160 2161 2162
f 2162 2161 2163
f 2162 2163 2159
f 2159 2163 2158
f 2131 2161 2130
f 2130 2161 2160
f 2155 2153 2164
f 2164 2153 2165
f 2164 2165 2166
f 2166 2165 2167
f 2166 2167 2168
f 2168 2167 2169
f 2168 2169 2148
f 2148 2169 2002
f 2170 2002 2169
f 2129 2171 2172
f 2170 2169 2173
f 2129 2172 2131
f 2129 2127 2171
f 2171 2127 2125
f 2171 2125 2174
f 2174 2125 1974
f 2174 1974 2175
f 2092 1972 1973
f 1974 1976 2175
f 2175 1976 2092
f 2175 2092 2176
f 2176 2092 1973
f 2152 2157 2158
f 2169 2167 2173
f 2173 2167 2165
f 2173 2165 2177
f 2177 2165 2153
f 2177 2153 2178
f 2178 2153 2152
f 2178 2152 2179
f 2179 2152 2158
f 2179 2158 2180
f 2180 2158 2163
f 2180 2163 2172
f 2172 2163 2161
f 2172 2161 2131
f 2181 2172 2182
f 2182 2172 2171
f 2182 2171 2183
f 2183 2171 2184
f 2003 2185 2004
f 2004 2185 2013
f 2004 2013 2012
f 2122 1977 1975
f 1970 2094 1971
f 1971 2094 2096
f 1971 2096 2186
f 2186 2096 2098
f 2186 2098 2134
f 2134 2098 2100
f 2134 2100 2132
f 2132 2100 2102
f 2081 2156 2083
f 2083 2156 1975
f 2083 1975 2085
f 2081 2079 2156
f 2156 2079 2077
f 2156 2077 2159
f 2077 2075 2159
f 2159 2075 2073
f 2159 2073 2162
f 2162 2073 2071
f 2162 2071 2160
f 2160 2071 2069
f 2085 1975 2087
f 2087 1975 2124
f 2087 2124 2089
f 2089 2124 2126
f 2089 2126 1424
f 1424 2126 2128
f 1424 2128 2069
f 2069 2128 2130
f 2069 2130 2160
f 2154 2116 2156
f 2156 2116 2118
f 2156 2118 1975
f 1975 2118 2120
f 1975 2120 2122
f 2143 2144 2141
f 2064 2062 2146
f 2146 2062 2060
f 2146 2060 2147
f 2060 2058 2147
f 2147 2058 2056
f 2147 2056 2151
f 2151 2056 2054
f 2151 2054 2150
f 2150 2054 2052
f 2064 2154 2066
f 2066 2154 2155
f 2066 2155 2045
f 2045 2155 2047
f 2035 2140 2037
f 2037 2140 2137
f 2037 2137 2039
f 2142 2143 2031
f 2031 2143 2141
f 2031 2141 2033
f 2033 2141 2138
f 2033 2138 2035
f 2035 2138 2139
f 2035 2139 2140
f 2031 2029 2142
f 2142 2029 2027
f 2142 2027 2145
f 2145 2027 2025
f 2145 2025 2023
f 2155 2164 2047
f 2047 2164 2166
f 2047 2166 2049
f 2049 2166 2168
f 2049 2168 1493
f 1493 2168 2148
f 1493 2148 2052
f 2052 2148 2149
f 2052 2149 2150
f 2039 2137 2041
f 2041 2137 2132
f 2041 2132 2043
f 2043 2132 2102
f 2043 2102 2021
f 2021 2102 2104
f 2021 2104 2023
f 2023 2104 2106
f 2023 2106 2145
f 2145 2106 2108
f 2145 2108 2146
f 2146 2108 2110
f 2146 2110 2064
f 2064 2110 2112
f 2064 2112 2154
f 2154 2112 2114
f 2154 2114 2116
f 2187 2188 2189
f 2189 2188 2190
f 2189 2190 2191
f 2192 2193 2189
f 2189 2193 2194
f 2189 2194 2187
f 2195 2196 2189
f 2189 2196 2197
f 2189 2197 2192
f 2191 2198 2189
f 2189 2198 2199
f 2189 2199 2195
f 2200 2190 2201
f 2201 2190 2188
f 2201 2188 2202
f 2202 2188 2187
f 2202 2187 2203
f 2203 2187 2194
f 2203 2194 2204
f 2204 2194 2193
f 2204 2193 2205
f 2205 2193 2192
f 2205 2192 2206
f 2206 2192 2197
f 2206 2197 2207
f 2207 2197 2196
f 2207 2196 2208
f 2208 2196 2195
f 2208 2195 2209
f 2209 2195 2199
f 2209 2199 2210
f 2210 2199 2198
f 2210 2198 2211
f 2211 2198 2191
f 2211 2191 2200
f 2200 2191 2190
f 2212 2213 2214
f 2215 2216 2217
f 2217 2216 2218
f 2217 2218 2219
f 2220 2221 2218
f 2218 2221 2222
f 2218 2222 2212
f 2212 2214 2218
f 2218 2214 2223
f 2218 2223 2219
f 2224 2214 2225
f 2225 2214 2213
f 2225 2213 2226
f 2226 2213 2212
f 2226 2212 2227
f 2227 2212 2222
f 2227 2222 2228
f 2228 2222 2221
f 2228 2221 2229
f 2229 2221 2220
f 2229 2220 2230
f 2230 2220 2218
f 2230 2218 2231
f 2231 2218 2216
f 2231 2216 2232
f 2232 2216 2215
f 2232 2215 2233
f 2233 2215 2217
f 2233 2217 2234
f 2234 2217 2219
f 2234 2219 2235
f 2235 2219 2223
f 2235 2223 2224
f 2224 2223 2214
f 2236 2237 2238
f 2238 2237 2239
f 2238 2239 2240
f 2241 2242 2238
f 2238 2242 2243
f 2238 2243 2236
f 2244 2245 2238
f 2238 2245 2246
f 2238 2246 2241
f 2240 2247 2238
f 2238 2247 2248
f 2238 2248 2244
f 2249 2239 2250
f 2250 2239 2237
f 2250 2237 2251
f 2251 2237 2236
f 2251 2236 2252
f 2252 2236 2243
f 2252 2243 2253
f 2253 2243 2242
f 2253 2242 2254
f 2254 2242 2241
f 2254 2241 2255
f 2255 2241 2246
f 2255 2246 2256
f 2256 2246 2245
f 2256 2245 2257
f 2257 2245 2244
f 2257 2244 2258
f 2258 2244 2248
f 2258 2248 2259
f 2259 2248 2247
f 2259 2247 2260
f 2260 2247 2240
f 2260 2240 2249
f 2249 2240 2239
f 2261 2262 2263
f 2264 2263 2265
f 2266 2267 2261
f 2268 2264 2269
f 2269 2264 2265
f 2269 2265 2270
f 2270 2265 2271
f 2263 2264 2261
f 2261 2264 2272
f 2261 2272 2266
f 2273 2265 2274
f 2274 2265 2263
f 2274 2263 2275
f 2275 2263 2262
f 2275 2262 2276
f 2276 2262 2261
f 2276 2261 2277
f 2277 2261 2267
f 2277 2267 2278
f 2278 2267 2266
f 2278 2266 2279
f 2279 2266 2272
f 2279 2272 2280
f 2280 2272 2264
f 2280 2264 2281
f 2281 2264 2268
f 2281 2268 2282
f 2282 2268 2269
f 2282 2269 2283
f 2283 2269 2270
f 2283 2270 2284
f 2284 2270 2271
f 2284 2271 2273
f 2273 2271 2265
f 2285 2286 2287
f 2287 2286 2288
f 2287 2288 2289
f 2290 2291 2287
f 2287 2291 2292
f 2287 2292 2285
f 2293 2294 2287
f 2287 2294 2295
f 2287 2295 2290
f 2289 2296 2287
f 2287 2296 2297
f 2287 2297 2293
f 2298 2288 2299
f 2299 2288 2286
f 2299 2286 2300
f 2300 2286 2285
f 2300 2285 2301
f 2301 2285 2292
f 2301 2292 2302
f 2302 2292 2291
f 2302 2291 2303
f 2303 2291 2290
f 2303 2290 2304
f 2304 2290 2295
f 2304 2295 2305
f 2305 2295 2294
f 2305 2294 2306
f 2306 2294 2293
f 2306 2293 2307
f 2307 2293 2297
f 2307 2297 2308
f 2308 2297 2296
f 2308 2296 2309
f 2309 2296 2289
f 2309 2289 2298
f 2298 2289 2288
f 2176 1973 1971
f 2310 2311 2186
f 2186 2311 2312
f 2186 2312 1971
f 2313 2314 2315
f 2316 2176 2317
f 2317 2176 1971
f 2317 1971 2318
f 2318 1971 2312
f 2319 2320 2321
f 2321 2320 2310
f 2321 2310 2322
f 2322 2310 2186
f 2322 2186 2323
f 2314 2324 2315
f 2315 2324 2325
f 2315 2325 2320
f 2325 2326 2320
f 2320 2326 2327
f 2320 2327 2310
f 2310 2327 2328
f 2310 2328 2329
f 2330 2331 2332
f 2332 2331 2310
f 2332 2310 2333
f 2333 2310 2329
f 2330 2334 2331
f 2331 2334 2335
f 2331 2335 2315
f 2315 2335 2336
f 2315 2336 2313
f 1978 1980 2337
f 1978 2337 2338
f 2338 2337 2339
f 2338 2339 2340
f 2340 2339 2331
f 2340 2331 2315
f 2341 2342 2343
f 2343 2342 2344
f 2343 2344 2345
f 2346 2347 2343
f 2343 2347 2348
f 2343 2348 2341
f 2349 2350 2343
f 2343 2350 2351
f 2343 2351 2346
f 2345 2352 2343
f 2343 2352 2353
f 2343 2353 2349
f 2354 2351 2355
f 2355 2351 2350
f 2355 2350 2356
f 2356 2350 2349
f 2356 2349 2357
f 2357 2349 2353
f 2357 2353 2358
f 2358 2353 2352
f 2358 2352 2359
f 2359 2352 2345
f 2359 2345 2360
f 2360 2345 2344
f 2360 2344 2361
f 2361 2344 2342
f 2361 2342 2362
f 2362 2342 2341
f 2362 2341 2363
f 2363 2341 2348
f 2363 2348 2364
f 2364 2348 2347
f 2364 2347 2365
f 2365 2347 2346
f 2365 2346 2354
f 2354 2346 2351
f 2366 2367 2368
f 2368 2367 2310
f 2339 2337 2331
f 2331 2337 1980
f 1981 1986 1984
f 1984 1983 1981
f 1981 1983 2368
f 1981 2368 1980
f 1980 2368 2310
f 1980 2310 2331
f 2135 2323 2134
f 2134 2323 2186
f 1985 1987 1982
f 1982 1987 1979
f 1978 2338 2340
f 2340 2315 1978
f 1978 2315 2320
f 1978 2320 1979
f 1979 2320 2369
f 1979 2369 1982
f 2314 2313 2370
f 2370 2313 2336
f 2370 2336 2371
f 2371 2336 2335
f 2371 2335 2372
f 2372 2335 2334
f 2372 2334 2373
f 2373 2334 2330
f 2373 2330 2374
f 2374 2330 2332
f 2374 2332 2375
f 2375 2332 2333
f 2375 2333 2376
f 2376 2333 2329
f 2376 2329 2377
f 2377 2329 2328
f 2377 2328 2378
f 2378 2328 2327
f 2378 2327 2379
f 2379 2327 2326
f 2379 2326 2380
f 2380 2326 2325
f 2380 2325 2381
f 2381 2325 2324
f 2381 2324 2382
f 2382 2324 2314
f 2382 2314 2370
f 2018 2019 2383
f 2383 2019 2384
f 1983 2371 2372
f 2371 1983 2370
f 2370 1983 1982
f 2370 1982 2382
f 2372 2373 1983
f 1983 2373 2374
f 1983 2374 2368
f 2374 2375 2368
f 2368 2375 2376
f 2368 2376 2369
f 2369 2376 2377
f 2369 2377 2378
f 2378 2379 2369
f 2369 2379 2380
f 2369 2380 1982
f 1982 2380 2381
f 1982 2381 2382
f 2184 2171 2174
f 2184 2174 2385
f 2385 2174 2175
f 2385 2175 2386
f 2386 2175 2176
f 2386 2176 2316
f 2323 2135 2322
f 2322 2135 2133
f 2387 2388 2389
f 2364 2365 2390
f 2234 2235 2391
f 2392 2393 2394
f 2395 2396 2397
f 2397 2396 2398
f 2397 2398 2399
f 2181 2182 2387
f 2386 2400 2385
f 2385 2400 2184
f 2184 2400 2401
f 2184 2401 2183
f 2046 2048 2402
f 2402 2048 2403
f 2404 2405 2406
f 2406 2405 2407
f 2406 2407 2391
f 2408 2409 2013
f 2410 2026 2411
f 2411 2026 2028
f 2020 2022 2410
f 2410 2022 2024
f 2410 2024 2026
f 2412 2413 2036
f 2036 2038 2412
f 2412 2038 2040
f 2412 2040 2042
f 2028 2030 2411
f 2411 2030 2032
f 2411 2032 2413
f 2413 2032 2034
f 2413 2034 2036
f 2042 2020 2412
f 2412 2020 2410
f 2412 2410 2414
f 2414 2410 2415
f 2414 2415 2416
f 2416 2415 2417
f 2097 2095 2418
f 2099 2394 2101
f 2101 2394 2419
f 2101 2419 2103
f 2103 2419 2416
f 2103 2416 2105
f 2105 2416 2417
f 2105 2417 2107
f 2107 2417 2109
f 2311 2393 2312
f 2312 2393 2392
f 2312 2392 2318
f 2076 2078 2388
f 2388 2078 2420
f 2078 2080 2420
f 2420 2080 2082
f 2420 2082 2401
f 2401 2082 2084
f 2401 2084 2183
f 2183 2084 2086
f 2182 2070 2387
f 2387 2070 2072
f 2387 2072 2388
f 2388 2072 2074
f 2388 2074 2076
f 2086 2088 2183
f 2183 2088 2067
f 2183 2067 2182
f 2182 2067 2068
f 2182 2068 2070
f 2061 2421 2059
f 2059 2421 2422
f 2048 2050 2403
f 2403 2050 2051
f 2403 2051 2407
f 2407 2051 2053
f 2407 2053 2391
f 2391 2053 2055
f 2391 2055 2422
f 2422 2055 2057
f 2422 2057 2059
f 2044 2423 2065
f 2065 2423 2421
f 2065 2421 2063
f 2063 2421 2061
f 2111 2424 2113
f 2113 2424 2425
f 2113 2425 2115
f 2115 2425 2117
f 2121 2119 2426
f 2426 2119 2117
f 2426 2117 2427
f 2093 2123 2428
f 2428 2123 2121
f 2253 2429 2252
f 2252 2429 2409
f 2253 2254 2429
f 2429 2254 2255
f 2429 2255 2430
f 2430 2255 2256
f 2430 2256 2431
f 2431 2256 2257
f 2431 2257 2258
f 2259 2260 2432
f 2432 2260 2249
f 2432 2249 2408
f 2408 2249 2250
f 2408 2250 2409
f 2409 2250 2251
f 2409 2251 2252
f 2411 2429 2410
f 2410 2429 2430
f 2410 2430 2415
f 2415 2430 2431
f 2415 2431 2417
f 2417 2431 2424
f 2417 2424 2109
f 2109 2424 2111
f 2391 2235 2406
f 2406 2235 2224
f 2406 2224 2225
f 2225 2226 2406
f 2406 2226 2432
f 2406 2432 2404
f 2404 2432 2408
f 2404 2408 2185
f 2185 2408 2013
f 2230 2231 2422
f 2422 2231 2232
f 2422 2232 2391
f 2391 2232 2233
f 2391 2233 2234
f 2226 2227 2432
f 2432 2227 2228
f 2432 2228 2422
f 2422 2228 2229
f 2422 2229 2230
f 2258 2259 2431
f 2431 2259 2432
f 2431 2432 2424
f 2424 2432 2422
f 2424 2422 2425
f 2425 2422 2421
f 2117 2425 2427
f 2427 2425 2421
f 2427 2421 2433
f 2433 2421 2423
f 2433 2423 2434
f 2095 2093 2418
f 2418 2093 2428
f 2418 2428 2390
f 2390 2428 2435
f 2390 2435 2364
f 2365 2354 2390
f 2390 2354 2355
f 2390 2355 2356
f 2099 2097 2394
f 2394 2097 2418
f 2394 2418 2392
f 2392 2418 2390
f 2392 2390 2318
f 2318 2390 2356
f 2318 2356 2357
f 2357 2358 2318
f 2318 2358 2359
f 2318 2359 2317
f 2317 2359 2360
f 2360 2361 2317
f 2317 2361 2362
f 2317 2362 2435
f 2435 2362 2363
f 2435 2363 2364
f 2434 2274 2275
f 2274 2434 2273
f 2273 2434 2436
f 2273 2436 2284
f 2279 2280 2433
f 2275 2276 2434
f 2434 2276 2277
f 2434 2277 2433
f 2433 2277 2278
f 2433 2278 2279
f 2420 2426 2388
f 2388 2426 2427
f 2388 2427 2389
f 2389 2427 2433
f 2389 2433 2437
f 2437 2433 2280
f 2280 2281 2437
f 2437 2281 2282
f 2437 2282 2436
f 2436 2282 2283
f 2436 2283 2284
f 2307 2308 2420
f 2309 2298 2435
f 2303 2304 2401
f 2401 2304 2305
f 2401 2305 2420
f 2420 2305 2306
f 2420 2306 2307
f 2121 2426 2428
f 2428 2426 2420
f 2428 2420 2435
f 2435 2420 2308
f 2435 2308 2309
f 2316 2317 2386
f 2386 2317 2435
f 2386 2435 2400
f 2400 2435 2298
f 2400 2298 2299
f 2299 2300 2400
f 2400 2300 2301
f 2400 2301 2401
f 2401 2301 2302
f 2401 2302 2303
f 2204 2205 2397
f 2397 2205 2437
f 2397 2437 2395
f 2395 2437 2436
f 2395 2436 2438
f 2438 2436 2434
f 2438 2434 2439
f 2439 2434 2423
f 2439 2423 2402
f 2402 2423 2044
f 2402 2044 2046
f 2211 2200 2399
f 2209 2210 2389
f 2205 2206 2437
f 2437 2206 2207
f 2437 2207 2389
f 2389 2207 2208
f 2389 2208 2209
f 2200 2201 2399
f 2399 2201 2202
f 2399 2202 2397
f 2397 2202 2203
f 2397 2203 2204
f 2210 2211 2389
f 2389 2211 2399
f 2389 2399 2387
f 2387 2399 2398
f 2387 2398 2181
f 2440 2321 2136
f 2136 2321 2322
f 2136 2322 2133
f 2319 2321 2441
f 2441 2321 2440
f 2393 2311 2310
f 2393 2310 2394
f 2394 2310 2367
f 2394 2367 2419
f 2367 2413 2412
f 2412 2414 2367
f 2367 2414 2416
f 2367 2416 2419
f 2367 2366 2442
f 2442 2366 2443
f 2444 2441 2445
f 2445 2441 2440
f 2445 2440 2136
f 2446 2447 2448
f 2448 2447 2449
f 2448 2449 2450
f 2450 2449 2451
f 2450 2451 2452
f 2452 2451 2453
f 2452 2453 2454
f 2454 2453 2455
f 2454 2455 2456
f 2456 2455 2457
f 2456 2457 2458
f 2458 2457 2459
f 2460 2461 2462
f 2462 2461 2463
f 2462 2463 2464
f 2464 2463 2465
f 2464 2465 2466
f 2466 2465 2467
f 2466 2467 2468
f 2468 2467 2469
f 2468 2469 2470
f 2470 2469 2471
f 2470 2471 2472
f 2472 2471 2473
f 2446 2461 2447
f 2447 2461 2460
f 2473 2458 2472
f 2472 2458 2459
f 1991 2474 1988
f 1988 2474 2475
f 1988 2475 2136
f 2136 2475 2476
f 2136 2476 2445
f 2477 2478 2479
f 2479 2478 2480
f 2479 2480 2481
f 2481 2480 2482
f 2481 2482 2483
f 2483 2482 2445
f 2483 2445 2484
f 2484 2445 2476
f 2479 2485 2477
f 2477 2485 2486
f 2477 2486 2487
f 2487 2486 2488
f 2487 2488 2489
f 2489 2488 2490
f 2489 2490 2491
f 2491 2490 2492
f 2491 2492 2493
f 2493 2492 2090
f 2492 2494 2090
f 2090 2494 2495
f 2090 2495 1991
f 1991 2495 2496
f 1991 2496 2474
f 2494 2497 2495
f 2495 2497 2498
f 2495 2498 2496
f 2496 2498 2499
f 2496 2499 2474
f 2474 2499 2500
f 2474 2500 2475
f 2475 2500 2501
f 2475 2501 2476
f 2476 2501 2502
f 2476 2502 2484
f 2484 2502 2503
f 2484 2503 2483
f 2483 2503 2504
f 2494 2492 2497
f 2497 2492 2505
f 2481 2506 2479
f 2479 2506 2507
f 2479 2507 2485
f 2485 2507 2508
f 2485 2508 2486
f 2486 2508 2509
f 2486 2509 2488
f 2488 2509 2510
f 2488 2510 2490
f 2490 2510 2511
f 2490 2511 2492
f 2492 2511 2505
f 2481 2483 2506
f 2506 2483 2504
f 2090 2091 2512
f 2090 2512 2493
f 2493 2512 2513
f 2493 2513 2491
f 2491 2513 2514
f 2491 2514 2489
f 2489 2514 2515
f 2489 2515 2487
f 2487 2515 2477
f 2477 2515 2516
f 2453 2451 2366
f 2441 2005 2366
f 2320 2319 2369
f 2369 2319 2441
f 2369 2441 2368
f 2368 2441 2366
f 2366 2451 2443
f 2472 2459 2383
f 2383 2459 2457
f 2383 2457 2018
f 2457 2455 2018
f 2018 2455 2453
f 2018 2453 2016
f 2016 2453 2366
f 2016 2366 2014
f 2014 2366 2005
f 2014 2005 2012
f 2012 2005 2004
f 2462 2464 2517
f 2517 2464 2466
f 2517 2466 2518
f 2518 2466 2468
f 2518 2468 2519
f 2519 2468 2470
f 2519 2470 2520
f 2520 2470 2472
f 2520 2472 2521
f 2521 2472 2383
f 2451 2449 2443
f 2443 2449 2447
f 2443 2447 2522
f 2522 2447 2460
f 2522 2460 2523
f 2523 2460 2462
f 2523 2462 2524
f 2524 2462 2517
f 2441 2444 2503
f 2511 2510 2515
f 2515 2510 2509
f 2515 2509 2516
f 2516 2509 2508
f 2516 2508 2525
f 2525 2508 2507
f 2525 2507 2526
f 2526 2507 2506
f 2526 2506 2527
f 2527 2506 2444
f 2444 2506 2504
f 2444 2504 2503
f 2091 2005 2499
f 2503 2502 2441
f 2441 2502 2501
f 2441 2501 2005
f 2005 2501 2500
f 2005 2500 2499
f 2515 2514 2511
f 2511 2514 2513
f 2511 2513 2505
f 2505 2513 2512
f 2505 2512 2497
f 2497 2512 2091
f 2497 2091 2498
f 2498 2091 2499
f 2444 2445 2482
f 2444 2482 2527
f 2527 2482 2480
f 2527 2480 2526
f 2526 2480 2478
f 2526 2478 2525
f 2525 2478 2477
f 2525 2477 2516
f 2528 2518 2519
f 2528 2519 2529
f 2529 2519 2520
f 2529 2520 2530
f 2530 2520 2521
f 2530 2521 2531
f 2531 2521 2383
f 2531 2383 2384
f 2518 2528 2517
f 2517 2528 2532
f 2450 2367 2448
f 2448 2367 2442
f 2448 2442 2446
f 2446 2442 2461
f 2384 2019 2454
f 2450 2452 2367
f 2367 2452 2411
f 2367 2411 2413
f 2452 2454 2411
f 2411 2454 2019
f 2411 2019 2429
f 2429 2019 2017
f 2429 2017 2409
f 2409 2017 2015
f 2409 2015 2013
f 2471 2469 2528
f 2528 2469 2467
f 2528 2467 2532
f 2532 2467 2465
f 2532 2465 2533
f 2533 2465 2463
f 2533 2463 2534
f 2534 2463 2461
f 2534 2461 2535
f 2535 2461 2442
f 2454 2456 2384
f 2384 2456 2458
f 2384 2458 2531
f 2531 2458 2473
f 2531 2473 2530
f 2530 2473 2471
f 2530 2471 2529
f 2529 2471 2528
f 2442 2443 2522
f 2442 2522 2535
f 2535 2522 2523
f 2535 2523 2534
f 2534 2523 2524
f 2534 2524 2533
f 2533 2524 2517
f 2533 2517 2532
f 2536 2537 2538
f 2538 2537 2539
f 2538 2539 2540
f 2541 2542 2538
f 2538 2542 2543
f 2538 2543 2536
f 2544 2545 2538
f 2538 2545 2546
f 2538 2546 2541
f 2540 2547 2538
f 2538 2547 2548
f 2538 2548 2544
f 2546 2549 2541
f 2541 2549 2550
f 2541 2550 2542
f 2542 2550 2551
f 2542 2551 2543
f 2543 2551 2552
f 2543 2552 2536
f 2536 2552 2553
f 2536 2553 2537
f 2537 2553 2554
f 2537 2554 2539
f 2539 2554 2555
f 2539 2555 2540
f 2540 2555 2556
f 2540 2556 2547
f 2547 2556 2557
f 2547 2557 2548
f 2548 2557 2558
f 2548 2558 2544
f 2544 2558 2559
f 2544 2559 2545
f 2545 2559 2560
f 2545 2560 2546
f 2546 2560 2549
f 2551 2550 2561
f 2561 2550 2549
f 2561 2549 2560
f 2554 2553 2561
f 2561 2553 2552
f 2561 2552 2551
f 2557 2556 2561
f 2561 2556 2555
f 2561 2555 2554
f 2560 2559 2561
f 2561 2559 2558
f 2561 2558 2557
f 2562 2563 2564
f 2564 2563 2565
f 2564 2565 2566
f 2567 2568 2564
f 2564 2568 2569
f 2564 2569 2562
f 2570 2571 2564
f 2564 2571 2572
f 2564 2572 2567
f 2566 2573 2564
f 2564 2573 2574
f 2564 2574 2570
f 2575 2572 2576
f 2576 2572 2571
f 2576 2571 2577
f 2577 2571 2570
f 2577 2570 2578
f 2578 2570 2574
f 2578 2574 2579
f 2579 2574 2573
f 2579 2573 2580
f 2580 2573 2566
f 2580 2566 2581
f 2581 2566 2565
f 2581 2565 2582
f 2582 2565 2563
f 2582 2563 2583
f 2583 2563 2562
f 2583 2562 2584
f 2584 2562 2569
f 2584 2569 2585
f 2585 2569 2568
f 2585 2568 2586
f 2586 2568 2567
f 2586 2567 2575
f 2575 2567 2572
f 2579 2580 2587
f 2587 2580 2581
f 2587 2581 2582
f 2576 2577 2587
f 2587 2577 2578
f 2587 2578 2579
f 2585 2586 2587
f 2587 2586 2575
f 2587 2575 2576
f 2582 2583 2587
f 2587 2583 2584
f 2587 2584 2585
f 2588 2589 2590
f 2591 2592 2593
f 2594 2595 2596
f 2596 2595 2591
f 2596 2591 2597
f 2597 2591 2593
f 2590 2589 2598
f 2589 2599 2598
f 2598 2599 2600
f 2598 2600 2592
f 2592 2600 2601
f 2592 2601 2593
f 2588 2590 2602
f 2602 2590 2603
f 2602 2603 2604
f 2604 2603 2605
f 2604 2605 2606
f 2606 2605 2607
f 2607 2605 2608
f 2607 2608 2609
f 2609 2608 2610
f 2610 2608 2611
f 2610 2611 2612
f 2612 2611 2613
f 2613 2611 2614
f 2613 2614 2615
f 2615 2614 2616
f 2616 2614 2617
f 2616 2617 2618
f 2618 2617 2619
f 2619 2617 2620
f 2619 2620 2621
f 2621 2620 2622
f 2621 2622 2623
f 2624 2625 2622
f 2622 2625 2626
f 2622 2626 2623
f 2627 2628 2629
f 2629 2630 2627
f 2627 2630 2631
f 2627 2631 2624
f 2624 2631 2632
f 2624 2632 2625
f 2633 2634 2635
f 2635 2636 2633
f 2633 2636 2637
f 2633 2637 2628
f 2628 2637 2638
f 2628 2638 2629
f 2639 2640 2641
f 2641 2640 2642
f 2641 2642 2634
f 2634 2642 2643
f 2634 2643 2635
f 2644 2645 2639
f 2639 2645 2646
f 2639 2646 2640
f 2647 2648 2644
f 2644 2648 2649
f 2644 2649 2645
f 2650 2651 2647
f 2647 2651 2652
f 2647 2652 2648
f 2594 2653 2595
f 2595 2653 2654
f 2595 2654 2655
f 2655 2654 2656
f 2655 2656 2657
f 2657 2656 2658
f 2657 2658 2650
f 2650 2658 2659
f 2650 2659 2651
f 2653 2660 2661
f 2653 2594 2660
f 2660 2594 2596
f 2660 2596 2662
f 2596 2597 2662
f 2662 2597 2593
f 2662 2593 2663
f 2663 2593 2601
f 2663 2601 2664
f 2601 2600 2664
f 2664 2600 2599
f 2664 2599 2665
f 2599 2589 2665
f 2665 2589 2588
f 2665 2588 2666
f 2666 2588 2602
f 2602 2604 2666
f 2666 2604 2606
f 2666 2606 2667
f 2606 2607 2667
f 2667 2607 2609
f 2667 2609 2668
f 2609 2610 2668
f 2668 2610 2612
f 2668 2612 2669
f 2612 2613 2669
f 2669 2613 2615
f 2669 2615 2670
f 2619 2671 2618
f 2618 2671 2670
f 2618 2670 2616
f 2616 2670 2615
f 2619 2621 2671
f 2671 2621 2623
f 2671 2623 2672
f 2623 2626 2672
f 2672 2626 2625
f 2672 2625 2673
f 2625 2632 2673
f 2673 2632 2631
f 2673 2631 2674
f 2631 2630 2674
f 2674 2630 2629
f 2674 2629 2675
f 2675 2629 2638
f 2675 2638 2676
f 2638 2637 2676
f 2676 2637 2636
f 2676 2636 2677
f 2677 2636 2635
f 2635 2643 2677
f 2677 2643 2642
f 2677 2642 2678
f 2642 2640 2678
f 2678 2640 2646
f 2678 2646 2679
f 2646 2645 2679
f 2679 2645 2649
f 2679 2649 2680
f 2649 2648 2680
f 2680 2648 2652
f 2680 2652 2681
f 2652 2651 2681
f 2681 2651 2659
f 2681 2659 2682
f 2659 2658 2682
f 2682 2658 2656
f 2682 2656 2661
f 2661 2656 2654
f 2661 2654 2653
f 2683 2684 2685
f 2686 2687 2685
f 2688 2689 2690
f 2691 2692 2685
f 2693 2694 2685
f 2695 2696 2685
f 2697 2698 2685
f 2699 2700 2701
f 2699 2701 2698
f 2698 2701 2685
f 2685 2702 2703
f 2704 2702 2685
f 2696 2704 2685
f 2703 2697 2685
f 2705 2695 2685
f 2706 2705 2685
f 2694 2706 2685
f 2707 2693 2685
f 2692 2707 2685
f 2708 2691 2685
f 2685 2709 2688
f 2710 2709 2685
f 2687 2710 2685
f 2685 2711 2712
f 2713 2711 2685
f 2712 2686 2685
f 2685 2714 2715
f 2716 2714 2685
f 2717 2716 2685
f 2715 2713 2685
f 2685 2718 2719
f 2720 2685 2719
f 2720 2717 2685
f 2721 2722 2723
f 2724 2721 2685
f 2723 2718 2721
f 2721 2718 2685
f 2685 2725 2726
f 2727 2725 2685
f 2728 2727 2685
f 2685 2729 2730
f 2731 2685 2730
f 2726 2729 2685
f 2732 2724 2731
f 2731 2724 2685
f 2733 2728 2685
f 2684 2733 2685
f 2685 2734 2735
f 2735 2683 2685
f 2736 2737 2685
f 2736 2685 2738
f 2737 2734 2685
f 2685 2739 2740
f 2740 2739 2741
f 2738 2685 2740
f 2685 2742 2743
f 2744 2742 2685
f 2745 2744 2685
f 2685 2746 2747
f 2748 2685 2747
f 2743 2746 2685
f 2749 2739 2748
f 2748 2739 2685
f 2685 2750 2751
f 2752 2685 2751
f 2753 2750 2685
f 2752 2745 2685
f 2685 2754 2755
f 2756 2754 2685
f 2755 2753 2685
f 2757 2756 2685
f 2758 2757 2685
f 2759 2758 2685
f 2760 2685 2701
f 2761 2759 2760
f 2760 2759 2685
f 2685 2690 2762
f 2763 2685 2762
f 2688 2690 2685
f 2764 2708 2763
f 2763 2708 2685
f 2661 2765 2682
f 2682 2765 2766
f 2682 2766 2681
f 2660 2767 2661
f 2661 2767 2768
f 2661 2768 2765
f 2665 2769 2664
f 2664 2769 2770
f 2664 2770 2663
f 2669 2771 2668
f 2668 2771 2772
f 2668 2772 2667
f 2671 2773 2670
f 2670 2773 2774
f 2670 2774 2669
f 2669 2774 2775
f 2669 2775 2771
f 2770 2776 2663
f 2663 2776 2777
f 2663 2777 2662
f 2662 2777 2778
f 2662 2778 2660
f 2660 2778 2779
f 2660 2779 2767
f 2772 2780 2667
f 2667 2780 2781
f 2667 2781 2666
f 2666 2781 2782
f 2666 2782 2665
f 2665 2782 2783
f 2665 2783 2769
f 2673 2784 2672
f 2672 2784 2785
f 2672 2785 2671
f 2671 2785 2786
f 2671 2786 2773
f 2675 2787 2674
f 2674 2787 2788
f 2674 2788 2673
f 2673 2788 2789
f 2673 2789 2784
f 2677 2790 2676
f 2676 2790 2791
f 2676 2791 2675
f 2675 2791 2792
f 2675 2792 2787
f 2679 2793 2678
f 2678 2793 2794
f 2678 2794 2677
f 2677 2794 2795
f 2677 2795 2790
f 2766 2796 2681
f 2681 2796 2797
f 2681 2797 2680
f 2680 2797 2798
f 2680 2798 2679
f 2679 2798 2799
f 2679 2799 2793
f 2800 2801 2802
f 2800 2802 2803
f 2736 2738 2804
f 2804 2738 2740
f 2804 2740 2805
f 2740 2741 2806
f 2805 2740 2807
f 2807 2740 2806
f 2807 2806 2802
f 2802 2806 2808
f 2802 2808 2803
f 2757 2809 2756
f 2756 2809 2810
f 2756 2810 2754
f 2754 2810 2755
f 2755 2810 2753
f 2753 2810 2811
f 2753 2811 2750
f 2811 2744 2745
f 2745 2752 2811
f 2811 2752 2751
f 2811 2751 2750
f 2744 2811 2742
f 2742 2811 2812
f 2742 2812 2743
f 2743 2812 2813
f 2743 2813 2746
f 2814 2815 2816
f 2814 2816 2817
f 2809 2757 2758
f 2759 2761 2818
f 2809 2758 2819
f 2819 2758 2759
f 2819 2759 2820
f 2820 2759 2818
f 2820 2818 2816
f 2816 2818 2821
f 2816 2821 2817
f 2698 2697 2822
f 2823 2824 2825
f 2825 2824 2826
f 2698 2822 2699
f 2699 2822 2827
f 2699 2827 2828
f 2823 2829 2824
f 2824 2829 2830
f 2824 2830 2828
f 2828 2830 2700
f 2828 2700 2699
f 2747 2746 2813
f 2831 2832 2833
f 2833 2832 2834
f 2747 2813 2748
f 2748 2813 2835
f 2748 2835 2836
f 2831 2837 2832
f 2832 2837 2838
f 2832 2838 2836
f 2836 2838 2749
f 2836 2749 2748
f 2684 2683 2839
f 2736 2804 2737
f 2737 2804 2840
f 2683 2735 2839
f 2839 2735 2734
f 2839 2734 2840
f 2840 2734 2737
f 2727 2728 2839
f 2839 2728 2733
f 2839 2733 2684
f 2727 2839 2725
f 2725 2839 2841
f 2725 2841 2726
f 2726 2841 2842
f 2726 2842 2729
f 2695 2705 2843
f 2691 2844 2692
f 2692 2844 2845
f 2692 2845 2707
f 2705 2706 2843
f 2843 2706 2694
f 2843 2694 2845
f 2845 2694 2693
f 2845 2693 2707
f 2846 2702 2704
f 2846 2704 2843
f 2843 2704 2696
f 2843 2696 2695
f 2702 2846 2703
f 2703 2846 2822
f 2703 2822 2697
f 2847 2848 2849
f 2847 2849 2850
f 2851 2844 2708
f 2708 2844 2691
f 2708 2764 2852
f 2851 2708 2853
f 2853 2708 2852
f 2853 2852 2849
f 2849 2852 2854
f 2849 2854 2850
f 2855 2856 2857
f 2857 2856 2858
f 2709 2859 2688
f 2688 2859 2860
f 2688 2860 2861
f 2855 2862 2856
f 2856 2862 2863
f 2856 2863 2861
f 2861 2863 2689
f 2861 2689 2688
f 2713 2715 2864
f 2719 2865 2720
f 2720 2865 2866
f 2715 2714 2864
f 2864 2714 2716
f 2864 2716 2866
f 2866 2716 2717
f 2866 2717 2720
f 2867 2712 2864
f 2864 2712 2711
f 2864 2711 2713
f 2859 2709 2867
f 2867 2709 2710
f 2710 2687 2867
f 2867 2687 2686
f 2867 2686 2712
f 2868 2869 2870
f 2868 2870 2871
f 2719 2718 2865
f 2865 2718 2723
f 2865 2723 2872
f 2723 2722 2873
f 2872 2723 2874
f 2874 2723 2873
f 2874 2873 2870
f 2870 2873 2875
f 2870 2875 2871
f 2876 2877 2878
f 2878 2877 2879
f 2731 2880 2881
f 2876 2882 2877
f 2877 2882 2883
f 2877 2883 2881
f 2881 2883 2732
f 2881 2732 2731
f 2880 2731 2842
f 2842 2731 2730
f 2842 2730 2729
f 2767 2884 2885
f 2767 2885 2768
f 2884 2767 2886
f 2886 2767 2779
f 2886 2779 2887
f 2887 2779 2888
f 2888 2779 2778
f 2888 2778 2889
f 2889 2778 2890
f 2890 2778 2777
f 2890 2777 2891
f 2891 2777 2892
f 2892 2777 2776
f 2892 2776 2893
f 2893 2776 2894
f 2894 2776 2770
f 2894 2770 2895
f 2895 2770 2896
f 2896 2770 2769
f 2896 2769 2897
f 2897 2769 2898
f 2898 2769 2783
f 2898 2783 2899
f 2782 2900 2783
f 2783 2900 2901
f 2783 2901 2899
f 2781 2902 2782
f 2782 2902 2903
f 2782 2903 2900
f 2780 2904 2781
f 2781 2904 2905
f 2781 2905 2902
f 2772 2906 2780
f 2780 2906 2907
f 2780 2907 2904
f 2771 2908 2772
f 2772 2908 2909
f 2772 2909 2906
f 2775 2910 2771
f 2771 2910 2911
f 2771 2911 2908
f 2774 2912 2775
f 2775 2912 2913
f 2775 2913 2910
f 2773 2914 2774
f 2774 2914 2915
f 2774 2915 2912
f 2786 2916 2773
f 2773 2916 2917
f 2773 2917 2914
f 2785 2918 2786
f 2786 2918 2919
f 2786 2919 2916
f 2784 2920 2785
f 2785 2920 2921
f 2785 2921 2918
f 2789 2922 2784
f 2784 2922 2923
f 2784 2923 2920
f 2788 2924 2789
f 2789 2924 2925
f 2789 2925 2922
f 2787 2926 2788
f 2788 2926 2927
f 2788 2927 2924
f 2792 2928 2787
f 2787 2928 2929
f 2787 2929 2926
f 2791 2930 2792
f 2792 2930 2931
f 2792 2931 2928
f 2790 2932 2791
f 2791 2932 2933
f 2791 2933 2930
f 2795 2934 2790
f 2790 2934 2935
f 2790 2935 2932
f 2794 2936 2795
f 2795 2936 2937
f 2795 2937 2934
f 2793 2938 2794
f 2794 2938 2939
f 2794 2939 2936
f 2799 2940 2793
f 2793 2940 2941
f 2793 2941 2938
f 2798 2942 2799
f 2799 2942 2943
f 2799 2943 2940
f 2944 2945 2797
f 2797 2945 2946
f 2797 2946 2798
f 2798 2946 2947
f 2798 2947 2942
f 2944 2797 2948
f 2948 2797 2796
f 2948 2796 2949
f 2949 2796 2766
f 2949 2766 2950
f 2885 2951 2768
f 2768 2951 2952
f 2768 2952 2765
f 2765 2952 2953
f 2765 2953 2766
f 2766 2953 2954
f 2766 2954 2950
f 2836 2835 2955
f 2844 2851 2956
f 2848 2957 2958
f 2858 2959 2960
f 2874 2870 2961
f 2804 2805 2962
f 2801 2963 2964
f 2834 2832 2965
f 2966 2967 2968
f 2969 2970 2971
f 2972 2973 2974
f 2975 2976 2977
f 2978 2979 2976
f 2976 2979 2980
f 2976 2980 2977
f 2981 2982 2978
f 2978 2982 2983
f 2978 2983 2979
f 2984 2985 2981
f 2981 2985 2986
f 2981 2986 2982
f 2987 2988 2989
f 2989 2988 2990
f 2989 2990 2991
f 2991 2990 2992
f 2991 2992 2993
f 2994 2995 2996
f 2996 2995 2997
f 2996 2997 2998
f 2999 3000 3001
f 3002 3003 3004
f 3004 3003 3005
f 3004 3005 3006
f 3007 3008 3005
f 3005 3008 3009
f 3005 3009 3006
f 3010 3011 3012
f 3011 3010 3013
f 3013 3010 3014
f 3013 3014 3015
f 3015 3014 3016
f 3016 3014 3017
f 3016 3017 3018
f 3018 3017 3019
f 3019 3017 3020
f 3019 3020 3021
f 3022 3023 3024
f 3025 3026 3027
f 3028 3029 3030
f 3030 3029 3031
f 3030 3031 3032
f 3033 3034 3035
f 3035 3034 3036
f 3035 3036 3037
f 3038 3039 3040
f 3040 3039 3041
f 3040 3041 3042
f 3043 3044 3038
f 3038 3044 3045
f 3038 3045 3039
f 3046 3047 3043
f 3043 3047 3048
f 3043 3048 3044
f 3049 3050 3051
f 3051 3050 3052
f 3051 3052 3046
f 3046 3052 3053
f 3046 3053 3047
f 3054 3055 3049
f 3049 3055 3056
f 3049 3056 3050
f 3057 3058 3059
f 3060 3061 3062
f 3062 3061 3063
f 3062 3063 3064
f 3065 3066 3063
f 3063 3066 3067
f 3063 3067 3064
f 3068 3069 3070
f 3070 3069 3071
f 3070 3071 3072
f 2977 3073 2975
f 2975 3073 3074
f 2975 3074 3068
f 3068 3074 3075
f 3068 3075 3069
f 3076 3077 3078
f 3078 3077 3079
f 2801 2964 2802
f 2962 2842 2841
f 2841 2839 2962
f 2962 2839 2840
f 2962 2840 2804
f 3080 2881 2962
f 2962 2881 2880
f 2962 2880 2842
f 3081 2879 3080
f 3080 2879 2877
f 3080 2877 2881
f 3082 3083 3084
f 3084 3083 3085
f 3084 3085 3086
f 3086 3085 3087
f 3087 3088 2869
f 2869 3088 3089
f 2869 3089 2870
f 2866 2865 3090
f 3090 2865 2872
f 3090 2872 2874
f 2864 2866 2867
f 2867 2866 3090
f 2867 3090 2859
f 2859 3090 2860
f 2860 3090 2861
f 2861 3090 3091
f 2861 3091 2856
f 2959 3092 2960
f 2960 3092 3093
f 2960 3093 3094
f 3094 3093 3095
f 2848 2958 2849
f 2956 2822 2846
f 2846 2843 2956
f 2956 2843 2845
f 2956 2845 2844
f 3096 2828 2956
f 2956 2828 2827
f 2956 2827 2822
f 3097 2826 3096
f 3096 2826 2824
f 3096 2824 2828
f 3098 3099 3100
f 3100 3099 3101
f 3100 3101 3102
f 2955 2820 3103
f 3103 2820 2816
f 3103 2816 3104
f 2810 2809 2955
f 2955 2809 2819
f 2955 2819 2820
f 2811 2810 2812
f 2812 2810 2955
f 2812 2955 2813
f 2813 2955 2835
f 2967 3105 2968
f 2968 3105 3106
f 2968 3106 3100
f 3100 3106 3107
f 3100 3107 3098
f 3098 3107 3108
f 3098 3108 2815
f 3109 2966 3110
f 3110 2966 2968
f 3110 2968 3111
f 3111 2968 3100
f 3111 3100 3097
f 3097 3100 3102
f 3097 3102 2826
f 2826 3102 3101
f 3105 2969 3106
f 3106 2969 2971
f 3106 2971 3107
f 3107 2971 3112
f 3107 3112 3108
f 3108 3112 3104
f 3108 3104 2815
f 2815 3104 2816
f 3000 2995 3001
f 3001 2995 2994
f 3001 2994 3113
f 3113 2994 3114
f 3113 3114 3115
f 3115 3114 3116
f 3115 3116 2958
f 2958 3116 3117
f 2958 3117 2849
f 2849 3117 2853
f 2998 3109 2996
f 2996 3109 3110
f 2996 3110 2994
f 2994 3110 3111
f 2994 3111 3114
f 3114 3111 3097
f 3114 3097 3116
f 3116 3097 3096
f 3116 3096 3117
f 3117 3096 2956
f 3117 2956 2853
f 2853 2956 2851
f 2970 3118 2971
f 2971 3118 3119
f 2971 3119 3112
f 3112 3119 3120
f 3112 3120 3104
f 3104 3120 3121
f 3104 3121 3103
f 3103 3121 3122
f 3103 3122 2955
f 2955 3122 2965
f 2955 2965 2836
f 2836 2965 2832
f 3118 3123 3119
f 3119 3123 2972
f 3119 2972 3120
f 3120 2972 2974
f 3120 2974 3121
f 3121 2974 3124
f 3121 3124 3122
f 3122 3124 3125
f 3122 3125 2965
f 2965 3125 3126
f 2965 3126 2834
f 2834 3126 3127
f 2834 3127 3128
f 3002 2999 3003
f 3003 2999 3001
f 3003 3001 3005
f 3005 3001 3113
f 3005 3113 3007
f 3007 3113 3115
f 3007 3115 3129
f 3129 3115 2958
f 3129 2958 3093
f 3093 2958 2957
f 3093 2957 3095
f 3095 2957 2848
f 2973 2987 2974
f 2974 2987 2989
f 2974 2989 3124
f 3124 2989 2991
f 3124 2991 3125
f 3125 2991 3130
f 3125 3130 3126
f 3126 3130 3131
f 3126 3131 3127
f 3127 3131 3077
f 3127 3077 3128
f 3128 3077 3076
f 3012 3008 3010
f 3010 3008 3007
f 3010 3007 3014
f 3014 3007 3129
f 3014 3129 3017
f 3017 3129 3093
f 3017 3093 3020
f 3020 3093 3092
f 2856 3091 2858
f 2858 3091 3132
f 2858 3132 2959
f 2959 3132 3133
f 2959 3133 3092
f 3092 3133 3022
f 3092 3022 3020
f 3020 3022 3024
f 3020 3024 3021
f 2874 2961 3090
f 3090 2961 3134
f 3090 3134 3091
f 3091 3134 3135
f 3091 3135 3132
f 3132 3135 3136
f 3132 3136 3133
f 3133 3136 3025
f 3133 3025 3022
f 3022 3025 3027
f 3022 3027 3023
f 2993 3137 2991
f 2991 3137 2984
f 2991 2984 3130
f 3130 2984 2981
f 3130 2981 3131
f 3131 2981 2978
f 3131 2978 3077
f 3077 2978 2976
f 3077 2976 3079
f 3079 2976 2975
f 3079 2975 3138
f 3138 2975 3068
f 3138 3068 3065
f 3065 3068 3070
f 3065 3070 3066
f 3066 3070 3072
f 2870 3089 2961
f 2961 3089 3139
f 2961 3139 3134
f 3134 3139 3140
f 3134 3140 3135
f 3135 3140 3030
f 3135 3030 3136
f 3136 3030 3032
f 3136 3032 3025
f 3025 3032 3141
f 3025 3141 3026
f 3087 3085 3088
f 3088 3085 3142
f 3088 3142 3089
f 3089 3142 3143
f 3089 3143 3139
f 3139 3143 3033
f 3139 3033 3140
f 3140 3033 3035
f 3140 3035 3030
f 3030 3035 3037
f 3030 3037 3028
f 3084 2879 3082
f 3082 2879 3081
f 3082 3081 3083
f 3083 3081 3144
f 2805 2807 2962
f 2962 2807 3145
f 2962 3145 3080
f 3080 3145 3146
f 3080 3146 3081
f 3081 3146 3147
f 3081 3147 3144
f 3144 3147 3148
f 2807 2802 3145
f 3145 2802 2964
f 3145 2964 3146
f 3146 2964 3149
f 3146 3149 3147
f 3147 3149 3150
f 3147 3150 3148
f 3148 3150 3059
f 3148 3059 3054
f 3054 3059 3058
f 2801 3078 2963
f 2963 3078 3079
f 2963 3079 2964
f 2964 3079 3138
f 2964 3138 3149
f 3149 3138 3065
f 3149 3065 3150
f 3150 3065 3063
f 3150 3063 3059
f 3059 3063 3061
f 3059 3061 3057
f 3057 3061 3060
f 3054 3049 3148
f 3148 3049 3051
f 3148 3051 3144
f 3144 3051 3046
f 3144 3046 3083
f 3083 3046 3043
f 3083 3043 3085
f 3085 3043 3038
f 3085 3038 3142
f 3142 3038 3040
f 3142 3040 3143
f 3143 3040 3042
f 3143 3042 3033
f 3033 3042 3151
f 3033 3151 3034
f 3034 3151 3152
f 3153 3028 3154
f 3154 3028 3037
f 3154 3037 3155
f 3155 3037 3036
f 3155 3036 3156
f 3156 3036 3034
f 3156 3034 3157
f 3157 3034 3152
f 3141 3032 3153
f 3032 3031 3153
f 3153 3031 3029
f 3153 3029 3028
f 3158 3011 3159
f 3159 3011 3013
f 3159 3013 3160
f 3160 3013 3015
f 3160 3015 3161
f 3161 3015 3016
f 3161 3016 3162
f 3162 3016 3018
f 3162 3018 3163
f 3163 3018 3019
f 3163 3019 3164
f 3164 3019 3021
f 3164 3021 3165
f 3165 3021 3024
f 3165 3024 3166
f 3166 3024 3023
f 3166 3023 3167
f 3167 3023 3027
f 3167 3027 3168
f 3168 3027 3026
f 3168 3026 3169
f 3169 3026 3141
f 3169 3141 3170
f 3170 3141 3153
f 3171 3008 3158
f 3158 3008 3012
f 3158 3012 3011
f 3172 3123 3173
f 3173 3123 3118
f 3173 3118 3174
f 3174 3118 2970
f 3174 2970 3175
f 3175 2970 2969
f 3175 2969 3176
f 3176 2969 3105
f 3176 3105 3177
f 3177 3105 2967
f 3177 2967 3178
f 3178 2967 2966
f 3178 2966 3179
f 3179 2966 3109
f 3179 3109 3180
f 3180 3109 2998
f 3180 2998 3181
f 3181 2998 2997
f 3181 2997 3182
f 3182 2997 2995
f 3182 2995 3183
f 3183 2995 3000
f 3183 3000 3184
f 3184 3000 2999
f 3184 2999 3185
f 3185 2999 3002
f 3185 3002 3186
f 3186 3002 3004
f 3186 3004 3187
f 3187 3004 3006
f 3187 3006 3171
f 3171 3006 3009
f 3171 3009 3008
f 2987 2973 3172
f 3172 2973 2972
f 3172 2972 3123
f 3188 2992 3189
f 3189 2992 2990
f 3189 2990 3190
f 3190 2990 2988
f 3190 2988 3191
f 3191 2988 2987
f 3191 2987 3192
f 3192 2987 3172
f 2985 2984 3188
f 2984 3137 3188
f 3188 3137 2993
f 3188 2993 2992
f 3193 3071 3194
f 3194 3071 3069
f 3194 3069 3195
f 3195 3069 3075
f 3195 3075 3196
f 3196 3075 3074
f 3196 3074 3197
f 3197 3074 3073
f 3197 3073 3198
f 3198 3073 2977
f 3198 2977 3199
f 3199 2977 2980
f 3199 2980 3200
f 3200 2980 2979
f 3200 2979 3201
f 3201 2979 2983
f 3201 2983 3202
f 3202 2983 2982
f 3202 2982 3203
f 3203 2982 2986
f 3203 2986 3204
f 3204 2986 2985
f 3204 2985 3205
f 3205 2985 3188
f 3206 3066 3193
f 3193 3066 3072
f 3193 3072 3071
f 2900 3207 2901
f 2901 3207 3208
f 2901 3208 2899
f 2899 3208 3209
f 2899 3209 2898
f 2898 3209 3210
f 2898 3210 2897
f 2897 3210 3211
f 2897 3211 2896
f 2896 3211 3212
f 2896 3212 2895
f 2895 3212 3213
f 2895 3213 2894
f 2894 3213 3214
f 2894 3214 2893
f 2893 3214 3215
f 2893 3215 2892
f 2892 3215 3216
f 2892 3216 2891
f 2891 3216 3206
f 2891 3206 2890
f 2890 3206 3193
f 2890 3193 2889
f 2889 3193 3194
f 2889 3194 2888
f 2888 3194 3195
f 2888 3195 2887
f 2887 3195 3196
f 2887 3196 2886
f 2886 3196 3197
f 2886 3197 2884
f 2884 3197 3198
f 2884 3198 2885
f 2885 3198 3199
f 2885 3199 2951
f 2951 3199 3200
f 2951 3200 2952
f 2952 3200 3201
f 2952 3201 2953
f 2953 3201 3202
f 2953 3202 2954
f 2954 3202 3203
f 2954 3203 2950
f 2950 3203 3204
f 2950 3204 2949
f 2949 3204 3205
f 2949 3205 2948
f 2948 3205 3188
f 2948 3188 2944
f 2944 3188 3189
f 2944 3189 2945
f 2945 3189 3190
f 2945 3190 2946
f 2946 3190 3191
f 2946 3191 2947
f 2947 3191 3192
f 2947 3192 2942
f 2942 3192 3172
f 2942 3172 2943
f 2943 3172 3173
f 2943 3173 2940
f 2940 3173 3174
f 2940 3174 2941
f 2941 3174 3175
f 2941 3175 2938
f 2938 3175 3176
f 2938 3176 2939
f 2939 3176 3177
f 2939 3177 2936
f 2936 3177 3178
f 2936 3178 2937
f 2937 3178 3179
f 2937 3179 2934
f 2934 3179 3180
f 2934 3180 2935
f 2935 3180 3181
f 2935 3181 2932
f 2932 3181 3182
f 2932 3182 2933
f 2933 3182 3183
f 2933 3183 2930
f 2930 3183 3184
f 2930 3184 2931
f 2931 3184 3185
f 2931 3185 2928
f 2928 3185 3186
f 2928 3186 2929
f 2929 3186 3187
f 2929 3187 2926
f 2926 3187 3171
f 2926 3171 2927
f 2927 3171 3158
f 2927 3158 2924
f 2924 3158 3159
f 2924 3159 2925
f 2925 3159 3160
f 2925 3160 2922
f 2922 3160 3161
f 2922 3161 2923
f 2923 3161 3162
f 2923 3162 2920
f 2920 3162 3163
f 2920 3163 2921
f 2921 3163 3164
f 2921 3164 2918
f 2918 3164 3165
f 2918 3165 2919
f 2919 3165 3166
f 2919 3166 2916
f 2916 3166 3167
f 2916 3167 2917
f 2917 3167 3168
f 2917 3168 2914
f 2914 3168 3169
f 2914 3169 2915
f 2915 3169 3170
f 2915 3170 2912
f 2912 3170 3153
f 2912 3153 2913
f 2913 3153 3154
f 2913 3154 2910
f 2910 3154 3155
f 2910 3155 2911
f 2911 3155 3156
f 2911 3156 2908
f 2908 3156 3157
f 2908 3157 2909
f 2909 3157 3152
f 2909 3152 2906
f 2906 3152 3217
f 2906 3217 2907
f 2907 3217 3218
f 2907 3218 2904
f 2904 3218 3219
f 2904 3219 2905
f 2905 3219 3220
f 2905 3220 2902
f 2902 3220 3221
f 2902 3221 2903
f 2903 3221 3222
f 2903 3222 2900
f 2900 3222 3207
f 3151 3042 3152
f 3152 3042 3041
f 3152 3041 3217
f 3217 3041 3039
f 3217 3039 3218
f 3218 3039 3045
f 3218 3045 3219
f 3219 3045 3044
f 3219 3044 3220
f 3220 3044 3048
f 3220 3048 3221
f 3221 3048 3047
f 3221 3047 3222
f 3222 3047 3053
f 3222 3053 3207
f 3207 3053 3052
f 3207 3052 3208
f 3208 3052 3050
f 3208 3050 3209
f 3209 3050 3056
f 3209 3056 3210
f 3210 3056 3055
f 3210 3055 3211
f 3211 3055 3054
f 3211 3054 3212
f 3212 3054 3058
f 3212 3058 3213
f 3213 3058 3057
f 3213 3057 3214
f 3214 3057 3060
f 3214 3060 3215
f 3215 3060 3062
f 3215 3062 3216
f 3216 3062 3064
f 3216 3064 3206
f 3206 3064 3067
f 3206 3067 3066
f 2700 2830 2701
f 2701 2830 3223
f 2701 3223 2760
f 2818 2761 3224
f 3224 2761 2760
f 3224 2760 3225
f 3225 2760 3223
f 3226 2829 2823
f 3223 2830 2829
f 3227 2817 2821
f 2829 3226 3223
f 3223 3226 3228
f 3223 3228 3225
f 3225 3228 3227
f 3225 3227 3224
f 3224 3227 2821
f 3224 2821 2818
f 3229 2814 2817
f 3098 2815 2814
f 2814 3229 3098
f 3098 3229 3230
f 3098 3230 3099
f 3099 3230 3231
f 3099 3231 3101
f 3101 3231 2825
f 3101 2825 2826
f 2817 3227 3229
f 3229 3227 3228
f 3229 3228 3230
f 3230 3228 3226
f 3230 3226 3231
f 3231 3226 2823
f 3231 2823 2825
f 2689 2863 2690
f 2690 2863 3232
f 2690 3232 2762
f 2762 3232 3233
f 2762 3233 2763
f 2763 3233 3234
f 2763 3234 2764
f 2764 3234 2852
f 3235 2862 2855
f 3232 2863 2862
f 3236 2850 2854
f 2862 3235 3232
f 3232 3235 3237
f 3232 3237 3233
f 3233 3237 3236
f 3233 3236 3234
f 3234 3236 2854
f 3234 2854 2852
f 3238 2847 2850
f 3095 2848 2847
f 2847 3238 3095
f 3095 3238 3239
f 3095 3239 3094
f 3094 3239 3240
f 3094 3240 2960
f 2960 3240 2857
f 2960 2857 2858
f 2850 3236 3238
f 3238 3236 3237
f 3238 3237 3239
f 3239 3237 3235
f 3239 3235 3240
f 3240 3235 2855
f 3240 2855 2857
f 2873 2722 3241
f 3241 2722 2721
f 3241 2721 3242
f 3242 2721 2724
f 3242 2724 3243
f 3243 2724 2732
f 3243 2732 2883
f 3244 2882 2876
f 3243 2883 2882
f 3245 2871 2875
f 2882 3244 3243
f 3243 3244 3246
f 3243 3246 3242
f 3242 3246 3245
f 3242 3245 3241
f 3241 3245 2875
f 3241 2875 2873
f 3247 2868 2871
f 3087 2869 2868
f 2868 3247 3087
f 3087 3247 3248
f 3087 3248 3086
f 3086 3248 3249
f 3086 3249 3084
f 3084 3249 2878
f 3084 2878 2879
f 2871 3245 3247
f 3247 3245 3246
f 3247 3246 3248
f 3248 3246 3244
f 3248 3244 3249
f 3249 3244 2876
f 3249 2876 2878
f 2749 2838 3250
f 2749 3250 2739
f 2806 2741 3251
f 3251 2741 2739
f 3251 2739 3252
f 3252 2739 3250
f 3253 2837 2831
f 3250 2838 2837
f 3254 2803 2808
f 2837 3253 3250
f 3250 3253 3255
f 3250 3255 3252
f 3252 3255 3254
f 3252 3254 3251
f 3251 3254 2808
f 3251 2808 2806
f 3256 2800 2803
f 3078 2801 2800
f 2800 3256 3078
f 3078 3256 3257
f 3078 3257 3076
f 3076 3257 3258
f 3076 3258 3128
f 3128 3258 2833
f 3128 2833 2834
f 2803 3254 3256
f 3256 3254 3255
f 3256 3255 3257
f 3257 3255 3253
f 3257 3253 3258
f 3258 3253 2831
f 3258 2831 2833
f 3259 3260 3261
f 3259 3261 3262
f 3263 3264 3261
f 3261 3264 3265
f 3261 3265 3262
f 3266 3267 3261
f 3261 3267 3268
f 3261 3268 3263
f 3269 3270 3261
f 3261 3270 3271
f 3261 3271 3266
f 3272 3273 3261
f 3261 3273 3274
f 3261 3274 3269
f 3275 3276 3261
f 3261 3276 3277
f 3261 3277 3272
f 3278 3279 3261
f 3261 3279 3280
f 3261 3280 3275
f 3281 3282 3261
f 3261 3282 3283
f 3261 3283 3278
f 3260 3284 3261
f 3261 3284 3285
f 3261 3285 3281
f 2595 2655 3286
f 3286 3287 2595
f 2595 3287 3288
f 2595 3288 2591
f 3288 3289 2591
f 2591 3289 3290
f 2591 3290 2592
f 3290 3291 2592
f 2592 3291 3292
f 2592 3292 2598
f 3292 3293 2598
f 2598 3293 3294
f 2598 3294 2590
f 3294 3295 2590
f 2590 3295 3296
f 2590 3296 2603
f 3296 3297 2603
f 2603 3297 3298
f 2603 3298 2605
f 3298 3299 2605
f 2605 3299 3300
f 2605 3300 2608
f 3300 3301 2608
f 2608 3301 3302
f 2608 3302 2611
f 3302 3303 2611
f 2611 3303 3304
f 2611 3304 2614
f 3304 3305 2614
f 2614 3305 3306
f 2614 3306 2617
f 3306 3307 2617
f 2617 3307 3308
f 2617 3308 2620
f 3308 3309 2620
f 2620 3309 3310
f 2620 3310 2622
f 3310 3311 2622
f 2622 3311 3312
f 2622 3312 2624
f 3312 3313 2624
f 2624 3313 3314
f 2624 3314 2627
f 3314 3315 2627
f 2627 3315 3316
f 2627 3316 2628
f 3316 3317 2628
f 2628 3317 3318
f 2628 3318 2633
f 3318 3319 2633
f 2633 3319 3320
f 2633 3320 2634
f 3320 3321 2634
f 2634 3321 3322
f 2634 3322 2641
f 3322 3323 2641
f 2641 3323 3324
f 2641 3324 2639
f 3324 3325 2639
f 2639 3325 3326
f 2639 3326 2644
f 3326 3327 2644
f 2644 3327 3328
f 2644 3328 2647
f 3328 3329 2647
f 2647 3329 3330
f 2647 3330 2650
f 3330 3331 2650
f 2650 3331 3332
f 2650 3332 2657
f 3332 3333 2657
f 2657 3333 3334
f 2657 3334 2655
f 2655 3334 3335
f 2655 3335 3286
f 3273 3272 3309
f 3309 3308 3273
f 3273 3308 3307
f 3273 3307 3274
f 3307 3306 3274
f 3274 3306 3305
f 3274 3305 3269
f 3305 3304 3269
f 3269 3304 3303
f 3269 3303 3270
f 3303 3302 3270
f 3270 3302 3301
f 3270 3301 3271
f 3301 3300 3271
f 3271 3300 3299
f 3271 3299 3266
f 3299 3298 3266
f 3266 3298 3297
f 3266 3297 3267
f 3297 3296 3267
f 3267 3296 3295
f 3267 3295 3268
f 3295 3294 3268
f 3268 3294 3293
f 3268 3293 3263
f 3293 3292 3263
f 3263 3292 3291
f 3263 3291 3264
f 3291 3290 3264
f 3264 3290 3289
f 3264 3289 3265
f 3289 3288 3265
f 3265 3288 3287
f 3265 3287 3262
f 3262 3287 3286
f 3262 3286 3259
f 3259 3286 3335
f 3259 3335 3260
f 3335 3334 3260
f 3260 3334 3333
f 3260 3333 3284
f 3333 3332 3284
f 3284 3332 3331
f 3284 3331 3285
f 3331 3330 3285
f 3285 3330 3329
f 3285 3329 3281
f 3329 3328 3281
f 3281 3328 3327
f 3281 3327 3282
f 3327 3326 3282
f 3282 3326 3325
f 3282 3325 3283
f 3325 3324 3283
f 3283 3324 3323
f 3283 3323 3278
f 3323 3322 3278
f 3278 3322 3321
f 3278 3321 3279
f 3321 3320 3279
f 3279 3320 3319
f 3279 3319 3280
f 3319 3318 3280
f 3280 3318 3317
f 3280 3317 3275
f 3317 3316 3275
f 3275 3316 3315
f 3275 3315 3276
f 3315 3314 3276
f 3276 3314 3313
f 3276 3313 3277
f 3313 3312 3277
f 3277 3312 3311
f 3277 3311 3272
f 3272 3311 3310
f 3272 3310 3309
f 3336 3337 3338
f 3339 3340 3341
f 3341 3340 3336
f 3341 3336 3342
f 3342 3336 3338
f 3343 3344 3345
f 3345 3344 3346
f 3345 3346 3347
f 3347 3346 3348
f 3347 3348 3339
f 3339 3348 3349
f 3339 3349 3340
f 3350 3351 3352
f 3352 3351 3353
f 3352 3353 3354
f 3354 3353 3355
f 3354 3355 3356
f 3356 3355 3357
f 3356 3357 3358
f 3358 3357 3359
f 3358 3359 3360
f 3360 3359 3361
f 3360 3361 3362
f 3362 3361 3363
f 3362 3363 3364
f 3364 3363 3365
f 3364 3365 3366
f 3366 3365 3367
f 3366 3367 3368
f 3368 3367 3369
f 3368 3369 3343
f 3343 3369 3370
f 3343 3370 3344
f 3371 3372 3350
f 3350 3372 3373
f 3350 3373 3351
f 3374 3375 3376
f 3376 3375 3371
f 3376 3371 3377
f 3377 3371 3350
f 3378 3379 3380
f 3380 3379 3381
f 3380 3381 3382
f 3382 3381 3383
f 3382 3383 3374
f 3374 3383 3384
f 3374 3384 3375
f 3337 3385 3338
f 3338 3385 3386
f 3338 3386 3387
f 3387 3386 3388
f 3387 3388 3389
f 3389 3388 3390
f 3389 3390 3391
f 3391 3390 3392
f 3391 3392 3393
f 3393 3392 3394
f 3393 3394 3395
f 3395 3394 3396
f 3395 3396 3397
f 3397 3396 3398
f 3397 3398 3399
f 3399 3398 3400
f 3399 3400 3401
f 3401 3400 3402
f 3401 3402 3403
f 3403 3402 3404
f 3403 3404 3378
f 3378 3404 3405
f 3378 3405 3379
f 3406 3407 3408
f 3409 3410 3411
f 3412 3413 3414
f 3415 3416 3417
f 3418 3419 3420
f 3388 3421 3422
f 3353 3423 3424
f 3351 3425 3426
f 3405 3427 3379
f 3427 3405 3428
f 3429 3361 3430
f 3430 3361 3359
f 3430 3359 3431
f 3431 3359 3357
f 3431 3357 3432
f 3432 3357 3355
f 3432 3355 3433
f 3386 3385 3434
f 3434 3385 3337
f 3434 3337 3435
f 3435 3337 3336
f 3435 3336 3436
f 3436 3336 3340
f 3436 3340 3437
f 3437 3340 3349
f 3437 3349 3438
f 3438 3349 3348
f 3438 3348 3439
f 3439 3348 3346
f 3439 3346 3440
f 3440 3346 3344
f 3404 3402 3441
f 3441 3402 3400
f 3441 3400 3442
f 3442 3400 3398
f 3442 3398 3443
f 3443 3398 3396
f 3443 3396 3444
f 3444 3396 3394
f 3444 3394 3445
f 3445 3394 3392
f 3445 3392 3446
f 3446 3392 3390
f 3446 3390 3447
f 3448 3449 3450
f 3450 3449 3451
f 3451 3449 3452
f 3451 3452 3453
f 3454 3455 3456
f 3457 3458 3459
f 3459 3458 3460
f 3459 3460 3461
f 3457 3459 3462
f 3462 3459 3463
f 3462 3463 3464
f 3464 3463 3465
f 3465 3463 3466
f 3465 3466 3467
f 3467 3466 3468
f 3467 3468 3469
f 3469 3468 3470
f 3469 3470 3416
f 3415 3417 3413
f 3471 3412 3472
f 3472 3412 3414
f 3472 3414 3473
f 3473 3414 3474
f 3474 3414 3475
f 3474 3475 3476
f 3476 3475 3477
f 3477 3475 3478
f 3477 3478 3479
f 3479 3478 3480
f 3479 3480 3481
f 3481 3480 3482
f 3481 3482 3483
f 3484 3485 3486
f 3487 3488 3489
f 3489 3488 3490
f 3489 3490 3491
f 3487 3489 3492
f 3492 3489 3493
f 3492 3493 3494
f 3494 3493 3495
f 3495 3493 3496
f 3495 3496 3497
f 3411 3410 3498
f 3499 3500 3501
f 3501 3500 3502
f 3409 3411 3503
f 3503 3411 3501
f 3503 3501 3504
f 3504 3501 3502
f 3504 3502 3505
f 3506 3507 3508
f 3508 3507 3509
f 3508 3509 3496
f 3496 3509 3510
f 3496 3510 3497
f 3497 3510 3511
f 3507 3512 3509
f 3509 3512 3513
f 3509 3513 3510
f 3510 3513 3498
f 3510 3498 3511
f 3511 3498 3410
f 3425 3514 3426
f 3426 3514 3515
f 3426 3515 3516
f 3516 3515 3517
f 3516 3517 3518
f 3518 3517 3519
f 3518 3519 3482
f 3482 3519 3486
f 3482 3486 3483
f 3483 3486 3485
f 3514 3506 3515
f 3515 3506 3508
f 3515 3508 3517
f 3517 3508 3496
f 3517 3496 3519
f 3519 3496 3493
f 3519 3493 3486
f 3486 3493 3489
f 3486 3489 3484
f 3484 3489 3491
f 3512 3520 3513
f 3513 3520 3521
f 3513 3521 3498
f 3498 3521 3522
f 3498 3522 3411
f 3411 3522 3523
f 3411 3523 3501
f 3501 3523 3420
f 3501 3420 3499
f 3499 3420 3419
f 3520 3524 3521
f 3521 3524 3525
f 3521 3525 3522
f 3522 3525 3526
f 3522 3526 3523
f 3523 3526 3527
f 3523 3527 3420
f 3420 3527 3448
f 3420 3448 3418
f 3418 3448 3450
f 3355 3353 3433
f 3433 3353 3424
f 3433 3424 3432
f 3432 3424 3528
f 3432 3528 3431
f 3431 3528 3529
f 3431 3529 3430
f 3430 3529 3530
f 3430 3530 3429
f 3429 3530 3531
f 3353 3351 3423
f 3423 3351 3426
f 3423 3426 3424
f 3424 3426 3516
f 3424 3516 3528
f 3528 3516 3518
f 3528 3518 3529
f 3529 3518 3482
f 3529 3482 3530
f 3530 3482 3480
f 3530 3480 3531
f 3531 3480 3478
f 3413 3417 3414
f 3414 3417 3532
f 3414 3532 3475
f 3475 3532 3533
f 3475 3533 3478
f 3478 3533 3534
f 3478 3534 3531
f 3531 3534 3535
f 3531 3535 3429
f 3429 3535 3363
f 3429 3363 3361
f 3416 3470 3417
f 3417 3470 3536
f 3417 3536 3532
f 3532 3536 3408
f 3532 3408 3533
f 3533 3408 3407
f 3533 3407 3534
f 3534 3407 3537
f 3534 3537 3535
f 3535 3537 3365
f 3535 3365 3363
f 3461 3454 3459
f 3459 3454 3456
f 3459 3456 3463
f 3463 3456 3538
f 3463 3538 3466
f 3466 3538 3539
f 3455 3453 3456
f 3456 3453 3452
f 3456 3452 3538
f 3538 3452 3540
f 3538 3540 3539
f 3539 3540 3541
f 3405 3404 3428
f 3428 3404 3441
f 3428 3441 3542
f 3542 3441 3442
f 3542 3442 3543
f 3543 3442 3443
f 3543 3443 3544
f 3544 3443 3444
f 3544 3444 3545
f 3545 3444 3445
f 3545 3445 3546
f 3546 3445 3446
f 3546 3446 3422
f 3422 3446 3447
f 3422 3447 3388
f 3388 3447 3390
f 3406 3408 3547
f 3547 3408 3536
f 3547 3536 3548
f 3548 3536 3470
f 3548 3470 3549
f 3549 3470 3468
f 3549 3468 3550
f 3550 3468 3466
f 3550 3466 3551
f 3551 3466 3539
f 3551 3539 3552
f 3552 3539 3541
f 3552 3541 3553
f 3351 3373 3425
f 3425 3373 3372
f 3425 3372 3514
f 3514 3372 3371
f 3514 3371 3506
f 3506 3371 3375
f 3506 3375 3507
f 3507 3375 3384
f 3507 3384 3512
f 3512 3384 3383
f 3512 3383 3520
f 3520 3383 3381
f 3520 3381 3524
f 3524 3381 3379
f 3524 3379 3525
f 3525 3379 3427
f 3525 3427 3526
f 3526 3427 3428
f 3526 3428 3527
f 3527 3428 3542
f 3527 3542 3448
f 3448 3542 3543
f 3448 3543 3449
f 3449 3543 3544
f 3449 3544 3452
f 3452 3544 3545
f 3452 3545 3540
f 3540 3545 3546
f 3540 3546 3541
f 3541 3546 3422
f 3541 3422 3553
f 3553 3422 3421
f 3553 3421 3386
f 3386 3421 3388
f 3386 3434 3553
f 3553 3434 3435
f 3553 3435 3552
f 3552 3435 3436
f 3552 3436 3551
f 3551 3436 3437
f 3551 3437 3550
f 3550 3437 3438
f 3550 3438 3549
f 3549 3438 3439
f 3549 3439 3548
f 3548 3439 3440
f 3548 3440 3547
f 3547 3440 3344
f 3547 3344 3406
f 3406 3344 3370
f 3406 3370 3407
f 3407 3370 3369
f 3407 3369 3537
f 3537 3369 3367
f 3537 3367 3365
f 3554 3555 3556
f 3557 3558 3559
f 3560 3561 3556
f 3562 3563 3564
f 3565 3566 3556
f 3567 3568 3569
f 3570 3571 3556
f 3572 3573 3574
f 3575 3576 3556
f 3556 3576 3574
f 3574 3576 3577
f 3574 3577 3572
f 3571 3575 3556
f 3578 3570 3556
f 3556 3579 3580
f 3581 3579 3556
f 3580 3578 3556
f 3582 3581 3556
f 3583 3584 3569
f 3569 3584 3582
f 3569 3582 3556
f 3585 3586 3556
f 3556 3586 3569
f 3569 3586 3587
f 3569 3587 3567
f 3566 3585 3556
f 3588 3565 3556
f 3556 3589 3590
f 3591 3589 3556
f 3590 3588 3556
f 3592 3591 3556
f 3593 3594 3564
f 3564 3594 3592
f 3564 3592 3556
f 3595 3596 3556
f 3556 3596 3564
f 3564 3596 3597
f 3564 3597 3562
f 3561 3595 3556
f 3598 3560 3556
f 3556 3599 3600
f 3601 3599 3556
f 3600 3598 3556
f 3602 3601 3556
f 3603 3604 3559
f 3559 3604 3602
f 3559 3602 3556
f 3605 3606 3556
f 3556 3606 3559
f 3559 3606 3607
f 3559 3607 3557
f 3555 3605 3556
f 3608 3554 3556
f 3556 3609 3610
f 3611 3609 3556
f 3610 3608 3556
f 3612 3611 3556
f 3613 3614 3574
f 3574 3614 3612
f 3574 3612 3556
f 3615 3616 3483
f 3483 3616 3617
f 3483 3617 3481
f 3484 3582 3584
f 3484 3584 3485
f 3485 3584 3583
f 3485 3583 3483
f 3483 3583 3618
f 3483 3618 3615
f 3582 3484 3581
f 3581 3484 3491
f 3581 3491 3579
f 3579 3491 3490
f 3579 3490 3580
f 3580 3490 3578
f 3571 3570 3490
f 3490 3570 3578
f 3571 3490 3575
f 3575 3490 3488
f 3575 3488 3576
f 3576 3488 3487
f 3576 3487 3577
f 3612 3503 3611
f 3611 3503 3504
f 3611 3504 3609
f 3609 3504 3505
f 3609 3505 3610
f 3610 3505 3608
f 3555 3554 3505
f 3505 3554 3608
f 3555 3505 3605
f 3605 3505 3502
f 3605 3502 3606
f 3606 3502 3500
f 3606 3500 3607
f 3619 3620 3410
f 3410 3620 3621
f 3410 3621 3511
f 3503 3612 3614
f 3503 3614 3409
f 3409 3614 3613
f 3409 3613 3410
f 3410 3613 3622
f 3410 3622 3619
f 3567 3587 3473
f 3477 3623 3476
f 3476 3623 3624
f 3476 3624 3625
f 3567 3473 3568
f 3473 3474 3568
f 3568 3474 3476
f 3568 3476 3626
f 3626 3476 3625
f 3572 3577 3487
f 3495 3627 3494
f 3494 3627 3628
f 3494 3628 3629
f 3572 3487 3573
f 3487 3492 3573
f 3573 3492 3494
f 3573 3494 3630
f 3630 3494 3629
f 3592 3413 3591
f 3591 3413 3412
f 3591 3412 3589
f 3589 3412 3471
f 3589 3471 3590
f 3590 3471 3588
f 3566 3565 3471
f 3471 3565 3588
f 3566 3471 3585
f 3585 3471 3472
f 3585 3472 3586
f 3586 3472 3473
f 3586 3473 3587
f 3631 3632 3416
f 3416 3632 3633
f 3416 3633 3469
f 3413 3592 3594
f 3413 3594 3415
f 3415 3594 3593
f 3415 3593 3416
f 3416 3593 3634
f 3416 3634 3631
f 3562 3597 3457
f 3465 3635 3464
f 3464 3635 3636
f 3464 3636 3637
f 3562 3457 3563
f 3457 3462 3563
f 3563 3462 3464
f 3563 3464 3638
f 3638 3464 3637
f 3602 3454 3601
f 3601 3454 3461
f 3601 3461 3599
f 3599 3461 3460
f 3599 3460 3600
f 3600 3460 3598
f 3561 3560 3460
f 3460 3560 3598
f 3561 3460 3595
f 3595 3460 3458
f 3595 3458 3596
f 3596 3458 3457
f 3596 3457 3597
f 3639 3640 3453
f 3453 3640 3641
f 3453 3641 3451
f 3454 3602 3604
f 3454 3604 3455
f 3455 3604 3603
f 3455 3603 3453
f 3453 3603 3642
f 3453 3642 3639
f 3557 3607 3500
f 3418 3643 3419
f 3419 3643 3644
f 3419 3644 3645
f 3557 3500 3558
f 3500 3499 3558
f 3558 3499 3419
f 3558 3419 3646
f 3646 3419 3645
f 3573 3630 3574
f 3574 3630 3647
f 3574 3647 3613
f 3613 3647 3622
f 3495 3497 3627
f 3627 3497 3648
f 3627 3648 3628
f 3628 3648 3649
f 3628 3649 3629
f 3629 3649 3647
f 3629 3647 3630
f 3622 3647 3619
f 3619 3647 3649
f 3619 3649 3620
f 3620 3649 3648
f 3620 3648 3621
f 3621 3648 3497
f 3621 3497 3511
f 3568 3626 3569
f 3569 3626 3650
f 3569 3650 3583
f 3583 3650 3618
f 3477 3479 3623
f 3623 3479 3651
f 3623 3651 3624
f 3624 3651 3652
f 3624 3652 3625
f 3625 3652 3650
f 3625 3650 3626
f 3618 3650 3615
f 3615 3650 3652
f 3615 3652 3616
f 3616 3652 3651
f 3616 3651 3617
f 3617 3651 3479
f 3617 3479 3481
f 3563 3638 3564
f 3564 3638 3653
f 3564 3653 3593
f 3593 3653 3634
f 3465 3467 3635
f 3635 3467 3654
f 3635 3654 3636
f 3636 3654 3655
f 3636 3655 3637
f 3637 3655 3653
f 3637 3653 3638
f 3634 3653 3631
f 3631 3653 3655
f 3631 3655 3632
f 3632 3655 3654
f 3632 3654 3633
f 3633 3654 3467
f 3633 3467 3469
f 3558 3646 3559
f 3559 3646 3656
f 3559 3656 3603
f 3603 3656 3642
f 3418 3450 3643
f 3643 3450 3657
f 3643 3657 3644
f 3644 3657 3658
f 3644 3658 3645
f 3645 3658 3656
f 3645 3656 3646
f 3642 3656 3639
f 3639 3656 3658
f 3639 3658 3640
f 3640 3658 3657
f 3640 3657 3641
f 3641 3657 3450
f 3641 3450 3451
f 3659 3660 3661
f 3659 3661 3662
f 3663 3662 3661
f 3664 3663 3661
f 3665 3664 3661
f 3666 3665 3661
f 3667 3666 3661
f 3668 3667 3661
f 3669 3668 3661
f 3670 3669 3661
f 3671 3670 3661
f 3672 3671 3661
f 3673 3672 3661
f 3674 3673 3661
f 3675 3674 3661
f 3676 3675 3661
f 3677 3676 3661
f 3678 3677 3661
f 3679 3678 3661
f 3680 3679 3661
f 3681 3680 3661
f 3682 3681 3661
f 3683 3682 3661
f 3660 3683 3661
f 3397 3684 3395
f 3395 3684 3685
f 3395 3685 3393
f 3393 3685 3686
f 3393 3686 3391
f 3686 3687 3391
f 3391 3687 3688
f 3391 3688 3389
f 3389 3688 3689
f 3389 3689 3387
f 3387 3689 3690
f 3387 3690 3338
f 3338 3690 3691
f 3338 3691 3342
f 3342 3691 3692
f 3342 3692 3341
f 3341 3692 3693
f 3341 3693 3339
f 3339 3693 3694
f 3339 3694 3347
f 3347 3694 3695
f 3347 3695 3345
f 3345 3695 3696
f 3345 3696 3343
f 3343 3696 3697
f 3343 3697 3368
f 3697 3698 3368
f 3368 3698 3699
f 3368 3699 3366
f 3366 3699 3700
f 3366 3700 3364
f 3364 3700 3701
f 3364 3701 3362
f 3362 3701 3702
f 3362 3702 3360
f 3360 3702 3703
f 3360 3703 3358
f 3358 3703 3704
f 3358 3704 3356
f 3356 3704 3705
f 3356 3705 3354
f 3354 3705 3706
f 3354 3706 3352
f 3352 3706 3707
f 3352 3707 3350
f 3350 3707 3708
f 3350 3708 3377
f 3377 3708 3709
f 3377 3709 3376
f 3709 3710 3376
f 3376 3710 3711
f 3376 3711 3374
f 3374 3711 3712
f 3374 3712 3382
f 3382 3712 3713
f 3382 3713 3380
f 3380 3713 3714
f 3380 3714 3378
f 3378 3714 3715
f 3378 3715 3403
f 3403 3715 3716
f 3403 3716 3401
f 3401 3716 3717
f 3401 3717 3399
f 3399 3717 3718
f 3399 3718 3397
f 3397 3718 3719
f 3397 3719 3684
f 3683 3660 3720
f 3721 3722 3659
f 3659 3722 3723
f 3659 3723 3660
f 3660 3723 3724
f 3660 3724 3720
f 3721 3659 3725
f 3725 3659 3662
f 3725 3662 3726
f 3663 3727 3662
f 3662 3727 3728
f 3662 3728 3726
f 3664 3729 3663
f 3663 3729 3730
f 3663 3730 3727
f 3665 3731 3664
f 3664 3731 3732
f 3664 3732 3729
f 3666 3733 3665
f 3665 3733 3734
f 3665 3734 3731
f 3735 3736 3667
f 3667 3736 3737
f 3667 3737 3666
f 3666 3737 3738
f 3666 3738 3733
f 3735 3667 3739
f 3739 3667 3668
f 3739 3668 3740
f 3740 3668 3741
f 3741 3668 3669
f 3741 3669 3742
f 3742 3669 3743
f 3743 3669 3670
f 3743 3670 3744
f 3745 3746 3671
f 3671 3746 3747
f 3671 3747 3670
f 3670 3747 3748
f 3670 3748 3744
f 3745 3671 3749
f 3749 3671 3672
f 3749 3672 3750
f 3750 3672 3751
f 3751 3672 3673
f 3751 3673 3752
f 3674 3753 3673
f 3673 3753 3754
f 3673 3754 3752
f 3675 3755 3674
f 3674 3755 3756
f 3674 3756 3753
f 3757 3758 3675
f 3675 3758 3759
f 3675 3759 3755
f 3757 3675 3760
f 3760 3675 3676
f 3760 3676 3761
f 3761 3676 3677
f 3761 3677 3762
f 3762 3677 3763
f 3763 3677 3678
f 3763 3678 3764
f 3764 3678 3765
f 3765 3678 3679
f 3765 3679 3766
f 3767 3768 3680
f 3680 3768 3769
f 3680 3769 3679
f 3679 3769 3770
f 3679 3770 3766
f 3767 3680 3771
f 3771 3680 3681
f 3771 3681 3772
f 3772 3681 3773
f 3773 3681 3682
f 3773 3682 3774
f 3720 3775 3683
f 3683 3775 3776
f 3683 3776 3682
f 3682 3776 3777
f 3682 3777 3774
f 3736 3735 3778
f 3778 3735 3779
f 3780 3781 3743
f 3782 3783 3745
f 3784 3785 3754
f 3764 3765 3786
f 3786 3765 3787
f 3788 3789 3767
f 3790 3791 3777
f 3792 3793 3723
f 3696 3695 3794
f 3710 3709 3795
f 3690 3689 3796
f 3691 3690 3797
f 3796 3689 3798
f 3798 3689 3688
f 3798 3688 3799
f 3799 3688 3687
f 3799 3687 3800
f 3800 3687 3686
f 3800 3686 3801
f 3801 3686 3685
f 3801 3685 3802
f 3710 3803 3711
f 3711 3803 3804
f 3711 3804 3712
f 3712 3804 3805
f 3712 3805 3713
f 3713 3805 3806
f 3713 3806 3714
f 3714 3806 3807
f 3714 3807 3715
f 3715 3807 3808
f 3715 3808 3716
f 3716 3808 3809
f 3716 3809 3717
f 3717 3809 3810
f 3717 3810 3718
f 3718 3810 3811
f 3718 3811 3719
f 3719 3811 3802
f 3719 3802 3684
f 3684 3802 3685
f 3696 3812 3697
f 3697 3812 3813
f 3697 3813 3698
f 3698 3813 3814
f 3698 3814 3699
f 3699 3814 3815
f 3699 3815 3700
f 3700 3815 3816
f 3700 3816 3701
f 3701 3816 3817
f 3701 3817 3702
f 3702 3817 3818
f 3702 3818 3703
f 3703 3818 3819
f 3703 3819 3704
f 3704 3819 3820
f 3704 3820 3705
f 3705 3820 3821
f 3705 3821 3706
f 3706 3821 3822
f 3706 3822 3707
f 3707 3822 3823
f 3707 3823 3708
f 3708 3823 3824
f 3708 3824 3709
f 3692 3825 3693
f 3693 3825 3826
f 3693 3826 3694
f 3694 3826 3827
f 3694 3827 3695
f 3803 3828 3804
f 3804 3828 3829
f 3804 3829 3805
f 3805 3829 3786
f 3805 3786 3806
f 3806 3786 3787
f 3806 3787 3807
f 3807 3787 3830
f 3807 3830 3808
f 3808 3830 3789
f 3808 3789 3809
f 3809 3789 3788
f 3809 3788 3810
f 3810 3788 3831
f 3810 3831 3811
f 3811 3831 3791
f 3811 3791 3802
f 3802 3791 3790
f 3802 3790 3801
f 3801 3790 3832
f 3801 3832 3800
f 3800 3832 3793
f 3800 3793 3799
f 3799 3793 3792
f 3799 3792 3798
f 3798 3792 3833
f 3798 3833 3796
f 3796 3833 3834
f 3812 3778 3813
f 3813 3778 3779
f 3813 3779 3814
f 3814 3779 3835
f 3814 3835 3815
f 3815 3835 3781
f 3815 3781 3816
f 3816 3781 3780
f 3816 3780 3817
f 3817 3780 3836
f 3817 3836 3818
f 3818 3836 3783
f 3818 3783 3819
f 3819 3783 3782
f 3819 3782 3820
f 3820 3782 3837
f 3820 3837 3821
f 3821 3837 3785
f 3821 3785 3822
f 3822 3785 3784
f 3822 3784 3823
f 3823 3784 3838
f 3823 3838 3824
f 3824 3838 3839
f 3825 3840 3826
f 3826 3840 3841
f 3826 3841 3827
f 3827 3841 3842
f 3729 3840 3843
f 3843 3840 3825
f 3843 3825 3844
f 3844 3825 3692
f 3844 3692 3691
f 3845 3727 3730
f 3691 3797 3844
f 3844 3797 3845
f 3844 3845 3843
f 3843 3845 3730
f 3843 3730 3729
f 3690 3796 3797
f 3797 3796 3834
f 3797 3834 3845
f 3845 3834 3728
f 3845 3728 3727
f 3723 3722 3792
f 3792 3722 3721
f 3792 3721 3833
f 3833 3721 3725
f 3833 3725 3834
f 3834 3725 3726
f 3834 3726 3728
f 3777 3776 3790
f 3790 3776 3775
f 3790 3775 3832
f 3832 3775 3720
f 3832 3720 3793
f 3793 3720 3724
f 3793 3724 3723
f 3767 3771 3788
f 3788 3771 3772
f 3788 3772 3831
f 3831 3772 3773
f 3831 3773 3791
f 3791 3773 3774
f 3791 3774 3777
f 3765 3766 3787
f 3787 3766 3770
f 3787 3770 3830
f 3830 3770 3769
f 3830 3769 3789
f 3789 3769 3768
f 3789 3768 3767
f 3764 3786 3763
f 3763 3786 3829
f 3763 3829 3762
f 3762 3829 3828
f 3762 3828 3761
f 3846 3757 3760
f 3710 3795 3803
f 3803 3795 3846
f 3803 3846 3828
f 3828 3846 3760
f 3828 3760 3761
f 3709 3824 3795
f 3795 3824 3839
f 3795 3839 3846
f 3846 3839 3758
f 3846 3758 3757
f 3754 3753 3784
f 3784 3753 3756
f 3784 3756 3838
f 3838 3756 3755
f 3838 3755 3839
f 3839 3755 3759
f 3839 3759 3758
f 3745 3749 3782
f 3782 3749 3750
f 3782 3750 3837
f 3837 3750 3751
f 3837 3751 3785
f 3785 3751 3752
f 3785 3752 3754
f 3743 3744 3780
f 3780 3744 3748
f 3780 3748 3836
f 3836 3748 3747
f 3836 3747 3783
f 3783 3747 3746
f 3783 3746 3745
f 3735 3739 3779
f 3779 3739 3740
f 3779 3740 3835
f 3835 3740 3741
f 3835 3741 3781
f 3781 3741 3742
f 3781 3742 3743
f 3696 3794 3812
f 3812 3794 3847
f 3812 3847 3778
f 3778 3847 3737
f 3778 3737 3736
f 3695 3827 3794
f 3794 3827 3842
f 3794 3842 3847
f 3847 3842 3738
f 3847 3738 3737
f 3729 3732 3840
f 3840 3732 3731
f 3840 3731 3841
f 3841 3731 3734
f 3841 3734 3842
f 3842 3734 3733
f 3842 3733 3738
f 3848 3849 3850
f 3851 3852 3853
f 3853 3852 3848
f 3853 3848 3854
f 3854 3848 3850
f 3855 3856 3857
f 3857 3856 3858
f 3857 3858 3859
f 3859 3858 3860
f 3859 3860 3851
f 3851 3860 3861
f 3851 3861 3852
f 3862 3863 3864
f 3864 3863 3865
f 3864 3865 3866
f 3866 3865 3867
f 3866 3867 3868
f 3868 3867 3869
f 3868 3869 3870
f 3870 3869 3871
f 3870 3871 3872
f 3872 3871 3873
f 3872 3873 3874
f 3874 3873 3875
f 3874 3875 3876
f 3876 3875 3877
f 3876 3877 3878
f 3878 3877 3879
f 3878 3879 3880
f 3880 3879 3881
f 3880 3881 3855
f 3855 3881 3882
f 3855 3882 3856
f 3883 3884 3862
f 3862 3884 3885
f 3862 3885 3863
f 3886 3887 3888
f 3888 3887 3883
f 3888 3883 3889
f 3889 3883 3862
f 3890 3891 3892
f 3892 3891 3893
f 3892 3893 3894
f 3894 3893 3895
f 3894 3895 3886
f 3886 3895 3896
f 3886 3896 3887
f 3849 3897 3850
f 3850 3897 3898
f 3850 3898 3899
f 3899 3898 3900
f 3899 3900 3901
f 3901 3900 3902
f 3901 3902 3903
f 3903 3902 3904
f 3903 3904 3905
f 3905 3904 3906
f 3905 3906 3907
f 3907 3906 3908
f 3907 3908 3909
f 3909 3908 3910
f 3909 3910 3911
f 3911 3910 3912
f 3911 3912 3913
f 3913 3912 3914
f 3913 3914 3915
f 3915 3914 3916
f 3915 3916 3890
f 3890 3916 3917
f 3890 3917 3891
f 3918 3919 3920
f 3921 3922 3923
f 3924 3925 3926
f 3927 3928 3929
f 3930 3931 3932
f 3900 3933 3934
f 3865 3935 3936
f 3863 3937 3938
f 3917 3939 3891
f 3939 3917 3940
f 3941 3873 3942
f 3942 3873 3871
f 3942 3871 3943
f 3943 3871 3869
f 3943 3869 3944
f 3944 3869 3867
f 3944 3867 3945
f 3898 3897 3946
f 3946 3897 3849
f 3946 3849 3947
f 3947 3849 3848
f 3947 3848 3948
f 3948 3848 3852
f 3948 3852 3949
f 3949 3852 3861
f 3949 3861 3950
f 3950 3861 3860
f 3950 3860 3951
f 3951 3860 3858
f 3951 3858 3952
f 3952 3858 3856
f 3916 3914 3953
f 3953 3914 3912
f 3953 3912 3954
f 3954 3912 3910
f 3954 3910 3955
f 3955 3910 3908
f 3955 3908 3956
f 3956 3908 3906
f 3956 3906 3957
f 3957 3906 3904
f 3957 3904 3958
f 3958 3904 3902
f 3958 3902 3959
f 3960 3961 3962
f 3962 3961 3963
f 3963 3961 3964
f 3963 3964 3965
f 3966 3967 3968
f 3969 3970 3971
f 3971 3970 3972
f 3971 3972 3973
f 3969 3971 3974
f 3974 3971 3975
f 3974 3975 3976
f 3976 3975 3977
f 3977 3975 3978
f 3977 3978 3979
f 3979 3978 3980
f 3979 3980 3981
f 3981 3980 3982
f 3981 3982 3928
f 3927 3929 3925
f 3983 3924 3984
f 3984 3924 3926
f 3984 3926 3985
f 3985 3926 3986
f 3986 3926 3987
f 3986 3987 3988
f 3988 3987 3989
f 3989 3987 3990
f 3989 3990 3991
f 3991 3990 3992
f 3991 3992 3993
f 3993 3992 3994
f 3993 3994 3995
f 3996 3997 3998
f 3999 4000 4001
f 4001 4000 4002
f 4001 4002 4003
f 3999 4001 4004
f 4004 4001 4005
f 4004 4005 4006
f 4006 4005 4007
f 4007 4005 4008
f 4007 4008 4009
f 3923 3922 4010
f 4011 4012 4013
f 4013 4012 4014
f 3921 3923 4015
f 4015 3923 4013
f 4015 4013 4016
f 4016 4013 4014
f 4016 4014 4017
f 4018 4019 4020
f 4020 4019 4021
f 4020 4021 4008
f 4008 4021 4022
f 4008 4022 4009
f 4009 4022 4023
f 4019 4024 4021
f 4021 4024 4025
f 4021 4025 4022
f 4022 4025 4010
f 4022 4010 4023
f 4023 4010 3922
f 3937 4026 3938
f 3938 4026 4027
f 3938 4027 4028
f 4028 4027 4029
f 4028 4029 4030
f 4030 4029 4031
f 4030 4031 3994
f 3994 4031 3998
f 3994 3998 3995
f 3995 3998 3997
f 4026 4018 4027
f 4027 4018 4020
f 4027 4020 4029
f 4029 4020 4008
f 4029 4008 4031
f 4031 4008 4005
f 4031 4005 3998
f 3998 4005 4001
f 3998 4001 3996
f 3996 4001 4003
f 4024 4032 4025
f 4025 4032 4033
f 4025 4033 4010
f 4010 4033 4034
f 4010 4034 3923
f 3923 4034 4035
f 3923 4035 4013
f 4013 4035 3932
f 4013 3932 4011
f 4011 3932 3931
f 4032 4036 4033
f 4033 4036 4037
f 4033 4037 4034
f 4034 4037 4038
f 4034 4038 4035
f 4035 4038 4039
f 4035 4039 3932
f 3932 4039 3960
f 3932 3960 3930
f 3930 3960 3962
f 3867 3865 3945
f 3945 3865 3936
f 3945 3936 3944
f 3944 3936 4040
f 3944 4040 3943
f 3943 4040 4041
f 3943 4041 3942
f 3942 4041 4042
f 3942 4042 3941
f 3941 4042 4043
f 3865 3863 3935
f 3935 3863 3938
f 3935 3938 3936
f 3936 3938 4028
f 3936 4028 4040
f 4040 4028 4030
f 4040 4030 4041
f 4041 4030 3994
f 4041 3994 4042
f 4042 3994 3992
f 4042 3992 4043
f 4043 3992 3990
f 3925 3929 3926
f 3926 3929 4044
f 3926 4044 3987
f 3987 4044 4045
f 3987 4045 3990
f 3990 4045 4046
f 3990 4046 4043
f 4043 4046 4047
f 4043 4047 3941
f 3941 4047 3875
f 3941 3875 3873
f 3928 3982 3929
f 3929 3982 4048
f 3929 4048 4044
f 4044 4048 3920
f 4044 3920 4045
f 4045 3920 3919
f 4045 3919 4046
f 4046 3919 4049
f 4046 4049 4047
f 4047 4049 3877
f 4047 3877 3875
f 3973 3966 3971
f 3971 3966 3968
f 3971 3968 3975
f 3975 3968 4050
f 3975 4050 3978
f 3978 4050 4051
f 3967 3965 3968
f 3968 3965 3964
f 3968 3964 4050
f 4050 3964 4052
f 4050 4052 4051
f 4051 4052 4053
f 3917 3916 3940
f 3940 3916 3953
f 3940 3953 4054
f 4054 3953 3954
f 4054 3954 4055
f 4055 3954 3955
f 4055 3955 4056
f 4056 3955 3956
f 4056 3956 4057
f 4057 3956 3957
f 4057 3957 4058
f 4058 3957 3958
f 4058 3958 3934
f 3934 3958 3959
f 3934 3959 3900
f 3900 3959 3902
f 3918 3920 4059
f 4059 3920 4048
f 4059 4048 4060
f 4060 4048 3982
f 4060 3982 4061
f 4061 3982 3980
f 4061 3980 4062
f 4062 3980 3978
f 4062 3978 4063
f 4063 3978 4051
f 4063 4051 4064
f 4064 4051 4053
f 4064 4053 4065
f 3863 3885 3937
f 3937 3885 3884
f 3937 3884 4026
f 4026 3884 3883
f 4026 3883 4018
f 4018 3883 3887
f 4018 3887 4019
f 4019 3887 3896
f 4019 3896 4024
f 4024 3896 3895
f 4024 3895 4032
f 4032 3895 3893
f 4032 3893 4036
f 4036 3893 3891
f 4036 3891 4037
f 4037 3891 3939
f 4037 3939 4038
f 4038 3939 3940
f 4038 3940 4039
f 4039 3940 4054
f 4039 4054 3960
f 3960 4054 4055
f 3960 4055 3961
f 3961 4055 4056
f 3961 4056 3964
f 3964 4056 4057
f 3964 4057 4052
f 4052 4057 4058
f 4052 4058 4053
f 4053 4058 3934
f 4053 3934 4065
f 4065 3934 3933
f 4065 3933 3898
f 3898 3933 3900
f 3898 3946 4065
f 4065 3946 3947
f 4065 3947 4064
f 4064 3947 3948
f 4064 3948 4063
f 4063 3948 3949
f 4063 3949 4062
f 4062 3949 3950
f 4062 3950 4061
f 4061 3950 3951
f 4061 3951 4060
f 4060 3951 3952
f 4060 3952 4059
f 4059 3952 3856
f 4059 3856 3918
f 3918 3856 3882
f 3918 3882 3919
f 3919 3882 3881
f 3919 3881 4049
f 4049 3881 3879
f 4049 3879 3877
f 4066 4067 4068
f 4069 4070 4071
f 4072 4073 4068
f 4074 4075 4076
f 4077 4078 4068
f 4079 4080 4081
f 4082 4083 4068
f 4084 4085 4086
f 4087 4088 4068
f 4068 4088 4086
f 4086 4088 4089
f 4086 4089 4084
f 4083 4087 4068
f 4090 4082 4068
f 4068 4091 4092
f 4093 4091 4068
f 4092 4090 4068
f 4094 4093 4068
f 4095 4096 4081
f 4081 4096 4094
f 4081 4094 4068
f 4097 4098 4068
f 4068 4098 4081
f 4081 4098 4099
f 4081 4099 4079
f 4078 4097 4068
f 4100 4077 4068
f 4068 4101 4102
f 4103 4101 4068
f 4102 4100 4068
f 4104 4103 4068
f 4105 4106 4076
f 4076 4106 4104
f 4076 4104 4068
f 4107 4108 4068
f 4068 4108 4076
f 4076 4108 4109
f 4076 4109 4074
f 4073 4107 4068
f 4110 4072 4068
f 4068 4111 4112
f 4113 4111 4068
f 4112 4110 4068
f 4114 4113 4068
f 4115 4116 4071
f 4071 4116 4114
f 4071 4114 4068
f 4117 4118 4068
f 4068 4118 4071
f 4071 4118 4119
f 4071 4119 4069
f 4067 4117 4068
f 4120 4066 4068
f 4068 4121 4122
f 4123 4121 4068
f 4122 4120 4068
f 4124 4123 4068
f 4125 4126 4086
f 4086 4126 4124
f 4086 4124 4068
f 4127 4128 3995
f 3995 4128 4129
f 3995 4129 3993
f 3996 4094 4096
f 3996 4096 3997
f 3997 4096 4095
f 3997 4095 3995
f 3995 4095 4130
f 3995 4130 4127
f 4094 3996 4093
f 4093 3996 4003
f 4093 4003 4091
f 4091 4003 4002
f 4091 4002 4092
f 4092 4002 4090
f 4083 4082 4002
f 4002 4082 4090
f 4083 4002 4087
f 4087 4002 4000
f 4087 4000 4088
f 4088 4000 3999
f 4088 3999 4089
f 4124 4015 4123
f 4123 4015 4016
f 4123 4016 4121
f 4121 4016 4017
f 4121 4017 4122
f 4122 4017 4120
f 4067 4066 4017
f 4017 4066 4120
f 4067 4017 4117
f 4117 4017 4014
f 4117 4014 4118
f 4118 4014 4012
f 4118 4012 4119
f 4131 4132 3922
f 3922 4132 4133
f 3922 4133 4023
f 4015 4124 4126
f 4015 4126 3921
f 3921 4126 4125
f 3921 4125 3922
f 3922 4125 4134
f 3922 4134 4131
f 4079 4099 3985
f 3989 4135 3988
f 3988 4135 4136
f 3988 4136 4137
f 4079 3985 4080
f 3985 3986 4080
f 4080 3986 3988
f 4080 3988 4138
f 4138 3988 4137
f 4084 4089 3999
f 4007 4139 4006
f 4006 4139 4140
f 4006 4140 4141
f 4084 3999 4085
f 3999 4004 4085
f 4085 4004 4006
f 4085 4006 4142
f 4142 4006 4141
f 4104 3925 4103
f 4103 3925 3924
f 4103 3924 4101
f 4101 3924 3983
f 4101 3983 4102
f 4102 3983 4100
f 4078 4077 3983
f 3983 4077 4100
f 4078 3983 4097
f 4097 3983 3984
f 4097 3984 4098
f 4098 3984 3985
f 4098 3985 4099
f 4143 4144 3928
f 3928 4144 4145
f 3928 4145 3981
f 3925 4104 4106
f 3925 4106 3927
f 3927 4106 4105
f 3927 4105 3928
f 3928 4105 4146
f 3928 4146 4143
f 4074 4109 3969
f 3977 4147 3976
f 3976 4147 4148
f 3976 4148 4149
f 4074 3969 4075
f 3969 3974 4075
f 4075 3974 3976
f 4075 3976 4150
f 4150 3976 4149
f 4114 3966 4113
f 4113 3966 3973
f 4113 3973 4111
f 4111 3973 3972
f 4111 3972 4112
f 4112 3972 4110
f 4073 4072 3972
f 3972 4072 4110
f 4073 3972 4107
f 4107 3972 3970
f 4107 3970 4108
f 4108 3970 3969
f 4108 3969 4109
f 4151 4152 3965
f 3965 4152 4153
f 3965 4153 3963
f 3966 4114 4116
f 3966 4116 3967
f 3967 4116 4115
f 3967 4115 3965
f 3965 4115 4154
f 3965 4154 4151
f 4069 4119 4012
f 3930 4155 3931
f 3931 4155 4156
f 3931 4156 4157
f 4069 4012 4070
f 4012 4011 4070
f 4070 4011 3931
f 4070 3931 4158
f 4158 3931 4157
f 4085 4142 4086
f 4086 4142 4159
f 4086 4159 4125
f 4125 4159 4134
f 4007 4009 4139
f 4139 4009 4160
f 4139 4160 4140
f 4140 4160 4161
f 4140 4161 4141
f 4141 4161 4159
f 4141 4159 4142
f 4134 4159 4131
f 4131 4159 4161
f 4131 4161 4132
f 4132 4161 4160
f 4132 4160 4133
f 4133 4160 4009
f 4133 4009 4023
f 4080 4138 4081
f 4081 4138 4162
f 4081 4162 4095
f 4095 4162 4130
f 3989 3991 4135
f 4135 3991 4163
f 4135 4163 4136
f 4136 4163 4164
f 4136 4164 4137
f 4137 4164 4162
f 4137 4162 4138
f 4130 4162 4127
f 4127 4162 4164
f 4127 4164 4128
f 4128 4164 4163
f 4128 4163 4129
f 4129 4163 3991
f 4129 3991 3993
f 4075 4150 4076
f 4076 4150 4165
f 4076 4165 4105
f 4105 4165 4146
f 3977 3979 4147
f 4147 3979 4166
f 4147 4166 4148
f 4148 4166 4167
f 4148 4167 4149
f 4149 4167 4165
f 4149 4165 4150
f 4146 4165 4143
f 4143 4165 4167
f 4143 4167 4144
f 4144 4167 4166
f 4144 4166 4145
f 4145 4166 3979
f 4145 3979 3981
f 4070 4158 4071
f 4071 4158 4168
f 4071 4168 4115
f 4115 4168 4154
f 3930 3962 4155
f 4155 3962 4169
f 4155 4169 4156
f 4156 4169 4170
f 4156 4170 4157
f 4157 4170 4168
f 4157 4168 4158
f 4154 4168 4151
f 4151 4168 4170
f 4151 4170 4152
f 4152 4170 4169
f 4152 4169 4153
f 4153 4169 3962
f 4153 3962 3963
f 4171 4172 4173
f 4171 4173 4174
f 4175 4174 4173
f 4176 4175 4173
f 4177 4176 4173
f 4178 4177 4173
f 4179 4178 4173
f 4180 4179 4173
f 4181 4180 4173
f 4182 4181 4173
f 4183 4182 4173
f 4184 4183 4173
f 4185 4184 4173
f 4186 4185 4173
f 4187 4186 4173
f 4188 4187 4173
f 4189 4188 4173
f 4190 4189 4173
f 4191 4190 4173
f 4192 4191 4173
f 4193 4192 4173
f 4194 4193 4173
f 4195 4194 4173
f 4172 4195 4173
f 3909 4196 3907
f 3907 4196 4197
f 3907 4197 3905
f 3905 4197 4198
f 3905 4198 3903
f 4198 4199 3903
f 3903 4199 4200
f 3903 4200 3901
f 3901 4200 4201
f 3901 4201 3899
f 3899 4201 4202
f 3899 4202 3850
f 3850 4202 4203
f 3850 4203 3854
f 3854 4203 4204
f 3854 4204 3853
f 3853 4204 4205
f 3853 4205 3851
f 3851 4205 4206
f 3851 4206 3859
f 3859 4206 4207
f 3859 4207 3857
f 3857 4207 4208
f 3857 4208 3855
f 3855 4208 4209
f 3855 4209 3880
f 4209 4210 3880
f 3880 4210 4211
f 3880 4211 3878
f 3878 4211 4212
f 3878 4212 3876
f 3876 4212 4213
f 3876 4213 3874
f 3874 4213 4214
f 3874 4214 3872
f 3872 4214 4215
f 3872 4215 3870
f 3870 4215 4216
f 3870 4216 3868
f 3868 4216 4217
f 3868 4217 3866
f 3866 4217 4218
f 3866 4218 3864
f 3864 4218 4219
f 3864 4219 3862
f 3862 4219 4220
f 3862 4220 3889
f 3889 4220 4221
f 3889 4221 3888
f 4221 4222 3888
f 3888 4222 4223
f 3888 4223 3886
f 3886 4223 4224
f 3886 4224 3894
f 3894 4224 4225
f 3894 4225 3892
f 3892 4225 4226
f 3892 4226 3890
f 3890 4226 4227
f 3890 4227 3915
f 3915 4227 4228
f 3915 4228 3913
f 3913 4228 4229
f 3913 4229 3911
f 3911 4229 4230
f 3911 4230 3909
f 3909 4230 4231
f 3909 4231 4196
f 4195 4172 4232
f 4233 4234 4171
f 4171 4234 4235
f 4171 4235 4172
f 4172 4235 4236
f 4172 4236 4232
f 4233 4171 4237
f 4237 4171 4174
f 4237 4174 4238
f 4175 4239 4174
f 4174 4239 4240
f 4174 4240 4238
f 4176 4241 4175
f 4175 4241 4242
f 4175 4242 4239
f 4177 4243 4176
f 4176 4243 4244
f 4176 4244 4241
f 4178 4245 4177
f 4177 4245 4246
f 4177 4246 4243
f 4247 4248 4179
f 4179 4248 4249
f 4179 4249 4178
f 4178 4249 4250
f 4178 4250 4245
f 4247 4179 4251
f 4251 4179 4180
f 4251 4180 4252
f 4252 4180 4253
f 4253 4180 4181
f 4253 4181 4254
f 4254 4181 4255
f 4255 4181 4182
f 4255 4182 4256
f 4257 4258 4183
f 4183 4258 4259
f 4183 4259 4182
f 4182 4259 4260
f 4182 4260 4256
f 4257 4183 4261
f 4261 4183 4184
f 4261 4184 4262
f 4262 4184 4263
f 4263 4184 4185
f 4263 4185 4264
f 4186 4265 4185
f 4185 4265 4266
f 4185 4266 4264
f 4187 4267 4186
f 4186 4267 4268
f 4186 4268 4265
f 4269 4270 4187
f 4187 4270 4271
f 4187 4271 4267
f 4269 4187 4272
f 4272 4187 4188
f 4272 4188 4273
f 4273 4188 4189
f 4273 4189 4274
f 4274 4189 4275
f 4275 4189 4190
f 4275 4190 4276
f 4276 4190 4277
f 4277 4190 4191
f 4277 4191 4278
f 4279 4280 4192
f 4192 4280 4281
f 4192 4281 4191
f 4191 4281 4282
f 4191 4282 4278
f 4279 4192 4283
f 4283 4192 4193
f 4283 4193 4284
f 4284 4193 4285
f 4285 4193 4194
f 4285 4194 4286
f 4232 4287 4195
f 4195 4287 4288
f 4195 4288 4194
f 4194 4288 4289
f 4194 4289 4286
f 4248 4247 4290
f 4290 4247 4291
f 4292 4293 4255
f 4294 4295 4257
f 4296 4297 4266
f 4276 4277 4298
f 4298 4277 4299
f 4300 4301 4279
f 4302 4303 4289
f 4304 4305 4235
f 4208 4207 4306
f 4222 4221 4307
f 4202 4201 4308
f 4203 4202 4309
f 4308 4201 4310
f 4310 4201 4200
f 4310 4200 4311
f 4311 4200 4199
f 4311 4199 4312
f 4312 4199 4198
f 4312 4198 4313
f 4313 4198 4197
f 4313 4197 4314
f 4222 4315 4223
f 4223 4315 4316
f 4223 4316 4224
f 4224 4316 4317
f 4224 4317 4225
f 4225 4317 4318
f 4225 4318 4226
f 4226 4318 4319
f 4226 4319 4227
f 4227 4319 4320
f 4227 4320 4228
f 4228 4320 4321
f 4228 4321 4229
f 4229 4321 4322
f 4229 4322 4230
f 4230 4322 4323
f 4230 4323 4231
f 4231 4323 4314
f 4231 4314 4196
f 4196 4314 4197
f 4208 4324 4209
f 4209 4324 4325
f 4209 4325 4210
f 4210 4325 4326
f 4210 4326 4211
f 4211 4326 4327
f 4211 4327 4212
f 4212 4327 4328
f 4212 4328 4213
f 4213 4328 4329
f 4213 4329 4214
f 4214 4329 4330
f 4214 4330 4215
f 4215 4330 4331
f 4215 4331 4216
f 4216 4331 4332
f 4216 4332 4217
f 4217 4332 4333
f 4217 4333 4218
f 4218 4333 4334
f 4218 4334 4219
f 4219 4334 4335
f 4219 4335 4220
f 4220 4335 4336
f 4220 4336 4221
f 4204 4337 4205
f 4205 4337 4338
f 4205 4338 4206
f 4206 4338 4339
f 4206 4339 4207
f 4315 4340 4316
f 4316 4340 4341
f 4316 4341 4317
f 4317 4341 4298
f 4317 4298 4318
f 4318 4298 4299
f 4318 4299 4319
f 4319 4299 4342
f 4319 4342 4320
f 4320 4342 4301
f 4320 4301 4321
f 4321 4301 4300
f 4321 4300 4322
f 4322 4300 4343
f 4322 4343 4323
f 4323 4343 4303
f 4323 4303 4314
f 4314 4303 4302
f 4314 4302 4313
f 4313 4302 4344
f 4313 4344 4312
f 4312 4344 4305
f 4312 4305 4311
f 4311 4305 4304
f 4311 4304 4310
f 4310 4304 4345
f 4310 4345 4308
f 4308 4345 4346
f 4324 4290 4325
f 4325 4290 4291
f 4325 4291 4326
f 4326 4291 4347
f 4326 4347 4327
f 4327 4347 4293
f 4327 4293 4328
f 4328 4293 4292
f 4328 4292 4329
f 4329 4292 4348
f 4329 4348 4330
f 4330 4348 4295
f 4330 4295 4331
f 4331 4295 4294
f 4331 4294 4332
f 4332 4294 4349
f 4332 4349 4333
f 4333 4349 4297
f 4333 4297 4334
f 4334 4297 4296
f 4334 4296 4335
f 4335 4296 4350
f 4335 4350 4336
f 4336 4350 4351
f 4337 4352 4338
f 4338 4352 4353
f 4338 4353 4339
f 4339 4353 4354
f 4241 4352 4355
f 4355 4352 4337
f 4355 4337 4356
f 4356 4337 4204
f 4356 4204 4203
f 4357 4239 4242
f 4203 4309 4356
f 4356 4309 4357
f 4356 4357 4355
f 4355 4357 4242
f 4355 4242 4241
f 4202 4308 4309
f 4309 4308 4346
f 4309 4346 4357
f 4357 4346 4240
f 4357 4240 4239
f 4235 4234 4304
f 4304 4234 4233
f 4304 4233 4345
f 4345 4233 4237
f 4345 4237 4346
f 4346 4237 4238
f 4346 4238 4240
f 4289 4288 4302
f 4302 4288 4287
f 4302 4287 4344
f 4344 4287 4232
f 4344 4232 4305
f 4305 4232 4236
f 4305 4236 4235
f 4279 4283 4300
f 4300 4283 4284
f 4300 4284 4343
f 4343 4284 4285
f 4343 4285 4303
f 4303 4285 4286
f 4303 4286 4289
f 4277 4278 4299
f 4299 4278 4282
f 4299 4282 4342
f 4342 4282 4281
f 4342 4281 4301
f 4301 4281 4280
f 4301 4280 4279
f 4276 4298 4275
f 4275 4298 4341
f 4275 4341 4274
f 4274 4341 4340
f 4274 4340 4273
f 4358 4269 4272
f 4222 4307 4315
f 4315 4307 4358
f 4315 4358 4340
f 4340 4358 4272
f 4340 4272 4273
f 4221 4336 4307
f 4307 4336 4351
f 4307 4351 4358
f 4358 4351 4270
f 4358 4270 4269
f 4266 4265 4296
f 4296 4265 4268
f 4296 4268 4350
f 4350 4268 4267
f 4350 4267 4351
f 4351 4267 4271
f 4351 4271 4270
f 4257 4261 4294
f 4294 4261 4262
f 4294 4262 4349
f 4349 4262 4263
f 4349 4263 4297
f 4297 4263 4264
f 4297 4264 4266
f 4255 4256 4292
f 4292 4256 4260
f 4292 4260 4348
f 4348 4260 4259
f 4348 4259 4295
f 4295 4259 4258
f 4295 4258 4257
f 4247 4251 4291
f 4291 4251 4252
f 4291 4252 4347
f 4347 4252 4253
f 4347 4253 4293
f 4293 4253 4254
f 4293 4254 4255
f 4208 4306 4324
f 4324 4306 4359
f 4324 4359 4290
f 4290 4359 4249
f 4290 4249 4248
f 4207 4339 4306
f 4306 4339 4354
f 4306 4354 4359
f 4359 4354 4250
f 4359 4250 4249
f 4241 4244 4352
f 4352 4244 4243
f 4352 4243 4353
f 4353 4243 4246
f 4353 4246 4354
f 4354 4246 4245
f 4354 4245 4250
f 4360 4361 4362
f 4363 4364 4365
f 4365 4364 4360
f 4365 4360 4366
f 4366 4360 4362
f 4367 4368 4369
f 4369 4368 4370
f 4369 4370 4371
f 4371 4370 4372
f 4371 4372 4363
f 4363 4372 4373
f 4363 4373 4364
f 4374 4375 4376
f 4376 4375 4377
f 4376 4377 4378
f 4378 4377 4379
f 4378 4379 4380
f 4380 4379 4381
f 4380 4381 4382
f 4382 4381 4383
f 4382 4383 4384
f 4384 4383 4385
f 4384 4385 4386
f 4386 4385 4387
f 4386 4387 4388
f 4388 4387 4389
f 4388 4389 4390
f 4390 4389 4391
f 4390 4391 4392
f 4392 4391 4393
f 4392 4393 4367
f 4367 4393 4394
f 4367 4394 4368
f 4395 4396 4374
f 4374 4396 4397
f 4374 4397 4375
f 4398 4399 4400
f 4400 4399 4395
f 4400 4395 4401
f 4401 4395 4374
f 4402 4403 4404
f 4404 4403 4405
f 4404 4405 4406
f 4406 4405 4407
f 4406 4407 4398
f 4398 4407 4408
f 4398 4408 4399
f 4361 4409 4362
f 4362 4409 4410
f 4362 4410 4411
f 4411 4410 4412
f 4411 4412 4413
f 4413 4412 4414
f 4413 4414 4415
f 4415 4414 4416
f 4415 4416 4417
f 4417 4416 4418
f 4417 4418 4419
f 4419 4418 4420
f 4419 4420 4421
f 4421 4420 4422
f 4421 4422 4423
f 4423 4422 4424
f 4423 4424 4425
f 4425 4424 4426
f 4425 4426 4427
f 4427 4426 4428
f 4427 4428 4402
f 4402 4428 4429
f 4402 4429 4403
f 4430 4431 4432
f 4433 4434 4435
f 4436 4437 4438
f 4439 4440 4441
f 4442 4443 4444
f 4412 4445 4446
f 4377 4447 4448
f 4375 4449 4450
f 4429 4451 4403
f 4451 4429 4452
f 4453 4385 4454
f 4454 4385 4383
f 4454 4383 4455
f 4455 4383 4381
f 4455 4381 4456
f 4456 4381 4379
f 4456 4379 4457
f 4410 4409 4458
f 4458 4409 4361
f 4458 4361 4459
f 4459 4361 4360
f 4459 4360 4460
f 4460 4360 4364
f 4460 4364 4461
f 4461 4364 4373
f 4461 4373 4462
f 4462 4373 4372
f 4462 4372 4463
f 4463 4372 4370
f 4463 4370 4464
f 4464 4370 4368
f 4428 4426 4465
f 4465 4426 4424
f 4465 4424 4466
f 4466 4424 4422
f 4466 4422 4467
f 4467 4422 4420
f 4467 4420 4468
f 4468 4420 4418
f 4468 4418 4469
f 4469 4418 4416
f 4469 4416 4470
f 4470 4416 4414
f 4470 4414 4471
f 4472 4473 4474
f 4474 4473 4475
f 4475 4473 4476
f 4475 4476 4477
f 4478 4479 4480
f 4481 4482 4483
f 4483 4482 4484
f 4483 4484 4485
f 4481 4483 4486
f 4486 4483 4487
f 4486 4487 4488
f 4488 4487 4489
f 4489 4487 4490
f 4489 4490 4491
f 4491 4490 4492
f 4491 4492 4493
f 4493 4492 4494
f 4493 4494 4440
f 4439 4441 4437
f 4495 4436 4496
f 4496 4436 4438
f 4496 4438 4497
f 4497 4438 4498
f 4498 4438 4499
f 4498 4499 4500
f 4500 4499 4501
f 4501 4499 4502
f 4501 4502 4503
f 4503 4502 4504
f 4503 4504 4505
f 4505 4504 4506
f 4505 4506 4507
f 4508 4509 4510
f 4511 4512 4513
f 4513 4512 4514
f 4513 4514 4515
f 4511 4513 4516
f 4516 4513 4517
f 4516 4517 4518
f 4518 4517 4519
f 4519 4517 4520
f 4519 4520 4521
f 4435 4434 4522
f 4523 4524 4525
f 4525 4524 4526
f 4433 4435 4527
f 4527 4435 4525
f 4527 4525 4528
f 4528 4525 4526
f 4528 4526 4529
f 4530 4531 4532
f 4532 4531 4533
f 4532 4533 4520
f 4520 4533 4534
f 4520 4534 4521
f 4521 4534 4535
f 4531 4536 4533
f 4533 4536 4537
f 4533 4537 4534
f 4534 4537 4522
f 4534 4522 4535
f 4535 4522 4434
f 4449 4538 4450
f 4450 4538 4539
f 4450 4539 4540
f 4540 4539 4541
f 4540 4541 4542
f 4542 4541 4543
f 4542 4543 4506
f 4506 4543 4510
f 4506 4510 4507
f 4507 4510 4509
f 4538 4530 4539
f 4539 4530 4532
f 4539 4532 4541
f 4541 4532 4520
f 4541 4520 4543
f 4543 4520 4517
f 4543 4517 4510
f 4510 4517 4513
f 4510 4513 4508
f 4508 4513 4515
f 4536 4544 4537
f 4537 4544 4545
f 4537 4545 4522
f 4522 4545 4546
f 4522 4546 4435
f 4435 4546 4547
f 4435 4547 4525
f 4525 4547 4444
f 4525 4444 4523
f 4523 4444 4443
f 4544 4548 4545
f 4545 4548 4549
f 4545 4549 4546
f 4546 4549 4550
f 4546 4550 4547
f 4547 4550 4551
f 4547 4551 4444
f 4444 4551 4472
f 4444 4472 4442
f 4442 4472 4474
f 4379 4377 4457
f 4457 4377 4448
f 4457 4448 4456
f 4456 4448 4552
f 4456 4552 4455
f 4455 4552 4553
f 4455 4553 4454
f 4454 4553 4554
f 4454 4554 4453
f 4453 4554 4555
f 4377 4375 4447
f 4447 4375 4450
f 4447 4450 4448
f 4448 4450 4540
f 4448 4540 4552
f 4552 4540 4542
f 4552 4542 4553
f 4553 4542 4506
f 4553 4506 4554
f 4554 4506 4504
f 4554 4504 4555
f 4555 4504 4502
f 4437 4441 4438
f 4438 4441 4556
f 4438 4556 4499
f 4499 4556 4557
f 4499 4557 4502
f 4502 4557 4558
f 4502 4558 4555
f 4555 4558 4559
f 4555 4559 4453
f 4453 4559 4387
f 4453 4387 4385
f 4440 4494 4441
f 4441 4494 4560
f 4441 4560 4556
f 4556 4560 4432
f 4556 4432 4557
f 4557 4432 4431
f 4557 4431 4558
f 4558 4431 4561
f 4558 4561 4559
f 4559 4561 4389
f 4559 4389 4387
f 4485 4478 4483
f 4483 4478 4480
f 4483 4480 4487
f 4487 4480 4562
f 4487 4562 4490
f 4490 4562 4563
f 4479 4477 4480
f 4480 4477 4476
f 4480 4476 4562
f 4562 4476 4564
f 4562 4564 4563
f 4563 4564 4565
f 4429 4428 4452
f 4452 4428 4465
f 4452 4465 4566
f 4566 4465 4466
f 4566 4466 4567
f 4567 4466 4467
f 4567 4467 4568
f 4568 4467 4468
f 4568 4468 4569
f 4569 4468 4469
f 4569 4469 4570
f 4570 4469 4470
f 4570 4470 4446
f 4446 4470 4471
f 4446 4471 4412
f 4412 4471 4414
f 4430 4432 4571
f 4571 4432 4560
f 4571 4560 4572
f 4572 4560 4494
f 4572 4494 4573
f 4573 4494 4492
f 4573 4492 4574
f 4574 4492 4490
f 4574 4490 4575
f 4575 4490 4563
f 4575 4563 4576
f 4576 4563 4565
f 4576 4565 4577
f 4375 4397 4449
f 4449 4397 4396
f 4449 4396 4538
f 4538 4396 4395
f 4538 4395 4530
f 4530 4395 4399
f 4530 4399 4531
f 4531 4399 4408
f 4531 4408 4536
f 4536 4408 4407
f 4536 4407 4544
f 4544 4407 4405
f 4544 4405 4548
f 4548 4405 4403
f 4548 4403 4549
f 4549 4403 4451
f 4549 4451 4550
f 4550 4451 4452
f 4550 4452 4551
f 4551 4452 4566
f 4551 4566 4472
f 4472 4566 4567
f 4472 4567 4473
f 4473 4567 4568
f 4473 4568 4476
f 4476 4568 4569
f 4476 4569 4564
f 4564 4569 4570
f 4564 4570 4565
f 4565 4570 4446
f 4565 4446 4577
f 4577 4446 4445
f 4577 4445 4410
f 4410 4445 4412
f 4410 4458 4577
f 4577 4458 4459
f 4577 4459 4576
f 4576 4459 4460
f 4576 4460 4575
f 4575 4460 4461
f 4575 4461 4574
f 4574 4461 4462
f 4574 4462 4573
f 4573 4462 4463
f 4573 4463 4572
f 4572 4463 4464
f 4572 4464 4571
f 4571 4464 4368
f 4571 4368 4430
f 4430 4368 4394
f 4430 4394 4431
f 4431 4394 4393
f 4431 4393 4561
f 4561 4393 4391
f 4561 4391 4389
f 4578 4579 4580
f 4581 4582 4583
f 4584 4585 4580
f 4586 4587 4588
f 4589 4590 4580
f 4591 4592 4593
f 4594 4595 4580
f 4596 4597 4598
f 4599 4600 4580
f 4580 4600 4598
f 4598 4600 4601
f 4598 4601 4596
f 4595 4599 4580
f 4602 4594 4580
f 4580 4603 4604
f 4605 4603 4580
f 4604 4602 4580
f 4606 4605 4580
f 4607 4608 4593
f 4593 4608 4606
f 4593 4606 4580
f 4609 4610 4580
f 4580 4610 4593
f 4593 4610 4611
f 4593 4611 4591
f 4590 4609 4580
f 4612 4589 4580
f 4580 4613 4614
f 4615 4613 4580
f 4614 4612 4580
f 4616 4615 4580
f 4617 4618 4588
f 4588 4618 4616
f 4588 4616 4580
f 4619 4620 4580
f 4580 4620 4588
f 4588 4620 4621
f 4588 4621 4586
f 4585 4619 4580
f 4622 4584 4580
f 4580 4623 4624
f 4625 4623 4580
f 4624 4622 4580
f 4626 4625 4580
f 4627 4628 4583
f 4583 4628 4626
f 4583 4626 4580
f 4629 4630 4580
f 4580 4630 4583
f 4583 4630 4631
f 4583 4631 4581
f 4579 4629 4580
f 4632 4578 4580
f 4580 4633 4634
f 4635 4633 4580
f 4634 4632 4580
f 4636 4635 4580
f 4637 4638 4598
f 4598 4638 4636
f 4598 4636 4580
f 4639 4640 4507
f 4507 4640 4641
f 4507 4641 4505
f 4508 4606 4608
f 4508 4608 4509
f 4509 4608 4607
f 4509 4607 4507
f 4507 4607 4642
f 4507 4642 4639
f 4606 4508 4605
f 4605 4508 4515
f 4605 4515 4603
f 4603 4515 4514
f 4603 4514 4604
f 4604 4514 4602
f 4595 4594 4514
f 4514 4594 4602
f 4595 4514 4599
f 4599 4514 4512
f 4599 4512 4600
f 4600 4512 4511
f 4600 4511 4601
f 4636 4527 4635
f 4635 4527 4528
f 4635 4528 4633
f 4633 4528 4529
f 4633 4529 4634
f 4634 4529 4632
f 4579 4578 4529
f 4529 4578 4632
f 4579 4529 4629
f 4629 4529 4526
f 4629 4526 4630
f 4630 4526 4524
f 4630 4524 4631
f 4643 4644 4434
f 4434 4644 4645
f 4434 4645 4535
f 4527 4636 4638
f 4527 4638 4433
f 4433 4638 4637
f 4433 4637 4434
f 4434 4637 4646
f 4434 4646 4643
f 4591 4611 4497
f 4501 4647 4500
f 4500 4647 4648
f 4500 4648 4649
f 4591 4497 4592
f 4497 4498 4592
f 4592 4498 4500
f 4592 4500 4650
f 4650 4500 4649
f 4596 4601 4511
f 4519 4651 4518
f 4518 4651 4652
f 4518 4652 4653
f 4596 4511 4597
f 4511 4516 4597
f 4597 4516 4518
f 4597 4518 4654
f 4654 4518 4653
f 4616 4437 4615
f 4615 4437 4436
f 4615 4436 4613
f 4613 4436 4495
f 4613 4495 4614
f 4614 4495 4612
f 4590 4589 4495
f 4495 4589 4612
f 4590 4495 4609
f 4609 4495 4496
f 4609 4496 4610
f 4610 4496 4497
f 4610 4497 4611
f 4655 4656 4440
f 4440 4656 4657
f 4440 4657 4493
f 4437 4616 4618
f 4437 4618 4439
f 4439 4618 4617
f 4439 4617 4440
f 4440 4617 4658
f 4440 4658 4655
f 4586 4621 4481
f 4489 4659 4488
f 4488 4659 4660
f 4488 4660 4661
f 4586 4481 4587
f 4481 4486 4587
f 4587 4486 4488
f 4587 4488 4662
f 4662 4488 4661
f 4626 4478 4625
f 4625 4478 4485
f 4625 4485 4623
f 4623 4485 4484
f 4623 4484 4624
f 4624 4484 4622
f 4585 4584 4484
f 4484 4584 4622
f 4585 4484 4619
f 4619 4484 4482
f 4619 4482 4620
f 4620 4482 4481
f 4620 4481 4621
f 4663 4664 4477
f 4477 4664 4665
f 4477 4665 4475
f 4478 4626 4628
f 4478 4628 4479
f 4479 4628 4627
f 4479 4627 4477
f 4477 4627 4666
f 4477 4666 4663
f 4581 4631 4524
f 4442 4667 4443
f 4443 4667 4668
f 4443 4668 4669
f 4581 4524 4582
f 4524 4523 4582
f 4582 4523 4443
f 4582 4443 4670
f 4670 4443 4669
f 4597 4654 4598
f 4598 4654 4671
f 4598 4671 4637
f 4637 4671 4646
f 4519 4521 4651
f 4651 4521 4672
f 4651 4672 4652
f 4652 4672 4673
f 4652 4673 4653
f 4653 4673 4671
f 4653 4671 4654
f 4646 4671 4643
f 4643 4671 4673
f 4643 4673 4644
f 4644 4673 4672
f 4644 4672 4645
f 4645 4672 4521
f 4645 4521 4535
f 4592 4650 4593
f 4593 4650 4674
f 4593 4674 4607
f 4607 4674 4642
f 4501 4503 4647
f 4647 4503 4675
f 4647 4675 4648
f 4648 4675 4676
f 4648 4676 4649
f 4649 4676 4674
f 4649 4674 4650
f 4642 4674 4639
f 4639 4674 4676
f 4639 4676 4640
f 4640 4676 4675
f 4640 4675 4641
f 4641 4675 4503
f 4641 4503 4505
f 4587 4662 4588
f 4588 4662 4677
f 4588 4677 4617
f 4617 4677 4658
f 4489 4491 4659
f 4659 4491 4678
f 4659 4678 4660
f 4660 4678 4679
f 4660 4679 4661
f 4661 4679 4677
f 4661 4677 4662
f 4658 4677 4655
f 4655 4677 4679
f 4655 4679 4656
f 4656 4679 4678
f 4656 4678 4657
f 4657 4678 4491
f 4657 4491 4493
f 4582 4670 4583
f 4583 4670 4680
f 4583 4680 4627
f 4627 4680 4666
f 4442 4474 4667
f 4667 4474 4681
f 4667 4681 4668
f 4668 4681 4682
f 4668 4682 4669
f 4669 4682 4680
f 4669 4680 4670
f 4666 4680 4663
f 4663 4680 4682
f 4663 4682 4664
f 4664 4682 4681
f 4664 4681 4665
f 4665 4681 4474
f 4665 4474 4475
f 4683 4684 4685
f 4683 4685 4686
f 4687 4686 4685
f 4688 4687 4685
f 4689 4688 4685
f 4690 4689 4685
f 4691 4690 4685
f 4692 4691 4685
f 4693 4692 4685
f 4694 4693 4685
f 4695 4694 4685
f 4696 4695 4685
f 4697 4696 4685
f 4698 4697 4685
f 4699 4698 4685
f 4700 4699 4685
f 4701 4700 4685
f 4702 4701 4685
f 4703 4702 4685
f 4704 4703 4685
f 4705 4704 4685
f 4706 4705 4685
f 4707 4706 4685
f 4684 4707 4685
f 4421 4708 4419
f 4419 4708 4709
f 4419 4709 4417
f 4417 4709 4710
f 4417 4710 4415
f 4710 4711 4415
f 4415 4711 4712
f 4415 4712 4413
f 4413 4712 4713
f 4413 4713 4411
f 4411 4713 4714
f 4411 4714 4362
f 4362 4714 4715
f 4362 4715 4366
f 4366 4715 4716
f 4366 4716 4365
f 4365 4716 4717
f 4365 4717 4363
f 4363 4717 4718
f 4363 4718 4371
f 4371 4718 4719
f 4371 4719 4369
f 4369 4719 4720
f 4369 4720 4367
f 4367 4720 4721
f 4367 4721 4392
f 4721 4722 4392
f 4392 4722 4723
f 4392 4723 4390
f 4390 4723 4724
f 4390 4724 4388
f 4388 4724 4725
f 4388 4725 4386
f 4386 4725 4726
f 4386 4726 4384
f 4384 4726 4727
f 4384 4727 4382
f 4382 4727 4728
f 4382 4728 4380
f 4380 4728 4729
f 4380 4729 4378
f 4378 4729 4730
f 4378 4730 4376
f 4376 4730 4731
f 4376 4731 4374
f 4374 4731 4732
f 4374 4732 4401
f 4401 4732 4733
f 4401 4733 4400
f 4733 4734 4400
f 4400 4734 4735
f 4400 4735 4398
f 4398 4735 4736
f 4398 4736 4406
f 4406 4736 4737
f 4406 4737 4404
f 4404 4737 4738
f 4404 4738 4402
f 4402 4738 4739
f 4402 4739 4427
f 4427 4739 4740
f 4427 4740 4425
f 4425 4740 4741
f 4425 4741 4423
f 4423 4741 4742
f 4423 4742 4421
f 4421 4742 4743
f 4421 4743 4708
f 4707 4684 4744
f 4745 4746 4683
f 4683 4746 4747
f 4683 4747 4684
f 4684 4747 4748
f 4684 4748 4744
f 4745 4683 4749
f 4749 4683 4686
f 4749 4686 4750
f 4687 4751 4686
f 4686 4751 4752
f 4686 4752 4750
f 4688 4753 4687
f 4687 4753 4754
f 4687 4754 4751
f 4689 4755 4688
f 4688 4755 4756
f 4688 4756 4753
f 4690 4757 4689
f 4689 4757 4758
f 4689 4758 4755
f 4759 4760 4691
f 4691 4760 4761
f 4691 4761 4690
f 4690 4761 4762
f 4690 4762 4757
f 4759 4691 4763
f 4763 4691 4692
f 4763 4692 4764
f 4764 4692 4765
f 4765 4692 4693
f 4765 4693 4766
f 4766 4693 4767
f 4767 4693 4694
f 4767 4694 4768
f 4769 4770 4695
f 4695 4770 4771
f 4695 4771 4694
f 4694 4771 4772
f 4694 4772 4768
f 4769 4695 4773
f 4773 4695 4696
f 4773 4696 4774
f 4774 4696 4775
f 4775 4696 4697
f 4775 4697 4776
f 4698 4777 4697
f 4697 4777 4778
f 4697 4778 4776
f 4699 4779 4698
f 4698 4779 4780
f 4698 4780 4777
f 4781 4782 4699
f 4699 4782 4783
f 4699 4783 4779
f 4781 4699 4784
f 4784 4699 4700
f 4784 4700 4785
f 4785 4700 4701
f 4785 4701 4786
f 4786 4701 4787
f 4787 4701 4702
f 4787 4702 4788
f 4788 4702 4789
f 4789 4702 4703
f 4789 4703 4790
f 4791 4792 4704
f 4704 4792 4793
f 4704 4793 4703
f 4703 4793 4794
f 4703 4794 4790
f 4791 4704 4795
f 4795 4704 4705
f 4795 4705 4796
f 4796 4705 4797
f 4797 4705 4706
f 4797 4706 4798
f 4744 4799 4707
f 4707 4799 4800
f 4707 4800 4706
f 4706 4800 4801
f 4706 4801 4798
f 4760 4759 4802
f 4802 4759 4803
f 4804 4805 4767
f 4806 4807 4769
f 4808 4809 4778
f 4788 4789 4810
f 4810 4789 4811
f 4812 4813 4791
f 4814 4815 4801
f 4816 4817 4747
f 4720 4719 4818
f 4734 4733 4819
f 4714 4713 4820
f 4715 4714 4821
f 4820 4713 4822
f 4822 4713 4712
f 4822 4712 4823
f 4823 4712 4711
f 4823 4711 4824
f 4824 4711 4710
f 4824 4710 4825
f 4825 4710 4709
f 4825 4709 4826
f 4734 4827 4735
f 4735 4827 4828
f 4735 4828 4736
f 4736 4828 4829
f 4736 4829 4737
f 4737 4829 4830
f 4737 4830 4738
f 4738 4830 4831
f 4738 4831 4739
f 4739 4831 4832
f 4739 4832 4740
f 4740 4832 4833
f 4740 4833 4741
f 4741 4833 4834
f 4741 4834 4742
f 4742 4834 4835
f 4742 4835 4743
f 4743 4835 4826
f 4743 4826 4708
f 4708 4826 4709
f 4720 4836 4721
f 4721 4836 4837
f 4721 4837 4722
f 4722 4837 4838
f 4722 4838 4723
f 4723 4838 4839
f 4723 4839 4724
f 4724 4839 4840
f 4724 4840 4725
f 4725 4840 4841
f 4725 4841 4726
f 4726 4841 4842
f 4726 4842 4727
f 4727 4842 4843
f 4727 4843 4728
f 4728 4843 4844
f 4728 4844 4729
f 4729 4844 4845
f 4729 4845 4730
f 4730 4845 4846
f 4730 4846 4731
f 4731 4846 4847
f 4731 4847 4732
f 4732 4847 4848
f 4732 4848 4733
f 4716 4849 4717
f 4717 4849 4850
f 4717 4850 4718
f 4718 4850 4851
f 4718 4851 4719
f 4827 4852 4828
f 4828 4852 4853
f 4828 4853 4829
f 4829 4853 4810
f 4829 4810 4830
f 4830 4810 4811
f 4830 4811 4831
f 4831 4811 4854
f 4831 4854 4832
f 4832 4854 4813
f 4832 4813 4833
f 4833 4813 4812
f 4833 4812 4834
f 4834 4812 4855
f 4834 4855 4835
f 4835 4855 4815
f 4835 4815 4826
f 4826 4815 4814
f 4826 4814 4825
f 4825 4814 4856
f 4825 4856 4824
f 4824 4856 4817
f 4824 4817 4823
f 4823 4817 4816
f 4823 4816 4822
f 4822 4816 4857
f 4822 4857 4820
f 4820 4857 4858
f 4836 4802 4837
f 4837 4802 4803
f 4837 4803 4838
f 4838 4803 4859
f 4838 4859 4839
f 4839 4859 4805
f 4839 4805 4840
f 4840 4805 4804
f 4840 4804 4841
f 4841 4804 4860
f 4841 4860 4842
f 4842 4860 4807
f 4842 4807 4843
f 4843 4807 4806
f 4843 4806 4844
f 4844 4806 4861
f 4844 4861 4845
f 4845 4861 4809
f 4845 4809 4846
f 4846 4809 4808
f 4846 4808 4847
f 4847 4808 4862
f 4847 4862 4848
f 4848 4862 4863
f 4849 4864 4850
f 4850 4864 4865
f 4850 4865 4851
f 4851 4865 4866
f 4753 4864 4867
f 4867 4864 4849
f 4867 4849 4868
f 4868 4849 4716
f 4868 4716 4715
f 4869 4751 4754
f 4715 4821 4868
f 4868 4821 4869
f 4868 4869 4867
f 4867 4869 4754
f 4867 4754 4753
f 4714 4820 4821
f 4821 4820 4858
f 4821 4858 4869
f 4869 4858 4752
f 4869 4752 4751
f 4747 4746 4816
f 4816 4746 4745
f 4816 4745 4857
f 4857 4745 4749
f 4857 4749 4858
f 4858 4749 4750
f 4858 4750 4752
f 4801 4800 4814
f 4814 4800 4799
f 4814 4799 4856
f 4856 4799 4744
f 4856 4744 4817
f 4817 4744 4748
f 4817 4748 4747
f 4791 4795 4812
f 4812 4795 4796
f 4812 4796 4855
f 4855 4796 4797
f 4855 4797 4815
f 4815 4797 4798
f 4815 4798 4801
f 4789 4790 4811
f 4811 4790 4794
f 4811 4794 4854
f 4854 4794 4793
f 4854 4793 4813
f 4813 4793 4792
f 4813 4792 4791
f 4788 4810 4787
f 4787 4810 4853
f 4787 4853 4786
f 4786 4853 4852
f 4786 4852 4785
f 4870 4781 4784
f 4734 4819 4827
f 4827 4819 4870
f 4827 4870 4852
f 4852 4870 4784
f 4852 4784 4785
f 4733 4848 4819
f 4819 4848 4863
f 4819 4863 4870
f 4870 4863 4782
f 4870 4782 4781
f 4778 4777 4808
f 4808 4777 4780
f 4808 4780 4862
f 4862 4780 4779
f 4862 4779 4863
f 4863 4779 4783
f 4863 4783 4782
f 4769 4773 4806
f 4806 4773 4774
f 4806 4774 4861
f 4861 4774 4775
f 4861 4775 4809
f 4809 4775 4776
f 4809 4776 4778
f 4767 4768 4804
f 4804 4768 4772
f 4804 4772 4860
f 4860 4772 4771
f 4860 4771 4807
f 4807 4771 4770
f 4807 4770 4769
f 4759 4763 4803
f 4803 4763 4764
f 4803 4764 4859
f 4859 4764 4765
f 4859 4765 4805
f 4805 4765 4766
f 4805 4766 4767
f 4720 4818 4836
f 4836 4818 4871
f 4836 4871 4802
f 4802 4871 4761
f 4802 4761 4760
f 4719 4851 4818
f 4818 4851 4866
f 4818 4866 4871
f 4871 4866 4762
f 4871 4762 4761
f 4753 4756 4864
f 4864 4756 4755
f 4864 4755 4865
f 4865 4755 4758
f 4865 4758 4866
f 4866 4758 4757
f 4866 4757 4762
f 4872 4873 4874
f 4875 4876 4877
f 4877 4876 4872
f 4877 4872 4878
f 4878 4872 4874
f 4879 4880 4881
f 4881 4880 4882
f 4881 4882 4883
f 4883 4882 4884
f 4883 4884 4875
f 4875 4884 4885
f 4875 4885 4876
f 4886 4887 4888
f 4888 4887 4889
f 4888 4889 4890
f 4890 4889 4891
f 4890 4891 4892
f 4892 4891 4893
f 4892 4893 4894
f 4894 4893 4895
f 4894 4895 4896
f 4896 4895 4897
f 4896 4897 4898
f 4898 4897 4899
f 4898 4899 4900
f 4900 4899 4901
f 4900 4901 4902
f 4902 4901 4903
f 4902 4903 4904
f 4904 4903 4905
f 4904 4905 4879
f 4879 4905 4906
f 4879 4906 4880
f 4907 4908 4886
f 4886 4908 4909
f 4886 4909 4887
f 4910 4911 4912
f 4912 4911 4907
f 4912 4907 4913
f 4913 4907 4886
f 4914 4915 4916
f 4916 4915 4917
f 4916 4917 4918
f 4918 4917 4919
f 4918 4919 4910
f 4910 4919 4920
f 4910 4920 4911
f 4873 4921 4874
f 4874 4921 4922
f 4874 4922 4923
f 4923 4922 4924
f 4923 4924 4925
f 4925 4924 4926
f 4925 4926 4927
f 4927 4926 4928
f 4927 4928 4929
f 4929 4928 4930
f 4929 4930 4931
f 4931 4930 4932
f 4931 4932 4933
f 4933 4932 4934
f 4933 4934 4935
f 4935 4934 4936
f 4935 4936 4937
f 4937 4936 4938
f 4937 4938 4939
f 4939 4938 4940
f 4939 4940 4914
f 4914 4940 4941
f 4914 4941 4915
f 4942 4943 4944
f 4945 4946 4947
f 4948 4949 4950
f 4951 4952 4953
f 4954 4955 4956
f 4924 4957 4958
f 4889 4959 4960
f 4887 4961 4962
f 4941 4963 4915
f 4963 4941 4964
f 4965 4897 4966
f 4966 4897 4895
f 4966 4895 4967
f 4967 4895 4893
f 4967 4893 4968
f 4968 4893 4891
f 4968 4891 4969
f 4922 4921 4970
f 4970 4921 4873
f 4970 4873 4971
f 4971 4873 4872
f 4971 4872 4972
f 4972 4872 4876
f 4972 4876 4973
f 4973 4876 4885
f 4973 4885 4974
f 4974 4885 4884
f 4974 4884 4975
f 4975 4884 4882
f 4975 4882 4976
f 4976 4882 4880
f 4940 4938 4977
f 4977 4938 4936
f 4977 4936 4978
f 4978 4936 4934
f 4978 4934 4979
f 4979 4934 4932
f 4979 4932 4980
f 4980 4932 4930
f 4980 4930 4981
f 4981 4930 4928
f 4981 4928 4982
f 4982 4928 4926
f 4982 4926 4983
f 4984 4985 4986
f 4986 4985 4987
f 4987 4985 4988
f 4987 4988 4989
f 4990 4991 4992
f 4993 4994 4995
f 4995 4994 4996
f 4995 4996 4997
f 4993 4995 4998
f 4998 4995 4999
f 4998 4999 5000
f 5000 4999 5001
f 5001 4999 5002
f 5001 5002 5003
f 5003 5002 5004
f 5003 5004 5005
f 5005 5004 5006
f 5005 5006 4952
f 4951 4953 4949
f 5007 4948 5008
f 5008 4948 4950
f 5008 4950 5009
f 5009 4950 5010
f 5010 4950 5011
f 5010 5011 5012
f 5012 5011 5013
f 5013 5011 5014
f 5013 5014 5015
f 5015 5014 5016
f 5015 5016 5017
f 5017 5016 5018
f 5017 5018 5019
f 5020 5021 5022
f 5023 5024 5025
f 5025 5024 5026
f 5025 5026 5027
f 5023 5025 5028
f 5028 5025 5029
f 5028 5029 5030
f 5030 5029 5031
f 5031 5029 5032
f 5031 5032 5033
f 4947 4946 5034
f 5035 5036 5037
f 5037 5036 5038
f 4945 4947 5039
f 5039 4947 5037
f 5039 5037 5040
f 5040 5037 5038
f 5040 5038 5041
f 5042 5043 5044
f 5044 5043 5045
f 5044 5045 5032
f 5032 5045 5046
f 5032 5046 5033
f 5033 5046 5047
f 5043 5048 5045
f 5045 5048 5049
f 5045 5049 5046
f 5046 5049 5034
f 5046 5034 5047
f 5047 5034 4946
f 4961 5050 4962
f 4962 5050 5051
f 4962 5051 5052
f 5052 5051 5053
f 5052 5053 5054
f 5054 5053 5055
f 5054 5055 5018
f 5018 5055 5022
f 5018 5022 5019
f 5019 5022 5021
f 5050 5042 5051
f 5051 5042 5044
f 5051 5044 5053
f 5053 5044 5032
f 5053 5032 5055
f 5055 5032 5029
f 5055 5029 5022
f 5022 5029 5025
f 5022 5025 5020
f 5020 5025 5027
f 5048 5056 5049
f 5049 5056 5057
f 5049 5057 5034
f 5034 5057 5058
f 5034 5058 4947
f 4947 5058 5059
f 4947 5059 5037
f 5037 5059 4956
f 5037 4956 5035
f 5035 4956 4955
f 5056 5060 5057
f 5057 5060 5061
f 5057 5061 5058
f 5058 5061 5062
f 5058 5062 5059
f 5059 5062 5063
f 5059 5063 4956
f 4956 5063 4984
f 4956 4984 4954
f 4954 4984 4986
f 4891 4889 4969
f 4969 4889 4960
f 4969 4960 4968
f 4968 4960 5064
f 4968 5064 4967
f 4967 5064 5065
f 4967 5065 4966
f 4966 5065 5066
f 4966 5066 4965
f 4965 5066 5067
f 4889 4887 4959
f 4959 4887 4962
f 4959 4962 4960
f 4960 4962 5052
f 4960 5052 5064
f 5064 5052 5054
f 5064 5054 5065
f 5065 5054 5018
f 5065 5018 5066
f 5066 5018 5016
f 5066 5016 5067
f 5067 5016 5014
f 4949 4953 4950
f 4950 4953 5068
f 4950 5068 5011
f 5011 5068 5069
f 5011 5069 5014
f 5014 5069 5070
f 5014 5070 5067
f 5067 5070 5071
f 5067 5071 4965
f 4965 5071 4899
f 4965 4899 4897
f 4952 5006 4953
f 4953 5006 5072
f 4953 5072 5068
f 5068 5072 4944
f 5068 4944 5069
f 5069 4944 4943
f 5069 4943 5070
f 5070 4943 5073
f 5070 5073 5071
f 5071 5073 4901
f 5071 4901 4899
f 4997 4990 4995
f 4995 4990 4992
f 4995 4992 4999
f 4999 4992 5074
f 4999 5074 5002
f 5002 5074 5075
f 4991 4989 4992
f 4992 4989 4988
f 4992 4988 5074
f 5074 4988 5076
f 5074 5076 5075
f 5075 5076 5077
f 4941 4940 4964
f 4964 4940 4977
f 4964 4977 5078
f 5078 4977 4978
f 5078 4978 5079
f 5079 4978 4979
f 5079 4979 5080
f 5080 4979 4980
f 5080 4980 5081
f 5081 4980 4981
f 5081 4981 5082
f 5082 4981 4982
f 5082 4982 4958
f 4958 4982 4983
f 4958 4983 4924
f 4924 4983 4926
f 4942 4944 5083
f 5083 4944 5072
f 5083 5072 5084
f 5084 5072 5006
f 5084 5006 5085
f 5085 5006 5004
f 5085 5004 5086
f 5086 5004 5002
f 5086 5002 5087
f 5087 5002 5075
f 5087 5075 5088
f 5088 5075 5077
f 5088 5077 5089
f 4887 4909 4961
f 4961 4909 4908
f 4961 4908 5050
f 5050 4908 4907
f 5050 4907 5042
f 5042 4907 4911
f 5042 4911 5043
f 5043 4911 4920
f 5043 4920 5048
f 5048 4920 4919
f 5048 4919 5056
f 5056 4919 4917
f 5056 4917 5060
f 5060 4917 4915
f 5060 4915 5061
f 5061 4915 4963
f 5061 4963 5062
f 5062 4963 4964
f 5062 4964 5063
f 5063 4964 5078
f 5063 5078 4984
f 4984 5078 5079
f 4984 5079 4985
f 4985 5079 5080
f 4985 5080 4988
f 4988 5080 5081
f 4988 5081 5076
f 5076 5081 5082
f 5076 5082 5077
f 5077 5082 4958
f 5077 4958 5089
f 5089 4958 4957
f 5089 4957 4922
f 4922 4957 4924
f 4922 4970 5089
f 5089 4970 4971
f 5089 4971 5088
f 5088 4971 4972
f 5088 4972 5087
f 5087 4972 4973
f 5087 4973 5086
f 5086 4973 4974
f 5086 4974 5085
f 5085 4974 4975
f 5085 4975 5084
f 5084 4975 4976
f 5084 4976 5083
f 5083 4976 4880
f 5083 4880 4942
f 4942 4880 4906
f 4942 4906 4943
f 4943 4906 4905
f 4943 4905 5073
f 5073 4905 4903
f 5073 4903 4901
f 5090 5091 5092
f 5093 5094 5095
f 5096 5097 5092
f 5098 5099 5100
f 5101 5102 5092
f 5103 5104 5105
f 5106 5107 5092
f 5108 5109 5110
f 5111 5112 5092
f 5092 5112 5110
f 5110 5112 5113
f 5110 5113 5108
f 5107 5111 5092
f 5114 5106 5092
f 5092 5115 5116
f 5117 5115 5092
f 5116 5114 5092
f 5118 5117 5092
f 5119 5120 5105
f 5105 5120 5118
f 5105 5118 5092
f 5121 5122 5092
f 5092 5122 5105
f 5105 5122 5123
f 5105 5123 5103
f 5102 5121 5092
f 5124 5101 5092
f 5092 5125 5126
f 5127 5125 5092
f 5126 5124 5092
f 5128 5127 5092
f 5129 5130 5100
f 5100 5130 5128
f 5100 5128 5092
f 5131 5132 5092
f 5092 5132 5100
f 5100 5132 5133
f 5100 5133 5098
f 5097 5131 5092
f 5134 5096 5092
f 5092 5135 5136
f 5137 5135 5092
f 5136 5134 5092
f 5138 5137 5092
f 5139 5140 5095
f 5095 5140 5138
f 5095 5138 5092
f 5141 5142 5092
f 5092 5142 5095
f 5095 5142 5143
f 5095 5143 5093
f 5091 5141 5092
f 5144 5090 5092
f 5092 5145 5146
f 5147 5145 5092
f 5146 5144 5092
f 5148 5147 5092
f 5149 5150 5110
f 5110 5150 5148
f 5110 5148 5092
f 5151 5152 5019
f 5019 5152 5153
f 5019 5153 5017
f 5020 5118 5120
f 5020 5120 5021
f 5021 5120 5119
f 5021 5119 5019
f 5019 5119 5154
f 5019 5154 5151
f 5118 5020 5117
f 5117 5020 5027
f 5117 5027 5115
f 5115 5027 5026
f 5115 5026 5116
f 5116 5026 5114
f 5107 5106 5026
f 5026 5106 5114
f 5107 5026 5111
f 5111 5026 5024
f 5111 5024 5112
f 5112 5024 5023
f 5112 5023 5113
f 5148 5039 5147
f 5147 5039 5040
f 5147 5040 5145
f 5145 5040 5041
f 5145 5041 5146
f 5146 5041 5144
f 5091 5090 5041
f 5041 5090 5144
f 5091 5041 5141
f 5141 5041 5038
f 5141 5038 5142
f 5142 5038 5036
f 5142 5036 5143
f 5155 5156 4946
f 4946 5156 5157
f 4946 5157 5047
f 5039 5148 5150
f 5039 5150 4945
f 4945 5150 5149
f 4945 5149 4946
f 4946 5149 5158
f 4946 5158 5155
f 5103 5123 5009
f 5013 5159 5012
f 5012 5159 5160
f 5012 5160 5161
f 5103 5009 5104
f 5009 5010 5104
f 5104 5010 5012
f 5104 5012 5162
f 5162 5012 5161
f 5108 5113 5023
f 5031 5163 5030
f 5030 5163 5164
f 5030 5164 5165
f 5108 5023 5109
f 5023 5028 5109
f 5109 5028 5030
f 5109 5030 5166
f 5166 5030 5165
f 5128 4949 5127
f 5127 4949 4948
f 5127 4948 5125
f 5125 4948 5007
f 5125 5007 5126
f 5126 5007 5124
f 5102 5101 5007
f 5007 5101 5124
f 5102 5007 5121
f 5121 5007 5008
f 5121 5008 5122
f 5122 5008 5009
f 5122 5009 5123
f 5167 5168 4952
f 4952 5168 5169
f 4952 5169 5005
f 4949 5128 5130
f 4949 5130 4951
f 4951 5130 5129
f 4951 5129 4952
f 4952 5129 5170
f 4952 5170 5167
f 5098 5133 4993
f 5001 5171 5000
f 5000 5171 5172
f 5000 5172 5173
f 5098 4993 5099
f 4993 4998 5099
f 5099 4998 5000
f 5099 5000 5174
f 5174 5000 5173
f 5138 4990 5137
f 5137 4990 4997
f 5137 4997 5135
f 5135 4997 4996
f 5135 4996 5136
f 5136 4996 5134
f 5097 5096 4996
f 4996 5096 5134
f 5097 4996 5131
f 5131 4996 4994
f 5131 4994 5132
f 5132 4994 4993
f 5132 4993 5133
f 5175 5176 4989
f 4989 5176 5177
f 4989 5177 4987
f 4990 5138 5140
f 4990 5140 4991
f 4991 5140 5139
f 4991 5139 4989
f 4989 5139 5178
f 4989 5178 5175
f 5093 5143 5036
f 4954 5179 4955
f 4955 5179 5180
f 4955 5180 5181
f 5093 5036 5094
f 5036 5035 5094
f 5094 5035 4955
f 5094 4955 5182
f 5182 4955 5181
f 5109 5166 5110
f 5110 5166 5183
f 5110 5183 5149
f 5149 5183 5158
f 5031 5033 5163
f 5163 5033 5184
f 5163 5184 5164
f 5164 5184 5185
f 5164 5185 5165
f 5165 5185 5183
f 5165 5183 5166
f 5158 5183 5155
f 5155 5183 5185
f 5155 5185 5156
f 5156 5185 5184
f 5156 5184 5157
f 5157 5184 5033
f 5157 5033 5047
f 5104 5162 5105
f 5105 5162 5186
f 5105 5186 5119
f 5119 5186 5154
f 5013 5015 5159
f 5159 5015 5187
f 5159 5187 5160
f 5160 5187 5188
f 5160 5188 5161
f 5161 5188 5186
f 5161 5186 5162
f 5154 5186 5151
f 5151 5186 5188
f 5151 5188 5152
f 5152 5188 5187
f 5152 5187 5153
f 5153 5187 5015
f 5153 5015 5017
f 5099 5174 5100
f 5100 5174 5189
f 5100 5189 5129
f 5129 5189 5170
f 5001 5003 5171
f 5171 5003 5190
f 5171 5190 5172
f 5172 5190 5191
f 5172 5191 5173
f 5173 5191 5189
f 5173 5189 5174
f 5170 5189 5167
f 5167 5189 5191
f 5167 5191 5168
f 5168 5191 5190
f 5168 5190 5169
f 5169 5190 5003
f 5169 5003 5005
f 5094 5182 5095
f 5095 5182 5192
f 5095 5192 5139
f 5139 5192 5178
f 4954 4986 5179
f 5179 4986 5193
f 5179 5193 5180
f 5180 5193 5194
f 5180 5194 5181
f 5181 5194 5192
f 5181 5192 5182
f 5178 5192 5175
f 5175 5192 5194
f 5175 5194 5176
f 5176 5194 5193
f 5176 5193 5177
f 5177 5193 4986
f 5177 4986 4987
f 5195 5196 5197
f 5195 5197 5198
f 5199 5198 5197
f 5200 5199 5197
f 5201 5200 5197
f 5202 5201 5197
f 5203 5202 5197
f 5204 5203 5197
f 5205 5204 5197
f 5206 5205 5197
f 5207 5206 5197
f 5208 5207 5197
f 5209 5208 5197
f 5210 5209 5197
f 5211 5210 5197
f 5212 5211 5197
f 5213 5212 5197
f 5214 5213 5197
f 5215 5214 5197
f 5216 5215 5197
f 5217 5216 5197
f 5218 5217 5197
f 5219 5218 5197
f 5196 5219 5197
f 4933 5220 4931
f 4931 5220 5221
f 4931 5221 4929
f 4929 5221 5222
f 4929 5222 4927
f 5222 5223 4927
f 4927 5223 5224
f 4927 5224 4925
f 4925 5224 5225
f 4925 5225 4923
f 4923 5225 5226
f 4923 5226 4874
f 4874 5226 5227
f 4874 5227 4878
f 4878 5227 5228
f 4878 5228 4877
f 4877 5228 5229
f 4877 5229 4875
f 4875 5229 5230
f 4875 5230 4883
f 4883 5230 5231
f 4883 5231 4881
f 4881 5231 5232
f 4881 5232 4879
f 4879 5232 5233
f 4879 5233 4904
f 5233 5234 4904
f 4904 5234 5235
f 4904 5235 4902
f 4902 5235 5236
f 4902 5236 4900
f 4900 5236 5237
f 4900 5237 4898
f 4898 5237 5238
f 4898 5238 4896
f 4896 5238 5239
f 4896 5239 4894
f 4894 5239 5240
f 4894 5240 4892
f 4892 5240 5241
f 4892 5241 4890
f 4890 5241 5242
f 4890 5242 4888
f 4888 5242 5243
f 4888 5243 4886
f 4886 5243 5244
f 4886 5244 4913
f 4913 5244 5245
f 4913 5245 4912
f 5245 5246 4912
f 4912 5246 5247
f 4912 5247 4910
f 4910 5247 5248
f 4910 5248 4918
f 4918 5248 5249
f 4918 5249 4916
f 4916 5249 5250
f 4916 5250 4914
f 4914 5250 5251
f 4914 5251 4939
f 4939 5251 5252
f 4939 5252 4937
f 4937 5252 5253
f 4937 5253 4935
f 4935 5253 5254
f 4935 5254 4933
f 4933 5254 5255
f 4933 5255 5220
f 5219 5196 5256
f 5257 5258 5195
f 5195 5258 5259
f 5195 5259 5196
f 5196 5259 5260
f 5196 5260 5256
f 5257 5195 5261
f 5261 5195 5198
f 5261 5198 5262
f 5199 5263 5198
f 5198 5263 5264
f 5198 5264 5262
f 5200 5265 5199
f 5199 5265 5266
f 5199 5266 5263
f 5201 5267 5200
f 5200 5267 5268
f 5200 5268 5265
f 5202 5269 5201
f 5201 5269 5270
f 5201 5270 5267
f 5271 5272 5203
f 5203 5272 5273
f 5203 5273 5202
f 5202 5273 5274
f 5202 5274 5269
f 5271 5203 5275
f 5275 5203 5204
f 5275 5204 5276
f 5276 5204 5277
f 5277 5204 5205
f 5277 5205 5278
f 5278 5205 5279
f 5279 5205 5206
f 5279 5206 5280
f 5281 5282 5207
f 5207 5282 5283
f 5207 5283 5206
f 5206 5283 5284
f 5206 5284 5280
f 5281 5207 5285
f 5285 5207 5208
f 5285 5208 5286
f 5286 5208 5287
f 5287 5208 5209
f 5287 5209 5288
f 5210 5289 5209
f 5209 5289 5290
f 5209 5290 5288
f 5211 5291 5210
f 5210 5291 5292
f 5210 5292 5289
f 5293 5294 5211
f 5211 5294 5295
f 5211 5295 5291
f 5293 5211 5296
f 5296 5211 5212
f 5296 5212 5297
f 5297 5212 5213
f 5297 5213 5298
f 5298 5213 5299
f 5299 5213 5214
f 5299 5214 5300
f 5300 5214 5301
f 5301 5214 5215
f 5301 5215 5302
f 5303 5304 5216
f 5216 5304 5305
f 5216 5305 5215
f 5215 5305 5306
f 5215 5306 5302
f 5303 5216 5307
f 5307 5216 5217
f 5307 5217 5308
f 5308 5217 5309
f 5309 5217 5218
f 5309 5218 5310
f 5256 5311 5219
f 5219 5311 5312
f 5219 5312 5218
f 5218 5312 5313
f 5218 5313 5310
f 5272 5271 5314
f 5314 5271 5315
f 5316 5317 5279
f 5318 5319 5281
f 5320 5321 5290
f 5300 5301 5322
f 5322 5301 5323
f 5324 5325 5303
f 5326 5327 5313
f 5328 5329 5259
f 5232 5231 5330
f 5246 5245 5331
f 5226 5225 5332
f 5227 5226 5333
f 5332 5225 5334
f 5334 5225 5224
f 5334 5224 5335
f 5335 5224 5223
f 5335 5223 5336
f 5336 5223 5222
f 5336 5222 5337
f 5337 5222 5221
f 5337 5221 5338
f 5246 5339 5247
f 5247 5339 5340
f 5247 5340 5248
f 5248 5340 5341
f 5248 5341 5249
f 5249 5341 5342
f 5249 5342 5250
f 5250 5342 5343
f 5250 5343 5251
f 5251 5343 5344
f 5251 5344 5252
f 5252 5344 5345
f 5252 5345 5253
f 5253 5345 5346
f 5253 5346 5254
f 5254 5346 5347
f 5254 5347 5255
f 5255 5347 5338
f 5255 5338 5220
f 5220 5338 5221
f 5232 5348 5233
f 5233 5348 5349
f 5233 5349 5234
f 5234 5349 5350
f 5234 5350 5235
f 5235 5350 5351
f 5235 5351 5236
f 5236 5351 5352
f 5236 5352 5237
f 5237 5352 5353
f 5237 5353 5238
f 5238 5353 5354
f 5238 5354 5239
f 5239 5354 5355
f 5239 5355 5240
f 5240 5355 5356
f 5240 5356 5241
f 5241 5356 5357
f 5241 5357 5242
f 5242 5357 5358
f 5242 5358 5243
f 5243 5358 5359
f 5243 5359 5244
f 5244 5359 5360
f 5244 5360 5245
f 5228 5361 5229
f 5229 5361 5362
f 5229 5362 5230
f 5230 5362 5363
f 5230 5363 5231
f 5339 5364 5340
f 5340 5364 5365
f 5340 5365 5341
f 5341 5365 5322
f 5341 5322 5342
f 5342 5322 5323
f 5342 5323 5343
f 5343 5323 5366
f 5343 5366 5344
f 5344 5366 5325
f 5344 5325 5345
f 5345 5325 5324
f 5345 5324 5346
f 5346 5324 5367
f 5346 5367 5347
f 5347 5367 5327
f 5347 5327 5338
f 5338 5327 5326
f 5338 5326 5337
f 5337 5326 5368
f 5337 5368 5336
f 5336 5368 5329
f 5336 5329 5335
f 5335 5329 5328
f 5335 5328 5334
f 5334 5328 5369
f 5334 5369 5332
f 5332 5369 5370
f 5348 5314 5349
f 5349 5314 5315
f 5349 5315 5350
f 5350 5315 5371
f 5350 5371 5351
f 5351 5371 5317
f 5351 5317 5352
f 5352 5317 5316
f 5352 5316 5353
f 5353 5316 5372
f 5353 5372 5354
f 5354 5372 5319
f 5354 5319 5355
f 5355 5319 5318
f 5355 5318 5356
f 5356 5318 5373
f 5356 5373 5357
f 5357 5373 5321
f 5357 5321 5358
f 5358 5321 5320
f 5358 5320 5359
f 5359 5320 5374
f 5359 5374 5360
f 5360 5374 5375
f 5361 5376 5362
f 5362 5376 5377
f 5362 5377 5363
f 5363 5377 5378
f 5265 5376 5379
f 5379 5376 5361
f 5379 5361 5380
f 5380 5361 5228
f 5380 5228 5227
f 5381 5263 5266
f 5227 5333 5380
f 5380 5333 5381
f 5380 5381 5379
f 5379 5381 5266
f 5379 5266 5265
f 5226 5332 5333
f 5333 5332 5370
f 5333 5370 5381
f 5381 5370 5264
f 5381 5264 5263
f 5259 5258 5328
f 5328 5258 5257
f 5328 5257 5369
f 5369 5257 5261
f 5369 5261 5370
f 5370 5261 5262
f 5370 5262 5264
f 5313 5312 5326
f 5326 5312 5311
f 5326 5311 5368
f 5368 5311 5256
f 5368 5256 5329
f 5329 5256 5260
f 5329 5260 5259
f 5303 5307 5324
f 5324 5307 5308
f 5324 5308 5367
f 5367 5308 5309
f 5367 5309 5327
f 5327 5309 5310
f 5327 5310 5313
f 5301 5302 5323
f 5323 5302 5306
f 5323 5306 5366
f 5366 5306 5305
f 5366 5305 5325
f 5325 5305 5304
f 5325 5304 5303
f 5300 5322 5299
f 5299 5322 5365
f 5299 5365 5298
f 5298 5365 5364
f 5298 5364 5297
f 5382 5293 5296
f 5246 5331 5339
f 5339 5331 5382
f 5339 5382 5364
f 5364 5382 5296
f 5364 5296 5297
f 5245 5360 5331
f 5331 5360 5375
f 5331 5375 5382
f 5382 5375 5294
f 5382 5294 5293
f 5290 5289 5320
f 5320 5289 5292
f 5320 5292 5374
f 5374 5292 5291
f 5374 5291 5375
f 5375 5291 5295
f 5375 5295 5294
f 5281 5285 5318
f 5318 5285 5286
f 5318 5286 5373
f 5373 5286 5287
f 5373 5287 5321
f 5321 5287 5288
f 5321 5288 5290
f 5279 5280 5316
f 5316 5280 5284
f 5316 5284 5372
f 5372 5284 5283
f 5372 5283 5319
f 5319 5283 5282
f 5319 5282 5281
f 5271 5275 5315
f 5315 5275 5276
f 5315 5276 5371
f 5371 5276 5277
f 5371 5277 5317
f 5317 5277 5278
f 5317 5278 5279
f 5232 5330 5348
f 5348 5330 5383
f 5348 5383 5314
f 5314 5383 5273
f 5314 5273 5272
f 5231 5363 5330
f 5330 5363 5378
f 5330 5378 5383
f 5383 5378 5274
f 5383 5274 5273
f 5265 5268 5376
f 5376 5268 5267
f 5376 5267 5377
f 5377 5267 5270
f 5377 5270 5378
f 5378 5270 5269
f 5378 5269 5274
f 5384 5385 5386
f 5387 5388 5386
f 5386 5388 5389
f 5386 5389 5384
f 5390 5391 5386
f 5386 5391 5392
f 5386 5392 5387
f 5393 5394 5386
f 5386 5394 5395
f 5386 5395 5390
f 5396 5397 5386
f 5386 5397 5398
f 5386 5398 5393
f 5399 5400 5386
f 5386 5400 5401
f 5386 5401 5396
f 5402 5403 5386
f 5386 5403 5404
f 5386 5404 5399
f 5385 5405 5386
f 5386 5405 5406
f 5386 5406 5402
f 5407 5408 5409
f 5409 5408 5410
f 5409 5410 5411
f 5411 5410 5412
f 5411 5412 5413
f 5413 5412 5414
f 5413 5414 5415
f 5415 5414 5416
f 5415 5416 5417
f 5417 5416 5418
f 5417 5418 5419
f 5419 5418 5420
f 5419 5420 5421
f 5421 5420 5422
f 5421 5422 5423
f 5423 5422 5424
f 5423 5424 5425
f 5425 5424 5426
f 5425 5426 5427
f 5427 5426 5428
f 5427 5428 5429
f 5429 5428 5430
f 5429 5430 5407
f 5407 5430 5408
f 5431 5432 5433
f 5433 5432 5434
f 5433 5434 5435
f 5435 5434 5436
f 5435 5436 5437
f 5437 5436 5438
f 5437 5438 5439
f 5439 5438 5440
f 5439 5440 5441
f 5441 5440 5442
f 5441 5442 5443
f 5443 5442 5444
f 5443 5444 5445
f 5445 5444 5446
f 5445 5446 5447
f 5447 5446 5448
f 5447 5448 5449
f 5449 5448 5450
f 5449 5450 5451
f 5451 5450 5452
f 5451 5452 5453
f 5453 5452 5454
f 5453 5454 5431
f 5431 5454 5432
f 5455 5456 5457
f 5457 5456 5458
f 5457 5458 5459
f 5459 5458 5460
f 5459 5460 5461
f 5461 5460 5462
f 5461 5462 5463
f 5463 5462 5464
f 5463 5464 5465
f 5465 5464 5466
f 5465 5466 5467
f 5467 5466 5468
f 5467 5468 5469
f 5469 5468 5470
f 5469 5470 5471
f 5471 5470 5472
f 5471 5472 5473
f 5473 5472 5474
f 5473 5474 5475
f 5475 5474 5476
f 5475 5476 5477
f 5477 5476 5478
f 5477 5478 5455
f 5455 5478 5456
f 5479 5480 5481
f 5481 5480 5482
f 5481 5482 5483
f 5483 5482 5484
f 5483 5484 5485
f 5485 5484 5486
f 5485 5486 5487
f 5487 5486 5488
f 5487 5488 5489
f 5489 5488 5490
f 5489 5490 5491
f 5491 5490 5492
f 5491 5492 5493
f 5493 5492 5494
f 5493 5494 5495
f 5495 5494 5496
f 5495 5496 5497
f 5497 5496 5498
f 5497 5498 5499
f 5499 5498 5500
f 5499 5500 5501
f 5501 5500 5502
f 5501 5502 5479
f 5479 5502 5480
f 5503 5504 5505
f 5505 5504 5506
f 5505 5506 5507
f 5507 5506 5508
f 5507 5508 5509
f 5509 5508 5510
f 5509 5510 5511
f 5511 5510 5512
f 5511 5512 5513
f 5513 5512 5514
f 5513 5514 5515
f 5515 5514 5516
f 5515 5516 5517
f 5517 5516 5518
f 5517 5518 5519
f 5519 5518 5520
f 5519 5520 5521
f 5521 5520 5522
f 5521 5522 5523
f 5523 5522 5524
f 5523 5524 5525
f 5525 5524 5526
f 5525 5526 5503
f 5503 5526 5504
f 5494 5492 5527
f 5508 5506 5528
f 5528 5506 5504
f 5528 5504 5486
f 5508 5528 5510
f 5510 5528 5529
f 5510 5529 5512
f 5480 5502 5530
f 5530 5502 5500
f 5530 5500 5531
f 5527 5492 5532
f 5486 5484 5528
f 5528 5484 5482
f 5528 5482 5480
f 5504 5526 5486
f 5486 5526 5524
f 5486 5524 5488
f 5488 5524 5522
f 5488 5522 5490
f 5512 5529 5514
f 5514 5529 5533
f 5514 5533 5516
f 5516 5533 5534
f 5516 5534 5518
f 5518 5534 5535
f 5518 5535 5520
f 5520 5535 5532
f 5520 5532 5522
f 5522 5532 5492
f 5522 5492 5490
f 5494 5527 5496
f 5496 5527 5536
f 5496 5536 5498
f 5498 5536 5537
f 5498 5537 5500
f 5500 5537 5538
f 5500 5538 5531
f 5412 5410 5539
f 5539 5410 5408
f 5539 5408 5528
f 5528 5408 5430
f 5430 5428 5528
f 5528 5428 5426
f 5528 5426 5529
f 5529 5426 5424
f 5529 5424 5422
f 5539 5540 5412
f 5412 5540 5541
f 5412 5541 5414
f 5414 5541 5542
f 5414 5542 5416
f 5416 5542 5543
f 5416 5543 5418
f 5418 5543 5544
f 5418 5544 5420
f 5420 5544 5422
f 5422 5544 5545
f 5422 5545 5529
f 5539 5442 5546
f 5546 5442 5440
f 5546 5440 5547
f 5450 5448 5528
f 5528 5448 5446
f 5528 5446 5539
f 5539 5446 5444
f 5539 5444 5442
f 5454 5548 5432
f 5432 5548 5549
f 5432 5549 5434
f 5434 5549 5550
f 5434 5550 5436
f 5436 5550 5547
f 5436 5547 5438
f 5438 5547 5440
f 5551 5552 5553
f 5553 5552 5554
f 5553 5554 5555
f 5452 5556 5454
f 5454 5556 5557
f 5454 5557 5548
f 5476 5474 5558
f 5480 5530 5528
f 5528 5530 5468
f 5528 5468 5466
f 5466 5464 5528
f 5528 5464 5462
f 5528 5462 5559
f 5551 5556 5552
f 5552 5556 5452
f 5552 5452 5560
f 5560 5452 5450
f 5560 5450 5561
f 5561 5450 5528
f 5561 5528 5562
f 5562 5528 5559
f 5558 5474 5563
f 5563 5474 5472
f 5563 5472 5530
f 5530 5472 5470
f 5530 5470 5468
f 5476 5558 5478
f 5478 5558 5564
f 5478 5564 5456
f 5456 5564 5565
f 5456 5565 5458
f 5460 5566 5462
f 5462 5566 5567
f 5462 5567 5568
f 5568 5569 5462
f 5462 5569 5570
f 5462 5570 5559
f 5565 5571 5458
f 5458 5571 5572
f 5458 5572 5460
f 5460 5572 5573
f 5460 5573 5566
f 5566 5573 5574
f 5566 5574 5575
f 5575 5574 5576
f 5575 5576 5577
f 5578 5579 5580
f 5581 5582 5580
f 5580 5582 5583
f 5580 5583 5578
f 5584 5585 5580
f 5580 5585 5586
f 5580 5586 5581
f 5587 5588 5580
f 5580 5588 5589
f 5580 5589 5584
f 5590 5591 5580
f 5580 5591 5592
f 5580 5592 5587
f 5593 5594 5580
f 5580 5594 5595
f 5580 5595 5590
f 5596 5597 5580
f 5580 5597 5598
f 5580 5598 5593
f 5579 5599 5580
f 5580 5599 5600
f 5580 5600 5596
f 5542 5601 5602
f 5542 5602 5543
f 5543 5602 5603
f 5543 5603 5544
f 5544 5603 5604
f 5544 5604 5545
f 5545 5604 5529
f 5529 5604 5605
f 5529 5605 5533
f 5533 5605 5606
f 5533 5606 5534
f 5534 5606 5607
f 5534 5607 5535
f 5535 5607 5608
f 5535 5608 5532
f 5608 5609 5532
f 5532 5609 5610
f 5532 5610 5527
f 5527 5610 5611
f 5527 5611 5536
f 5536 5611 5612
f 5536 5612 5537
f 5613 5557 5614
f 5614 5557 5556
f 5557 5613 5615
f 5557 5615 5548
f 5548 5615 5616
f 5548 5616 5549
f 5549 5616 5617
f 5549 5617 5550
f 5550 5617 5618
f 5550 5618 5547
f 5547 5618 5619
f 5547 5619 5546
f 5546 5619 5539
f 5539 5619 5620
f 5539 5620 5540
f 5620 5621 5540
f 5540 5621 5622
f 5540 5622 5541
f 5541 5622 5601
f 5541 5601 5542
f 5461 5463 5623
f 5623 5463 5465
f 5623 5465 5624
f 5625 5626 5627
f 5623 5628 5461
f 5461 5628 5629
f 5461 5629 5459
f 5457 5630 5455
f 5455 5630 5631
f 5455 5631 5477
f 5477 5631 5632
f 5477 5632 5475
f 5475 5632 5633
f 5626 5625 5634
f 5634 5625 5635
f 5634 5635 5636
f 5629 5625 5459
f 5459 5625 5627
f 5459 5627 5457
f 5457 5627 5637
f 5457 5637 5630
f 5465 5467 5624
f 5624 5467 5469
f 5624 5469 5638
f 5638 5469 5471
f 5638 5471 5633
f 5633 5471 5473
f 5633 5473 5475
f 5618 5617 5433
f 5433 5617 5431
f 5431 5617 5616
f 5431 5616 5453
f 5441 5620 5439
f 5439 5620 5619
f 5439 5619 5437
f 5437 5619 5618
f 5437 5618 5435
f 5435 5618 5433
f 5449 5639 5640
f 5443 5445 5623
f 5623 5445 5447
f 5623 5447 5449
f 5451 5641 5449
f 5449 5641 5642
f 5449 5642 5639
f 5640 5643 5449
f 5449 5643 5644
f 5449 5644 5623
f 5623 5644 5645
f 5623 5645 5628
f 5616 5615 5453
f 5453 5615 5613
f 5453 5613 5451
f 5451 5613 5614
f 5451 5614 5641
f 5641 5614 5646
f 5641 5646 5647
f 5647 5646 5648
f 5647 5648 5649
f 5407 5409 5620
f 5620 5409 5411
f 5620 5411 5621
f 5603 5602 5415
f 5505 5507 5427
f 5441 5443 5620
f 5620 5443 5623
f 5620 5623 5407
f 5407 5623 5429
f 5415 5602 5413
f 5413 5602 5601
f 5413 5601 5411
f 5411 5601 5622
f 5411 5622 5621
f 5415 5417 5603
f 5603 5417 5419
f 5603 5419 5604
f 5604 5419 5421
f 5429 5623 5427
f 5427 5623 5503
f 5427 5503 5505
f 5509 5511 5423
f 5423 5511 5606
f 5423 5606 5421
f 5421 5606 5605
f 5421 5605 5604
f 5521 5523 5623
f 5623 5523 5525
f 5623 5525 5503
f 5519 5608 5517
f 5517 5608 5607
f 5517 5607 5515
f 5515 5607 5606
f 5515 5606 5513
f 5513 5606 5511
f 5509 5423 5507
f 5507 5423 5425
f 5507 5425 5427
f 5483 5485 5623
f 5623 5485 5608
f 5623 5608 5521
f 5521 5608 5519
f 5499 5501 5624
f 5624 5501 5479
f 5624 5479 5623
f 5623 5479 5481
f 5623 5481 5483
f 5485 5487 5608
f 5608 5487 5489
f 5608 5489 5609
f 5609 5489 5610
f 5489 5491 5610
f 5610 5491 5493
f 5610 5493 5611
f 5611 5493 5495
f 5611 5495 5612
f 5612 5495 5497
f 5612 5497 5650
f 5650 5497 5499
f 5650 5499 5651
f 5651 5499 5624
f 5637 5572 5571
f 5637 5571 5630
f 5630 5571 5565
f 5630 5565 5631
f 5631 5565 5564
f 5631 5564 5632
f 5632 5564 5558
f 5632 5558 5633
f 5633 5558 5563
f 5633 5563 5638
f 5638 5563 5624
f 5624 5563 5530
f 5624 5530 5651
f 5530 5531 5651
f 5651 5531 5538
f 5651 5538 5650
f 5650 5538 5537
f 5650 5537 5612
f 5572 5637 5573
f 5573 5637 5627
f 5636 5577 5634
f 5634 5577 5576
f 5634 5576 5626
f 5626 5576 5574
f 5626 5574 5627
f 5627 5574 5573
f 5575 5577 5598
f 5598 5577 5636
f 5582 5559 5583
f 5583 5559 5570
f 5583 5570 5578
f 5578 5570 5569
f 5578 5569 5579
f 5579 5569 5568
f 5579 5568 5599
f 5599 5568 5567
f 5599 5567 5600
f 5600 5567 5566
f 5600 5566 5596
f 5596 5566 5575
f 5596 5575 5597
f 5597 5575 5598
f 5585 5552 5586
f 5586 5552 5560
f 5586 5560 5581
f 5581 5560 5561
f 5581 5561 5582
f 5582 5561 5562
f 5582 5562 5559
f 5647 5649 5404
f 5584 5555 5585
f 5585 5555 5554
f 5585 5554 5552
f 5404 5403 5647
f 5647 5403 5402
f 5647 5402 5641
f 5641 5402 5406
f 5641 5406 5642
f 5642 5406 5405
f 5642 5405 5639
f 5639 5405 5385
f 5639 5385 5640
f 5640 5385 5384
f 5640 5384 5643
f 5643 5384 5389
f 5643 5389 5644
f 5644 5389 5388
f 5644 5388 5645
f 5645 5388 5628
f 5628 5388 5387
f 5628 5387 5629
f 5629 5387 5392
f 5629 5392 5625
f 5625 5392 5391
f 5625 5391 5635
f 5635 5391 5636
f 5636 5391 5390
f 5636 5390 5598
f 5598 5390 5395
f 5598 5395 5593
f 5593 5395 5394
f 5593 5394 5594
f 5594 5394 5393
f 5594 5393 5595
f 5595 5393 5398
f 5595 5398 5590
f 5590 5398 5397
f 5590 5397 5591
f 5591 5397 5396
f 5591 5396 5592
f 5592 5396 5401
f 5592 5401 5587
f 5587 5401 5400
f 5587 5400 5588
f 5588 5400 5399
f 5588 5399 5589
f 5589 5399 5404
f 5589 5404 5584
f 5584 5404 5649
f 5584 5649 5555
f 5614 5556 5646
f 5646 5556 5551
f 5646 5551 5648
f 5648 5551 5553
f 5648 5553 5649
f 5649 5553 5555
f 5652 5653 5654
f 5655 5656 5657
f 5657 5656 5658
f 5652 5654 5659
f 5659 5654 5660
f 5659 5660 5661
f 5661 5660 5662
f 5661 5662 5663
f 5663 5662 5664
f 5663 5664 5665
f 5665 5664 5666
f 5665 5666 5667
f 5667 5666 5668
f 5667 5668 5669
f 5669 5668 5670
f 5669 5670 5671
f 5671 5670 5672
f 5671 5672 5673
f 5673 5672 5674
f 5673 5674 5675
f 5675 5674 5676
f 5675 5676 5677
f 5677 5676 5678
f 5677 5678 5658
f 5658 5678 5679
f 5658 5679 5657
f 5653 5680 5681
f 5653 5681 5654
f 5654 5681 5682
f 5654 5682 5660
f 5660 5682 5683
f 5660 5683 5662
f 5662 5683 5684
f 5662 5684 5664
f 5664 5684 5685
f 5664 5685 5666
f 5666 5685 5686
f 5666 5686 5668
f 5668 5686 5687
f 5668 5687 5670
f 5670 5687 5688
f 5670 5688 5672
f 5689 5690 5691
f 5692 5693 5694
f 5695 5696 5697
f 5698 5699 5700
f 5701 5702 5703
f 5703 5702 5704
f 5701 5703 5705
f 5705 5703 5706
f 5705 5706 5707
f 5707 5706 5708
f 5707 5708 5709
f 5709 5708 5710
f 5709 5710 5711
f 5710 5712 5711
f 5711 5712 5713
f 5711 5713 5714
f 5697 5696 5713
f 5713 5696 5715
f 5713 5715 5714
f 5716 5717 5718
f 5718 5717 5719
f 5718 5719 5720
f 5720 5719 5721
f 5720 5721 5722
f 5723 5724 5725
f 5725 5724 5726
f 5699 5727 5700
f 5700 5727 5728
f 5700 5728 5729
f 5729 5730 5731
f 5732 5692 5733
f 5729 5734 5700
f 5700 5734 5735
f 5700 5735 5736
f 5735 5737 5736
f 5736 5737 5738
f 5736 5738 5739
f 5698 5700 5740
f 5740 5700 5736
f 5740 5736 5689
f 5689 5736 5739
f 5689 5739 5690
f 5692 5694 5733
f 5733 5694 5741
f 5733 5741 5742
f 5742 5741 5743
f 5742 5743 5744
f 5744 5743 5745
f 5744 5745 5746
f 5746 5745 5747
f 5746 5747 5748
f 5748 5747 5749
f 5748 5749 5750
f 5751 5706 5691
f 5691 5706 5703
f 5691 5703 5689
f 5689 5703 5704
f 5689 5704 5740
f 5752 5753 5754
f 5754 5755 5752
f 5752 5755 5756
f 5752 5756 5757
f 5757 5756 5758
f 5757 5758 5759
f 5759 5758 5750
f 5759 5750 5760
f 5760 5750 5749
f 5751 5761 5706
f 5706 5761 5762
f 5706 5762 5708
f 5708 5762 5763
f 5708 5763 5710
f 5710 5763 5764
f 5765 5766 5767
f 5767 5766 5768
f 5767 5768 5769
f 5769 5768 5770
f 5769 5770 5771
f 5771 5770 5772
f 5771 5772 5773
f 5773 5772 5754
f 5773 5754 5774
f 5774 5754 5753
f 5764 5775 5710
f 5710 5775 5776
f 5710 5776 5712
f 5712 5776 5777
f 5712 5777 5713
f 5713 5777 5778
f 5713 5778 5697
f 5697 5778 5779
f 5697 5779 5780
f 5781 5782 5765
f 5765 5782 5783
f 5765 5783 5766
f 5780 5784 5697
f 5697 5784 5722
f 5697 5722 5695
f 5695 5722 5721
f 5781 5785 5782
f 5782 5785 5786
f 5782 5786 5787
f 5787 5786 5788
f 5787 5788 5789
f 5789 5788 5790
f 5789 5790 5791
f 5784 5792 5722
f 5722 5792 5793
f 5722 5793 5720
f 5720 5793 5794
f 5720 5794 5718
f 5718 5794 5795
f 5718 5795 5796
f 5796 5797 5718
f 5718 5797 5723
f 5718 5723 5716
f 5716 5723 5725
f 5798 5799 5800
f 5790 5801 5791
f 5791 5801 5802
f 5791 5802 5803
f 5803 5802 5804
f 5803 5804 5805
f 5805 5804 5806
f 5805 5806 5807
f 5807 5806 5808
f 5807 5808 5809
f 5809 5808 5810
f 5809 5810 5800
f 5800 5810 5811
f 5800 5811 5798
f 5812 5813 5814
f 5812 5814 5815
f 5815 5814 5816
f 5815 5816 5817
f 5817 5816 5818
f 5817 5818 5819
f 5819 5818 5820
f 5819 5820 5821
f 5821 5820 5822
f 5821 5822 5823
f 5823 5822 5824
f 5823 5824 5825
f 5825 5824 5826
f 5825 5826 5827
f 5827 5826 5828
f 5827 5828 5829
f 5829 5828 5830
f 5829 5830 5831
f 5831 5830 5832
f 5831 5832 5833
f 5833 5832 5834
f 5833 5834 5835
f 5835 5834 5836
f 5835 5836 5837
f 5837 5836 5838
f 5837 5838 5839
f 5839 5838 5840
f 5839 5840 5841
f 5841 5840 5842
f 5841 5842 5843
f 5843 5842 5844
f 5843 5844 5845
f 5845 5844 5846
f 5845 5846 5847
f 5847 5846 5848
f 5847 5848 5849
f 5849 5848 5850
f 5849 5850 5851
f 5851 5850 5852
f 5851 5852 5853
f 5853 5852 5854
f 5853 5854 5855
f 5855 5854 5856
f 5855 5856 5857
f 5857 5856 5858
f 5857 5858 5859
f 5859 5858 5860
f 5859 5860 5861
f 5861 5860 5862
f 5861 5862 5863
f 5863 5862 5864
f 5863 5864 5865
f 5865 5864 5731
f 5865 5731 5866
f 5866 5731 5730
f 5866 5730 5867
f 5868 5724 5869
f 5869 5724 5723
f 5869 5723 5870
f 5870 5723 5797
f 5729 5731 5734
f 5734 5731 5864
f 5734 5864 5735
f 5735 5864 5862
f 5735 5862 5737
f 5737 5862 5860
f 5737 5860 5738
f 5738 5860 5858
f 5738 5858 5739
f 5739 5858 5856
f 5739 5856 5690
f 5690 5856 5854
f 5690 5854 5691
f 5691 5854 5852
f 5691 5852 5751
f 5751 5852 5850
f 5751 5850 5761
f 5761 5850 5848
f 5761 5848 5762
f 5762 5848 5846
f 5762 5846 5763
f 5763 5846 5844
f 5763 5844 5764
f 5764 5844 5842
f 5764 5842 5775
f 5775 5842 5840
f 5775 5840 5776
f 5776 5840 5838
f 5776 5838 5777
f 5777 5838 5836
f 5777 5836 5778
f 5778 5836 5834
f 5778 5834 5779
f 5779 5834 5832
f 5779 5832 5780
f 5780 5832 5830
f 5780 5830 5784
f 5784 5830 5828
f 5784 5828 5792
f 5792 5828 5826
f 5792 5826 5793
f 5793 5826 5824
f 5793 5824 5794
f 5794 5824 5822
f 5794 5822 5795
f 5795 5822 5820
f 5795 5820 5796
f 5796 5820 5818
f 5796 5818 5797
f 5797 5818 5816
f 5797 5816 5870
f 5870 5816 5814
f 5870 5814 5869
f 5869 5814 5813
f 5869 5813 5868
f 5799 5798 5871
f 5871 5798 5872
f 5871 5872 5873
f 5874 5875 5876
f 5874 5876 5877
f 5877 5876 5878
f 5877 5878 5879
f 5879 5878 5880
f 5879 5880 5881
f 5881 5880 5882
f 5881 5882 5883
f 5883 5882 5884
f 5883 5884 5885
f 5885 5884 5886
f 5885 5886 5887
f 5887 5886 5888
f 5887 5888 5889
f 5889 5888 5890
f 5889 5890 5891
f 5891 5890 5892
f 5891 5892 5893
f 5893 5892 5894
f 5893 5894 5895
f 5895 5894 5896
f 5895 5896 5897
f 5897 5896 5898
f 5897 5898 5899
f 5899 5898 5900
f 5899 5900 5901
f 5901 5900 5902
f 5901 5902 5903
f 5903 5902 5904
f 5903 5904 5905
f 5905 5904 5906
f 5905 5906 5907
f 5907 5906 5908
f 5907 5908 5909
f 5909 5908 5910
f 5909 5910 5911
f 5911 5910 5912
f 5911 5912 5913
f 5913 5912 5914
f 5913 5914 5915
f 5915 5914 5916
f 5915 5916 5917
f 5917 5916 5918
f 5917 5918 5919
f 5919 5918 5920
f 5919 5920 5921
f 5921 5920 5922
f 5921 5922 5923
f 5923 5922 5924
f 5923 5924 5925
f 5925 5924 5926
f 5925 5926 5927
f 5927 5926 5928
f 5927 5928 5732
f 5732 5733 5927
f 5927 5733 5742
f 5927 5742 5925
f 5925 5742 5744
f 5925 5744 5923
f 5923 5744 5746
f 5923 5746 5921
f 5921 5746 5748
f 5921 5748 5919
f 5919 5748 5750
f 5919 5750 5917
f 5917 5750 5758
f 5917 5758 5915
f 5915 5758 5756
f 5915 5756 5913
f 5913 5756 5755
f 5913 5755 5911
f 5911 5755 5754
f 5911 5754 5909
f 5909 5754 5772
f 5909 5772 5907
f 5907 5772 5770
f 5907 5770 5905
f 5905 5770 5768
f 5905 5768 5903
f 5903 5768 5766
f 5903 5766 5901
f 5901 5766 5783
f 5901 5783 5899
f 5899 5783 5782
f 5899 5782 5897
f 5897 5782 5787
f 5897 5787 5895
f 5895 5787 5789
f 5895 5789 5893
f 5893 5789 5791
f 5893 5791 5891
f 5891 5791 5803
f 5891 5803 5889
f 5889 5803 5805
f 5889 5805 5887
f 5887 5805 5807
f 5887 5807 5885
f 5885 5807 5809
f 5885 5809 5883
f 5883 5809 5800
f 5883 5800 5881
f 5881 5800 5799
f 5881 5799 5879
f 5879 5799 5871
f 5879 5871 5877
f 5877 5871 5873
f 5877 5873 5874
f 5929 5693 5930
f 5930 5693 5692
f 5930 5692 5931
f 5931 5692 5732
f 5931 5732 5932
f 5932 5732 5928
f 5932 5928 5867
f 5867 5928 5866
f 5866 5928 5926
f 5866 5926 5865
f 5865 5926 5924
f 5865 5924 5863
f 5863 5924 5922
f 5863 5922 5861
f 5861 5922 5920
f 5861 5920 5859
f 5859 5920 5918
f 5859 5918 5857
f 5857 5918 5916
f 5857 5916 5855
f 5855 5916 5914
f 5855 5914 5853
f 5853 5914 5912
f 5853 5912 5851
f 5851 5912 5910
f 5851 5910 5849
f 5849 5910 5908
f 5849 5908 5847
f 5847 5908 5906
f 5847 5906 5845
f 5845 5906 5904
f 5845 5904 5843
f 5843 5904 5902
f 5843 5902 5841
f 5841 5902 5900
f 5841 5900 5839
f 5839 5900 5898
f 5839 5898 5837
f 5837 5898 5896
f 5837 5896 5835
f 5835 5896 5894
f 5835 5894 5833
f 5833 5894 5892
f 5833 5892 5831
f 5831 5892 5890
f 5831 5890 5829
f 5829 5890 5888
f 5829 5888 5827
f 5827 5888 5886
f 5827 5886 5825
f 5825 5886 5884
f 5825 5884 5823
f 5823 5884 5882
f 5823 5882 5821
f 5821 5882 5880
f 5821 5880 5819
f 5819 5880 5878
f 5819 5878 5817
f 5817 5878 5876
f 5817 5876 5815
f 5815 5876 5875
f 5815 5875 5812
f 5933 5934 5935
f 5935 5934 5936
f 5935 5936 5937
f 5937 5936 5938
f 5937 5938 5939
f 5939 5938 5940
f 5939 5940 5941
f 5941 5940 5942
f 5941 5942 5943
f 5943 5942 5944
f 5943 5944 5945
f 5945 5944 5946
f 5946 5947 5945
f 5945 5947 5948
f 5949 5950 5933
f 5933 5950 5934
f 5948 5947 5951
f 5951 5947 5952
f 5951 5952 5953
f 5953 5952 5954
f 5953 5954 5955
f 5955 5954 5956
f 5955 5956 5957
f 5957 5956 5958
f 5957 5958 5959
f 5959 5958 5960
f 5959 5960 5949
f 5949 5960 5950
f 5961 5962 5963
f 5963 5962 5964
f 5963 5964 5965
f 5965 5964 5966
f 5965 5966 5967
f 5967 5966 5968
f 5968 5966 5969
f 5968 5969 5970
f 5970 5969 5971
f 5971 5969 5972
f 5971 5972 5973
f 5973 5972 5974
f 5973 5974 5975
f 5976 5977 5974
f 5974 5977 5978
f 5974 5978 5975
f 5979 5962 5980
f 5980 5962 5961
f 5981 5982 5983
f 5983 5982 5984
f 5983 5984 5985
f 5985 5984 5986
f 5985 5986 5987
f 5987 5986 5988
f 5988 5986 5989
f 5988 5989 5990
f 5990 5989 5991
f 5991 5989 5992
f 5991 5992 5993
f 5993 5992 5994
f 5993 5994 5995
f 5979 5980 5994
f 5994 5980 5996
f 5994 5996 5995
f 5977 5976 5981
f 5981 5976 5982
f 5997 5998 5999
f 5999 5998 6000
f 5999 6000 6001
f 6001 6000 6002
f 6001 6002 6003
f 6003 6002 6004
f 6003 6004 6005
f 6005 6004 6006
f 6005 6006 6007
f 6007 6006 6008
f 6007 6008 6009
f 6009 6008 6010
f 6009 6010 6011
f 6011 6010 6012
f 6011 6012 6013
f 6013 6012 6014
f 6000 6015 6002
f 6002 6015 6016
f 6002 6016 6004
f 6004 6016 6017
f 6004 6017 6006
f 6006 6017 6018
f 6006 6018 6008
f 6008 6018 6019
f 6008 6019 6010
f 6010 6019 6020
f 6010 6020 6012
f 6012 6020 6021
f 6014 6012 6022
f 6022 6012 6021
f 6013 6014 6023
f 6023 6014 6022
f 5998 5997 6024
f 6024 5997 6025
f 6000 5998 6015
f 6015 5998 6024
f 6026 6027 6028
f 6028 6027 6029
f 6029 6030 6028
f 6028 6030 6031
f 6028 6031 6032
f 6032 6033 6028
f 6028 6033 6034
f 6028 6034 6035
f 6035 6034 6036
f 6035 6036 6037
f 6037 6038 6035
f 6035 6038 6039
f 6035 6039 6040
f 6040 6041 6035
f 6035 6041 6042
f 6035 6042 6043
f 6044 6045 6046
f 6047 6048 6046
f 6046 6048 6049
f 6046 6049 6044
f 6050 6051 6052
f 6052 6051 6053
f 6053 6054 6052
f 6052 6054 6045
f 6052 6045 6055
f 6055 6045 6044
f 6055 6044 6056
f 6057 6058 6059
f 6059 6058 6060
f 6059 6060 6061
f 6061 6060 6028
f 6061 6028 6050
f 6050 6028 6035
f 6050 6035 6051
f 6057 6059 6062
f 6062 6059 6063
f 6062 6063 6064
f 6064 6063 6065
f 6064 6065 6066
f 6066 6065 6067
f 6066 6067 6068
f 6068 6067 6069
f 6068 6069 6070
f 6047 6071 6048
f 6048 6071 6072
f 6056 6044 6072
f 6072 6044 6049
f 6072 6049 6048
f 6056 6072 6073
f 6074 6075 6076
f 6077 6078 6079
f 6079 6078 6080
f 6079 6080 6081
f 6081 6080 6082
f 6081 6082 6083
f 6083 6082 6084
f 6084 6082 6085
f 6084 6085 6086
f 6086 6085 6087
f 6086 6087 6088
f 6088 6087 6089
f 6088 6089 6090
f 6090 6089 6091
f 6090 6091 6092
f 6092 6091 6093
f 6092 6093 6094
f 6094 6093 6095
f 6095 6093 6096
f 6095 6096 6097
f 6097 6096 6098
f 6098 6096 6099
f 6098 6099 6100
f 6100 6099 6101
f 6100 6101 6102
f 6102 6101 6103
f 6102 6103 6104
f 6104 6103 6105
f 6105 6103 6106
f 6105 6106 6107
f 6107 6106 6108
f 6108 6106 6109
f 6108 6109 6110
f 6110 6109 6073
f 6110 6073 6111
f 6111 6073 6072
f 6111 6072 6071
f 6074 6076 6112
f 6055 6056 6113
f 6113 6056 6073
f 6113 6073 6114
f 6114 6073 6109
f 6114 6109 6115
f 6115 6109 6106
f 6115 6106 6116
f 6116 6106 6103
f 6116 6103 6117
f 6117 6103 6101
f 6117 6101 6118
f 6118 6101 6099
f 6118 6099 6119
f 6119 6099 6096
f 6119 6096 6120
f 6120 6096 6093
f 6120 6093 6121
f 6121 6093 6091
f 6121 6091 6122
f 6122 6091 6089
f 6122 6089 6123
f 6123 6089 6087
f 6123 6087 6124
f 6124 6087 6085
f 6124 6085 6125
f 6125 6085 6082
f 6125 6082 6126
f 6126 6082 6080
f 6126 6080 6076
f 6076 6080 6078
f 6076 6078 6112
f 6112 6078 6077
f 6112 6077 6127
f 6052 6055 6128
f 6128 6055 6113
f 6128 6113 6129
f 6129 6113 6114
f 6129 6114 6130
f 6130 6114 6115
f 6130 6115 6131
f 6131 6115 6116
f 6131 6116 6132
f 6132 6116 6117
f 6132 6117 6133
f 6133 6117 6118
f 6133 6118 6134
f 6134 6118 6119
f 6134 6119 6135
f 6135 6119 6120
f 6135 6120 6136
f 6136 6120 6121
f 6136 6121 6137
f 6137 6121 6122
f 6137 6122 6138
f 6138 6122 6123
f 6138 6123 6139
f 6139 6123 6124
f 6139 6124 6140
f 6140 6124 6125
f 6140 6125 6141
f 6141 6125 6126
f 6141 6126 6142
f 6142 6126 6076
f 6142 6076 6143
f 6143 6076 6075
f 6050 6052 6144
f 6144 6052 6128
f 6144 6128 6145
f 6145 6128 6129
f 6145 6129 6146
f 6146 6129 6130
f 6146 6130 6147
f 6147 6130 6131
f 6147 6131 6148
f 6148 6131 6132
f 6148 6132 6149
f 6149 6132 6133
f 6149 6133 6150
f 6150 6133 6134
f 6150 6134 6151
f 6151 6134 6135
f 6151 6135 6152
f 6152 6135 6136
f 6152 6136 6153
f 6153 6136 6137
f 6153 6137 6154
f 6154 6137 6138
f 6154 6138 6155
f 6155 6138 6139
f 6155 6139 6156
f 6156 6139 6140
f 6156 6140 6157
f 6157 6140 6141
f 6157 6141 6158
f 6158 6141 6142
f 6158 6142 6159
f 6159 6142 6143
f 6160 6161 6162
f 6162 6161 6163
f 6162 6163 6164
f 6165 6166 6162
f 6162 6166 6167
f 6162 6167 6160
f 6168 6169 6162
f 6162 6169 6170
f 6162 6170 6165
f 6164 6171 6162
f 6162 6171 6172
f 6162 6172 6168
f 6173 6174 6175
f 6175 6174 6176
f 6175 6176 6177
f 6178 6179 6175
f 6175 6179 6180
f 6175 6180 6173
f 6181 6182 6175
f 6175 6182 6183
f 6175 6183 6178
f 6177 6184 6175
f 6175 6184 6185
f 6175 6185 6181
f 6186 6187 6188
f 6188 6187 6189
f 6189 6187 6190
f 6190 6187 6191
f 6190 6191 6192
f 6192 6191 6193
f 6192 6193 6194
f 6194 6193 6195
f 6194 6195 6196
f 6196 6195 6197
f 6196 6197 6198
f 6198 6197 6199
f 6200 6201 6202
f 6202 6201 6198
f 6202 6198 6199
f 6203 6204 6205
f 6205 6204 6206
f 6205 6206 6207
f 6207 6206 6208
f 6207 6208 6209
f 6209 6208 6210
f 6209 6210 6211
f 6211 6210 6212
f 6211 6212 6213
f 6213 6212 6201
f 6213 6201 6200
f 6203 6214 6204
f 6204 6214 6215
f 6216 6217 6218
f 6218 6217 6219
f 6218 6219 6220
f 6220 6219 6221
f 6220 6221 6222
f 6222 6221 6223
f 6222 6223 6224
f 6224 6223 6225
f 6224 6225 6226
f 6226 6225 6215
f 6226 6215 6214
f 6216 6227 6217
f 6217 6227 6228
f 6228 6227 6229
f 6228 6229 6230
f 6230 6229 6231
f 6230 6231 6232
f 6232 6231 6233
f 6232 6233 6234
f 6234 6233 6235
f 6234 6235 6236
f 6237 6238 6239
f 6239 6238 6236
f 6239 6236 6240
f 6240 6236 6235
f 6241 6242 6243
f 6243 6242 6244
f 6243 6244 6245
f 6245 6244 6246
f 6245 6246 6247
f 6247 6246 6248
f 6247 6248 6249
f 6249 6248 6250
f 6249 6250 6251
f 6251 6250 6252
f 6251 6252 6253
f 6253 6252 6254
f 6253 6254 6255
f 6255 6254 6256
f 6255 6256 6257
f 6257 6256 6258
f 6257 6258 6259
f 6259 6258 6260
f 6259 6260 6261
f 6261 6260 6262
f 6261 6262 6263
f 6263 6262 6264
f 6263 6264 6241
f 6241 6264 6242
f 6265 6266 6267
f 6265 6267 6268
f 6268 6267 6269
f 6268 6269 6270
f 6271 6270 6272
f 6272 6270 6269
f 6272 6273 6271
f 6271 6273 6274
f 6271 6274 6275
f 6274 6276 6275
f 6275 6276 6277
f 6275 6277 6278
f 6279 6280 6281
f 6281 6280 6278
f 6281 6278 6277
f 6280 6279 6282
f 6280 6282 6283
f 6283 6282 6284
f 6283 6284 6285
f 6286 6285 6287
f 6287 6285 6284
f 6287 6288 6286
f 6286 6288 6289
f 6288 6290 6289
f 6289 6290 6291
f 6289 6291 6292
f 6293 6294 6295
f 6295 6294 6292
f 6295 6292 6291
f 6294 6293 6296
f 6294 6296 6297
f 6297 6296 6298
f 6297 6298 6299
f 6300 6301 6302
f 6300 6302 6303
f 6303 6302 6304
f 6303 6304 6305
f 6306 6163 6307
f 6307 6163 6161
f 6307 6161 6308
f 6308 6161 6160
f 6308 6160 6309
f 6309 6160 6167
f 6309 6167 6310
f 6310 6167 6166
f 6310 6166 6311
f 6311 6166 6165
f 6311 6165 6312
f 6312 6165 6170
f 6312 6170 6313
f 6313 6170 6169
f 6313 6169 6314
f 6314 6169 6168
f 6314 6168 6315
f 6315 6168 6172
f 6315 6172 6316
f 6316 6172 6171
f 6316 6171 6317
f 6317 6171 6164
f 6317 6164 6306
f 6306 6164 6163
f 6318 6319 6320
f 6320 6319 6321
f 6318 6320 6322
f 6318 6322 6323
f 6323 6322 6324
f 6323 6324 6325
f 6326 6325 6327
f 6327 6325 6324
f 6327 6328 6326
f 6326 6328 6329
f 6330 6331 6332
f 6332 6331 6329
f 6332 6329 6333
f 6333 6329 6328
f 6334 6335 6336
f 6336 6335 6331
f 6336 6331 6330
f 6335 6334 6337
f 6335 6337 6338
f 6338 6337 6339
f 6338 6339 6340
f 6341 6340 6342
f 6342 6340 6339
f 6343 6344 6345
f 6343 6345 6346
f 6346 6345 6347
f 6346 6347 6348
f 6349 6350 6351
f 6349 6351 6352
f 6352 6351 6353
f 6352 6353 6354
f 6355 6176 6356
f 6356 6176 6174
f 6356 6174 6357
f 6357 6174 6173
f 6357 6173 6358
f 6358 6173 6180
f 6358 6180 6359
f 6359 6180 6179
f 6359 6179 6360
f 6360 6179 6178
f 6360 6178 6361
f 6361 6178 6183
f 6361 6183 6362
f 6362 6183 6182
f 6362 6182 6363
f 6363 6182 6181
f 6363 6181 6364
f 6364 6181 6185
f 6364 6185 6365
f 6365 6185 6184
f 6365 6184 6366
f 6366 6184 6177
f 6366 6177 6355
f 6355 6177 6176
f 6367 6368 6369
f 6369 6368 6370
f 6368 6371 6370
f 6370 6371 6372
f 6371 6373 6372
f 6372 6373 6374
f 6373 6375 6374
f 6374 6375 6376
f 6375 6377 6376
f 6376 6377 6378
f 6377 6379 6378
f 6378 6379 6380
f 6379 6381 6380
f 6380 6381 6382
f 6381 6367 6382
f 6382 6367 6369
f 6383 6384 6385
f 6385 6384 6386
f 6384 6387 6386
f 6386 6387 6388
f 6387 6389 6388
f 6388 6389 6390
f 6389 6391 6390
f 6390 6391 6392
f 6391 6393 6392
f 6392 6393 6394
f 6393 6395 6394
f 6394 6395 6396
f 6395 6397 6396
f 6396 6397 6398
f 6397 6383 6398
f 6398 6383 6385
f 6371 6368 6373
f 6373 6368 6367
f 6373 6367 6375
f 6381 6379 6367
f 6367 6379 6377
f 6367 6377 6375
f 6397 6395 6393
f 6393 6391 6389
f 6383 6397 6384
f 6384 6397 6393
f 6384 6393 6387
f 6387 6393 6389
f 5728 5727 6399
f 6399 5727 6400
f 5728 6399 5729
f 5729 6399 6401
f 5729 6401 5730
f 5730 6401 6402
f 5730 6402 6403
f 6025 6023 5931
f 6404 6405 6406
f 6406 6405 6407
f 6407 6408 6406
f 6406 6408 6409
f 6406 6409 6410
f 6410 6411 6406
f 6406 6411 6412
f 6406 6412 6413
f 6413 6412 6024
f 6024 6025 6413
f 6413 6025 5931
f 6413 5931 6414
f 6414 5931 5932
f 6414 5932 6403
f 6403 5932 5867
f 6403 5867 5730
f 6023 6022 5931
f 5931 6022 6415
f 5931 6415 5930
f 5930 6415 6416
f 6416 6417 5930
f 5930 6417 6418
f 5930 6418 6419
f 6419 6420 5930
f 5930 6420 6421
f 5930 6421 5929
f 6422 6423 6424
f 6424 6423 6425
f 6424 6425 6426
f 6427 6428 6424
f 6424 6428 6429
f 6424 6429 6422
f 6430 6431 6424
f 6424 6431 6432
f 6424 6432 6427
f 6426 6433 6424
f 6424 6433 6434
f 6424 6434 6430
f 6432 6435 6427
f 6427 6435 6436
f 6427 6436 6428
f 6428 6436 6437
f 6428 6437 6429
f 6429 6437 6438
f 6429 6438 6422
f 6422 6438 6439
f 6422 6439 6423
f 6423 6439 6440
f 6423 6440 6425
f 6425 6440 6441
f 6425 6441 6426
f 6426 6441 6442
f 6426 6442 6433
f 6433 6442 6443
f 6433 6443 6434
f 6434 6443 6444
f 6434 6444 6430
f 6430 6444 6445
f 6430 6445 6431
f 6431 6445 6446
f 6431 6446 6432
f 6432 6446 6435
f 6447 6448 6449
f 6449 6448 6450
f 6449 6450 6451
f 6451 6450 6452
f 6451 6452 6453
f 6453 6452 6454
f 6453 6454 6455
f 6455 6454 6456
f 6455 6456 6457
f 6457 6456 6458
f 6457 6458 6459
f 6459 6458 6460
f 6459 6460 6461
f 6461 6460 6462
f 6461 6462 6463
f 6463 6462 6464
f 6463 6464 6465
f 6465 6464 6466
f 6465 6466 6467
f 6467 6466 6468
f 6467 6468 6469
f 6469 6468 6470
f 6469 6470 6471
f 6471 6470 6472
f 6471 6472 6473
f 6473 6472 6474
f 6473 6474 6475
f 6475 6474 6476
f 6475 6476 6477
f 6477 6476 6478
f 6477 6478 6447
f 6447 6478 6448
f 6450 6448 6479
f 6479 6448 6480
f 6481 6465 6467
f 6469 6482 6467
f 6467 6482 6483
f 6467 6483 6481
f 6473 6475 6484
f 6484 6475 6477
f 6484 6477 6485
f 6485 6477 6486
f 6486 6477 6447
f 6486 6447 6487
f 6484 6488 6473
f 6473 6488 6489
f 6473 6489 6471
f 6471 6489 6490
f 6471 6490 6469
f 6469 6490 6491
f 6469 6491 6482
f 6463 6465 6492
f 6492 6465 6481
f 6457 6459 6493
f 6493 6459 6461
f 6493 6461 6494
f 6494 6461 6463
f 6494 6463 6492
f 6495 6449 6496
f 6496 6449 6451
f 6496 6451 6497
f 6497 6451 6453
f 6497 6453 6498
f 6498 6453 6455
f 6498 6455 6499
f 6499 6455 6457
f 6499 6457 6500
f 6500 6457 6493
f 6464 6501 6466
f 6466 6501 6502
f 6503 6468 6504
f 6504 6468 6466
f 6504 6466 6502
f 6480 6448 6505
f 6505 6448 6478
f 6505 6478 6506
f 6506 6478 6476
f 6506 6476 6507
f 6503 6508 6468
f 6468 6508 6509
f 6468 6509 6470
f 6470 6509 6510
f 6470 6510 6472
f 6472 6510 6511
f 6472 6511 6474
f 6474 6511 6512
f 6474 6512 6476
f 6476 6512 6513
f 6476 6513 6507
f 6514 6515 6516
f 6514 6516 6517
f 6517 6516 6518
f 6517 6518 6519
f 6519 6518 6520
f 6519 6520 6521
f 6521 6520 6522
f 6522 6520 6523
f 6522 6523 6524
f 6524 6523 6525
f 6525 6523 6526
f 6525 6526 6527
f 6527 6526 6528
f 6528 6526 6529
f 6528 6529 6530
f 6530 6529 6531
f 6531 6529 6532
f 6531 6532 6533
f 6534 6535 6536
f 6536 6535 6537
f 6536 6537 6538
f 6538 6537 6539
f 6538 6539 6540
f 6540 6539 6541
f 6540 6541 6542
f 6542 6541 6543
f 6542 6543 6544
f 6544 6543 6545
f 6544 6545 6546
f 6546 6545 6547
f 6548 6549 6550
f 6548 6550 6551
f 6551 6550 6552
f 6551 6552 6553
f 6553 6552 6554
f 6553 6554 6555
f 6555 6554 6556
f 6556 6554 6557
f 6556 6557 6558
f 6558 6557 6559
f 6559 6557 6560
f 6559 6560 6561
f 6561 6560 6562
f 6562 6560 6563
f 6562 6563 6564
f 6564 6563 6565
f 6565 6563 6566
f 6565 6566 6567
f 6568 6569 6570
f 6570 6569 6571
f 6570 6571 6572
f 6572 6571 6573
f 6572 6573 6574
f 6574 6573 6575
f 6574 6575 6576
f 6576 6575 6577
f 6576 6577 6578
f 6578 6577 6579
f 6578 6579 6580
f 6580 6579 6581
f 6549 6582 6583
f 6582 6549 6584
f 6584 6549 6568
f 6584 6568 6585
f 6585 6568 6580
f 6585 6580 6586
f 6583 6566 6549
f 6549 6566 6563
f 6549 6563 6560
f 6572 6574 6576
f 6550 6549 6552
f 6552 6549 6560
f 6552 6560 6554
f 6554 6560 6557
f 6568 6570 6580
f 6580 6570 6572
f 6580 6572 6578
f 6578 6572 6576
f 6587 6588 6589
f 6590 6591 6592
f 6592 6591 6593
f 6592 6593 6594
f 6595 6590 6596
f 6596 6590 6592
f 6596 6592 6597
f 6597 6592 6598
f 6597 6598 6599
f 6599 6598 6600
f 6599 6600 6601
f 6601 6600 6587
f 6601 6587 6602
f 6602 6587 6589
f 6602 6589 6603
f 6604 6594 6593
f 6605 6606 6607
f 6607 6606 6608
f 6607 6608 6609
f 6609 6608 6610
f 6610 6608 6604
f 6610 6604 6611
f 6611 6604 6593
f 6611 6593 6612
f 6612 6593 6591
f 6612 6591 6613
f 6613 6591 6614
f 6614 6591 6590
f 6614 6590 6615
f 6615 6590 6616
f 6616 6590 6595
f 6616 6595 6617
f 6617 6595 6618
f 6618 6595 6596
f 6618 6596 6619
f 6620 6621 6622
f 6622 6621 6623
f 6588 6622 6589
f 6589 6622 6623
f 6589 6623 6603
f 6603 6623 6624
f 6603 6624 6602
f 6602 6624 6625
f 6602 6625 6601
f 6601 6625 6626
f 6601 6626 6599
f 6599 6626 6627
f 6599 6627 6597
f 6597 6627 6628
f 6629 6630 6631
f 6632 6633 6634
f 6634 6633 6635
f 6635 6629 6634
f 6634 6629 6631
f 6634 6631 6636
f 6636 6631 6637
f 6636 6637 6638
f 6638 6637 6639
f 6638 6639 6640
f 6640 6639 6641
f 6642 6643 6644
f 6644 6643 6641
f 6644 6641 6645
f 6645 6641 6639
f 6646 6638 6640
f 6646 6640 6647
f 6647 6640 6641
f 6647 6641 6648
f 6648 6641 6643
f 6648 6643 6649
f 6649 6643 6650
f 6650 6643 6642
f 6650 6642 6651
f 6644 6645 6652
f 6651 6642 6653
f 6653 6642 6644
f 6653 6644 6654
f 6654 6644 6652
f 6654 6652 6655
f 6655 6652 6656
f 6655 6656 6657
f 6657 6656 6658
f 6658 6656 6659
f 6658 6659 6660
f 6661 6630 6629
f 6662 6663 6664
f 6636 6665 6634
f 6634 6665 6666
f 6634 6666 6632
f 6632 6666 6667
f 6632 6667 6633
f 6633 6667 6668
f 6633 6668 6635
f 6635 6668 6669
f 6635 6669 6629
f 6629 6669 6662
f 6629 6662 6661
f 6661 6662 6664
f 6670 6671 6672
f 6673 6670 6674
f 6674 6670 6672
f 6674 6672 6675
f 6675 6672 6676
f 6675 6676 6677
f 6678 6679 6680
f 6677 6676 6681
f 6681 6676 6682
f 6681 6682 6683
f 6683 6682 6678
f 6683 6678 6684
f 6684 6678 6685
f 6685 6678 6680
f 6685 6680 6686
f 6687 6683 6688
f 6688 6683 6684
f 6688 6684 6689
f 6689 6684 6690
f 6690 6684 6685
f 6690 6685 6691
f 6691 6685 6692
f 6692 6685 6686
f 6692 6686 6693
f 6680 6679 6694
f 6693 6686 6695
f 6695 6686 6680
f 6695 6680 6696
f 6696 6680 6694
f 6696 6694 6697
f 6697 6694 6698
f 6697 6698 6699
f 6699 6698 6700
f 6700 6698 6701
f 6700 6701 6702
f 6703 6671 6670
f 6704 6705 6706
f 6681 6707 6677
f 6677 6707 6708
f 6677 6708 6675
f 6675 6708 6709
f 6675 6709 6674
f 6674 6709 6710
f 6674 6710 6673
f 6673 6710 6711
f 6673 6711 6670
f 6670 6711 6704
f 6670 6704 6703
f 6703 6704 6706
f 6712 6713 6714
f 6712 6714 6715
f 6716 6717 6714
f 6714 6717 6718
f 6714 6718 6715
f 6719 6720 6721
f 6721 6720 6722
f 6722 6723 6721
f 6721 6723 6724
f 6721 6724 6725
f 6725 6724 6726
f 6725 6726 6716
f 6716 6726 6727
f 6716 6727 6717
f 6728 6724 6729
f 6729 6724 6723
f 6729 6723 6730
f 6730 6723 6731
f 6731 6723 6722
f 6731 6722 6732
f 6720 6719 6733
f 6732 6722 6734
f 6734 6722 6720
f 6734 6720 6735
f 6735 6720 6733
f 6735 6733 6736
f 6736 6733 6737
f 6736 6737 6738
f 6738 6737 6739
f 6739 6737 6740
f 6739 6740 6741
f 6741 6740 6742
f 6742 6740 6743
f 6742 6743 6744
f 6745 6713 6712
f 6746 6747 6748
f 6726 6749 6727
f 6727 6749 6750
f 6727 6750 6717
f 6717 6750 6751
f 6717 6751 6718
f 6718 6751 6752
f 6718 6752 6715
f 6715 6752 6753
f 6715 6753 6712
f 6712 6753 6746
f 6712 6746 6745
f 6745 6746 6748
f 6754 6755 6756
f 6757 6758 6754
f 6759 6760 6756
f 6756 6760 6761
f 6756 6761 6754
f 6754 6761 6762
f 6754 6762 6757
f 6763 6764 6765
f 6759 6766 6760
f 6760 6766 6763
f 6760 6763 6767
f 6767 6763 6765
f 6768 6756 6769
f 6769 6756 6755
f 6769 6755 6770
f 6770 6755 6771
f 6771 6755 6754
f 6771 6754 6772
f 6772 6754 6773
f 6773 6754 6758
f 6773 6758 6774
f 6774 6758 6775
f 6775 6758 6757
f 6775 6757 6776
f 6776 6757 6777
f 6777 6757 6762
f 6777 6762 6778
f 6778 6762 6779
f 6779 6762 6761
f 6779 6761 6780
f 6759 6781 6766
f 6766 6781 6782
f 6766 6782 6763
f 6763 6782 6783
f 6763 6783 6764
f 6764 6783 6784
f 6764 6784 6765
f 6765 6784 6785
f 6765 6785 6767
f 6767 6785 6786
f 6767 6786 6760
f 6760 6786 6787
f 6782 6781 6788
f 6782 6788 6783
f 6787 6786 6789
f 6789 6786 6785
f 6790 6791 6792
f 6793 6794 6788
f 6788 6794 6790
f 6788 6790 6783
f 6783 6790 6784
f 6785 6784 6789
f 6789 6784 6790
f 6789 6790 6795
f 6795 6790 6792
f 6787 6789 6796
f 6761 6760 6780
f 6780 6760 6787
f 6780 6787 6797
f 6797 6787 6796
f 6781 6759 6756
f 6798 6788 6799
f 6799 6788 6781
f 6799 6781 6768
f 6768 6781 6756
f 6749 6800 6750
f 6750 6800 6751
f 6753 6801 6746
f 6746 6801 6747
f 6802 6803 6800
f 6800 6803 6804
f 6800 6804 6751
f 6751 6804 6752
f 6804 6805 6806
f 6753 6752 6801
f 6801 6752 6804
f 6801 6804 6807
f 6807 6804 6806
f 6747 6801 6808
f 6743 6748 6744
f 6744 6748 6747
f 6744 6747 6809
f 6809 6747 6808
f 6749 6726 6724
f 6810 6800 6811
f 6811 6800 6749
f 6811 6749 6728
f 6728 6749 6724
f 6707 6812 6708
f 6708 6812 6709
f 6705 6704 6813
f 6813 6704 6711
f 6814 6815 6812
f 6812 6815 6816
f 6812 6816 6709
f 6709 6816 6710
f 6816 6817 6818
f 6711 6710 6813
f 6813 6710 6816
f 6813 6816 6819
f 6819 6816 6818
f 6705 6813 6820
f 6701 6706 6702
f 6702 6706 6705
f 6702 6705 6821
f 6821 6705 6820
f 6707 6681 6683
f 6822 6812 6823
f 6823 6812 6707
f 6823 6707 6687
f 6687 6707 6683
f 6665 6824 6666
f 6666 6824 6667
f 6669 6825 6662
f 6662 6825 6663
f 6826 6827 6824
f 6824 6827 6828
f 6824 6828 6667
f 6667 6828 6668
f 6828 6829 6830
f 6669 6668 6825
f 6825 6668 6828
f 6825 6828 6831
f 6831 6828 6830
f 6663 6825 6832
f 6659 6664 6660
f 6660 6664 6663
f 6660 6663 6833
f 6833 6663 6832
f 6665 6636 6638
f 6834 6824 6835
f 6835 6824 6665
f 6835 6665 6646
f 6646 6665 6638
f 6836 6837 6838
f 6838 6837 6839
f 6840 6841 6842
f 6842 6841 6843
f 6844 6845 6837
f 6837 6845 6846
f 6837 6846 6839
f 6839 6846 6847
f 6846 6848 6849
f 6843 6847 6842
f 6842 6847 6846
f 6842 6846 6850
f 6850 6846 6849
f 6851 6852 6853
f 6853 6852 6840
f 6840 6842 6854
f 6855 6853 6856
f 6856 6853 6840
f 6856 6840 6857
f 6857 6840 6854
f 6836 6858 6859
f 6860 6837 6861
f 6861 6837 6836
f 6861 6836 6862
f 6862 6836 6859
f 6863 6864 6865
f 6863 6865 6866
f 6867 6868 6869
f 6869 6868 6870
f 6871 6872 6873
f 6874 6875 6865
f 6865 6875 6871
f 6865 6871 6866
f 6866 6871 6876
f 6870 6876 6869
f 6869 6876 6871
f 6869 6871 6877
f 6877 6871 6873
f 6878 6879 6880
f 6880 6879 6867
f 6867 6869 6881
f 6882 6880 6883
f 6883 6880 6867
f 6883 6867 6884
f 6884 6867 6881
f 6864 6885 6886
f 6887 6865 6888
f 6888 6865 6864
f 6888 6864 6889
f 6889 6864 6886
f 6890 6891 6892
f 6890 6892 6893
f 6894 6895 6896
f 6896 6895 6897
f 6898 6899 6900
f 6901 6902 6892
f 6892 6902 6898
f 6892 6898 6893
f 6893 6898 6903
f 6894 6903 6895
f 6895 6903 6898
f 6895 6898 6904
f 6904 6898 6900
f 6897 6895 6905
f 6906 6907 6908
f 6908 6907 6897
f 6908 6897 6909
f 6909 6897 6905
f 6891 6910 6911
f 6911 6910 6912
f 6913 6892 6914
f 6914 6892 6891
f 6914 6891 6915
f 6915 6891 6911
f 6915 6911 6916
f 6917 6918 6919
f 6920 6921 6922
f 6922 6921 6923
f 6924 6925 6926
f 6920 6925 6921
f 6921 6925 6924
f 6921 6924 6927
f 6927 6924 6928
f 6929 6930 6931
f 6931 6930 6924
f 6931 6924 6919
f 6919 6924 6926
f 6919 6926 6917
f 6923 6921 6932
f 6933 6934 6935
f 6935 6934 6923
f 6935 6923 6936
f 6936 6923 6932
f 6918 6937 6938
f 6938 6937 6939
f 6940 6919 6941
f 6941 6919 6918
f 6941 6918 6942
f 6942 6918 6938
f 6942 6938 6943
f 6944 6945 6946
f 6946 6945 6947
f 6948 6949 6950
f 6950 6949 6951
f 6952 6953 6954
f 6955 6956 6949
f 6949 6956 6952
f 6949 6952 6951
f 6951 6952 6957
f 6944 6957 6945
f 6945 6957 6952
f 6945 6952 6958
f 6958 6952 6954
f 6947 6945 6959
f 6960 6961 6962
f 6962 6961 6947
f 6962 6947 6963
f 6963 6947 6959
f 6948 6964 6965
f 6966 6949 6967
f 6967 6949 6948
f 6967 6948 6968
f 6968 6948 6965
f 6626 6969 6627
f 6627 6969 6628
f 6621 6970 6623
f 6623 6970 6624
f 6971 6972 6973
f 6974 6975 6970
f 6970 6975 6971
f 6970 6971 6624
f 6624 6971 6625
f 6626 6625 6969
f 6969 6625 6971
f 6969 6971 6976
f 6976 6971 6973
f 6628 6969 6977
f 6596 6597 6619
f 6619 6597 6628
f 6619 6628 6978
f 6978 6628 6977
f 6621 6620 6606
f 6979 6970 6980
f 6980 6970 6621
f 6980 6621 6605
f 6605 6621 6606
f 6581 6579 6981
f 6981 6579 6577
f 6569 6982 6571
f 6571 6982 6573
f 6983 6984 6985
f 6986 6987 6982
f 6982 6987 6983
f 6982 6983 6573
f 6573 6983 6575
f 6577 6575 6981
f 6981 6575 6983
f 6981 6983 6988
f 6988 6983 6985
f 6581 6981 6989
f 6567 6566 6583
f 6583 6990 6567
f 6567 6990 6581
f 6567 6581 6991
f 6991 6581 6989
f 6586 6580 6992
f 6992 6580 6581
f 6992 6581 6993
f 6993 6581 6990
f 6569 6568 6549
f 6994 6982 6995
f 6995 6982 6569
f 6995 6569 6548
f 6548 6569 6549
f 6537 6535 6996
f 6547 6545 6997
f 6997 6545 6543
f 6998 6541 6539
f 6543 6541 6997
f 6997 6541 6998
f 6997 6998 6999
f 6999 6998 7000
f 7001 7002 7003
f 7003 7002 6998
f 7003 6998 6996
f 6996 6998 6539
f 6996 6539 6537
f 6547 6997 7004
f 6532 6546 6533
f 6533 6546 6547
f 6533 6547 7005
f 7005 6547 7004
f 6534 7006 6535
f 6535 7006 7007
f 7008 6996 7009
f 7009 6996 6535
f 7009 6535 6514
f 6514 6535 7007
f 7010 6515 7011
f 7011 6515 6514
f 7011 6514 7012
f 7012 6514 7007
f 7013 7014 7015
f 7016 7017 7018
f 7018 7017 7019
f 7020 7021 7022
f 7019 7021 7018
f 7018 7021 7020
f 7018 7020 7023
f 7023 7020 7024
f 7025 7026 7027
f 7027 7026 7020
f 7027 7020 7015
f 7015 7020 7022
f 7015 7022 7013
f 7016 7018 7028
f 7029 7030 7031
f 7031 7030 7016
f 7031 7016 7032
f 7032 7016 7028
f 7014 7033 7034
f 7035 7015 7036
f 7036 7015 7014
f 7036 7014 7037
f 7037 7014 7034
f 7038 7039 7040
f 7038 7040 7041
f 7042 7043 7044
f 7044 7043 7045
f 7046 7047 7048
f 7049 7050 7040
f 7040 7050 7046
f 7040 7046 7041
f 7041 7046 7051
f 7045 7051 7044
f 7044 7051 7046
f 7044 7046 7052
f 7052 7046 7048
f 7042 7044 7053
f 7054 7055 7056
f 7056 7055 7042
f 7056 7042 7057
f 7057 7042 7053
f 7039 7058 7059
f 7060 7040 7061
f 7061 7040 7039
f 7061 7039 7062
f 7062 7039 7059
f 7063 7064 7065
f 7063 7065 7066
f 7067 7068 7069
f 7069 7068 7070
f 7071 7072 7073
f 7074 7075 7065
f 7065 7075 7071
f 7065 7071 7066
f 7066 7071 7076
f 7070 7076 7069
f 7069 7076 7071
f 7069 7071 7077
f 7077 7071 7073
f 7078 7079 7080
f 7080 7079 7067
f 7067 7069 7081
f 7082 7080 7083
f 7083 7080 7067
f 7083 7067 7084
f 7084 7067 7081
f 7064 7085 7086
f 7087 7065 7088
f 7088 7065 7064
f 7088 7064 7089
f 7089 7064 7086
f 7090 7091 7092
f 7093 7094 7095
f 7095 7094 7096
f 7097 7098 7099
f 7093 7098 7094
f 7094 7098 7097
f 7094 7097 7100
f 7100 7097 7101
f 7102 7103 7104
f 7104 7103 7097
f 7104 7097 7092
f 7092 7097 7099
f 7092 7099 7090
f 7105 7106 7107
f 7107 7106 7096
f 7096 7094 7108
f 7109 7107 7110
f 7110 7107 7096
f 7110 7096 7111
f 7111 7096 7108
f 7091 7112 7113
f 7114 7092 7115
f 7115 7092 7091
f 7115 7091 7116
f 7116 7091 7113
f 7117 7118 7119
f 7120 7121 7122
f 7122 7121 7123
f 7124 7125 7126
f 7120 7125 7121
f 7121 7125 7124
f 7121 7124 7127
f 7127 7124 7128
f 7129 7130 7131
f 7131 7130 7124
f 7131 7124 7119
f 7119 7124 7126
f 7119 7126 7117
f 7123 7121 7132
f 7133 7134 7135
f 7135 7134 7123
f 7135 7123 7136
f 7136 7123 7132
f 7118 7137 7138
f 7138 7137 7139
f 7140 7119 7141
f 7141 7119 7118
f 7141 7118 7142
f 7142 7118 7138
f 7142 7138 7143
f 7144 7145 7146
f 7147 7148 7149
f 7149 7148 7150
f 7151 7152 7153
f 7150 7152 7149
f 7149 7152 7151
f 7149 7151 7154
f 7154 7151 7155
f 7156 7157 7158
f 7158 7157 7151
f 7158 7151 7146
f 7146 7151 7153
f 7146 7153 7144
f 7147 7149 7159
f 7160 7161 7162
f 7162 7161 7147
f 7162 7147 7163
f 7163 7147 7159
f 7145 7164 7165
f 7165 7164 7166
f 7167 7146 7168
f 7168 7146 7145
f 7168 7145 7169
f 7169 7145 7165
f 7169 7165 7170
f 7171 7172 7173
f 7174 7175 7176
f 7176 7175 7177
f 7178 7179 7180
f 7177 7179 7176
f 7176 7179 7178
f 7176 7178 7181
f 7181 7178 7182
f 7183 7184 7185
f 7185 7184 7178
f 7185 7178 7173
f 7173 7178 7180
f 7173 7180 7171
f 7174 7176 7186
f 7187 7188 7189
f 7189 7188 7174
f 7189 7174 7190
f 7190 7174 7186
f 7172 7191 7192
f 7193 7173 7194
f 7194 7173 7172
f 7194 7172 7195
f 7195 7172 7192
f 7196 7197 7198
f 7199 7200 7201
f 7201 7200 7202
f 7203 7204 7205
f 7202 7204 7201
f 7201 7204 7203
f 7201 7203 7206
f 7206 7203 7207
f 7208 7209 7210
f 7210 7209 7203
f 7210 7203 7198
f 7198 7203 7205
f 7198 7205 7196
f 7199 7201 7211
f 7212 7213 7214
f 7214 7213 7199
f 7214 7199 7215
f 7215 7199 7211
f 7197 7216 7217
f 7218 7198 7219
f 7219 7198 7197
f 7219 7197 7220
f 7220 7197 7217
f 7221 7222 7223
f 7224 7225 7226
f 7227 7228 7229
f 7229 7228 7224
f 7226 7230 7224
f 7224 7230 7231
f 7224 7231 7229
f 7229 7231 7232
f 7233 7234 7235
f 7235 7234 7229
f 7235 7229 7223
f 7223 7229 7232
f 7223 7232 7221
f 7225 7224 7236
f 7237 7238 7239
f 7239 7238 7225
f 7239 7225 7240
f 7240 7225 7236
f 7222 7241 7242
f 7243 7223 7244
f 7244 7223 7222
f 7244 7222 7245
f 7245 7222 7242
f 7246 7247 7248
f 7249 7250 7251
f 7251 7250 7252
f 7253 7254 7255
f 7249 7254 7250
f 7250 7254 7253
f 7250 7253 7256
f 7256 7253 7257
f 7258 7259 7260
f 7260 7259 7253
f 7260 7253 7248
f 7248 7253 7255
f 7248 7255 7246
f 7252 7250 7261
f 7262 7263 7264
f 7264 7263 7252
f 7264 7252 7265
f 7265 7252 7261
f 7247 7266 7267
f 7268 7248 7269
f 7269 7248 7247
f 7269 7247 7270
f 7270 7247 7267
f 6851 6853 7271
f 7272 7273 7274
f 7274 7273 7275
f 7274 7275 7276
f 7277 7278 7279
f 7279 7278 7280
f 7279 7280 7281
f 7281 7280 7282
f 7281 7282 7283
f 7283 7282 7284
f 7283 7284 7285
f 7285 7284 7286
f 7285 7286 7271
f 7271 7286 7276
f 7271 7276 6851
f 6851 7276 7275
f 7287 7288 7289
f 7290 7291 7287
f 7292 7293 7294
f 7294 7293 7290
f 7290 7287 7294
f 7294 7287 7289
f 7294 7289 7295
f 7295 7289 6943
f 7295 6943 7296
f 7296 6943 6938
f 7296 6938 7297
f 7298 7296 7299
f 7299 7296 7297
f 7299 7297 7300
f 7300 7297 7301
f 7302 7303 7304
f 6964 7305 7306
f 7307 7308 7309
f 7309 7308 7302
f 7309 7302 7310
f 7310 7302 7304
f 7310 7304 7311
f 7311 7304 6965
f 7311 6965 7312
f 7312 6965 6964
f 7312 6964 7313
f 7313 6964 7314
f 7306 7315 6964
f 6964 7315 7316
f 6964 7316 7314
f 7317 6604 6608
f 7317 6608 7318
f 7319 6608 7320
f 7320 6608 6606
f 7320 6606 7321
f 6620 6622 7322
f 7319 7323 6608
f 6608 7323 7324
f 6608 7324 7318
f 7321 6606 7325
f 7325 6606 6620
f 7325 6620 7326
f 7326 6620 7327
f 7327 6620 7322
f 7327 7322 7328
f 7078 7080 7329
f 7330 7331 7332
f 7332 7331 7333
f 7332 7333 7334
f 7335 7336 7337
f 7337 7336 7338
f 7337 7338 7339
f 7339 7338 7340
f 7339 7340 7341
f 7341 7340 7342
f 7341 7342 7343
f 7343 7342 7344
f 7343 7344 7329
f 7329 7344 7334
f 7329 7334 7078
f 7078 7334 7333
f 7345 7346 7109
f 7109 7346 7143
f 7109 7143 7107
f 7107 7143 7138
f 7107 7138 7347
f 7347 7138 7348
f 7347 7348 7349
f 7349 7350 7347
f 7347 7350 7351
f 7347 7351 7352
f 7353 7354 7355
f 7109 7356 7345
f 7345 7356 7357
f 7345 7357 7358
f 7358 7357 7353
f 7358 7353 7359
f 7359 7353 7355
f 7359 7355 7360
f 7361 7362 7363
f 7364 7365 7366
f 7366 7365 7361
f 7366 7361 7367
f 7367 7361 7368
f 7368 7361 7363
f 7368 7363 7369
f 7369 7363 7170
f 7369 7170 7370
f 7370 7170 7165
f 7370 7165 7371
f 7372 7373 7374
f 7374 7373 7370
f 7374 7370 7375
f 7375 7370 7371
f 7376 7377 7378
f 7379 7380 7381
f 7382 7383 7191
f 7191 7383 7384
f 7191 7384 7192
f 7192 7384 7385
f 7192 7385 7378
f 7378 7385 7379
f 7378 7379 7376
f 7376 7379 7381
f 7376 7381 7386
f 7387 7388 7389
f 7389 7388 7382
f 7389 7382 7390
f 7390 7382 7191
f 7391 7392 7393
f 7394 7395 7391
f 7217 7396 7397
f 7217 7397 7393
f 7393 7397 7398
f 7393 7398 7391
f 7391 7398 7399
f 7391 7399 7394
f 7216 7400 7401
f 7396 7217 7402
f 7402 7217 7216
f 7402 7216 7403
f 7403 7216 7404
f 7404 7216 7401
f 7404 7401 7405
f 7406 7407 7408
f 7408 7407 7409
f 7408 7409 7410
f 7410 7409 7411
f 7410 7411 7412
f 7412 7411 7413
f 7241 7414 7415
f 7413 7411 7416
f 7416 7411 7242
f 7416 7242 7417
f 7417 7242 7241
f 7417 7241 7418
f 7418 7241 7419
f 7419 7241 7415
f 7419 7415 7420
f 7421 7422 7423
f 6740 6737 7424
f 6737 6733 7424
f 7424 6733 7425
f 7424 7425 7426
f 7427 7428 6748
f 6748 7428 7429
f 6748 7429 6745
f 7430 7427 7431
f 7431 7427 6748
f 7431 6748 7432
f 7432 6748 6743
f 7432 6743 7423
f 7423 6743 6740
f 7423 6740 7421
f 7421 6740 7424
f 6713 6745 7429
f 7433 6725 7434
f 7434 6725 6716
f 7434 6716 7435
f 7435 6716 6714
f 7435 6714 7436
f 7431 7437 7430
f 7430 7437 7438
f 7430 7438 7427
f 7427 7438 7439
f 7427 7439 7428
f 7428 7439 7440
f 7428 7440 7429
f 7429 7440 7436
f 7429 7436 6713
f 6713 7436 6714
f 6721 7441 6719
f 6719 7441 7442
f 6733 6719 7425
f 7425 6719 7442
f 7425 7442 7426
f 7426 7442 7443
f 7426 7443 7424
f 7424 7443 7444
f 7424 7444 7421
f 7421 7444 7445
f 7421 7445 7422
f 7422 7445 7446
f 7422 7446 7423
f 7423 7446 7447
f 7423 7447 7432
f 7432 7447 7448
f 6694 7449 7450
f 7451 7450 7452
f 7452 7450 7449
f 7452 7449 7453
f 7454 7455 6706
f 6706 7455 7456
f 6706 7456 6703
f 7457 7454 7458
f 7458 7454 6706
f 7458 6706 7459
f 7459 6706 6701
f 7459 6701 7450
f 7450 6701 6698
f 7450 6698 6694
f 6671 6703 7456
f 7460 6682 7461
f 7461 6682 6676
f 7461 6676 7462
f 7462 6676 6672
f 7462 6672 7463
f 7458 7464 7457
f 7457 7464 7465
f 7457 7465 7454
f 7454 7465 7466
f 7454 7466 7455
f 7455 7466 7467
f 7455 7467 7456
f 7456 7467 7463
f 7456 7463 6671
f 6671 7463 6672
f 6678 7468 6679
f 6679 7468 7469
f 6694 6679 7449
f 7449 6679 7469
f 7449 7469 7453
f 7453 7469 7470
f 7453 7470 7452
f 7452 7470 7471
f 7452 7471 7451
f 7451 7471 7472
f 7451 7472 7450
f 7450 7472 7473
f 7450 7473 7459
f 7459 7473 7474
f 7475 7476 7477
f 7477 7476 7478
f 7477 7478 7479
f 7479 7478 6652
f 6661 6664 7480
f 7480 6664 7481
f 7480 7481 7482
f 7482 7481 7483
f 7484 7481 7485
f 7485 7481 6664
f 7485 6664 7486
f 7486 6664 6659
f 7486 6659 7478
f 7478 6659 6656
f 7478 6656 6652
f 6630 6661 7480
f 7487 6637 7488
f 7488 6637 6631
f 7488 6631 7489
f 7485 7490 7484
f 7484 7490 7491
f 7484 7491 7481
f 7481 7491 7492
f 7481 7492 7483
f 7483 7492 7493
f 7483 7493 7482
f 7482 7493 7494
f 7482 7494 7480
f 7480 7494 7489
f 7480 7489 6630
f 6630 7489 6631
f 6639 7495 6645
f 6645 7495 7496
f 6652 6645 7479
f 7479 6645 7496
f 7479 7496 7477
f 7477 7496 7497
f 7477 7497 7475
f 7475 7497 7498
f 7475 7498 7476
f 7476 7498 7499
f 7476 7499 7478
f 7478 7499 7500
f 7478 7500 7486
f 7486 7500 7501
f 7502 7503 7504
f 7504 7503 7505
f 7506 7507 7504
f 7504 7507 7508
f 7504 7508 7502
f 7279 7281 7283
f 7283 7285 7279
f 7279 7285 7271
f 7279 7271 7277
f 7277 7271 6853
f 7277 6853 7509
f 7509 6853 6855
f 7509 6855 7503
f 7503 6855 7510
f 7503 7510 7505
f 7511 7512 7513
f 7513 7512 7514
f 7515 7516 7517
f 7517 7516 7518
f 7517 7518 7519
f 7519 7518 6916
f 7519 6916 6882
f 6882 6916 6911
f 6882 6911 6880
f 6880 6911 7513
f 6880 7513 7520
f 7520 7513 7514
f 7520 7514 7521
f 7522 7523 7524
f 7524 7523 7515
f 7524 7515 7525
f 7525 7515 7517
f 6878 6880 7520
f 7526 7527 7528
f 7529 7530 6912
f 6912 7530 7531
f 6911 6912 7513
f 7513 6912 7531
f 7513 7531 7511
f 7511 7531 7532
f 7511 7532 7512
f 7512 7532 7533
f 7512 7533 7514
f 7514 7533 7534
f 7514 7534 7521
f 7521 7534 7535
f 7521 7535 7520
f 7520 7535 7526
f 7520 7526 6878
f 6878 7526 7528
f 7536 7537 7538
f 7538 7537 7539
f 7538 7539 6939
f 6939 7539 7540
f 6938 6939 7297
f 7297 6939 7540
f 7297 7540 7301
f 7301 7540 7541
f 7301 7541 7300
f 7300 7541 7542
f 7300 7542 7299
f 7299 7542 7543
f 7299 7543 7298
f 7298 7543 7544
f 7298 7544 7296
f 7296 7544 7545
f 7546 7547 7548
f 7548 7547 7549
f 7548 7549 7550
f 7550 7549 7551
f 7305 7550 7306
f 7306 7550 7551
f 7306 7551 7315
f 7315 7551 7552
f 7315 7552 7316
f 7316 7552 7553
f 7316 7553 7314
f 7314 7553 7554
f 7314 7554 7313
f 7313 7554 7555
f 7313 7555 7312
f 7312 7555 7556
f 7557 7303 7302
f 7558 7559 7560
f 7311 7561 7310
f 7310 7561 7562
f 7310 7562 7309
f 7309 7562 7563
f 7309 7563 7307
f 7307 7563 7564
f 7307 7564 7308
f 7308 7564 7565
f 7308 7565 7302
f 7302 7565 7558
f 7302 7558 7557
f 7557 7558 7560
f 6594 6604 7317
f 7566 7567 6592
f 7321 7568 7320
f 7320 7568 7569
f 7320 7569 7319
f 7319 7569 7570
f 7319 7570 7323
f 7323 7570 7571
f 7323 7571 7324
f 7324 7571 7572
f 7324 7572 7318
f 7318 7572 7573
f 7318 7573 7317
f 7317 7573 7566
f 7317 7566 6594
f 6594 7566 6592
f 6598 7574 6600
f 6600 7574 7575
f 6600 7575 6587
f 6587 7575 7576
f 6587 7576 6588
f 6588 7576 7577
f 6622 6588 7322
f 7322 6588 7577
f 7322 7577 7328
f 7328 7577 7578
f 7328 7578 7327
f 7327 7578 7579
f 7327 7579 7326
f 7326 7579 7580
f 7326 7580 7325
f 7325 7580 7581
f 7582 7583 7584
f 7584 7583 7585
f 7586 7587 7585
f 7585 7587 7588
f 7585 7588 7584
f 7589 7590 7030
f 7030 7590 7591
f 7030 7591 7592
f 7593 7589 7594
f 7594 7589 7030
f 7594 7030 7595
f 7595 7030 7029
f 7595 7029 7596
f 7596 7029 7586
f 7596 7586 7597
f 7597 7586 7585
f 7598 7599 7600
f 7600 7599 7601
f 7588 7600 7584
f 7584 7600 7601
f 7584 7601 7582
f 7582 7601 7602
f 7582 7602 7583
f 7583 7602 7603
f 7604 7592 7591
f 7605 7606 7607
f 7607 7606 7608
f 7607 7608 7609
f 7609 7608 7610
f 7609 7610 7611
f 7594 7612 7593
f 7593 7612 7613
f 7593 7613 7589
f 7589 7613 7614
f 7589 7614 7590
f 7590 7614 7615
f 7590 7615 7591
f 7591 7615 7611
f 7591 7611 7604
f 7604 7611 7610
f 7616 7617 7055
f 7618 7619 7620
f 7620 7619 7621
f 7620 7621 7622
f 7623 7055 7624
f 7624 7055 7054
f 7624 7054 7625
f 7625 7054 7626
f 7625 7626 7622
f 7622 7626 7627
f 7622 7627 7620
f 7628 7616 7629
f 7629 7616 7055
f 7629 7055 7630
f 7630 7055 7623
f 7630 7623 7631
f 7632 7617 7616
f 7633 7634 7635
f 7635 7634 7636
f 7635 7636 7637
f 7623 7638 7631
f 7631 7638 7639
f 7631 7639 7630
f 7630 7639 7640
f 7630 7640 7629
f 7629 7640 7641
f 7629 7641 7628
f 7628 7641 7642
f 7628 7642 7616
f 7616 7642 7637
f 7616 7637 7632
f 7632 7637 7636
f 7643 7644 7645
f 7645 7644 7646
f 7627 7645 7620
f 7620 7645 7646
f 7620 7646 7618
f 7618 7646 7647
f 7618 7647 7619
f 7619 7647 7648
f 7619 7648 7621
f 7621 7648 7649
f 7621 7649 7622
f 7622 7649 7650
f 7622 7650 7625
f 7625 7650 7651
f 7625 7651 7624
f 7624 7651 7652
f 7653 7654 7655
f 7654 7656 7657
f 7658 7655 7659
f 7659 7655 7654
f 7659 7654 7660
f 7660 7654 7657
f 7337 7339 7341
f 7341 7343 7337
f 7337 7343 7329
f 7337 7329 7335
f 7335 7329 7080
f 7335 7080 7661
f 7661 7080 7082
f 7661 7082 7655
f 7655 7082 7662
f 7655 7662 7653
f 7105 7107 7347
f 7663 7664 7139
f 7139 7664 7665
f 7666 7667 7668
f 7138 7139 7348
f 7348 7139 7665
f 7348 7665 7349
f 7349 7665 7669
f 7349 7669 7350
f 7350 7669 7670
f 7350 7670 7351
f 7351 7670 7671
f 7351 7671 7352
f 7352 7671 7672
f 7352 7672 7347
f 7347 7672 7666
f 7347 7666 7105
f 7105 7666 7668
f 7673 7674 7675
f 7675 7674 7676
f 7675 7676 7166
f 7166 7676 7677
f 7165 7166 7371
f 7371 7166 7677
f 7371 7677 7375
f 7375 7677 7678
f 7375 7678 7374
f 7374 7678 7679
f 7374 7679 7372
f 7372 7679 7680
f 7372 7680 7373
f 7373 7680 7681
f 7373 7681 7370
f 7370 7681 7682
f 7683 7684 7685
f 7685 7684 7686
f 7685 7686 7687
f 7687 7686 7688
f 7390 7687 7389
f 7389 7687 7688
f 7389 7688 7387
f 7387 7688 7689
f 7387 7689 7388
f 7388 7689 7690
f 7388 7690 7382
f 7382 7690 7691
f 7382 7691 7383
f 7383 7691 7692
f 7383 7692 7384
f 7384 7692 7693
f 7694 7377 7376
f 7695 7696 7697
f 7385 7698 7379
f 7379 7698 7699
f 7379 7699 7380
f 7380 7699 7700
f 7380 7700 7381
f 7381 7700 7701
f 7381 7701 7386
f 7386 7701 7702
f 7386 7702 7376
f 7376 7702 7695
f 7376 7695 7694
f 7694 7695 7697
f 7703 7704 7705
f 7705 7704 7706
f 7705 7706 7707
f 7707 7706 7708
f 7707 7708 7709
f 7709 7708 7710
f 7400 7709 7401
f 7401 7709 7710
f 7401 7710 7405
f 7405 7710 7711
f 7405 7711 7404
f 7404 7711 7712
f 7404 7712 7403
f 7403 7712 7713
f 7403 7713 7402
f 7402 7713 7714
f 7715 7392 7391
f 7716 7717 7718
f 7396 7719 7397
f 7397 7719 7720
f 7397 7720 7398
f 7398 7720 7721
f 7398 7721 7399
f 7399 7721 7722
f 7399 7722 7394
f 7394 7722 7723
f 7394 7723 7395
f 7395 7723 7724
f 7395 7724 7391
f 7391 7724 7716
f 7391 7716 7715
f 7715 7716 7718
f 7725 7407 7406
f 7726 7727 7728
f 7416 7729 7413
f 7413 7729 7730
f 7413 7730 7412
f 7412 7730 7731
f 7412 7731 7410
f 7410 7731 7732
f 7410 7732 7408
f 7408 7732 7733
f 7408 7733 7406
f 7406 7733 7726
f 7406 7726 7725
f 7725 7726 7728
f 7734 7735 7736
f 7736 7735 7737
f 7736 7737 7738
f 7738 7737 7739
f 7738 7739 7740
f 7740 7739 7741
f 7414 7740 7415
f 7415 7740 7741
f 7415 7741 7420
f 7420 7741 7742
f 7420 7742 7419
f 7419 7742 7743
f 7419 7743 7418
f 7418 7743 7744
f 7418 7744 7417
f 7417 7744 7745
f 7746 7747 7735
f 7734 7728 7735
f 7735 7728 7727
f 7735 7727 7746
f 7748 7749 7704
f 7703 7718 7704
f 7704 7718 7717
f 7704 7717 7748
f 7750 7751 7684
f 7683 7697 7684
f 7684 7697 7696
f 7684 7696 7750
f 7674 7673 7752
f 7362 7361 7752
f 7752 7361 7753
f 7752 7753 7674
f 7674 7753 7754
f 7674 7754 7755
f 7664 7663 7756
f 7346 7345 7756
f 7756 7345 7757
f 7756 7757 7664
f 7664 7757 7758
f 7664 7758 7759
f 7760 7357 7761
f 7761 7357 7356
f 7762 7763 7667
f 7667 7763 7760
f 7667 7760 7668
f 7668 7760 7761
f 7764 7331 7330
f 7765 7766 7330
f 7330 7766 7767
f 7330 7767 7764
f 7764 7767 7654
f 7764 7654 7653
f 7768 7769 7633
f 7633 7769 7644
f 7633 7644 7634
f 7634 7644 7643
f 7770 7771 7605
f 7605 7771 7599
f 7605 7599 7606
f 7606 7599 7598
f 7772 7773 7574
f 6598 6592 7574
f 7574 6592 7567
f 7574 7567 7772
f 7774 7775 7547
f 7546 7560 7547
f 7547 7560 7559
f 7547 7559 7774
f 7537 7536 7776
f 7288 7287 7776
f 7776 7287 7777
f 7776 7777 7537
f 7537 7777 7778
f 7537 7778 7779
f 7780 7517 7781
f 7781 7517 7519
f 7782 7783 7527
f 7527 7783 7780
f 7527 7780 7528
f 7528 7780 7781
f 7530 7529 7784
f 7518 7516 7784
f 7784 7516 7785
f 7784 7785 7530
f 7530 7785 7786
f 7530 7786 7787
f 7788 7504 7789
f 7789 7504 7505
f 7790 7791 7272
f 7272 7791 7788
f 7272 7788 7273
f 7273 7788 7789
f 7792 7793 7487
f 7487 7793 7495
f 7487 7495 6637
f 6637 7495 6639
f 7794 7795 7460
f 7460 7795 7468
f 7460 7468 6682
f 6682 7468 6678
f 7796 7797 7433
f 7433 7797 7441
f 7433 7441 6725
f 6725 7441 6721
f 7798 7799 7800
f 7801 6583 7802
f 7802 6583 6582
f 7802 6582 7803
f 7803 6582 6584
f 6585 7804 6584
f 6584 7804 7805
f 6584 7805 7803
f 6586 7806 6585
f 6585 7806 7807
f 6585 7807 7804
f 7808 7809 6586
f 7810 7811 7809
f 7809 7811 7812
f 7809 7812 6586
f 6586 7812 7813
f 6586 7813 7806
f 6586 6992 7808
f 7808 6992 6993
f 7808 6993 7814
f 7814 6993 6990
f 7814 6990 7815
f 7815 6990 7816
f 7817 7818 7819
f 7820 7821 7010
f 7007 7006 7822
f 7819 7818 7823
f 7823 7818 7824
f 7823 7824 7825
f 7825 7824 7826
f 7825 7826 7006
f 7006 7826 7798
f 7006 7798 7822
f 7822 7798 7800
f 7822 7800 7810
f 7810 7800 7827
f 7810 7827 7811
f 7010 7011 7820
f 7820 7011 7012
f 7820 7012 7828
f 7828 7012 7007
f 7828 7007 7829
f 7829 7007 7822
f 6990 6583 7816
f 7816 6583 7801
f 7816 7801 7830
f 7830 7801 7831
f 7830 7831 7821
f 7821 7831 7817
f 7821 7817 7010
f 7010 7817 7819
f 7832 6790 6794
f 6796 6789 6795
f 6796 6795 7833
f 7833 6795 6792
f 7833 6792 7834
f 7834 6792 6791
f 7834 6791 7835
f 6790 7832 6791
f 6791 7832 7836
f 6791 7836 7835
f 7837 7838 6794
f 6794 7838 7839
f 6794 7839 7832
f 7837 6794 7840
f 7840 6794 6793
f 7840 6793 7841
f 7841 6793 6788
f 7841 6788 6798
f 7842 6804 6803
f 6808 6801 6807
f 6808 6807 7843
f 7843 6807 6806
f 7843 6806 7844
f 7844 6806 6805
f 7844 6805 7845
f 6804 7842 6805
f 6805 7842 7846
f 6805 7846 7845
f 7847 7848 6803
f 6803 7848 7849
f 6803 7849 7842
f 7847 6803 7850
f 7850 6803 6802
f 7850 6802 7851
f 7851 6802 6800
f 7851 6800 6810
f 7852 6816 6815
f 6820 6813 6819
f 6820 6819 7853
f 7853 6819 6818
f 7853 6818 7854
f 7854 6818 6817
f 7854 6817 7855
f 6816 7852 6817
f 6817 7852 7856
f 6817 7856 7855
f 7857 7858 6815
f 6815 7858 7859
f 6815 7859 7852
f 7857 6815 7860
f 7860 6815 6814
f 7860 6814 7861
f 7861 6814 6812
f 7861 6812 6822
f 7862 6828 6827
f 6832 6825 6831
f 6832 6831 7863
f 7863 6831 6830
f 7863 6830 7864
f 7864 6830 6829
f 7864 6829 7865
f 6828 7862 6829
f 6829 7862 7866
f 6829 7866 7865
f 7867 7868 6827
f 6827 7868 7869
f 6827 7869 7862
f 7867 6827 7870
f 7870 6827 6826
f 7870 6826 7871
f 7871 6826 6824
f 7871 6824 6834
f 7872 6846 6845
f 6854 6842 6850
f 6854 6850 7873
f 7873 6850 6849
f 7873 6849 7874
f 7874 6849 6848
f 7874 6848 7875
f 6846 7872 6848
f 6848 7872 7876
f 6848 7876 7875
f 7877 7878 6845
f 6845 7878 7879
f 6845 7879 7872
f 7877 6845 7880
f 7880 6845 6844
f 7880 6844 7881
f 7881 6844 6837
f 7881 6837 6860
f 7882 6871 6875
f 6881 6869 6877
f 6881 6877 7883
f 7883 6877 6873
f 7883 6873 7884
f 7884 6873 6872
f 7884 6872 7885
f 6871 7882 6872
f 6872 7882 7886
f 6872 7886 7885
f 7887 7888 6875
f 6875 7888 7889
f 6875 7889 7882
f 7887 6875 7890
f 7890 6875 6874
f 7890 6874 7891
f 7891 6874 6865
f 7891 6865 6887
f 7892 6898 6902
f 6905 6895 6904
f 6905 6904 7893
f 7893 6904 6900
f 7893 6900 7894
f 7894 6900 6899
f 7894 6899 7895
f 6898 7892 6899
f 6899 7892 7896
f 6899 7896 7895
f 7897 7898 6902
f 6902 7898 7899
f 6902 7899 7892
f 7897 6902 7900
f 7900 6902 6901
f 7900 6901 7901
f 7901 6901 6892
f 7901 6892 6913
f 7902 6930 6929
f 6932 6921 6927
f 6932 6927 7903
f 7903 6927 6928
f 7903 6928 7904
f 7904 6928 6924
f 7904 6924 7905
f 6930 7902 6924
f 6924 7902 7906
f 6924 7906 7905
f 7907 7908 6929
f 6929 7908 7909
f 6929 7909 7902
f 7907 6929 7910
f 7910 6929 6931
f 7910 6931 7911
f 7911 6931 6919
f 7911 6919 6940
f 7912 6952 6956
f 6959 6945 6958
f 6959 6958 7913
f 7913 6958 6954
f 7913 6954 7914
f 7914 6954 6953
f 7914 6953 7915
f 6952 7912 6953
f 6953 7912 7916
f 6953 7916 7915
f 7917 7918 6956
f 6956 7918 7919
f 6956 7919 7912
f 7917 6956 7920
f 7920 6956 6955
f 7920 6955 7921
f 7921 6955 6949
f 7921 6949 6966
f 7922 6971 6975
f 6977 6969 6976
f 6977 6976 7923
f 7923 6976 6973
f 7923 6973 7924
f 7924 6973 6972
f 7924 6972 7925
f 6971 7922 6972
f 6972 7922 7926
f 6972 7926 7925
f 7927 7928 6975
f 6975 7928 7929
f 6975 7929 7922
f 7927 6975 7930
f 7930 6975 6974
f 7930 6974 7931
f 7931 6974 6970
f 7931 6970 6979
f 7932 6983 6987
f 6989 6981 6988
f 6989 6988 7933
f 7933 6988 6985
f 7933 6985 7934
f 7934 6985 6984
f 7934 6984 7935
f 6983 7932 6984
f 6984 7932 7936
f 6984 7936 7935
f 7937 7938 6987
f 6987 7938 7939
f 6987 7939 7932
f 7937 6987 7940
f 7940 6987 6986
f 7940 6986 7941
f 7941 6986 6982
f 7941 6982 6994
f 7942 7002 7001
f 7004 6997 6999
f 7004 6999 7943
f 7943 6999 7000
f 7943 7000 7944
f 7944 7000 6998
f 7944 6998 7945
f 7002 7942 6998
f 6998 7942 7946
f 6998 7946 7945
f 7947 7948 7001
f 7001 7948 7949
f 7001 7949 7942
f 7947 7001 7950
f 7950 7001 7003
f 7950 7003 7951
f 7951 7003 6996
f 7951 6996 7008
f 7952 7026 7025
f 7028 7018 7023
f 7028 7023 7953
f 7953 7023 7024
f 7953 7024 7954
f 7954 7024 7020
f 7954 7020 7955
f 7026 7952 7020
f 7020 7952 7956
f 7020 7956 7955
f 7957 7958 7025
f 7025 7958 7959
f 7025 7959 7952
f 7957 7025 7960
f 7960 7025 7027
f 7960 7027 7961
f 7961 7027 7015
f 7961 7015 7035
f 7962 7046 7050
f 7053 7044 7052
f 7053 7052 7963
f 7963 7052 7048
f 7963 7048 7964
f 7964 7048 7047
f 7964 7047 7965
f 7046 7962 7047
f 7047 7962 7966
f 7047 7966 7965
f 7967 7968 7050
f 7050 7968 7969
f 7050 7969 7962
f 7967 7050 7970
f 7970 7050 7049
f 7970 7049 7971
f 7971 7049 7040
f 7971 7040 7060
f 7972 7071 7075
f 7081 7069 7077
f 7081 7077 7973
f 7973 7077 7073
f 7973 7073 7974
f 7974 7073 7072
f 7974 7072 7975
f 7071 7972 7072
f 7072 7972 7976
f 7072 7976 7975
f 7977 7978 7075
f 7075 7978 7979
f 7075 7979 7972
f 7977 7075 7980
f 7980 7075 7074
f 7980 7074 7981
f 7981 7074 7065
f 7981 7065 7087
f 7982 7103 7102
f 7108 7094 7100
f 7108 7100 7983
f 7983 7100 7101
f 7983 7101 7984
f 7984 7101 7097
f 7984 7097 7985
f 7103 7982 7097
f 7097 7982 7986
f 7097 7986 7985
f 7987 7988 7102
f 7102 7988 7989
f 7102 7989 7982
f 7987 7102 7990
f 7990 7102 7104
f 7990 7104 7991
f 7991 7104 7092
f 7991 7092 7114
f 7992 7130 7129
f 7132 7121 7127
f 7132 7127 7993
f 7993 7127 7128
f 7993 7128 7994
f 7994 7128 7124
f 7994 7124 7995
f 7130 7992 7124
f 7124 7992 7996
f 7124 7996 7995
f 7997 7998 7129
f 7129 7998 7999
f 7129 7999 7992
f 7997 7129 8000
f 8000 7129 7131
f 8000 7131 8001
f 8001 7131 7119
f 8001 7119 7140
f 8002 7157 7156
f 7159 7149 7154
f 7159 7154 8003
f 8003 7154 7155
f 8003 7155 8004
f 8004 7155 7151
f 8004 7151 8005
f 7157 8002 7151
f 7151 8002 8006
f 7151 8006 8005
f 8007 8008 7156
f 7156 8008 8009
f 7156 8009 8002
f 8007 7156 8010
f 8010 7156 7158
f 8010 7158 8011
f 8011 7158 7146
f 8011 7146 7167
f 8012 7184 7183
f 7186 7176 7181
f 7186 7181 8013
f 8013 7181 7182
f 8013 7182 8014
f 8014 7182 7178
f 8014 7178 8015
f 7184 8012 7178
f 7178 8012 8016
f 7178 8016 8015
f 8017 8018 7183
f 7183 8018 8019
f 7183 8019 8012
f 8017 7183 8020
f 8020 7183 7185
f 8020 7185 8021
f 8021 7185 7173
f 8021 7173 7193
f 8022 7209 7208
f 7211 7201 7206
f 7211 7206 8023
f 8023 7206 7207
f 8023 7207 8024
f 8024 7207 7203
f 8024 7203 8025
f 7209 8022 7203
f 7203 8022 8026
f 7203 8026 8025
f 8027 8028 7208
f 7208 8028 8029
f 7208 8029 8022
f 8027 7208 8030
f 8030 7208 7210
f 8030 7210 8031
f 8031 7210 7198
f 8031 7198 7218
f 8032 7234 7233
f 7236 7224 7228
f 7236 7228 8033
f 8033 7228 7227
f 8033 7227 8034
f 8034 7227 7229
f 8034 7229 8035
f 7234 8032 7229
f 7229 8032 8036
f 7229 8036 8035
f 8037 8038 7233
f 7233 8038 8039
f 7233 8039 8032
f 8037 7233 8040
f 8040 7233 7235
f 8040 7235 8041
f 8041 7235 7223
f 8041 7223 7243
f 8042 7259 7258
f 7261 7250 7256
f 7261 7256 8043
f 8043 7256 7257
f 8043 7257 8044
f 8044 7257 7253
f 8044 7253 8045
f 7259 8042 7253
f 7253 8042 8046
f 7253 8046 8045
f 8047 8048 7258
f 7258 8048 8049
f 7258 8049 8042
f 8047 7258 8050
f 8050 7258 7260
f 8050 7260 8051
f 8051 7260 7248
f 8051 7248 7268
f 7504 7788 7506
f 7506 7788 8052
f 7506 8052 7507
f 7507 8052 8053
f 7507 8053 7508
f 7508 8053 8054
f 7508 8054 7502
f 7502 8054 8055
f 7502 8055 7503
f 7503 8055 8056
f 7503 8056 7509
f 7509 8056 8057
f 7517 7780 7525
f 7525 7780 8058
f 7525 8058 7524
f 7524 8058 8059
f 7524 8059 7522
f 7522 8059 8060
f 7522 8060 7523
f 7523 8060 8061
f 7523 8061 7515
f 7515 8061 8062
f 7515 8062 7516
f 7516 8062 7785
f 7295 8063 7294
f 7294 8063 8064
f 7294 8064 7292
f 7292 8064 8065
f 7292 8065 7293
f 7293 8065 8066
f 7293 8066 7290
f 7290 8066 8067
f 7290 8067 7291
f 7291 8067 8068
f 7291 8068 7287
f 7287 8068 7777
f 7585 7583 8069
f 8069 7583 7603
f 7585 8069 7597
f 7597 8069 8070
f 7597 8070 7596
f 7596 8070 8071
f 7596 8071 7595
f 7595 8071 8072
f 7654 7767 7656
f 7656 7767 8073
f 7656 8073 7657
f 7657 8073 8074
f 7657 8074 7660
f 7660 8074 8075
f 7660 8075 7659
f 7659 8075 8076
f 7659 8076 7658
f 7658 8076 8077
f 7658 8077 7655
f 7655 8077 8078
f 7655 8078 7661
f 7661 8078 8079
f 7357 7760 7353
f 7353 7760 8080
f 7353 8080 7354
f 7354 8080 8081
f 7354 8081 7355
f 7355 8081 8082
f 7355 8082 7360
f 7360 8082 8083
f 7360 8083 7359
f 7359 8083 8084
f 7359 8084 7358
f 7358 8084 8085
f 7358 8085 7345
f 7345 8085 7757
f 7369 8086 7368
f 7368 8086 8087
f 7368 8087 7367
f 7367 8087 8088
f 7367 8088 7366
f 7366 8088 8089
f 7366 8089 7364
f 7364 8089 8090
f 7364 8090 7365
f 7365 8090 8091
f 7365 8091 7361
f 7361 8091 7753
f 7737 7735 7747
f 8092 8093 8094
f 8095 7741 7747
f 7747 7741 7739
f 7747 7739 7737
f 8095 8092 7741
f 7741 8092 8094
f 7741 8094 7742
f 7742 8094 8096
f 7742 8096 7743
f 7743 8096 8097
f 7743 8097 7744
f 7744 8097 7745
f 8097 8098 7745
f 7745 8098 7729
f 7745 7729 7417
f 7417 7729 7416
f 8099 8100 8101
f 7704 7749 7706
f 7706 7749 7708
f 7714 7713 8102
f 8102 7713 7712
f 8102 7712 8101
f 8101 7712 7711
f 8101 7711 8099
f 7708 7749 7710
f 7710 7749 8103
f 7710 8103 7711
f 7711 8103 8104
f 7711 8104 8099
f 8102 8105 7714
f 7714 8105 7719
f 7714 7719 7402
f 7402 7719 7396
f 8106 8107 8108
f 7684 7751 7686
f 7686 7751 7688
f 7693 7692 8109
f 8109 7692 7691
f 8109 7691 8108
f 8108 7691 7690
f 8108 7690 8106
f 7688 7751 7689
f 7689 7751 8110
f 7689 8110 7690
f 7690 8110 8111
f 7690 8111 8106
f 8109 8112 7693
f 7693 8112 7698
f 7693 7698 7384
f 7384 7698 7385
f 7676 7674 7755
f 8113 7678 7755
f 7755 7678 7677
f 7755 7677 7676
f 8114 8115 8116
f 8113 8114 7678
f 7678 8114 8116
f 7678 8116 7679
f 7679 8116 8117
f 7679 8117 7680
f 7680 8117 8118
f 7680 8118 7681
f 7681 8118 7682
f 8118 8119 7682
f 7682 8119 8086
f 7682 8086 7370
f 7370 8086 7369
f 8120 8121 8122
f 7664 7759 7665
f 7665 7759 7669
f 7667 7666 7762
f 7762 7666 7672
f 7762 7672 8122
f 8122 7672 7671
f 8122 7671 8120
f 7669 7759 7670
f 7670 7759 8123
f 7670 8123 7671
f 7671 8123 8124
f 7671 8124 8120
f 8125 8126 8127
f 7336 8128 7338
f 7338 8128 7340
f 7330 7332 7765
f 7765 7332 7334
f 7765 7334 8127
f 8127 7334 7344
f 8127 7344 8125
f 7340 8128 7342
f 7342 8128 8129
f 7342 8129 7344
f 7344 8129 8130
f 7344 8130 8125
f 8131 8128 7336
f 7335 7661 7336
f 7336 7661 8079
f 7336 8079 8131
f 7639 7638 8132
f 8133 8134 8135
f 8136 7641 8132
f 8132 7641 7640
f 8132 7640 7639
f 8136 8133 7641
f 7641 8133 8135
f 7641 8135 7642
f 7642 8135 8137
f 7642 8137 7637
f 7637 8137 7768
f 7637 7768 7635
f 7635 7768 7633
f 8138 8132 7638
f 7623 7624 7638
f 7638 7624 7652
f 7638 7652 8138
f 7612 8139 7613
f 7613 8139 7614
f 7614 8139 7615
f 7615 8139 8140
f 7615 8140 7611
f 7611 8140 8141
f 7611 8141 8142
f 7605 7607 7770
f 7770 7607 7609
f 7770 7609 8143
f 8143 7609 7611
f 8143 7611 8144
f 8144 7611 8142
f 8145 8139 7612
f 7594 7595 7612
f 7612 7595 8072
f 7612 8072 8145
f 7574 7773 7575
f 7575 7773 7576
f 7576 7773 7577
f 7577 7773 8146
f 7577 8146 7578
f 7578 8146 8147
f 7578 8147 8148
f 7581 7580 8149
f 8149 7580 7579
f 8149 7579 8150
f 8150 7579 7578
f 8150 7578 8151
f 8151 7578 8148
f 8149 8152 7581
f 7581 8152 7568
f 7581 7568 7325
f 7325 7568 7321
f 7775 8153 7552
f 7552 7551 7775
f 7775 7551 7549
f 7775 7549 7547
f 8154 8155 8156
f 8153 8154 7552
f 7552 8154 8156
f 7552 8156 7553
f 7553 8156 8157
f 7553 8157 7554
f 7554 8157 8158
f 7554 8158 7555
f 7555 8158 7556
f 8158 8159 7556
f 7556 8159 7561
f 7556 7561 7312
f 7312 7561 7311
f 7539 7537 7779
f 8160 8161 8162
f 8163 7542 8164
f 8164 7542 7541
f 8164 7541 7779
f 7779 7541 7540
f 7779 7540 7539
f 8163 8160 7542
f 7542 8160 8162
f 7542 8162 7543
f 7543 8162 8165
f 7543 8165 7544
f 7544 8165 7545
f 8165 8166 7545
f 7545 8166 8063
f 7545 8063 7296
f 7296 8063 7295
f 8167 8168 8169
f 7530 7787 7531
f 7531 7787 7532
f 7527 7526 7782
f 7782 7526 7535
f 7782 7535 8169
f 8169 7535 7534
f 8169 7534 8167
f 7532 7787 7533
f 7533 7787 8170
f 7533 8170 7534
f 7534 8170 8171
f 7534 8171 8167
f 7278 8172 7280
f 7280 8172 7282
f 7282 8172 7284
f 7284 8172 8173
f 7284 8173 7286
f 7286 8173 8174
f 7286 8174 8175
f 7272 7274 7790
f 7790 7274 7276
f 7790 7276 8176
f 8176 7276 7286
f 8176 7286 8177
f 8177 7286 8175
f 8178 8172 7278
f 7277 7509 7278
f 7278 7509 8057
f 7278 8057 8178
f 8179 8180 8181
f 7490 8182 7491
f 7491 8182 7492
f 7487 7488 7792
f 7792 7488 7489
f 7792 7489 8181
f 8181 7489 7494
f 8181 7494 8179
f 7492 8182 7493
f 7493 8182 8183
f 7493 8183 7494
f 7494 8183 8184
f 7494 8184 8179
f 8185 8182 7490
f 7485 7486 7490
f 7490 7486 7501
f 7490 7501 8185
f 8186 8187 7467
f 8188 8189 8190
f 7467 7466 8186
f 8186 7466 7465
f 8186 7465 7464
f 8187 8188 7467
f 7467 8188 8190
f 7467 8190 7463
f 7463 8190 8191
f 7463 8191 7462
f 7462 8191 7794
f 7462 7794 7461
f 7461 7794 7460
f 8192 8186 7464
f 7458 7459 7464
f 7464 7459 7474
f 7464 7474 8192
f 7437 8193 7438
f 7438 8193 7439
f 7439 8193 7440
f 7440 8193 8194
f 7440 8194 7436
f 7436 8194 8195
f 7436 8195 8196
f 7433 7434 7796
f 7796 7434 7435
f 7796 7435 8197
f 8197 7435 7436
f 8197 7436 8198
f 8198 7436 8196
f 8199 8193 7437
f 7431 7432 7437
f 7437 7432 7448
f 7437 7448 8199
f 8200 8131 8201
f 8202 7754 8203
f 8204 7750 8205
f 8206 7748 8207
f 8070 8069 7603
f 8071 8070 6412
f 6412 8070 7603
f 6412 7603 6024
f 6024 7603 7602
f 8071 6412 8072
f 8072 6412 8208
f 8072 8208 8145
f 8209 8210 8208
f 8208 8210 8211
f 8208 8211 8145
f 8209 8208 8212
f 8212 8208 8213
f 8212 8213 8214
f 7602 7601 6024
f 6024 7601 7599
f 6024 7599 6015
f 6015 7599 7771
f 8215 8216 8217
f 8215 8217 8213
f 8213 8217 8218
f 8213 8218 8219
f 8220 8221 8222
f 8222 8221 8223
f 8222 8223 8213
f 8213 8223 8224
f 8213 8224 8215
f 7573 7572 6022
f 6022 7572 7571
f 7570 7559 7571
f 7571 7559 7558
f 7571 7558 6022
f 6022 7558 7565
f 6022 7565 6415
f 6415 7565 7564
f 6415 7564 7563
f 7772 7567 6022
f 6022 7567 7566
f 6022 7566 7573
f 6022 6021 7772
f 7772 6021 6020
f 7772 6020 8219
f 8219 6020 6019
f 8219 6019 8213
f 8213 6019 6018
f 8213 6018 8214
f 8214 6018 6017
f 8214 6017 7771
f 7771 6017 6016
f 7771 6016 6015
f 7563 7562 6415
f 6415 7562 7561
f 6415 7561 8222
f 8222 7561 8159
f 8222 8159 8220
f 7570 7569 7559
f 7559 7569 7568
f 7559 7568 7774
f 7774 7568 8152
f 7774 8152 8215
f 8215 8152 8225
f 8215 8225 8216
f 8065 8064 6416
f 8166 8226 8227
f 8065 6416 8066
f 8066 6416 6415
f 8066 6415 8067
f 8166 8227 8063
f 8226 8228 8227
f 8227 8228 8229
f 8227 8229 8222
f 8222 8229 8230
f 8222 8230 8231
f 8231 7778 8222
f 8222 7778 7777
f 8222 7777 6415
f 6415 7777 8068
f 6415 8068 8067
f 6416 7785 8062
f 8227 8232 7786
f 7783 8233 8234
f 8064 8063 6416
f 6416 8063 8227
f 6416 8227 7785
f 7785 8227 7786
f 7783 8234 7780
f 8233 8235 8234
f 8234 8235 8236
f 8234 8236 8227
f 8227 8236 8237
f 8227 8237 8232
f 8062 8061 6416
f 6416 8061 8060
f 6416 8060 6417
f 6417 8060 8059
f 6417 8059 8058
f 8234 8238 8178
f 6417 8057 8056
f 7791 8239 8240
f 8058 7780 6417
f 6417 7780 8234
f 6417 8234 8057
f 8057 8234 8178
f 7791 8240 7788
f 8056 8055 6417
f 6417 8055 8054
f 6417 8054 6418
f 6418 8054 8053
f 6418 8053 8052
f 8239 8241 8240
f 8240 8241 8242
f 8240 8242 8234
f 8234 8242 8243
f 8234 8243 8238
f 6418 7501 7500
f 8240 8244 8185
f 8052 7788 6418
f 6418 7788 8240
f 6418 8240 7501
f 7501 8240 8185
f 7497 6419 7498
f 7498 6419 6418
f 7498 6418 7499
f 7499 6418 7500
f 8245 8246 8247
f 8247 8246 8248
f 8247 8248 8240
f 8240 8248 8249
f 8240 8249 8244
f 7497 7496 6419
f 6419 7496 7495
f 6419 7495 8247
f 8247 7495 7793
f 8247 7793 8245
f 7470 6420 7471
f 7471 6420 6419
f 7471 6419 7472
f 7470 7469 6420
f 6420 7469 7468
f 6420 7468 8250
f 8250 7468 7795
f 8250 7795 8251
f 8251 8252 8250
f 8250 8252 8253
f 8250 8253 8247
f 8247 8253 8254
f 8247 8254 8255
f 8255 8192 8247
f 8247 8192 7474
f 8247 7474 6419
f 6419 7474 7473
f 6419 7473 7472
f 7797 8256 8257
f 8257 8256 8258
f 8257 8258 8250
f 8258 8259 8250
f 8250 8259 8260
f 8250 8260 8261
f 7797 8257 7441
f 7441 8257 6070
f 7441 6070 7442
f 8261 8199 8250
f 8250 8199 7448
f 8250 7448 6420
f 6420 7448 7447
f 6420 7447 7446
f 7446 7445 6420
f 6420 7445 7444
f 6420 7444 6421
f 6421 7444 7443
f 6421 7443 7442
f 7442 6070 6421
f 6421 6070 6069
f 6421 6069 5929
f 6405 6404 6047
f 6047 6404 6071
f 8098 8262 8207
f 7731 7730 6405
f 8098 8207 7729
f 7726 7733 6047
f 8262 8263 8207
f 8207 8263 8264
f 8207 8264 6046
f 6046 8264 8265
f 6047 7733 6405
f 6405 7733 7732
f 6405 7732 7731
f 8265 8266 6046
f 6046 8266 7746
f 6046 7746 6047
f 6047 7746 7727
f 6047 7727 7726
f 8206 8207 8267
f 7717 7716 6405
f 7730 7729 6405
f 6405 7729 8207
f 6405 8207 7717
f 7717 8207 7748
f 7716 7724 6405
f 6405 7724 7723
f 6405 7723 6407
f 7723 7722 6407
f 6407 7722 7721
f 6407 7721 7720
f 8267 8207 8268
f 8268 8207 8205
f 8268 8205 8269
f 7719 8105 8205
f 8205 8105 8270
f 8205 8270 8269
f 8112 8271 8203
f 8112 8203 7698
f 7696 7695 6407
f 7720 7719 6407
f 6407 7719 8205
f 6407 8205 7696
f 7696 8205 7750
f 7695 7702 6407
f 6407 7702 7701
f 6407 7701 6408
f 6408 7701 7700
f 6408 7700 7699
f 8271 8272 8203
f 8203 8272 8273
f 8203 8273 8205
f 8205 8273 8274
f 8205 8274 8204
f 7753 8091 6408
f 7699 7698 6408
f 6408 7698 8203
f 6408 8203 7753
f 7753 8203 7754
f 8088 6409 8089
f 8089 6409 6408
f 8089 6408 8090
f 8090 6408 8091
f 8088 8087 6409
f 6409 8087 8086
f 6409 8086 8275
f 8275 8086 8119
f 8275 8119 8276
f 8276 8277 8275
f 8275 8277 8278
f 8275 8278 8203
f 8203 8278 8279
f 8203 8279 8202
f 7763 8280 8201
f 8084 8083 6409
f 6410 8081 8080
f 7763 8201 7760
f 6409 8083 6410
f 6410 8083 8082
f 6410 8082 8081
f 8280 8281 8201
f 8201 8281 8282
f 8201 8282 8275
f 8275 8282 8283
f 8275 8283 8284
f 8284 7758 8275
f 8275 7758 7757
f 8275 7757 6409
f 6409 7757 8085
f 6409 8085 8084
f 8079 8078 6410
f 8074 8073 6411
f 6411 8073 7767
f 6411 7767 8285
f 8285 7767 7766
f 8285 7766 8286
f 8080 7760 6410
f 6410 7760 8201
f 6410 8201 8079
f 8079 8201 8131
f 8286 8287 8285
f 8285 8287 8288
f 8285 8288 8201
f 8201 8288 8289
f 8201 8289 8200
f 8078 8077 6410
f 6410 8077 8076
f 6410 8076 6411
f 6411 8076 8075
f 6411 8075 8074
f 7648 7647 6412
f 7648 6412 7649
f 7649 6412 6411
f 7649 6411 7650
f 8290 8291 8208
f 8208 8291 8292
f 8208 8292 8285
f 8285 8292 8293
f 8285 8293 8294
f 7647 7646 6412
f 6412 7646 7644
f 6412 7644 8208
f 8208 7644 7769
f 8208 7769 8290
f 8294 8138 8285
f 8285 8138 7652
f 8285 7652 6411
f 6411 7652 7651
f 6411 7651 7650
f 8295 8296 6046
f 6046 8296 6043
f 6046 6043 8207
f 8207 6043 6042
f 8207 6042 8205
f 8205 6042 6041
f 8205 6041 8203
f 8203 6041 6040
f 8203 6040 8275
f 8275 6040 6039
f 8275 6039 8201
f 8201 6039 6038
f 8201 6038 8285
f 8285 6038 6037
f 8285 6037 8208
f 8208 6037 6036
f 8208 6036 8213
f 8213 6036 6034
f 8213 6034 8222
f 8222 6034 6033
f 8222 6033 8227
f 8227 6033 6032
f 8227 6032 8234
f 8234 6032 6031
f 8234 6031 8240
f 8240 6031 6030
f 8240 6030 8247
f 8247 6030 6029
f 8247 6029 8250
f 8250 6029 6027
f 8250 6027 8257
f 8257 6027 6026
f 8257 6026 8297
f 8297 6026 8298
f 7747 7746 8095
f 8095 7746 8266
f 8095 8266 8092
f 8092 8266 8265
f 8092 8265 8093
f 8093 8265 8264
f 8093 8264 8094
f 8094 8264 8263
f 8094 8263 8096
f 8096 8263 8262
f 8096 8262 8097
f 8097 8262 8098
f 7749 7748 8103
f 8103 7748 8206
f 8103 8206 8104
f 8104 8206 8267
f 8104 8267 8099
f 8099 8267 8268
f 8099 8268 8100
f 8100 8268 8269
f 8100 8269 8101
f 8101 8269 8270
f 8101 8270 8102
f 8102 8270 8105
f 7751 7750 8110
f 8110 7750 8204
f 8110 8204 8111
f 8111 8204 8274
f 8111 8274 8106
f 8106 8274 8273
f 8106 8273 8107
f 8107 8273 8272
f 8107 8272 8108
f 8108 8272 8271
f 8108 8271 8109
f 8109 8271 8112
f 7755 7754 8113
f 8113 7754 8202
f 8113 8202 8114
f 8114 8202 8279
f 8114 8279 8115
f 8115 8279 8278
f 8115 8278 8116
f 8116 8278 8277
f 8116 8277 8117
f 8117 8277 8276
f 8117 8276 8118
f 8118 8276 8119
f 7759 7758 8123
f 8123 7758 8284
f 8123 8284 8124
f 8124 8284 8283
f 8124 8283 8120
f 8120 8283 8282
f 8120 8282 8121
f 8121 8282 8281
f 8121 8281 8122
f 8122 8281 8280
f 8122 8280 7762
f 7762 8280 7763
f 8128 8131 8129
f 8129 8131 8200
f 8129 8200 8130
f 8130 8200 8289
f 8130 8289 8125
f 8125 8289 8288
f 8125 8288 8126
f 8126 8288 8287
f 8126 8287 8127
f 8127 8287 8286
f 8127 8286 7765
f 7765 8286 7766
f 8132 8138 8136
f 8136 8138 8294
f 8136 8294 8133
f 8133 8294 8293
f 8133 8293 8134
f 8134 8293 8292
f 8134 8292 8135
f 8135 8292 8291
f 8135 8291 8137
f 8137 8291 8290
f 8137 8290 7768
f 7768 8290 7769
f 8139 8145 8140
f 8140 8145 8211
f 8140 8211 8141
f 8141 8211 8210
f 8141 8210 8142
f 8142 8210 8209
f 8142 8209 8144
f 8144 8209 8212
f 8144 8212 8143
f 8143 8212 8214
f 8143 8214 7770
f 7770 8214 7771
f 7773 7772 8146
f 8146 7772 8219
f 8146 8219 8147
f 8147 8219 8218
f 8147 8218 8148
f 8148 8218 8217
f 8148 8217 8151
f 8151 8217 8216
f 8151 8216 8150
f 8150 8216 8225
f 8150 8225 8149
f 8149 8225 8152
f 7775 7774 8153
f 8153 7774 8215
f 8153 8215 8154
f 8154 8215 8224
f 8154 8224 8155
f 8155 8224 8223
f 8155 8223 8156
f 8156 8223 8221
f 8156 8221 8157
f 8157 8221 8220
f 8157 8220 8158
f 8158 8220 8159
f 7779 7778 8164
f 8164 7778 8231
f 8164 8231 8163
f 8163 8231 8230
f 8163 8230 8160
f 8160 8230 8229
f 8160 8229 8161
f 8161 8229 8228
f 8161 8228 8162
f 8162 8228 8226
f 8162 8226 8165
f 8165 8226 8166
f 7787 7786 8170
f 8170 7786 8232
f 8170 8232 8171
f 8171 8232 8237
f 8171 8237 8167
f 8167 8237 8236
f 8167 8236 8168
f 8168 8236 8235
f 8168 8235 8169
f 8169 8235 8233
f 8169 8233 7782
f 7782 8233 7783
f 8172 8178 8173
f 8173 8178 8238
f 8173 8238 8174
f 8174 8238 8243
f 8174 8243 8175
f 8175 8243 8242
f 8175 8242 8177
f 8177 8242 8241
f 8177 8241 8176
f 8176 8241 8239
f 8176 8239 7790
f 7790 8239 7791
f 8182 8185 8183
f 8183 8185 8244
f 8183 8244 8184
f 8184 8244 8249
f 8184 8249 8179
f 8179 8249 8248
f 8179 8248 8180
f 8180 8248 8246
f 8180 8246 8181
f 8181 8246 8245
f 8181 8245 7792
f 7792 8245 7793
f 8186 8192 8187
f 8187 8192 8255
f 8187 8255 8188
f 8188 8255 8254
f 8188 8254 8189
f 8189 8254 8253
f 8189 8253 8190
f 8190 8253 8252
f 8190 8252 8191
f 8191 8252 8251
f 8191 8251 7794
f 7794 8251 7795
f 8193 8199 8194
f 8194 8199 8261
f 8194 8261 8195
f 8195 8261 8260
f 8195 8260 8196
f 8196 8260 8259
f 8196 8259 8198
f 8198 8259 8258
f 8198 8258 8197
f 8197 8258 8256
f 8197 8256 7796
f 7796 8256 7797
f 7821 7820 8299
f 8299 7820 7828
f 8299 7828 7829
f 7815 7816 8299
f 8299 7816 7830
f 8299 7830 7821
f 7809 7808 8299
f 8299 7808 7814
f 8299 7814 7815
f 7829 7822 8299
f 8299 7822 7810
f 8299 7810 7809
f 8300 8301 8302
f 8303 8304 8305
f 8306 8307 8308
f 7798 8309 8310
f 8306 8308 8310
f 8310 8308 7799
f 8310 7799 7798
f 8307 8306 8311
f 8311 8306 8312
f 8311 8312 8313
f 8313 8312 8314
f 8313 8314 8315
f 8315 8314 8316
f 8315 8316 8317
f 8317 8316 8318
f 8317 8318 8319
f 8320 8321 8322
f 8318 8323 8319
f 8319 8323 8324
f 8319 8324 8325
f 8325 8324 8326
f 8325 8326 8327
f 8327 8326 8328
f 8327 8328 8329
f 8329 8328 8320
f 8329 8320 8330
f 8330 8320 8322
f 8305 8304 8331
f 8331 8304 8332
f 8331 8332 8333
f 8333 8332 8334
f 8333 8334 8335
f 8335 8334 8336
f 8335 8336 8337
f 8337 8336 8338
f 8337 8338 8339
f 8339 8338 8340
f 8339 8340 8341
f 8341 8340 8342
f 8341 8342 8343
f 8343 8342 8344
f 8343 8344 8345
f 8345 8344 8346
f 8345 8346 8321
f 8321 8346 8347
f 8321 8347 8322
f 8305 8348 8303
f 8303 8348 8349
f 8303 8349 8350
f 8350 8349 8351
f 8350 8351 8352
f 8352 8351 8353
f 8352 8353 8354
f 8354 8353 8355
f 8354 8355 8356
f 8356 8355 8357
f 8356 8357 8358
f 8358 8357 8359
f 8358 8359 8360
f 8360 8359 8361
f 8361 8359 8362
f 8362 8359 8363
f 8362 8363 8364
f 8364 8363 8365
f 8364 8365 8366
f 8365 8367 8366
f 8366 8367 8368
f 8366 8368 8369
f 8369 8368 8370
f 8369 8370 8371
f 8371 8370 8372
f 8371 8372 8373
f 8373 8372 8374
f 8373 8374 8375
f 8375 8374 8376
f 8375 8376 8377
f 8377 8376 8378
f 8377 8378 8379
f 8379 8378 8380
f 8379 8380 8381
f 8381 8380 8382
f 8381 8382 8383
f 8382 8384 8383
f 8383 8384 8385
f 8383 8385 8386
f 8386 8385 8387
f 8386 8387 8388
f 8388 8387 8389
f 8388 8389 8390
f 8390 8389 8391
f 8390 8391 8392
f 8392 8391 8393
f 8392 8393 8394
f 8393 8395 8394
f 8394 8395 8396
f 8394 8396 8397
f 8397 8396 8398
f 8397 8398 8399
f 8399 8398 8400
f 8399 8400 8401
f 8401 8400 8402
f 8401 8402 8403
f 8403 8402 8404
f 8403 8404 8405
f 8405 8404 8406
f 8405 8406 8407
f 8407 8406 8408
f 8407 8408 8409
f 8408 8410 8409
f 8409 8410 8411
f 8409 8411 8412
f 8412 8411 8413
f 8412 8413 8414
f 8414 8413 8415
f 8415 8413 8416
f 8415 8416 8417
f 8416 8418 8417
f 8417 8418 8419
f 8417 8419 8420
f 8420 8419 8421
f 8420 8421 8422
f 8422 8421 8423
f 8422 8423 8424
f 8425 8426 8427
f 8427 8426 8428
f 8427 8428 8429
f 8429 8428 8430
f 8429 8430 8431
f 8431 8430 8432
f 8431 8432 8433
f 8433 8432 8434
f 8433 8434 8435
f 8435 8434 8436
f 8435 8436 8437
f 8437 8436 8438
f 8437 8438 8439
f 8439 8438 8440
f 8439 8440 8441
f 8441 8440 8442
f 8441 8442 8443
f 8443 8442 8444
f 8443 8444 8445
f 8445 8444 8446
f 8445 8446 8447
f 8447 8446 8448
f 8447 8448 8449
f 8449 8448 8450
f 8449 8450 8451
f 8451 8450 8452
f 8451 8452 8453
f 8453 8452 8454
f 8453 8454 8424
f 8424 8454 8455
f 8424 8455 8422
f 8456 8457 8458
f 8458 8457 8459
f 8458 8459 8460
f 8460 8459 8461
f 8460 8461 8462
f 8462 8461 8463
f 8462 8463 8464
f 8464 8463 8465
f 8464 8465 8466
f 8466 8465 8467
f 8466 8467 8468
f 8468 8467 8469
f 8468 8469 8470
f 8470 8469 8471
f 8470 8471 8425
f 8425 8471 8472
f 8425 8472 8426
f 8458 8473 8456
f 8456 8473 8474
f 8456 8474 8475
f 8475 8474 8476
f 8475 8476 8477
f 8477 8476 8478
f 8477 8478 8479
f 8479 8478 8480
f 8479 8480 8481
f 8481 8480 8482
f 8481 8482 8483
f 8483 8482 8484
f 8484 8482 8485
f 8484 8485 8486
f 8486 8485 8487
f 8486 8487 8488
f 8488 8487 8489
f 8489 8487 8490
f 8489 8490 8491
f 8491 8490 8492
f 8491 8492 8493
f 8493 8492 8494
f 8493 8494 8495
f 8495 8494 8496
f 8495 8496 8497
f 8497 8496 8498
f 8497 8498 8499
f 8499 8498 8500
f 8499 8500 8501
f 8501 8500 8502
f 8501 8502 8503
f 8503 8502 8504
f 8503 8504 8505
f 8505 8504 8506
f 8505 8506 8507
f 8507 8506 8508
f 8507 8508 8509
f 8509 8508 8510
f 8509 8510 8511
f 8511 8510 8512
f 8511 8512 8513
f 8513 8512 8514
f 8513 8514 8515
f 8515 8514 8516
f 8515 8516 8517
f 8517 8516 8518
f 8517 8518 8519
f 8519 8518 8520
f 8519 8520 8521
f 8521 8520 8522
f 8521 8522 8523
f 8523 8522 8524
f 8523 8524 8525
f 8524 8526 8525
f 8525 8526 8527
f 8525 8527 8528
f 8528 8527 8529
f 8528 8529 8530
f 8530 8529 8531
f 8530 8531 8532
f 8532 8531 8533
f 8532 8533 8534
f 8534 8533 8535
f 8534 8535 8536
f 8536 8535 8537
f 8536 8537 8538
f 8538 8537 8539
f 8538 8539 8540
f 8540 8539 8541
f 8540 8541 8542
f 8542 8541 8543
f 8542 8543 8544
f 8543 8545 8544
f 8544 8545 8546
f 8544 8546 8547
f 8547 8546 8548
f 8547 8548 8549
f 8549 8548 8550
f 8549 8550 8551
f 8551 8550 8552
f 8551 8552 8553
f 8553 8552 8554
f 8553 8554 8555
f 8555 8554 8556
f 8555 8556 8557
f 8557 8556 8558
f 8557 8558 8559
f 8559 8558 8560
f 8559 8560 8561
f 8561 8560 8562
f 8561 8562 8563
f 8563 8562 8564
f 8563 8564 8565
f 8564 8566 8565
f 8565 8566 8567
f 8565 8567 8568
f 8568 8567 8569
f 8568 8569 8570
f 8570 8569 8571
f 8570 8571 8572
f 8572 8571 8573
f 8572 8573 8574
f 8574 8573 8575
f 8574 8575 8576
f 8576 8575 8577
f 8577 8575 8578
f 8577 8578 8579
f 8579 8578 8580
f 8579 8580 8581
f 8581 8580 8582
f 8581 8582 8583
f 8583 8582 8584
f 8583 8584 8585
f 8585 8584 8586
f 8586 8584 8587
f 8586 8587 8588
f 8588 8587 8589
f 8588 8589 8590
f 8590 8589 8591
f 8590 8591 8592
f 8592 8591 8593
f 8592 8593 8594
f 8594 8593 8595
f 8594 8595 8596
f 8596 8595 8597
f 8596 8597 8598
f 8598 8597 8599
f 8598 8599 8600
f 8600 8599 8601
f 8600 8601 8602
f 8602 8601 8603
f 8602 8603 8604
f 8604 8603 8605
f 8604 8605 8606
f 8606 8605 8607
f 8606 8607 8608
f 8608 8607 8609
f 8608 8609 8610
f 8610 8609 8611
f 8610 8611 8612
f 8612 8611 8613
f 8612 8613 8614
f 8614 8613 8615
f 8614 8615 8616
f 8616 8615 8617
f 8616 8617 8618
f 8618 8617 8619
f 8619 8617 8620
f 8619 8620 8621
f 8621 8620 8622
f 8621 8622 8623
f 8623 8622 8624
f 8623 8624 8625
f 8626 8627 8628
f 8625 8624 8627
f 8627 8624 8629
f 8627 8629 8628
f 8626 8628 8630
f 8630 8628 8631
f 8630 8631 8632
f 8631 8633 8632
f 8632 8633 8634
f 8632 8634 8635
f 8635 8634 8636
f 8635 8636 8637
f 8637 8636 8638
f 8637 8638 8639
f 8639 8638 8640
f 8639 8640 8641
f 8640 8642 8641
f 8641 8642 8643
f 8641 8643 8644
f 8644 8643 8645
f 8644 8645 8646
f 8646 8645 8647
f 8647 8645 8648
f 8647 8648 8649
f 8649 8648 8650
f 8649 8650 8651
f 8651 8650 8652
f 8651 8652 8653
f 8653 8652 8654
f 8653 8654 8655
f 8655 8654 8656
f 8655 8656 8657
f 8657 8656 8658
f 8657 8658 8659
f 8659 8658 8660
f 8659 8660 8661
f 8661 8660 8662
f 8661 8662 8663
f 8663 8662 8664
f 8663 8664 8665
f 8665 8664 8666
f 8665 8666 8667
f 8667 8666 8668
f 8667 8668 8669
f 8669 8668 8670
f 8669 8670 8671
f 8671 8670 8672
f 8671 8672 8673
f 8672 8674 8673
f 8673 8674 8675
f 8673 8675 8676
f 8676 8675 8677
f 8676 8677 8678
f 8678 8677 8679
f 8679 8677 8680
f 8679 8680 8681
f 8681 8680 8682
f 8681 8682 8683
f 8683 8682 8684
f 8683 8684 8685
f 8685 8684 8686
f 8685 8686 8687
f 8687 8686 8688
f 8688 8686 8689
f 8688 8689 8690
f 8690 8689 8691
f 8690 8691 8692
f 8692 8691 8693
f 8692 8693 8694
f 8694 8693 8695
f 8694 8695 8696
f 8696 8695 8697
f 8696 8697 8698
f 8698 8697 8699
f 8698 8699 8700
f 8699 8701 8700
f 8700 8701 8702
f 8700 8702 8703
f 8703 8702 8704
f 8703 8704 8705
f 8705 8704 8706
f 8705 8706 8707
f 8707 8706 8708
f 8707 8708 8709
f 8709 8708 8710
f 8709 8710 8711
f 8712 8713 8714
f 8711 8710 8715
f 8715 8710 8716
f 8715 8716 8717
f 8717 8716 8718
f 8717 8718 8719
f 8719 8718 8720
f 8719 8720 8721
f 8721 8720 8722
f 8721 8722 8723
f 8723 8722 8724
f 8723 8724 8714
f 8714 8724 8725
f 8714 8725 8712
f 8713 8712 8726
f 8726 8712 8727
f 8726 8727 8728
f 8728 8727 8729
f 8728 8729 8730
f 8730 8729 8731
f 8730 8731 8732
f 8731 8733 8732
f 8732 8733 8734
f 8732 8734 8735
f 8735 8734 8736
f 8735 8736 8737
f 8737 8736 8738
f 8737 8738 8739
f 8739 8738 8740
f 8739 8740 8741
f 8741 8740 8742
f 8741 8742 8743
f 8743 8742 8744
f 8744 8742 8745
f 8744 8745 8746
f 8746 8745 8747
f 8746 8747 8748
f 8748 8747 8749
f 8748 8749 8750
f 8750 8749 8751
f 8750 8751 8752
f 8752 8751 8753
f 8752 8753 8754
f 8753 8755 8754
f 8754 8755 8756
f 8754 8756 8757
f 8757 8756 8758
f 8757 8758 8759
f 8759 8758 8760
f 8759 8760 8761
f 8761 8760 8762
f 8761 8762 8763
f 8763 8762 8764
f 8763 8764 8765
f 8765 8764 8766
f 8765 8766 8767
f 8767 8766 8768
f 8767 8768 8769
f 8769 8768 8770
f 8769 8770 8771
f 8771 8770 8772
f 8771 8772 8773
f 8773 8772 8774
f 8773 8774 8775
f 8775 8774 8776
f 8775 8776 8777
f 8777 8776 8778
f 8777 8778 8779
f 8779 8778 8780
f 8779 8780 8781
f 8781 8780 8782
f 8781 8782 8783
f 8783 8782 8784
f 8783 8784 8785
f 8785 8784 8786
f 8785 8786 8787
f 8787 8786 8788
f 8787 8788 8789
f 8789 8788 8790
f 8789 8790 8791
f 8791 8790 8792
f 8791 8792 8793
f 8793 8792 8794
f 8793 8794 8795
f 8794 8796 8795
f 8795 8796 8797
f 8795 8797 8798
f 8797 8799 8798
f 8798 8799 8800
f 8798 8800 8801
f 8801 8800 8802
f 8801 8802 8803
f 8803 8802 8804
f 8803 8804 8805
f 8805 8804 8806
f 8805 8806 8807
f 8807 8806 8808
f 8807 8808 8809
f 8809 8808 8810
f 8809 8810 8811
f 8811 8810 8812
f 8811 8812 8813
f 8813 8812 8814
f 8812 8815 8814
f 8814 8815 8816
f 8814 8816 8817
f 8817 8816 8818
f 8817 8818 8819
f 8819 8818 8820
f 8819 8820 8821
f 8821 8820 8822
f 8821 8822 8823
f 8822 8824 8823
f 8823 8824 8825
f 8823 8825 8826
f 8826 8825 8827
f 8826 8827 8828
f 8828 8827 8829
f 8828 8829 8830
f 8830 8829 8831
f 8830 8831 8832
f 8832 8831 8833
f 8832 8833 8834
f 8834 8833 8835
f 8834 8835 8836
f 8836 8835 8837
f 8836 8837 8838
f 8838 8837 8839
f 8840 8841 8837
f 8837 8841 8842
f 8837 8842 8839
f 8843 8844 8841
f 8841 8844 8845
f 8841 8845 8842
f 8846 8847 8848
f 8848 8847 8849
f 8848 8849 8843
f 8843 8849 8850
f 8843 8850 8844
f 8302 8301 8848
f 8848 8301 8851
f 8848 8851 8846
f 8300 8302 8852
f 8852 8302 8853
f 8852 8853 8854
f 8854 8853 8855
f 8855 8853 8856
f 8855 8856 8857
f 8858 8859 8860
f 8860 8859 8861
f 8860 8861 8862
f 8858 8863 8859
f 8859 8863 8864
f 8859 8864 8856
f 8856 8864 8865
f 8856 8865 8857
f 8866 8867 8868
f 8868 8869 8866
f 8866 8869 8870
f 8866 8870 8861
f 8861 8870 8871
f 8861 8871 8862
f 8872 8873 8867
f 8867 8873 8874
f 8867 8874 8868
f 8840 8875 8872
f 8872 8875 8876
f 8872 8876 8873
f 8877 8878 7826
f 7826 8878 8879
f 7826 8879 7798
f 7798 8879 8880
f 7798 8880 8309
f 8877 7826 8881
f 8881 7826 7824
f 8881 7824 8882
f 8882 7824 7818
f 8882 7818 8883
f 7831 8884 8885
f 7831 8885 7817
f 8885 8886 7817
f 7817 8886 8887
f 7817 8887 7818
f 7818 8887 8888
f 7818 8888 8883
f 8884 7831 8889
f 8889 7831 7801
f 8889 7801 8890
f 7802 8891 7801
f 7801 8891 8892
f 7801 8892 8890
f 8893 8894 8895
f 8896 8897 8898
f 8898 8899 8896
f 8896 8899 8900
f 8896 8900 8901
f 8901 8900 8902
f 8901 8902 8903
f 8903 8902 8904
f 8903 8904 8905
f 8905 8904 8906
f 8905 8906 8907
f 8907 8906 8908
f 8907 8908 8909
f 8908 8910 8909
f 8909 8910 8911
f 8909 8911 8912
f 8912 8911 8913
f 8912 8913 8914
f 8913 8915 8914
f 8914 8915 8916
f 8914 8916 8917
f 8917 8916 8918
f 8917 8918 8919
f 8919 8918 8920
f 8919 8920 8921
f 8921 8920 8922
f 8921 8922 8923
f 8923 8922 8924
f 8923 8924 8925
f 8925 8924 8926
f 8925 8926 8927
f 8927 8926 8928
f 8927 8928 8929
f 8928 8930 8929
f 8929 8930 8931
f 8929 8931 8932
f 8932 8931 8933
f 8932 8933 8934
f 8934 8933 8935
f 8934 8935 8936
f 8936 8935 8937
f 8936 8937 8938
f 8938 8937 8939
f 8938 8939 8940
f 8940 8939 8941
f 8940 8941 8942
f 8942 8941 8943
f 8942 8943 8944
f 8944 8943 8945
f 8944 8945 8946
f 8946 8945 8947
f 8946 8947 8948
f 8948 8947 8949
f 8948 8949 8950
f 8949 8951 8950
f 8950 8951 8952
f 8950 8952 8953
f 8953 8952 8954
f 8953 8954 8955
f 8954 8956 8955
f 8955 8956 8957
f 8955 8957 8958
f 8958 8957 8959
f 8958 8959 8960
f 8960 8959 8961
f 8960 8961 8962
f 8962 8961 8963
f 8962 8963 8964
f 8963 8965 8964
f 8964 8965 8966
f 8964 8966 8967
f 8967 8966 8968
f 8967 8968 8969
f 8969 8968 8970
f 8969 8970 8971
f 8970 8972 8971
f 8971 8972 8973
f 8971 8973 8974
f 8974 8973 8975
f 8974 8975 8976
f 8976 8975 8977
f 8976 8977 8978
f 8977 8979 8978
f 8978 8979 8980
f 8978 8980 8981
f 8981 8980 8982
f 8981 8982 8983
f 8983 8982 8984
f 8983 8984 8985
f 8984 8986 8985
f 8985 8986 8987
f 8985 8987 8988
f 8988 8987 8989
f 8988 8989 8990
f 8990 8989 8991
f 8990 8991 8992
f 8992 8991 8993
f 8993 8991 8994
f 8993 8994 8995
f 8995 8994 8996
f 8995 8996 8997
f 8996 8998 8997
f 8997 8998 8999
f 8997 8999 9000
f 9000 8999 9001
f 9000 9001 9002
f 9002 9001 9003
f 9002 9003 9004
f 9004 9003 9005
f 9005 9006 9004
f 9004 9006 9007
f 9004 9007 9008
f 9008 9007 9009
f 9008 9009 9010
f 9010 9009 9011
f 9010 9011 9012
f 9011 9013 9012
f 9012 9013 9014
f 9012 9014 9015
f 9015 9014 9016
f 9015 9016 9017
f 9017 9016 9018
f 9017 9018 9019
f 9018 9020 9019
f 9019 9020 9021
f 9019 9021 9022
f 9022 9021 9023
f 9022 9023 9024
f 9024 9023 9025
f 9024 9025 9026
f 9025 9027 9026
f 9026 9027 9028
f 9026 9028 9029
f 9029 9028 9030
f 9029 9030 9031
f 9032 9033 9034
f 9030 9035 9031
f 9031 9035 9036
f 9031 9036 9037
f 9037 9036 9038
f 9037 9038 9039
f 9039 9038 9040
f 9039 9040 9041
f 9041 9040 9042
f 9041 9042 9033
f 9033 9042 9043
f 9033 9043 9034
f 9034 9044 9032
f 9032 9044 9045
f 9032 9045 9046
f 9045 9047 9046
f 9046 9047 9048
f 9046 9048 9049
f 9048 9050 9049
f 9049 9050 9051
f 9049 9051 9052
f 9052 9051 9053
f 9052 9053 9054
f 9054 9053 9055
f 9054 9055 9056
f 9056 9055 9057
f 9056 9057 9058
f 9057 9059 9058
f 9058 9059 9060
f 9058 9060 9061
f 9061 9060 9062
f 9061 9062 9063
f 9063 9062 9064
f 9063 9064 9065
f 9065 9064 9066
f 9065 9066 9067
f 9067 9066 9068
f 9067 9068 9069
f 9069 9068 9070
f 9069 9070 9071
f 9071 9070 9072
f 9071 9072 9073
f 9074 9075 9076
f 9076 9075 9077
f 9076 9077 9078
f 9078 9077 9079
f 9078 9079 9080
f 9080 9079 9073
f 9080 9073 9081
f 9081 9073 9072
f 9074 9082 9075
f 9075 9082 9083
f 9075 9083 9084
f 9084 9083 9085
f 9084 9085 9086
f 9085 9087 9086
f 9086 9087 9088
f 9086 9088 9089
f 9089 9088 9090
f 9089 9090 9091
f 9091 9090 9092
f 9091 9092 9093
f 9093 9092 9094
f 9093 9094 9095
f 9095 9094 9096
f 9096 9094 9097
f 9096 9097 9098
f 9098 9097 9099
f 9098 9099 9100
f 9099 9101 9100
f 9100 9101 9102
f 9100 9102 9103
f 9103 9102 9104
f 9103 9104 9105
f 9105 9104 9106
f 9105 9106 9107
f 9106 9108 9107
f 9107 9108 9109
f 9107 9109 9110
f 9110 9109 9111
f 9110 9111 9112
f 9111 9113 9112
f 9112 9113 9114
f 9112 9114 9115
f 9115 9114 9116
f 9115 9116 9117
f 9116 9118 9117
f 9117 9118 9119
f 9117 9119 9120
f 9120 9119 9121
f 9120 9121 9122
f 9122 9121 9123
f 9122 9123 9124
f 9123 9125 9124
f 9124 9125 9126
f 9124 9126 9127
f 9127 9126 9128
f 9127 9128 9129
f 9129 9128 9130
f 9129 9130 9131
f 9131 9130 9132
f 9131 9132 9133
f 9133 9132 9134
f 9133 9134 9135
f 9135 9134 9136
f 9135 9136 9137
f 9137 9136 9138
f 9137 9138 9139
f 9139 9138 9140
f 9138 9141 9140
f 9140 9141 9142
f 9140 9142 9143
f 9143 9142 9144
f 9143 9144 9145
f 9145 9144 9146
f 9145 9146 9147
f 9147 9146 9148
f 9148 9149 9147
f 9147 9149 9150
f 9150 9149 9151
f 9150 9151 9152
f 9152 9151 9153
f 9152 9153 9154
f 9153 9155 9154
f 9154 9155 9156
f 9154 9156 9157
f 9156 9158 9157
f 9157 9158 9159
f 9157 9159 9160
f 9160 9159 9161
f 9160 9161 9162
f 9162 9161 9163
f 9162 9163 9164
f 9164 9163 9165
f 9164 9165 9166
f 9166 9165 9167
f 9166 9167 9168
f 9167 9169 9168
f 9168 9169 9170
f 9168 9170 9171
f 9171 9170 9172
f 9171 9172 9173
f 9172 9174 9173
f 9173 9174 9175
f 9173 9175 9176
f 9177 9178 9179
f 9175 9180 9176
f 9176 9180 9181
f 9176 9181 9182
f 9182 9181 9183
f 9182 9183 9184
f 9184 9183 9185
f 9184 9185 9178
f 9178 9185 9186
f 9178 9186 9179
f 9179 9187 9177
f 9177 9187 9188
f 9177 9188 9189
f 9189 9188 9190
f 9189 9190 9191
f 9191 9190 9192
f 9191 9192 9193
f 9193 9192 9194
f 9193 9194 9195
f 9195 9194 9196
f 9195 9196 9197
f 9197 9196 9198
f 9197 9198 9199
f 9199 9198 9200
f 9199 9200 9201
f 9201 9200 9202
f 9201 9202 9203
f 9203 9202 9204
f 9203 9204 9205
f 9205 9204 9206
f 9205 9206 9207
f 9206 9208 9207
f 9207 9208 9209
f 9207 9209 9210
f 9210 9209 9211
f 9210 9211 9212
f 9212 9211 9213
f 9212 9213 9214
f 9214 9213 9215
f 9214 9215 9216
f 9216 9215 9217
f 9216 9217 9218
f 9218 9217 9219
f 9218 9219 9220
f 9220 9219 9221
f 9220 9221 9222
f 9221 9223 9222
f 9222 9223 9224
f 9222 9224 9225
f 9225 9224 9226
f 9225 9226 9227
f 9226 9228 9227
f 9227 9228 9229
f 9227 9229 9230
f 9230 9229 9231
f 9230 9231 9232
f 9232 9231 9233
f 9232 9233 9234
f 9233 9235 9234
f 9234 9235 9236
f 9234 9236 9237
f 9237 9236 9238
f 9237 9238 9239
f 9239 9238 9240
f 9239 9240 9241
f 9241 9240 9242
f 9241 9242 9243
f 9243 9242 9244
f 9243 9244 9245
f 9245 9244 9246
f 9245 9246 9247
f 9247 9246 9248
f 9247 9248 9249
f 9248 9250 9249
f 9249 9250 9251
f 9249 9251 9252
f 9252 9251 9253
f 9252 9253 9254
f 9254 9253 9255
f 9254 9255 9256
f 9256 9255 9257
f 9256 9257 9258
f 9258 9257 9259
f 9258 9259 9260
f 9260 9259 9261
f 9260 9261 9262
f 9262 9261 9263
f 9262 9263 9264
f 9263 9265 9264
f 9264 9265 9266
f 9264 9266 9267
f 9267 9266 9268
f 9267 9268 9269
f 9269 9268 9270
f 9269 9270 9271
f 9270 9272 9271
f 9271 9272 9273
f 9271 9273 9274
f 9274 9273 9275
f 9274 9275 9276
f 9276 9275 9277
f 9276 9277 9278
f 9278 9277 9279
f 9278 9279 9280
f 9279 9281 9280
f 9280 9281 9282
f 9280 9282 9283
f 9283 9282 9284
f 9283 9284 9285
f 9285 9284 9286
f 9285 9286 9287
f 9286 9288 9287
f 9287 9288 9289
f 9287 9289 9290
f 9289 9291 9290
f 9290 9291 9292
f 9290 9292 9293
f 9293 9292 9294
f 9293 9294 9295
f 9294 9296 9295
f 9295 9296 9297
f 9295 9297 9298
f 9298 9297 9299
f 9298 9299 9300
f 9299 9301 9300
f 9300 9301 9302
f 9300 9302 9303
f 9303 9302 9304
f 9303 9304 9305
f 9305 9304 9306
f 9305 9306 9307
f 9307 9306 9308
f 9307 9308 9309
f 9309 9308 9310
f 9309 9310 9311
f 9311 9310 9312
f 9310 9313 9312
f 9312 9313 9314
f 9312 9314 9315
f 9315 9314 9316
f 9315 9316 9317
f 9316 9318 9317
f 9317 9318 9319
f 9317 9319 9320
f 9320 9319 9321
f 9320 9321 9322
f 9322 9321 9323
f 9322 9323 9324
f 9324 9323 9325
f 9324 9325 9326
f 9325 9327 9326
f 9326 9327 9328
f 9326 9328 9329
f 9329 9328 9330
f 9329 9330 9331
f 9331 9330 9332
f 9331 9332 9333
f 9333 9332 9334
f 9333 9334 9335
f 9335 9334 9336
f 9335 9336 9337
f 9337 9336 9338
f 9337 9338 9339
f 9339 9338 9340
f 9339 9340 9341
f 9340 9342 9341
f 9341 9342 9343
f 9341 9343 9344
f 9344 9343 9345
f 9344 9345 9346
f 9345 9347 9346
f 9346 9347 9348
f 9346 9348 9349
f 9349 9348 9350
f 9349 9350 9351
f 9351 9350 9352
f 9352 9350 9353
f 9352 9353 9354
f 9354 9353 9355
f 9354 9355 9356
f 9355 9357 9356
f 9356 9357 9358
f 9356 9358 9359
f 9359 9358 9360
f 9359 9360 9361
f 9361 9360 9362
f 9361 9362 9363
f 9363 9362 9364
f 9363 9364 9365
f 9365 9364 9366
f 9365 9366 9367
f 9367 9366 9368
f 9367 9368 9369
f 9369 9368 9370
f 9369 9370 9371
f 9371 9370 9372
f 9371 9372 9373
f 9373 9372 9374
f 9374 9375 9373
f 9373 9375 9376
f 9373 9376 9377
f 9377 9376 9378
f 9377 9378 9379
f 9379 9378 9380
f 9380 9378 9381
f 9380 9381 9382
f 9382 9381 9383
f 9382 9383 9384
f 9383 9385 9384
f 9384 9385 9386
f 9384 9386 9387
f 9387 9386 9388
f 9387 9388 9389
f 9388 9390 9389
f 9389 9390 9391
f 9389 9391 9392
f 9392 9391 9393
f 9392 9393 9394
f 9394 9393 9395
f 9394 9395 9396
f 9396 9395 9397
f 9396 9397 9398
f 9398 9397 9399
f 9398 9399 9400
f 9400 9399 9401
f 9400 9401 9402
f 9402 9401 9403
f 9402 9403 9404
f 9404 9403 9405
f 9404 9405 9406
f 9406 9405 9407
f 9407 9408 9406
f 9406 9408 9409
f 9406 9409 9410
f 9410 9409 9411
f 9410 9411 9412
f 9412 9411 9413
f 9412 9413 9414
f 9414 9413 9415
f 9414 9415 9416
f 9415 9417 9416
f 9416 9417 9418
f 9416 9418 9419
f 9419 9418 9420
f 9419 9420 9421
f 9421 9420 9422
f 9421 9422 9423
f 9422 9424 9423
f 9423 9424 9425
f 9423 9425 9426
f 9426 9425 9427
f 9426 9427 9428
f 9427 9429 9428
f 9428 9429 9430
f 9428 9430 9431
f 9431 9430 9432
f 9431 9432 9433
f 9433 9432 9434
f 9433 9434 9435
f 9435 9434 9436
f 9435 9436 9437
f 9437 9436 9438
f 9437 9438 9439
f 9438 9440 9439
f 9439 9440 9441
f 9439 9441 9442
f 9442 9441 9443
f 9442 9443 9444
f 9443 9445 9444
f 9444 9445 9446
f 9444 9446 9447
f 9447 9446 9448
f 9447 9448 9449
f 9448 9450 9449
f 9449 9450 9451
f 9449 9451 9452
f 9452 9451 9453
f 9452 9453 9454
f 9454 9453 9455
f 9454 9455 9456
f 9455 9457 9456
f 9456 9457 9458
f 9456 9458 9459
f 9459 9458 9460
f 9459 9460 9461
f 9461 9460 9462
f 9461 9462 9463
f 9463 9462 9464
f 9463 9464 9465
f 9464 9466 9465
f 9465 9466 9467
f 9465 9467 9468
f 9468 9467 9469
f 9468 9469 9470
f 9469 9471 9470
f 9470 9471 9472
f 9470 9472 9473
f 9473 9472 9474
f 9473 9474 9475
f 9474 9476 9475
f 9475 9476 9477
f 9475 9477 9478
f 9478 9477 9479
f 9478 9479 9480
f 9480 9479 9481
f 9480 9481 9482
f 9482 9481 9483
f 9482 9483 9484
f 9484 9483 9485
f 9484 9485 9486
f 9486 9485 9487
f 9486 9487 9488
f 9488 9487 9489
f 9488 9489 9490
f 9490 9489 9491
f 9490 9491 9492
f 9492 9491 9493
f 9492 9493 9494
f 9494 9493 9495
f 9494 9495 9496
f 9496 9495 9497
f 9496 9497 9498
f 9498 9497 9499
f 9498 9499 9500
f 9500 9499 9501
f 9501 9499 9502
f 9501 9502 9503
f 9503 9502 9504
f 9503 9504 9505
f 9504 9506 9505
f 9505 9506 9507
f 9505 9507 9508
f 9508 9507 9509
f 9508 9509 9510
f 9510 9509 9511
f 9510 9511 9512
f 9512 9513 9510
f 9510 9513 9514
f 9510 9514 9515
f 9515 9514 9516
f 9515 9516 9517
f 9517 9516 9518
f 9517 9518 9519
f 9519 9518 9520
f 9519 9520 8894
f 8894 9520 9521
f 8894 9521 8895
f 8895 9522 8893
f 8893 9522 9523
f 8893 9523 9524
f 9524 9523 9525
f 9524 9525 9526
f 9526 9525 9527
f 9526 9527 9528
f 9528 9527 9529
f 9528 9529 9530
f 9529 9531 9530
f 9530 9531 9532
f 9530 9532 9533
f 9533 9532 9534
f 9533 9534 9535
f 9534 9536 9535
f 9535 9536 9537
f 9535 9537 9538
f 9538 9537 9539
f 9538 9539 9540
f 9540 9539 9541
f 9540 9541 9542
f 9542 9541 9543
f 9543 9541 9544
f 9543 9544 9545
f 9544 9546 9545
f 9545 9546 9547
f 9545 9547 9548
f 9549 9550 9551
f 9551 9550 9548
f 9551 9548 9552
f 9552 9548 9547
f 9549 9553 9550
f 9550 9553 9554
f 9550 9554 9555
f 9555 9554 9556
f 9555 9556 9557
f 9558 9559 9560
f 9560 9559 9561
f 9560 9561 9557
f 9557 9561 9562
f 9557 9562 9555
f 9563 9564 9565
f 9566 9567 8853
f 8853 9567 8856
f 8856 9567 9568
f 8856 9568 8859
f 8859 9568 9569
f 8859 9569 8861
f 8861 9569 9570
f 8861 9570 8866
f 8866 9570 9571
f 8866 9571 8867
f 8867 9571 9572
f 8867 9572 8872
f 8872 9572 9573
f 8872 9573 8840
f 8840 9573 9574
f 8840 9574 8841
f 9574 9563 8841
f 8841 9563 9565
f 8841 9565 8843
f 8843 9565 9575
f 8843 9575 8848
f 8848 9575 9576
f 8848 9576 8302
f 8302 9576 9577
f 8302 9577 8853
f 8853 9577 9578
f 8853 9578 9566
f 9574 6011 9563
f 9563 6011 6013
f 9563 6013 9564
f 9564 6013 6023
f 6011 9574 9573
f 6011 9573 6009
f 6009 9573 9572
f 6009 9572 6007
f 6007 9572 9571
f 6007 9571 6005
f 6005 9571 9570
f 6005 9570 6003
f 6003 9570 9569
f 6003 9569 6001
f 6001 9569 9568
f 6001 9568 5999
f 5999 9568 9567
f 5999 9567 5997
f 5997 9567 9566
f 5997 9566 6025
f 9565 9564 6023
f 6025 9566 9578
f 9578 9577 6025
f 6025 9577 9576
f 6025 9576 6023
f 6023 9576 9575
f 6023 9575 9565
f 5950 6385 6386
f 6369 5936 6382
f 6382 5936 5934
f 6382 5934 6380
f 5944 5942 6370
f 6370 5942 5940
f 6370 5940 6369
f 6369 5940 5938
f 6369 5938 5936
f 6385 5950 6398
f 6398 5950 5960
f 6398 5960 6396
f 6396 5960 5958
f 6396 5958 5956
f 5944 6370 5946
f 5946 6370 6372
f 5946 6372 5947
f 5947 6372 6374
f 5947 6374 6376
f 5934 5950 6380
f 6380 5950 6386
f 6380 6386 6378
f 6378 6386 6388
f 6378 6388 6376
f 6388 6390 6376
f 6376 6390 6392
f 6376 6392 5947
f 5947 6392 6394
f 5947 6394 5952
f 5952 6394 6396
f 5952 6396 5954
f 5954 6396 5956
f 9579 9580 9581
f 9582 9583 9581
f 9581 9583 9584
f 9581 9584 9579
f 9579 9584 9585
f 9579 9585 9586
f 9587 9588 9589
f 9589 9588 9590
f 9590 9591 9589
f 9589 9591 9592
f 9589 9592 9593
f 9594 9595 9596
f 9596 9595 9597
f 9597 9598 9596
f 9596 9598 9599
f 9596 9599 9600
f 9601 9602 9603
f 9604 9605 9606
f 9606 9605 9601
f 9606 9601 9607
f 9607 9601 9603
f 9608 9609 9610
f 9611 9612 9613
f 9613 9612 9608
f 9613 9608 9614
f 9614 9608 9610
f 9615 9616 9617
f 6239 9618 6237
f 6237 9618 9619
f 6237 9619 9620
f 9621 9615 9622
f 9622 9615 9617
f 9622 9617 9623
f 9623 9617 9624
f 9621 9622 6186
f 6186 9622 9625
f 6186 9625 6187
f 6220 6222 9626
f 6222 6224 9626
f 9626 6224 6226
f 9626 6226 9627
f 9627 6226 6214
f 9627 6214 9628
f 9628 6214 6203
f 9628 6203 9629
f 6211 6213 9629
f 9629 6213 6200
f 9629 6200 9630
f 9631 6195 6193
f 6200 6202 9630
f 9630 6202 6199
f 9630 6199 9631
f 9631 6199 6197
f 9631 6197 6195
f 6233 6231 6235
f 6235 6231 9618
f 6235 9618 6240
f 6240 9618 6239
f 6231 6229 9618
f 9618 6229 6227
f 9618 6227 9632
f 9632 6227 6216
f 9632 6216 9626
f 9626 6216 6218
f 9626 6218 6220
f 6209 6211 6207
f 6207 6211 9629
f 6207 9629 6205
f 6205 9629 6203
f 9625 9633 6187
f 6187 9633 9631
f 6187 9631 6191
f 6191 9631 6193
f 9634 9623 9635
f 9635 9623 9624
f 9635 9624 9636
f 9636 9624 9617
f 9636 9617 9637
f 9637 9617 9616
f 9637 9616 9638
f 6186 6188 9621
f 9621 6188 9638
f 9621 9638 9615
f 9615 9638 9616
f 9620 9639 6237
f 6237 9639 6238
f 9639 9586 9640
f 9640 9586 9585
f 9640 9585 9641
f 9641 9585 9584
f 9641 9584 9642
f 9642 9584 9583
f 9642 9583 9643
f 9643 9583 9582
f 9643 9582 9644
f 9644 9582 9581
f 9644 9581 9645
f 9645 9581 9580
f 9646 9593 9647
f 9647 9593 9592
f 9647 9592 9648
f 9648 9592 9591
f 9648 9591 9649
f 9649 9591 9590
f 9649 9590 9650
f 9650 9590 9588
f 9650 9588 9651
f 9651 9588 9587
f 9652 9600 9653
f 9653 9600 9599
f 9653 9599 9654
f 9654 9599 9598
f 9654 9598 9655
f 9655 9598 9597
f 9655 9597 9656
f 9656 9597 9595
f 9656 9595 9657
f 9657 9595 9594
f 9658 9605 9659
f 9659 9605 9604
f 9659 9604 9660
f 9660 9604 9606
f 9660 9606 9661
f 9661 9606 9607
f 9661 9607 9662
f 9662 9607 9603
f 9662 9603 9663
f 9663 9603 9602
f 9664 9612 9665
f 9665 9612 9611
f 9665 9611 9666
f 9666 9611 9613
f 9666 9613 9667
f 9667 9613 9614
f 9667 9614 9668
f 9668 9614 9610
f 9668 9610 9669
f 9669 9610 9609
f 6196 6198 6257
f 6245 6247 9648
f 6221 6219 6253
f 9670 9646 6247
f 6247 9646 9647
f 6247 9647 9648
f 6249 9641 9642
f 6206 6204 6255
f 6261 9635 9636
f 6245 9671 9652
f 9658 6243 9672
f 9672 6243 9656
f 9672 9656 9657
f 9651 9671 9650
f 9650 9671 6245
f 9650 6245 9649
f 9649 6245 9648
f 6261 9636 6259
f 6259 9636 9637
f 6259 9637 6189
f 6189 9637 9638
f 6189 9638 6188
f 9663 9664 9662
f 9662 9664 9665
f 9661 6241 9660
f 9660 6241 6243
f 9660 6243 9659
f 9659 6243 9658
f 9652 9653 6245
f 6245 9653 9654
f 6245 9654 6243
f 6243 9654 9655
f 6243 9655 9656
f 6238 9639 6236
f 6236 9639 9640
f 6198 6201 6212
f 9669 9634 9668
f 9668 9634 9635
f 9668 9635 9667
f 9667 9635 6261
f 9667 6261 9666
f 9666 6261 6263
f 9666 6263 9665
f 9665 6263 6241
f 9665 6241 9662
f 9662 6241 9661
f 6249 9642 6247
f 6247 9642 9643
f 6247 9643 9670
f 9670 9643 9644
f 9670 9644 9645
f 9640 9641 6236
f 6236 9641 6249
f 6236 6249 6234
f 6234 6249 6251
f 6234 6251 6232
f 6232 6251 6253
f 6232 6253 6230
f 6230 6253 6219
f 6230 6219 6228
f 6228 6219 6217
f 6221 6253 6223
f 6223 6253 6255
f 6223 6255 6225
f 6225 6255 6204
f 6225 6204 6215
f 6198 6212 6257
f 6257 6212 6210
f 6257 6210 6255
f 6255 6210 6208
f 6255 6208 6206
f 6189 6190 6259
f 6259 6190 6192
f 6259 6192 6257
f 6257 6192 6194
f 6257 6194 6196
f 6302 6301 9673
f 9674 6304 9675
f 9675 6304 6302
f 9675 6302 9676
f 9676 6302 9673
f 9677 6298 9678
f 9678 6298 6296
f 9679 9680 6277
f 6287 6284 6282
f 6282 6279 6281
f 9679 6277 9681
f 6296 6293 9678
f 9678 6293 6295
f 9678 6295 9682
f 9682 6295 6291
f 9682 6291 9683
f 9683 6291 6290
f 9683 6290 9684
f 9684 6290 6288
f 9684 6288 9685
f 9685 6288 6287
f 9685 6287 9686
f 9686 6287 6282
f 9686 6282 9680
f 9680 6282 6281
f 9680 6281 6277
f 6266 9687 6267
f 6267 9687 9688
f 6267 9688 6269
f 6269 9688 9689
f 6269 9689 6272
f 6272 9689 9690
f 6272 9690 6273
f 6273 9690 9691
f 6273 9691 6274
f 6274 9691 9681
f 6274 9681 6276
f 6276 9681 6277
f 9687 6266 9692
f 9692 6266 6265
f 6299 6298 9693
f 9693 6298 9677
f 9673 6301 9694
f 9694 6301 6300
f 6305 6304 9695
f 9695 6304 9674
f 9696 9694 6300
f 6305 9695 9697
f 9693 9696 6299
f 6299 9696 6300
f 6299 6300 6297
f 6297 6300 6294
f 6265 6268 6280
f 6280 6268 6270
f 6270 6271 6280
f 6280 6271 6275
f 6280 6275 6278
f 6265 6317 6306
f 6285 6286 6294
f 6294 6286 6289
f 6294 6289 6292
f 6294 6311 6312
f 6294 6312 6285
f 6285 6312 6313
f 6285 6313 6283
f 6283 6313 6314
f 6283 6314 6280
f 6280 6314 6315
f 6280 6315 6265
f 6265 6315 6316
f 6265 6316 6317
f 9692 6265 9697
f 9697 6265 6306
f 9697 6306 6305
f 6305 6306 6307
f 6305 6307 6303
f 6303 6307 6308
f 6303 6308 6300
f 6300 6308 6309
f 6300 6309 6294
f 6294 6309 6310
f 6294 6310 6311
f 6344 9698 6345
f 6345 9698 9699
f 6345 9699 6347
f 6347 9699 9700
f 6350 9701 6351
f 6351 9701 9702
f 6351 9702 6353
f 6353 9702 9703
f 9704 6328 9705
f 9705 6328 6327
f 9705 6327 9706
f 9706 6327 6324
f 9706 6324 6322
f 6337 9707 9708
f 9709 9710 6321
f 6321 9710 9711
f 6321 9711 6320
f 6320 9711 9712
f 6320 9712 6322
f 6322 9712 9713
f 6322 9713 9706
f 9714 9715 9716
f 9716 9715 9717
f 9716 9717 9718
f 6337 6334 9707
f 9707 6334 6336
f 9707 6336 9719
f 9719 6336 6330
f 9719 6330 9720
f 9720 6330 6332
f 9720 6332 9704
f 9704 6332 6333
f 9704 6333 6328
f 9709 9721 9710
f 9710 9721 9722
f 9710 9722 9723
f 9723 9722 9724
f 9714 9725 9715
f 9715 9725 6342
f 9715 6342 9708
f 9708 6342 6339
f 9708 6339 6337
f 6342 9725 6341
f 6341 9725 9714
f 6341 9714 9726
f 9714 9716 9726
f 9726 9716 9718
f 9726 9718 9727
f 9698 6344 9728
f 9728 6344 6343
f 6348 6347 9729
f 9729 6347 9700
f 9701 6350 9730
f 9730 6350 6349
f 6354 6353 9731
f 9731 6353 9703
f 9709 6321 6319
f 9732 9724 9722
f 9732 9722 6319
f 6319 9722 9721
f 6319 9721 9709
f 9733 9730 6349
f 6346 6348 6349
f 6329 6331 6335
f 9726 9727 6343
f 6343 9727 9734
f 6343 9734 9728
f 9733 6349 9735
f 9735 6349 6348
f 9735 6348 9729
f 6326 6329 6325
f 6325 6329 6335
f 6325 6335 6340
f 6340 6335 6338
f 6318 6362 6363
f 6358 6359 6343
f 6343 6359 6340
f 6343 6340 9726
f 9726 6340 6341
f 6319 6318 9732
f 9732 6318 6354
f 9732 6354 9736
f 9736 6354 9731
f 6346 6349 6343
f 6343 6349 6357
f 6343 6357 6358
f 6363 6364 6318
f 6318 6364 6365
f 6318 6365 6354
f 6354 6365 6366
f 6354 6366 6352
f 6352 6366 6355
f 6352 6355 6349
f 6349 6355 6356
f 6349 6356 6357
f 6318 6323 6362
f 6362 6323 6325
f 6362 6325 6361
f 6361 6325 6340
f 6361 6340 6360
f 6360 6340 6359
f 5673 9737 5671
f 5671 9737 9738
f 5680 5653 5652
f 9739 9740 5680
f 5680 5652 9739
f 9739 5652 5659
f 9739 5659 9741
f 9741 5659 5661
f 9741 5661 9742
f 9742 5661 5663
f 9742 5663 9743
f 9743 5663 5665
f 9743 5665 9744
f 9744 5665 5667
f 9744 5667 9745
f 9745 5667 5669
f 9745 5669 9746
f 9746 5669 5671
f 9746 5671 9738
f 9747 9748 9749
f 9747 9749 9750
f 9750 9749 9751
f 9750 9751 9752
f 9737 5673 5675
f 5656 5655 9753
f 9737 5675 9754
f 9754 5675 5677
f 9754 5677 9755
f 9755 5677 5658
f 9755 5658 9756
f 9756 5658 5656
f 9756 5656 9757
f 9757 5656 9753
f 9757 9753 9758
f 9723 9724 9732
f 9703 9702 9731
f 9731 9702 9759
f 9731 9759 9736
f 9736 9759 9760
f 9736 9760 9732
f 9732 9760 9761
f 9732 9761 9723
f 9718 9717 9727
f 9727 9717 9762
f 9727 9762 9763
f 9699 9698 9764
f 9764 9698 9728
f 9764 9728 9763
f 9763 9728 9734
f 9763 9734 9727
f 9700 9699 9729
f 9729 9699 9764
f 9729 9764 9735
f 9735 9764 9765
f 9735 9765 9733
f 9733 9765 9766
f 9733 9766 9730
f 9730 9766 9759
f 9730 9759 9701
f 9701 9759 9702
f 9717 9715 9762
f 9762 9715 9708
f 9762 9708 9767
f 9708 9707 9767
f 9767 9707 9719
f 9767 9719 9768
f 9719 9720 9768
f 9768 9720 9704
f 9768 9704 9769
f 9713 9770 9706
f 9706 9770 9769
f 9706 9769 9705
f 9705 9769 9704
f 9713 9712 9770
f 9770 9712 9711
f 9770 9711 9761
f 9761 9711 9710
f 9761 9710 9723
f 9771 9772 9678
f 9695 9674 9675
f 9687 9692 9773
f 9677 9678 9693
f 9693 9678 9772
f 9693 9772 9696
f 9696 9772 9774
f 9696 9774 9694
f 9694 9774 9775
f 9694 9775 9673
f 9773 9692 9776
f 9776 9692 9697
f 9776 9697 9777
f 9697 9695 9777
f 9777 9695 9675
f 9777 9675 9775
f 9775 9675 9676
f 9775 9676 9673
f 9678 9682 9771
f 9771 9682 9683
f 9771 9683 9778
f 9683 9684 9778
f 9778 9684 9685
f 9778 9685 9779
f 9779 9685 9686
f 9779 9686 9780
f 9681 9781 9679
f 9679 9781 9780
f 9679 9780 9680
f 9680 9780 9686
f 9681 9691 9781
f 9781 9691 9690
f 9781 9690 9782
f 9782 9690 9689
f 9782 9689 9773
f 9773 9689 9688
f 9773 9688 9687
f 9602 9601 9663
f 9663 9601 9783
f 9663 9783 9664
f 9664 9783 9784
f 9664 9784 9612
f 9612 9784 9608
f 9609 9608 9669
f 9669 9608 9784
f 9669 9784 9634
f 9634 9784 9785
f 9634 9785 9623
f 9786 9579 9639
f 9639 9579 9586
f 9620 9619 9639
f 9639 9619 9787
f 9639 9787 9786
f 9580 9579 9645
f 9645 9579 9786
f 9645 9786 9670
f 9670 9786 9788
f 9670 9788 9646
f 9651 9587 9589
f 9657 9789 9790
f 9596 9600 9652
f 9594 9596 9657
f 9657 9596 9652
f 9657 9652 9789
f 9789 9652 9671
f 9789 9671 9788
f 9788 9671 9651
f 9788 9651 9646
f 9646 9651 9589
f 9646 9589 9593
f 9601 9605 9783
f 9783 9605 9658
f 9783 9658 9790
f 9790 9658 9672
f 9790 9672 9657
f 9619 9618 9787
f 9787 9618 9632
f 9787 9632 9791
f 9632 9626 9791
f 9791 9626 9627
f 9791 9627 9792
f 9627 9628 9792
f 9792 9628 9629
f 9792 9629 9793
f 9629 9630 9793
f 9793 9630 9631
f 9793 9631 9794
f 9631 9633 9794
f 9794 9633 9625
f 9794 9625 9785
f 9785 9625 9622
f 9785 9622 9623
f 9795 9796 9797
f 9795 9797 9798
f 9798 9797 9748
f 9798 9748 9747
f 9758 9753 9799
f 9758 9799 9800
f 9800 9799 9801
f 9800 9801 9802
f 9802 9801 9803
f 9802 9803 9804
f 9804 9803 9805
f 9804 9805 9806
f 9806 9805 9807
f 9806 9807 9808
f 9808 9807 9809
f 9808 9809 9810
f 9810 9809 9811
f 9810 9811 9812
f 9812 9811 9813
f 9812 9813 9814
f 9815 9816 9817
f 9815 9817 9818
f 9818 9817 5680
f 9818 5680 9740
f 9752 9751 9819
f 9752 9819 9820
f 9820 9819 9821
f 9820 9821 9822
f 9823 9824 6400
f 9824 9825 6400
f 6400 9825 9826
f 6400 9826 9827
f 5699 5698 9828
f 9828 5698 5740
f 5701 5705 9828
f 9828 5705 5707
f 9828 5707 5709
f 5715 5696 9828
f 9828 5696 5695
f 9828 5695 5726
f 5740 5704 9828
f 9828 5704 5702
f 9828 5702 5701
f 9829 9830 9831
f 9831 9830 9832
f 9833 9834 9826
f 9826 9834 9835
f 9826 9835 9827
f 5719 5717 5721
f 5721 5717 5716
f 5721 5716 5695
f 5695 5716 5725
f 5695 5725 5726
f 9823 6400 9828
f 9828 6400 5727
f 9828 5727 5699
f 9836 9837 9829
f 9829 9837 9838
f 9829 9838 9830
f 9832 9830 9839
f 9839 9830 9840
f 9839 9840 9841
f 9836 9829 9826
f 9826 9829 9842
f 9826 9842 9833
f 5709 5711 9828
f 9828 5711 5714
f 9828 5714 5715
f 6071 6404 9843
f 9844 6127 6077
f 9845 6108 9846
f 9846 6108 6110
f 9846 6110 9843
f 9843 6110 6111
f 9843 6111 6071
f 9845 9847 6108
f 6108 9847 9848
f 6108 9848 6107
f 6107 9848 9849
f 6107 9849 6105
f 6105 9849 9850
f 6105 9850 6104
f 6104 9850 9851
f 6104 9851 6102
f 9852 6098 6100
f 9851 9853 6102
f 6102 9853 9854
f 6102 9854 6100
f 6100 9854 9855
f 6100 9855 9852
f 9852 9856 6098
f 6098 9856 9857
f 6098 9857 6097
f 6097 9857 9858
f 6097 9858 6095
f 9858 9859 6095
f 6095 9859 9860
f 6095 9860 6094
f 6090 9861 6088
f 6088 9861 9862
f 9860 9863 6094
f 6094 9863 9864
f 6094 9864 6092
f 6092 9864 9865
f 6092 9865 6090
f 6090 9865 9866
f 6090 9866 9861
f 9862 9867 6088
f 6088 9867 9868
f 6088 9868 6086
f 6086 9868 9869
f 6086 9869 6084
f 6084 9869 9870
f 6084 9870 6083
f 9870 9871 6083
f 6083 9871 9872
f 6083 9872 6081
f 6081 9872 9873
f 6081 9873 6079
f 6079 9873 9874
f 6079 9874 6077
f 6077 9874 9875
f 6077 9875 9844
f 9876 9877 9878
f 6065 6063 9879
f 9880 9881 9882
f 9882 9881 9883
f 9882 9883 9884
f 9884 9883 9885
f 9884 9885 9886
f 9886 9885 9887
f 9887 9885 9888
f 9887 9888 9889
f 9889 9888 9890
f 9889 9890 9891
f 9891 9890 9892
f 9891 9892 9893
f 9893 9892 9894
f 9893 9894 9895
f 9895 9894 9896
f 9895 9896 9897
f 9897 9896 9898
f 9898 9896 9899
f 9898 9899 9900
f 9900 9899 9901
f 9901 9899 9902
f 9901 9902 9903
f 9903 9902 9904
f 9903 9904 9905
f 9905 9904 9906
f 9905 9906 9907
f 9907 9906 9908
f 9908 9906 9909
f 9908 9909 9910
f 9910 9909 9911
f 9911 9909 9912
f 9911 9912 9913
f 9913 9912 9878
f 9913 9878 9914
f 9914 9878 9877
f 9914 9877 9915
f 6065 9879 6067
f 9916 9876 9917
f 9917 9876 9878
f 9917 9878 9918
f 9918 9878 9912
f 9918 9912 9919
f 9919 9912 9909
f 9919 9909 9920
f 9920 9909 9906
f 9920 9906 9921
f 9921 9906 9904
f 9921 9904 9922
f 9922 9904 9902
f 9922 9902 9923
f 9923 9902 9899
f 9923 9899 9924
f 9924 9899 9896
f 9924 9896 9925
f 9925 9896 9894
f 9925 9894 9926
f 9926 9894 9892
f 9926 9892 9927
f 9927 9892 9890
f 9927 9890 9928
f 9928 9890 9888
f 9928 9888 9929
f 9929 9888 9885
f 9929 9885 9930
f 9930 9885 9883
f 9930 9883 9879
f 9879 9883 9881
f 9879 9881 6067
f 6067 9881 9880
f 6067 9880 6069
f 9931 9916 9932
f 9932 9916 9917
f 9932 9917 9933
f 9933 9917 9918
f 9933 9918 9934
f 9934 9918 9919
f 9934 9919 9935
f 9935 9919 9920
f 9935 9920 9936
f 9936 9920 9921
f 9936 9921 9937
f 9937 9921 9922
f 9937 9922 9938
f 9938 9922 9923
f 9938 9923 9939
f 9939 9923 9924
f 9939 9924 9940
f 9940 9924 9925
f 9940 9925 9941
f 9941 9925 9926
f 9941 9926 9942
f 9942 9926 9927
f 9942 9927 9943
f 9943 9927 9928
f 9943 9928 9944
f 9944 9928 9929
f 9944 9929 9945
f 9945 9929 9930
f 9945 9930 9946
f 9946 9930 9879
f 9946 9879 6059
f 6059 9879 6063
f 9947 9931 9948
f 9948 9931 9932
f 9948 9932 9949
f 9949 9932 9933
f 9949 9933 9950
f 9950 9933 9934
f 9950 9934 9951
f 9951 9934 9935
f 9951 9935 9952
f 9952 9935 9936
f 9952 9936 9953
f 9953 9936 9937
f 9953 9937 9954
f 9954 9937 9938
f 9954 9938 9955
f 9955 9938 9939
f 9955 9939 9956
f 9956 9939 9940
f 9956 9940 9957
f 9957 9940 9941
f 9957 9941 9958
f 9958 9941 9942
f 9958 9942 9959
f 9959 9942 9943
f 9959 9943 9960
f 9960 9943 9944
f 9960 9944 9961
f 9961 9944 9945
f 9961 9945 9962
f 9962 9945 9946
f 9962 9946 6061
f 6061 9946 6059
f 6495 6496 6497
f 9963 6485 6486
f 6495 6497 6487
f 6486 6487 9963
f 9963 6487 6497
f 9963 6497 6485
f 6485 6497 6498
f 6485 6498 6484
f 6494 6492 6493
f 6493 6492 6481
f 6493 6481 9964
f 6481 6483 9964
f 9964 6483 6482
f 9964 6482 6493
f 6493 6482 6491
f 6493 6491 6490
f 6441 6440 6498
f 6435 6446 6490
f 6493 6442 6500
f 6500 6442 6441
f 6500 6441 6499
f 6499 6441 6498
f 6484 6436 6488
f 6488 6436 6435
f 6488 6435 6489
f 6489 6435 6490
f 6446 6445 6490
f 6490 6445 6444
f 6490 6444 6493
f 6493 6444 6443
f 6493 6443 6442
f 6440 6439 6498
f 6498 6439 6438
f 6498 6438 6484
f 6484 6438 6437
f 6484 6437 6436
f 6511 6510 9965
f 9965 6127 9844
f 6511 9965 6512
f 6512 9965 9844
f 6512 9844 6513
f 9966 9967 5872
f 5872 9915 9966
f 9966 9915 9968
f 9966 9968 9969
f 9969 9968 9970
f 5687 5686 9960
f 9960 5686 9959
f 9959 5686 5685
f 9959 5685 9958
f 9958 5685 9957
f 9957 5685 5684
f 9957 5684 9956
f 6147 6148 9753
f 9807 6155 9809
f 9809 6155 6156
f 9809 6156 9811
f 9753 6148 9799
f 9799 6148 6149
f 9799 6149 9801
f 9801 6149 6150
f 9801 6150 9803
f 6147 9753 6146
f 6146 9753 9971
f 6146 9971 6145
f 6145 9971 9972
f 6145 9972 6144
f 6159 9813 6158
f 6158 9813 9811
f 6158 9811 6157
f 6157 9811 6156
f 6150 6151 9803
f 9803 6151 6152
f 9803 6152 9805
f 9805 6152 6153
f 9805 6153 9807
f 9807 6153 6154
f 9807 6154 6155
f 9956 5684 9955
f 9955 5684 5683
f 9955 5683 9954
f 9954 5683 5682
f 9954 5682 9953
f 9953 5682 5681
f 9953 5681 9952
f 9952 5681 5680
f 9952 5680 9951
f 9951 5680 9817
f 9951 9817 9816
f 9960 9961 5687
f 5687 9961 9962
f 5687 9962 5688
f 5688 9962 6061
f 5688 6061 9973
f 9973 6061 6050
f 9973 6050 9974
f 9974 6050 6144
f 9974 6144 9975
f 9975 6144 9972
f 9751 9949 9819
f 9819 9949 9950
f 9819 9950 9821
f 9821 9950 9951
f 9821 9951 9976
f 9976 9951 9816
f 6159 9977 9813
f 9813 9977 9978
f 9813 9978 9796
f 9796 9978 9947
f 9796 9947 9797
f 9797 9947 9948
f 9797 9948 9748
f 9748 9948 9949
f 9748 9949 9749
f 9749 9949 9751
f 9795 9814 9796
f 9796 9814 9813
f 5674 5672 9973
f 9973 5672 5688
f 6246 6244 9979
f 9979 6244 6242
f 9979 6242 6264
f 6252 6250 9979
f 9979 6250 6248
f 9979 6248 6246
f 6258 6256 9979
f 9979 6256 6254
f 9979 6254 6252
f 6264 6262 9979
f 9979 6262 6260
f 9979 6260 6258
f 9980 9875 9874
f 9829 9831 9981
f 9982 9826 9983
f 9983 9826 9825
f 9983 9825 9984
f 9984 9825 9824
f 9984 9824 9823
f 9836 9985 9837
f 9837 9985 9986
f 9837 9986 9838
f 9838 9986 9830
f 9830 9986 9987
f 9830 9987 9840
f 9840 9987 9988
f 9840 9988 9841
f 9988 9989 9841
f 9841 9989 9990
f 9841 9990 9839
f 9981 9831 9990
f 9990 9831 9832
f 9990 9832 9839
f 9835 9834 9991
f 9991 9834 9833
f 9991 9833 9992
f 9992 9833 9842
f 9992 9842 9993
f 9994 6399 9827
f 9827 6399 6400
f 9823 9828 9984
f 9984 9828 9995
f 9984 9995 9996
f 9996 9997 9984
f 9984 9997 9998
f 9984 9998 9983
f 9983 9998 9999
f 9999 10000 9983
f 9983 10000 10001
f 9983 10001 9982
f 9982 10001 10002
f 9982 10002 10003
f 10004 10005 10006
f 10006 10005 10007
f 10006 10007 10008
f 10008 10007 10009
f 10008 10009 10010
f 10010 10009 10011
f 10010 10011 10012
f 10012 10011 10013
f 10012 10013 10014
f 10015 10016 10004
f 10004 10016 10017
f 10004 10017 10005
f 10018 9986 10003
f 10003 9986 9985
f 10003 9985 9982
f 9982 9985 9836
f 9982 9836 9826
f 9980 9874 10019
f 10019 9874 9873
f 10019 9873 10020
f 10020 9873 9872
f 10020 9872 10021
f 10021 9872 9871
f 10021 9871 10022
f 10022 9871 9870
f 10022 9870 10023
f 10023 9870 9869
f 10023 9869 10024
f 10024 9869 9868
f 10024 9868 10025
f 10025 9868 9867
f 10025 9867 10026
f 9867 9862 10026
f 10026 9862 9861
f 10026 9861 10027
f 10027 9861 9866
f 10027 9866 10028
f 10028 9866 9865
f 10028 9865 10029
f 10018 10030 9986
f 9986 10030 10031
f 9986 10031 9987
f 9987 10031 10032
f 9987 10032 9988
f 9988 10032 10033
f 9857 10034 9858
f 9858 10034 10035
f 9858 10035 9859
f 9859 10035 10036
f 9859 10036 9860
f 9860 10036 10037
f 9860 10037 9863
f 9863 10037 10029
f 9863 10029 9864
f 9864 10029 9865
f 10033 10038 9988
f 9988 10038 10039
f 9988 10039 9989
f 9989 10039 10040
f 9989 10040 9990
f 9990 10040 10041
f 9990 10041 9981
f 9981 10041 10042
f 9981 10042 10043
f 9856 10044 9857
f 9857 10044 10045
f 9857 10045 10034
f 10043 10046 9981
f 9981 10046 9993
f 9981 9993 9829
f 9829 9993 9842
f 9856 9852 10044
f 10044 9852 9855
f 10044 9855 10047
f 10047 9855 9854
f 10047 9854 10048
f 10048 9854 9853
f 10048 9853 10049
f 10046 10050 9993
f 9993 10050 10051
f 9993 10051 9992
f 9992 10051 10052
f 9992 10052 9991
f 9991 10052 10053
f 9991 10053 10054
f 10054 10055 9991
f 9991 10055 9994
f 9991 9994 9835
f 9835 9994 9827
f 6401 6399 10056
f 10056 6399 9994
f 10056 9994 10057
f 10057 9994 10055
f 10015 10058 10016
f 10016 10058 10059
f 10016 10059 10060
f 10060 10059 10061
f 10060 10061 10062
f 10062 10061 10063
f 10062 10063 10064
f 10064 10063 10065
f 10064 10065 10066
f 10066 10065 10067
f 10066 10067 10068
f 10068 10067 10069
f 10068 10069 10070
f 10070 10069 10071
f 10070 10071 10072
f 10072 10071 10073
f 10072 10073 10074
f 10074 10073 10075
f 10074 10075 10076
f 10076 10075 10077
f 10076 10077 10078
f 10078 10077 10079
f 10078 10079 10080
f 10080 10079 10081
f 10080 10081 10082
f 10082 10081 10083
f 10082 10083 10084
f 10084 10083 10085
f 10084 10085 10086
f 10086 10085 10087
f 10086 10087 10088
f 10088 10087 10089
f 10088 10089 10090
f 10090 10089 10091
f 10090 10091 10092
f 10092 10091 10093
f 10092 10093 10094
f 10094 10093 10095
f 10094 10095 10096
f 10096 10095 10097
f 10096 10097 10098
f 10098 10097 6403
f 10098 6403 6402
f 6413 6414 10099
f 6413 10099 10100
f 10100 10099 10101
f 10100 10101 10102
f 10102 10101 10103
f 10102 10103 10104
f 10104 10103 10105
f 10104 10105 10106
f 10106 10105 10107
f 10106 10107 10108
f 10108 10107 10109
f 10108 10109 10110
f 10110 10109 10111
f 10110 10111 10112
f 10112 10111 10113
f 10112 10113 10114
f 10114 10113 10115
f 10114 10115 10116
f 10116 10115 10117
f 10116 10117 10118
f 10118 10117 10119
f 10118 10119 10120
f 10120 10119 10121
f 10120 10121 10122
f 10122 10121 10123
f 10122 10123 10124
f 10124 10123 10125
f 10124 10125 10126
f 10126 10125 10127
f 10126 10127 10128
f 10128 10127 10129
f 10128 10129 10130
f 10130 10129 10131
f 10130 10131 10132
f 10132 10131 10133
f 10132 10133 10134
f 10134 10133 10135
f 10134 10135 10136
f 10136 10135 10137
f 10136 10137 10138
f 10138 10137 10139
f 10138 10139 10140
f 10140 10139 10141
f 10140 10141 10142
f 10142 10141 10143
f 10142 10143 10144
f 10144 10143 10145
f 10144 10145 10146
f 10146 10145 10147
f 10146 10147 10148
f 10148 10147 10149
f 10148 10149 10150
f 10150 10149 10151
f 10150 10151 10152
f 10152 10151 10153
f 10152 10153 10154
f 9853 9851 10049
f 10049 9851 9850
f 10049 9850 10155
f 10155 9850 9849
f 10155 9849 10156
f 10156 9849 9848
f 10156 9848 10157
f 10157 9848 9847
f 10157 9847 10158
f 10158 9847 9845
f 10158 9845 10159
f 10159 9845 9846
f 10159 9846 10160
f 10160 9846 9843
f 10160 9843 10161
f 10161 9843 6404
f 10161 6404 6406
f 10162 10014 10163
f 10163 10014 10013
f 10163 10013 9996
f 10164 10154 10165
f 10165 10154 10153
f 10165 10153 10162
f 9844 9875 10166
f 10166 9875 9980
f 10166 9980 10164
f 9996 10013 9997
f 9997 10013 10011
f 9997 10011 9998
f 9998 10011 10009
f 9998 10009 9999
f 9999 10009 10007
f 9999 10007 10000
f 10000 10007 10005
f 10000 10005 10001
f 10001 10005 10017
f 10001 10017 10002
f 10002 10017 10016
f 10002 10016 10003
f 10003 10016 10060
f 10003 10060 10018
f 10018 10060 10062
f 10018 10062 10030
f 10030 10062 10064
f 10030 10064 10031
f 10031 10064 10066
f 10031 10066 10032
f 10032 10066 10068
f 10032 10068 10033
f 10033 10068 10070
f 10033 10070 10038
f 10038 10070 10072
f 10038 10072 10039
f 10039 10072 10074
f 10039 10074 10040
f 10040 10074 10076
f 10040 10076 10041
f 10041 10076 10078
f 10041 10078 10042
f 10042 10078 10080
f 10042 10080 10043
f 10043 10080 10082
f 10043 10082 10046
f 10046 10082 10084
f 10046 10084 10050
f 10050 10084 10086
f 10050 10086 10051
f 10051 10086 10088
f 10051 10088 10052
f 10052 10088 10090
f 10052 10090 10053
f 10053 10090 10092
f 10053 10092 10054
f 10054 10092 10094
f 10054 10094 10055
f 10055 10094 10096
f 10055 10096 10057
f 10057 10096 10098
f 10057 10098 10056
f 10056 10098 6402
f 10056 6402 6401
f 10162 10153 10014
f 10014 10153 10151
f 10014 10151 10012
f 10012 10151 10149
f 10012 10149 10010
f 10010 10149 10147
f 10010 10147 10008
f 10008 10147 10145
f 10008 10145 10006
f 10006 10145 10143
f 10006 10143 10004
f 10004 10143 10141
f 10004 10141 10015
f 10015 10141 10139
f 10015 10139 10058
f 10058 10139 10137
f 10058 10137 10059
f 10059 10137 10135
f 10059 10135 10061
f 10061 10135 10133
f 10061 10133 10063
f 10063 10133 10131
f 10063 10131 10065
f 10065 10131 10129
f 10065 10129 10067
f 10067 10129 10127
f 10067 10127 10069
f 10069 10127 10125
f 10069 10125 10071
f 10071 10125 10123
f 10071 10123 10073
f 10073 10123 10121
f 10073 10121 10075
f 10075 10121 10119
f 10075 10119 10077
f 10077 10119 10117
f 10077 10117 10079
f 10079 10117 10115
f 10079 10115 10081
f 10081 10115 10113
f 10081 10113 10083
f 10083 10113 10111
f 10083 10111 10085
f 10085 10111 10109
f 10085 10109 10087
f 10087 10109 10107
f 10087 10107 10089
f 10089 10107 10105
f 10089 10105 10091
f 10091 10105 10103
f 10091 10103 10093
f 10093 10103 10101
f 10093 10101 10095
f 10095 10101 10099
f 10095 10099 10097
f 10097 10099 6414
f 10097 6414 6403
f 10164 9980 10154
f 10154 9980 10019
f 10154 10019 10152
f 10152 10019 10020
f 10152 10020 10150
f 10150 10020 10021
f 10150 10021 10148
f 10148 10021 10022
f 10148 10022 10146
f 10146 10022 10023
f 10146 10023 10144
f 10144 10023 10024
f 10144 10024 10142
f 10142 10024 10025
f 10142 10025 10140
f 10140 10025 10026
f 10140 10026 10138
f 10138 10026 10027
f 10138 10027 10136
f 10136 10027 10028
f 10136 10028 10134
f 10134 10028 10029
f 10134 10029 10132
f 10132 10029 10037
f 10132 10037 10130
f 10130 10037 10036
f 10130 10036 10128
f 10128 10036 10035
f 10128 10035 10126
f 10126 10035 10034
f 10126 10034 10124
f 10124 10034 10045
f 10124 10045 10122
f 10122 10045 10044
f 10122 10044 10120
f 10120 10044 10047
f 10120 10047 10118
f 10118 10047 10048
f 10118 10048 10116
f 10116 10048 10049
f 10116 10049 10114
f 10114 10049 10155
f 10114 10155 10112
f 10112 10155 10156
f 10112 10156 10110
f 10110 10156 10157
f 10110 10157 10108
f 10108 10157 10158
f 10108 10158 10106
f 10106 10158 10159
f 10106 10159 10104
f 10104 10159 10160
f 10104 10160 10102
f 10102 10160 10161
f 10102 10161 10100
f 10100 10161 6406
f 10100 6406 6413
f 9915 5872 5798
f 5929 6069 9880
f 5810 9911 5811
f 5811 9911 9913
f 5811 9913 5798
f 5798 9913 9914
f 5798 9914 9915
f 5810 5808 9911
f 9911 5808 5806
f 9911 5806 9910
f 9910 5806 5804
f 9910 5804 9908
f 9908 5804 5802
f 9908 5802 9907
f 9907 5802 5801
f 9907 5801 9905
f 5785 9901 9903
f 5801 5790 9905
f 9905 5790 5788
f 9905 5788 9903
f 9903 5788 5786
f 9903 5786 5785
f 5785 5781 9901
f 9901 5781 5765
f 9901 5765 9900
f 9900 5765 5767
f 9900 5767 9898
f 5767 5769 9898
f 9898 5769 5771
f 9898 5771 9897
f 9891 9893 5757
f 5771 5773 9897
f 9897 5773 5774
f 9897 5774 9895
f 9895 5774 5753
f 9895 5753 9893
f 9893 5753 5752
f 9893 5752 5757
f 5757 5759 9891
f 9891 5759 5760
f 9891 5760 9889
f 9889 5760 5749
f 9889 5749 9887
f 9887 5749 5747
f 9887 5747 9886
f 5747 5745 9886
f 9886 5745 5743
f 9886 5743 9884
f 9884 5743 5741
f 9884 5741 9882
f 9882 5741 5694
f 9882 5694 9880
f 9880 5694 5693
f 9880 5693 5929
f 5674 9973 9974
f 5674 9974 5676
f 5676 9974 9975
f 5676 9975 5678
f 5678 9975 9972
f 5678 9972 5679
f 5679 9972 9971
f 5679 9971 5657
f 5657 9971 9753
f 5657 9753 5655
f 9822 9821 9976
f 9822 9976 10167
f 10167 9976 9816
f 10167 9816 9815
f 9783 9781 9782
f 5972 5969 9737
f 5969 5966 9737
f 9737 5966 5964
f 9737 5964 5962
f 9812 9786 9787
f 9791 9808 9787
f 9787 9808 9810
f 9787 9810 9812
f 9802 9794 9800
f 9800 9794 9785
f 9737 9773 9776
f 9791 9792 9808
f 9808 9792 9793
f 9808 9793 9806
f 9806 9793 9794
f 9806 9794 9804
f 9804 9794 9802
f 9756 9757 9785
f 9785 9757 9758
f 9785 9758 9800
f 9756 9785 9755
f 9755 9785 9784
f 9755 9784 9754
f 9754 9784 9783
f 9754 9783 9737
f 9737 9783 9782
f 9737 9782 9773
f 9737 9760 9738
f 9738 9760 9759
f 9738 9759 9746
f 9746 9759 9766
f 9746 9766 9745
f 9745 9766 9765
f 5972 9737 5974
f 5974 9737 9776
f 5974 9776 5976
f 5976 9776 9777
f 5976 9777 9775
f 9764 9743 9765
f 9765 9743 9744
f 9765 9744 9745
f 9739 9741 9764
f 9764 9741 9742
f 9764 9742 9743
f 9788 9780 9789
f 9789 9780 9781
f 9789 9781 9790
f 9790 9781 9783
f 5986 5984 9795
f 9795 5984 5982
f 9795 5982 5976
f 9786 9778 9788
f 9788 9778 9779
f 9788 9779 9780
f 5962 5979 9737
f 9737 5979 9761
f 9737 9761 9760
f 9775 9774 5976
f 5976 9774 9772
f 5976 9772 9795
f 9795 9772 9771
f 9795 9771 9778
f 9786 9812 9778
f 9778 9812 9814
f 9778 9814 9795
f 10167 9815 9763
f 9763 9815 9818
f 9763 9818 9764
f 9764 9818 9740
f 9764 9740 9739
f 5979 5994 9761
f 9761 5994 5992
f 9761 5992 9770
f 9770 5992 5989
f 9770 5989 9769
f 9769 5989 5986
f 9769 5986 9768
f 9768 5986 9795
f 9768 9795 9767
f 9767 9795 9798
f 9767 9798 9762
f 9762 9798 9747
f 9762 9747 9763
f 9763 9747 9750
f 9763 9750 9752
f 9752 9820 9763
f 9763 9820 9822
f 9763 9822 10167
f 5983 10168 5981
f 5981 10168 10169
f 5981 10169 5977
f 5977 10169 5978
f 10170 5968 5970
f 5967 5968 5965
f 5965 5968 10170
f 5965 10170 5963
f 5970 5971 10170
f 10170 5971 5973
f 10170 5973 10169
f 10169 5973 5975
f 10169 5975 5978
f 5961 5963 10170
f 5961 10170 5980
f 5980 10170 10171
f 5980 10171 5996
f 10168 5983 5985
f 5991 10171 5990
f 5990 10171 5988
f 10168 5985 10171
f 10171 5985 5987
f 10171 5987 5988
f 5991 5993 10171
f 10171 5993 5995
f 10171 5995 5996
f 10169 5951 5953
f 5951 10169 5948
f 5948 10169 10168
f 5948 10168 5945
f 5945 10168 5943
f 5943 10168 5939
f 5943 5939 5941
f 10170 5949 5933
f 10170 5933 10171
f 10171 5933 5935
f 10171 5935 10168
f 10168 5935 5937
f 10168 5937 5939
f 5953 5955 10169
f 10169 5955 5957
f 10169 5957 10170
f 10170 5957 5959
f 10170 5959 5949
f 6035 6043 6051
f 6051 6043 8296
f 6051 8296 6053
f 6053 8296 8295
f 6053 8295 6054
f 6054 8295 6046
f 6054 6046 6045
f 6062 8257 8297
f 6062 8297 6057
f 6057 8297 8298
f 6057 8298 6058
f 6058 8298 6060
f 6060 8298 6026
f 6060 6026 6028
f 8257 6062 6064
f 6064 6066 8257
f 8257 6066 6068
f 8257 6068 6070
f 8308 9559 7799
f 7799 9559 9558
f 7799 9558 7800
f 8837 8898 8840
f 8840 8898 8897
f 9561 9559 8308
f 8383 9475 8381
f 8381 9475 9478
f 8381 9478 8379
f 8379 9478 9480
f 8379 9480 8377
f 8377 9480 9482
f 8377 9482 8375
f 8375 9482 9484
f 8375 9484 8373
f 8373 9484 9486
f 8373 9486 8371
f 8371 9486 9488
f 8371 9488 8369
f 8369 9488 9490
f 8369 9490 8366
f 8366 9490 9492
f 8366 9492 8364
f 8364 9492 9494
f 8364 9494 8362
f 8362 9494 9496
f 8362 9496 8361
f 8361 9496 9498
f 8361 9498 8360
f 8360 9498 9500
f 8360 9500 8358
f 8358 9500 9501
f 8358 9501 8356
f 8356 9501 9503
f 8356 9503 8354
f 8354 9503 9505
f 8354 9505 8352
f 8352 9505 9508
f 8352 9508 8350
f 8350 9508 9510
f 8350 9510 8303
f 8303 9510 9515
f 8303 9515 8304
f 8304 9515 9517
f 8304 9517 8332
f 8332 9517 9519
f 8332 9519 8334
f 8334 9519 8894
f 8334 8894 8336
f 8336 8894 8893
f 8336 8893 8338
f 8338 8893 9524
f 8338 9524 8340
f 8340 9524 9526
f 8340 9526 8342
f 8342 9526 9528
f 8342 9528 8344
f 8344 9528 9530
f 8344 9530 8346
f 8346 9530 9533
f 8346 9533 8347
f 8347 9533 9535
f 8347 9535 8322
f 8322 9535 9538
f 8322 9538 8330
f 8330 9538 9540
f 8330 9540 8329
f 8329 9540 9542
f 8329 9542 8327
f 8327 9542 9543
f 8327 9543 8325
f 8325 9543 9545
f 8325 9545 8319
f 8319 9545 9548
f 8319 9548 8317
f 8317 9548 9550
f 8317 9550 8315
f 8315 9550 9555
f 8315 9555 8313
f 8313 9555 9562
f 8313 9562 8311
f 8311 9562 9561
f 8311 9561 8307
f 8307 9561 8308
f 8639 9189 8637
f 8637 9189 9191
f 8637 9191 8635
f 8635 9191 9193
f 8635 9193 8632
f 8632 9193 9195
f 8632 9195 8630
f 8630 9195 9197
f 8630 9197 8626
f 8626 9197 9199
f 8626 9199 8627
f 8627 9199 9201
f 8627 9201 8625
f 8625 9201 9203
f 8625 9203 8623
f 8623 9203 9205
f 8623 9205 8621
f 8621 9205 9207
f 8621 9207 8619
f 8619 9207 9210
f 8619 9210 8618
f 8618 9210 9212
f 8618 9212 8616
f 8616 9212 9214
f 8616 9214 8614
f 8614 9214 9216
f 8614 9216 8612
f 8612 9216 9218
f 8612 9218 8610
f 8610 9218 9220
f 8610 9220 8608
f 8608 9220 9222
f 8608 9222 8606
f 8606 9222 9225
f 8606 9225 8604
f 8604 9225 9227
f 8604 9227 8602
f 8602 9227 9230
f 8602 9230 8600
f 8600 9230 9232
f 8600 9232 8598
f 8598 9232 9234
f 8598 9234 8596
f 8596 9234 9237
f 8596 9237 8594
f 8594 9237 9239
f 8594 9239 8592
f 8592 9239 9241
f 8592 9241 8590
f 8590 9241 9243
f 8590 9243 8588
f 8588 9243 9245
f 8588 9245 8586
f 8586 9245 9247
f 8586 9247 8585
f 8585 9247 9249
f 8585 9249 8583
f 8583 9249 9252
f 8583 9252 8581
f 8581 9252 9254
f 8581 9254 8579
f 8579 9254 9256
f 8579 9256 8577
f 8577 9256 9258
f 8577 9258 8576
f 8576 9258 9260
f 8576 9260 8574
f 8574 9260 9262
f 8574 9262 8572
f 8572 9262 9264
f 8572 9264 8570
f 8570 9264 9267
f 8570 9267 8568
f 8568 9267 9269
f 8568 9269 8565
f 8565 9269 9271
f 8565 9271 8563
f 8563 9271 9274
f 8563 9274 8561
f 8561 9274 9276
f 8561 9276 8559
f 8559 9276 9278
f 8559 9278 8557
f 8557 9278 9280
f 8557 9280 8555
f 8555 9280 9283
f 8555 9283 8553
f 8553 9283 9285
f 8553 9285 8551
f 8551 9285 9287
f 8551 9287 8549
f 8549 9287 9290
f 8549 9290 8547
f 8547 9290 9293
f 8547 9293 8544
f 8544 9293 9295
f 8544 9295 8542
f 8542 9295 9298
f 8542 9298 8540
f 8540 9298 9300
f 8540 9300 8538
f 8538 9300 9303
f 8538 9303 8536
f 8536 9303 9305
f 8536 9305 8534
f 8534 9305 9307
f 8534 9307 8532
f 8532 9307 9309
f 8532 9309 8530
f 8530 9309 9311
f 8530 9311 8528
f 8528 9311 9312
f 8528 9312 8525
f 8525 9312 9315
f 8525 9315 8523
f 8523 9315 9317
f 8523 9317 8521
f 8521 9317 9320
f 8521 9320 8519
f 8519 9320 9322
f 8519 9322 8517
f 8517 9322 9324
f 8517 9324 8515
f 8515 9324 9326
f 8515 9326 8513
f 8513 9326 9329
f 8513 9329 8511
f 8511 9329 9331
f 8511 9331 8509
f 8509 9331 9333
f 8509 9333 8507
f 8507 9333 9335
f 8507 9335 8505
f 8505 9335 9337
f 8505 9337 8503
f 8503 9337 9339
f 8503 9339 8501
f 8501 9339 9341
f 8501 9341 8499
f 8499 9341 9344
f 8499 9344 8497
f 8497 9344 9346
f 8497 9346 8495
f 8495 9346 9349
f 8495 9349 8493
f 8493 9349 9351
f 8493 9351 8491
f 8491 9351 9352
f 8491 9352 8489
f 8489 9352 9354
f 8489 9354 8488
f 8488 9354 9356
f 8488 9356 8486
f 8486 9356 9359
f 8486 9359 8484
f 8484 9359 9361
f 8484 9361 8483
f 8483 9361 9363
f 8483 9363 8481
f 8481 9363 9365
f 8481 9365 8479
f 8479 9365 9367
f 8479 9367 8477
f 8477 9367 9369
f 8477 9369 8475
f 8475 9369 9371
f 8475 9371 8456
f 8456 9371 9373
f 8456 9373 8457
f 8457 9373 9377
f 8457 9377 8459
f 8459 9377 9379
f 8459 9379 8461
f 8461 9379 9380
f 8461 9380 8463
f 8463 9380 9382
f 8463 9382 8465
f 8465 9382 9384
f 8465 9384 8467
f 8467 9384 9387
f 8467 9387 8469
f 8469 9387 9389
f 8469 9389 8471
f 8471 9389 9392
f 8471 9392 8472
f 8472 9392 9394
f 8472 9394 8426
f 8426 9394 9396
f 8426 9396 8428
f 8428 9396 9398
f 8428 9398 8430
f 8430 9398 9400
f 8430 9400 8432
f 8432 9400 9402
f 8432 9402 8434
f 8434 9402 9404
f 8434 9404 8436
f 8436 9404 9406
f 8436 9406 8438
f 8438 9406 9410
f 8438 9410 8440
f 8440 9410 9412
f 8440 9412 8442
f 8442 9412 9414
f 8442 9414 8444
f 8444 9414 9416
f 8444 9416 8446
f 8446 9416 9419
f 8446 9419 8448
f 8448 9419 9421
f 8448 9421 8450
f 8450 9421 9423
f 8450 9423 8452
f 8452 9423 9426
f 8452 9426 8454
f 8454 9426 9428
f 8454 9428 8455
f 8455 9428 9431
f 8455 9431 8422
f 8422 9431 9433
f 8422 9433 8420
f 8420 9433 9435
f 8420 9435 8417
f 8417 9435 9437
f 8417 9437 8415
f 8415 9437 9439
f 8415 9439 8414
f 8414 9439 9442
f 8414 9442 8412
f 8412 9442 9444
f 8412 9444 8409
f 8409 9444 9447
f 8409 9447 8407
f 8407 9447 9449
f 8407 9449 8405
f 8405 9449 9452
f 8405 9452 8403
f 8403 9452 9454
f 8403 9454 8401
f 8401 9454 9456
f 8401 9456 8399
f 8399 9456 9459
f 8399 9459 8397
f 8397 9459 9461
f 8397 9461 8394
f 8394 9461 9463
f 8394 9463 8392
f 8392 9463 9465
f 8392 9465 8390
f 8390 9465 9468
f 8390 9468 8388
f 8388 9468 9470
f 8388 9470 8386
f 8386 9470 9473
f 8386 9473 8383
f 8383 9473 9475
f 8840 8897 8875
f 8875 8897 8896
f 8875 8896 8876
f 8876 8896 8901
f 8876 8901 8873
f 8873 8901 8903
f 8873 8903 8874
f 8874 8903 8905
f 8874 8905 8868
f 8868 8905 8907
f 8868 8907 8869
f 8869 8907 8909
f 8869 8909 8870
f 8870 8909 8912
f 8870 8912 8871
f 8871 8912 8914
f 8871 8914 8862
f 8862 8914 8917
f 8862 8917 8860
f 8860 8917 8919
f 8860 8919 8858
f 8858 8919 8921
f 8858 8921 8863
f 8863 8921 8923
f 8863 8923 8864
f 8864 8923 8925
f 8864 8925 8865
f 8865 8925 8927
f 8865 8927 8857
f 8857 8927 8929
f 8857 8929 8855
f 8855 8929 8932
f 8855 8932 8854
f 8854 8932 8934
f 8854 8934 8852
f 8852 8934 8936
f 8852 8936 8300
f 8300 8936 8938
f 8300 8938 8301
f 8301 8938 8940
f 8301 8940 8851
f 8851 8940 8942
f 8851 8942 8846
f 8846 8942 8944
f 8846 8944 8847
f 8847 8944 8946
f 8847 8946 8849
f 8849 8946 8948
f 8849 8948 8850
f 8850 8948 8950
f 8850 8950 8844
f 8844 8950 8953
f 8844 8953 8845
f 8845 8953 8955
f 8845 8955 8842
f 8842 8955 8958
f 8842 8958 8839
f 8839 8958 8960
f 8839 8960 8838
f 8838 8960 8962
f 8838 8962 8836
f 8836 8962 8964
f 8836 8964 8834
f 8834 8964 8967
f 8834 8967 8832
f 8832 8967 8969
f 8832 8969 8830
f 8830 8969 8971
f 8830 8971 8828
f 8828 8971 8974
f 8828 8974 8826
f 8826 8974 8976
f 8826 8976 8823
f 8823 8976 8978
f 8823 8978 8821
f 8821 8978 8981
f 8821 8981 8819
f 8819 8981 8983
f 8819 8983 8817
f 8817 8983 8985
f 8817 8985 8814
f 8814 8985 8988
f 8814 8988 8813
f 8813 8988 8990
f 8813 8990 8811
f 8811 8990 8992
f 8811 8992 8809
f 8809 8992 8993
f 8809 8993 8807
f 8807 8993 8995
f 8807 8995 8805
f 8805 8995 8997
f 8805 8997 8803
f 8803 8997 9000
f 8803 9000 8801
f 8801 9000 9002
f 8801 9002 8798
f 8798 9002 9004
f 8798 9004 8795
f 8795 9004 9008
f 8795 9008 8793
f 8793 9008 9010
f 8793 9010 8791
f 8791 9010 9012
f 8791 9012 8789
f 8789 9012 9015
f 8789 9015 8787
f 8787 9015 9017
f 8787 9017 8785
f 8785 9017 9019
f 8785 9019 8783
f 8783 9019 9022
f 8783 9022 8781
f 8781 9022 9024
f 8781 9024 8779
f 8779 9024 9026
f 8779 9026 8777
f 8777 9026 9029
f 8777 9029 8775
f 8775 9029 9031
f 8775 9031 8773
f 8773 9031 9037
f 8773 9037 8771
f 8771 9037 9039
f 8771 9039 8769
f 8769 9039 9041
f 8769 9041 8767
f 8767 9041 9033
f 8767 9033 8765
f 8765 9033 9032
f 8765 9032 8763
f 8763 9032 9046
f 8763 9046 8761
f 8761 9046 9049
f 8761 9049 8759
f 8759 9049 9052
f 8759 9052 8757
f 8757 9052 9054
f 8757 9054 8754
f 8754 9054 9056
f 8754 9056 8752
f 8752 9056 9058
f 8752 9058 8750
f 8750 9058 9061
f 8750 9061 8748
f 8748 9061 9063
f 8748 9063 8746
f 8746 9063 9065
f 8746 9065 8744
f 8744 9065 9067
f 8744 9067 8743
f 8743 9067 9069
f 8743 9069 8741
f 8741 9069 9071
f 8741 9071 8739
f 8739 9071 9073
f 8739 9073 8737
f 8737 9073 9079
f 8737 9079 8735
f 8735 9079 9077
f 8735 9077 8732
f 8732 9077 9075
f 8732 9075 8730
f 8730 9075 9084
f 8730 9084 8728
f 8728 9084 9086
f 8728 9086 8726
f 8726 9086 9089
f 8726 9089 8713
f 8713 9089 9091
f 8713 9091 8714
f 8714 9091 9093
f 8714 9093 8723
f 8723 9093 9095
f 8723 9095 8721
f 8721 9095 9096
f 8721 9096 8719
f 8719 9096 9098
f 8719 9098 8717
f 8717 9098 9100
f 8717 9100 8715
f 8715 9100 9103
f 8715 9103 8711
f 8711 9103 9105
f 8711 9105 8709
f 8709 9105 9107
f 8709 9107 8707
f 8707 9107 9110
f 8707 9110 8705
f 8705 9110 9112
f 8705 9112 8703
f 8703 9112 9115
f 8703 9115 8700
f 8700 9115 9117
f 8700 9117 8698
f 8698 9117 9120
f 8698 9120 8696
f 8696 9120 9122
f 8696 9122 8694
f 8694 9122 9124
f 8694 9124 8692
f 8692 9124 9127
f 8692 9127 8690
f 8690 9127 9129
f 8690 9129 8688
f 8688 9129 9131
f 8688 9131 8687
f 8687 9131 9133
f 8687 9133 8685
f 8685 9133 9135
f 8685 9135 8683
f 8683 9135 9137
f 8683 9137 8681
f 8681 9137 9139
f 8681 9139 8679
f 8679 9139 9140
f 8679 9140 8678
f 8678 9140 9143
f 8678 9143 8676
f 8676 9143 9145
f 8676 9145 8673
f 8673 9145 9147
f 8673 9147 8671
f 8671 9147 9150
f 8671 9150 8669
f 8669 9150 9152
f 8669 9152 8667
f 8667 9152 9154
f 8667 9154 8665
f 8665 9154 9157
f 8665 9157 8663
f 8663 9157 9160
f 8663 9160 8661
f 8661 9160 9162
f 8661 9162 8659
f 8659 9162 9164
f 8659 9164 8657
f 8657 9164 9166
f 8657 9166 8655
f 8655 9166 9168
f 8655 9168 8653
f 8653 9168 9171
f 8653 9171 8651
f 8651 9171 9173
f 8651 9173 8649
f 8649 9173 9176
f 8649 9176 8647
f 8647 9176 9182
f 8647 9182 8646
f 8646 9182 9184
f 8646 9184 8644
f 8644 9184 9178
f 8644 9178 8641
f 8641 9178 9177
f 8641 9177 8639
f 8639 9177 9189
f 9547 9546 7804
f 9251 9250 8526
f 9149 8617 8615
f 9104 8658 8656
f 8898 8837 8899
f 8899 8837 8835
f 8899 8835 8900
f 8900 8835 8902
f 8902 8835 8833
f 8902 8833 8904
f 8904 8833 8831
f 8904 8831 8906
f 8906 8831 8829
f 8906 8829 8908
f 8908 8829 8827
f 8908 8827 8910
f 8910 8827 8911
f 8911 8827 8825
f 8911 8825 8913
f 8913 8825 8824
f 8913 8824 8915
f 8915 8824 8822
f 8915 8822 8916
f 8916 8822 8918
f 8918 8822 8820
f 8918 8820 8920
f 8820 8818 8920
f 8920 8818 8816
f 8920 8816 8922
f 8922 8816 8924
f 8924 8816 8815
f 8924 8815 8926
f 8926 8815 8812
f 8926 8812 8928
f 8928 8812 8810
f 8928 8810 8930
f 8930 8810 8808
f 8930 8808 8931
f 8931 8808 8933
f 8933 8808 8806
f 8933 8806 8935
f 8935 8806 8804
f 8935 8804 8937
f 8804 8802 8937
f 8937 8802 8800
f 8937 8800 8939
f 8939 8800 8941
f 8941 8800 8799
f 8941 8799 8943
f 8799 8797 8943
f 8943 8797 8796
f 8943 8796 8945
f 8945 8796 8947
f 8947 8796 8794
f 8947 8794 8949
f 8949 8794 8792
f 8949 8792 8951
f 8951 8792 8790
f 8951 8790 8952
f 8952 8790 8954
f 8954 8790 8788
f 8954 8788 8956
f 8956 8788 8786
f 8956 8786 8957
f 8957 8786 8959
f 8959 8786 8784
f 8959 8784 8961
f 8961 8784 8782
f 8961 8782 8963
f 8963 8782 8780
f 8963 8780 8965
f 8965 8780 8778
f 8965 8778 8966
f 8966 8778 8968
f 8968 8778 8776
f 8968 8776 8970
f 8970 8776 8774
f 8970 8774 8972
f 8972 8774 8772
f 8972 8772 8973
f 8973 8772 8975
f 8975 8772 8770
f 8975 8770 8977
f 8770 8768 8977
f 8977 8768 8766
f 8977 8766 8979
f 8762 8984 8764
f 8764 8984 8982
f 8764 8982 8766
f 8766 8982 8980
f 8766 8980 8979
f 8756 8991 8758
f 8758 8991 8989
f 8758 8989 8760
f 8760 8989 8987
f 8760 8987 8762
f 8762 8987 8986
f 8762 8986 8984
f 8756 8755 8991
f 8991 8755 8753
f 8991 8753 8994
f 8994 8753 8996
f 8996 8753 8751
f 8996 8751 8998
f 8998 8751 8749
f 8998 8749 8999
f 8999 8749 8747
f 8999 8747 9001
f 9001 8747 9003
f 9003 8747 8745
f 9003 8745 9005
f 9005 8745 8742
f 9005 8742 9006
f 9006 8742 9007
f 9007 8742 8740
f 9007 8740 9009
f 9009 8740 9011
f 9011 8740 8738
f 9011 8738 9013
f 9013 8738 8736
f 9013 8736 9014
f 9014 8736 9016
f 9016 8736 8734
f 9016 8734 9018
f 9018 8734 8733
f 9018 8733 9020
f 9020 8733 8731
f 9020 8731 9021
f 9021 8731 9023
f 9023 8731 8729
f 9023 8729 9025
f 9025 8729 8727
f 9025 8727 9027
f 9027 8727 8712
f 9027 8712 9028
f 9028 8712 9030
f 9030 8712 8725
f 9030 8725 9035
f 9035 8725 8724
f 9035 8724 9036
f 9036 8724 9038
f 9038 8724 8722
f 9038 8722 9040
f 9040 8722 8720
f 9040 8720 9042
f 9042 8720 8718
f 9042 8718 9043
f 9043 8718 8716
f 9043 8716 9034
f 9034 8716 9044
f 9044 8716 8710
f 9044 8710 9045
f 9045 8710 9047
f 9047 8710 8708
f 9047 8708 9048
f 9048 8708 9050
f 9050 8708 8706
f 9050 8706 9051
f 9051 8706 8704
f 9051 8704 9053
f 9053 8704 9055
f 9055 8704 8702
f 9055 8702 9057
f 9057 8702 8701
f 9057 8701 9059
f 9059 8701 8699
f 9059 8699 9060
f 9060 8699 9062
f 9062 8699 8697
f 9062 8697 9064
f 9064 8697 8695
f 9064 8695 9066
f 9066 8695 8693
f 9066 8693 9068
f 8693 8691 9068
f 9068 8691 8689
f 9068 8689 9070
f 9070 8689 9072
f 9072 8689 8686
f 9072 8686 9081
f 9081 8686 9080
f 9080 8686 8684
f 9080 8684 9078
f 9078 8684 8682
f 9078 8682 9076
f 9082 9074 8677
f 8677 9074 9076
f 8677 9076 8680
f 8680 9076 8682
f 9090 9088 8674
f 8674 9088 9087
f 8674 9087 8675
f 8675 9087 9085
f 8675 9085 8677
f 8677 9085 9083
f 8677 9083 9082
f 8674 8672 9090
f 9090 8672 8670
f 9090 8670 9092
f 9092 8670 8668
f 9092 8668 8666
f 8658 9104 8660
f 9104 9102 8660
f 8660 9102 9101
f 8660 9101 8662
f 8662 9101 9099
f 8662 9099 8664
f 8664 9099 9097
f 8664 9097 8666
f 8666 9097 9094
f 8666 9094 9092
f 8654 9108 8656
f 8656 9108 9106
f 8656 9106 9104
f 8650 9113 8652
f 8652 9113 9111
f 8652 9111 8654
f 8654 9111 9109
f 8654 9109 9108
f 8643 9119 8645
f 8645 9119 9118
f 8645 9118 8648
f 8648 9118 9116
f 8648 9116 8650
f 8650 9116 9114
f 8650 9114 9113
f 9130 9128 8638
f 8638 9128 9126
f 8638 9126 8640
f 8640 9126 9125
f 8640 9125 8642
f 8642 9125 9123
f 8642 9123 8643
f 8643 9123 9121
f 8643 9121 9119
f 8638 8636 9130
f 9130 8636 8634
f 9130 8634 9132
f 9132 8634 9134
f 9134 8634 8633
f 9134 8633 9136
f 8633 8631 9136
f 9136 8631 8628
f 9136 8628 9138
f 9138 8628 8629
f 9138 8629 9141
f 9141 8629 8624
f 9141 8624 9142
f 9142 8624 8622
f 8617 9149 9148
f 8617 9148 8620
f 8620 9148 9146
f 8620 9146 8622
f 8622 9146 9144
f 8622 9144 9142
f 8611 9155 8613
f 8613 9155 9153
f 8613 9153 8615
f 8615 9153 9151
f 8615 9151 9149
f 9161 9159 8609
f 8609 9159 9158
f 8609 9158 8611
f 8611 9158 9156
f 8611 9156 9155
f 8609 8607 9161
f 9161 8607 8605
f 9161 8605 9163
f 9163 8605 9165
f 9165 8605 8603
f 9165 8603 9167
f 9167 8603 8601
f 9167 8601 9169
f 9169 8601 8599
f 9169 8599 9170
f 9170 8599 9172
f 9172 8599 8597
f 9172 8597 9174
f 9174 8597 8595
f 9174 8595 9175
f 9175 8595 9180
f 9180 8595 8593
f 9180 8593 9181
f 9181 8593 9183
f 9183 8593 8591
f 9183 8591 9185
f 9185 8591 8589
f 9185 8589 9186
f 9186 8589 8587
f 9186 8587 9179
f 9179 8587 9187
f 9187 8587 8584
f 9187 8584 9188
f 9188 8584 8582
f 9188 8582 9190
f 9190 8582 9192
f 9192 8582 8580
f 9192 8580 9194
f 8580 8578 9194
f 9194 8578 8575
f 9194 8575 9196
f 9196 8575 8573
f 9196 8573 9198
f 9198 8573 8571
f 9198 8571 9200
f 9200 8571 9202
f 9202 8571 8569
f 9202 8569 9204
f 8569 8567 9204
f 9204 8567 8566
f 9204 8566 9206
f 9206 8566 9208
f 9208 8566 8564
f 9208 8564 9209
f 9209 8564 8562
f 9209 8562 9211
f 9211 8562 9213
f 9213 8562 8560
f 9213 8560 9215
f 8560 8558 9215
f 9215 8558 8556
f 9215 8556 9217
f 9217 8556 9219
f 9219 8556 8554
f 9219 8554 9221
f 9221 8554 8552
f 9221 8552 9223
f 9223 8552 9224
f 9224 8552 8550
f 9224 8550 9226
f 9226 8550 8548
f 9226 8548 9228
f 9228 8548 8546
f 9228 8546 9229
f 9229 8546 9231
f 9231 8546 8545
f 9231 8545 9233
f 9233 8545 8543
f 9233 8543 9235
f 9235 8543 8541
f 9235 8541 9236
f 9236 8541 9238
f 9238 8541 8539
f 9238 8539 9240
f 9240 8539 8537
f 9240 8537 9242
f 8537 8535 9242
f 9242 8535 8533
f 9242 8533 9244
f 9244 8533 9246
f 9246 8533 8531
f 9246 8531 9248
f 9248 8531 8529
f 9248 8529 9250
f 9250 8529 8527
f 9250 8527 8526
f 9251 8526 9253
f 9253 8526 8524
f 9253 8524 9255
f 9255 8524 9257
f 9257 8524 8522
f 9257 8522 9259
f 8522 8520 9259
f 9259 8520 8518
f 9259 8518 9261
f 9261 8518 9263
f 9263 8518 8516
f 9263 8516 9265
f 9265 8516 9266
f 9266 8516 8514
f 9266 8514 9268
f 9268 8514 8512
f 9268 8512 9270
f 9270 8512 8510
f 9270 8510 9272
f 9272 8510 8508
f 9272 8508 9273
f 9273 8508 9275
f 9275 8508 8506
f 9275 8506 9277
f 9277 8506 8504
f 9277 8504 9279
f 9279 8504 8502
f 9279 8502 9281
f 9281 8502 8500
f 9281 8500 9282
f 9282 8500 9284
f 9284 8500 8498
f 9284 8498 9286
f 9286 8498 8496
f 9286 8496 9288
f 9288 8496 8494
f 9288 8494 9289
f 9289 8494 9291
f 9291 8494 8492
f 9291 8492 9292
f 9292 8492 8490
f 9292 8490 9294
f 9294 8490 9296
f 9296 8490 8487
f 9296 8487 9297
f 9297 8487 8485
f 9297 8485 9299
f 9299 8485 9301
f 9301 8485 8482
f 9301 8482 9302
f 9302 8482 9304
f 9304 8482 8480
f 9304 8480 9306
f 9306 8480 8478
f 9306 8478 9308
f 8462 9319 9318
f 8462 9318 8460
f 8478 8476 9308
f 9308 8476 8474
f 9308 8474 9310
f 9310 8474 8473
f 9310 8473 9313
f 9313 8473 8458
f 9313 8458 9314
f 9314 8458 8460
f 9314 8460 9316
f 9316 8460 9318
f 9319 8462 9321
f 9321 8462 8464
f 9321 8464 9323
f 8464 8466 9323
f 9323 8466 8468
f 9323 8468 9325
f 9325 8468 9327
f 9327 8468 8470
f 9327 8470 9328
f 9328 8470 9330
f 9330 8470 8425
f 9330 8425 9332
f 9332 8425 8427
f 9332 8427 9334
f 8427 8429 9334
f 9334 8429 8431
f 9334 8431 9336
f 9336 8431 9338
f 9338 8431 8433
f 9338 8433 9340
f 9340 8433 8435
f 9340 8435 9342
f 9342 8435 9343
f 9343 8435 8437
f 9343 8437 9345
f 9345 8437 8439
f 9345 8439 9347
f 9347 8439 8441
f 9347 8441 9348
f 9348 8441 8443
f 9348 8443 8445
f 9360 9358 8451
f 8451 9358 9357
f 8451 9357 8449
f 8449 9357 9355
f 8449 9355 8447
f 8447 9355 9353
f 8447 9353 8445
f 8445 9353 9350
f 8445 9350 9348
f 8451 8453 9360
f 9360 8453 8424
f 9360 8424 9362
f 9362 8424 8423
f 9362 8423 9364
f 9364 8423 9366
f 9366 8423 8421
f 9366 8421 9368
f 9368 8421 8419
f 9368 8419 9370
f 9370 8419 8418
f 9370 8418 9372
f 9372 8418 8416
f 9372 8416 9374
f 9374 8416 9375
f 9375 8416 8413
f 9375 8413 9376
f 9376 8413 8411
f 9376 8411 9378
f 9378 8411 8410
f 9378 8410 9381
f 9381 8410 8408
f 9381 8408 9383
f 9383 8408 8406
f 9383 8406 9385
f 9385 8406 9386
f 9386 8406 8404
f 9386 8404 9388
f 9388 8404 8402
f 9388 8402 9390
f 9390 8402 8400
f 9390 8400 9391
f 9391 8400 9393
f 9393 8400 8398
f 9393 8398 9395
f 8398 8396 9395
f 9395 8396 8395
f 9395 8395 9397
f 9397 8395 9399
f 9399 8395 8393
f 9399 8393 9401
f 9401 8393 8391
f 9401 8391 9403
f 9403 8391 8389
f 9403 8389 9405
f 9405 8389 8387
f 9405 8387 9407
f 9407 8387 9408
f 9408 8387 8385
f 9408 8385 9409
f 9409 8385 9411
f 9411 8385 8384
f 9411 8384 9413
f 9413 8384 8382
f 9413 8382 9415
f 9415 8382 8380
f 9415 8380 9417
f 9417 8380 8378
f 9417 8378 9418
f 9418 8378 9420
f 9420 8378 8376
f 9420 8376 9422
f 9422 8376 8374
f 9422 8374 9424
f 9424 8374 8372
f 9424 8372 9425
f 9425 8372 9427
f 9427 8372 8370
f 9427 8370 9429
f 9429 8370 8368
f 9429 8368 9430
f 9430 8368 9432
f 9432 8368 8367
f 9432 8367 9434
f 9434 8367 8365
f 9434 8365 9436
f 8365 8363 9436
f 9436 8363 8359
f 9436 8359 9438
f 9438 8359 9440
f 9440 8359 8357
f 9440 8357 9441
f 9441 8357 9443
f 9443 8357 8355
f 9443 8355 9445
f 9445 8355 8353
f 9445 8353 9446
f 9446 8353 9448
f 9448 8353 8351
f 9448 8351 9450
f 9450 8351 8349
f 9450 8349 9451
f 9451 8349 9453
f 9453 8349 8348
f 9453 8348 9455
f 9455 8348 8305
f 9455 8305 9457
f 9457 8305 9458
f 9458 8305 8331
f 9458 8331 9460
f 9460 8331 8333
f 9460 8333 9462
f 8333 8335 9462
f 9462 8335 8337
f 9462 8337 9464
f 9464 8337 9466
f 9466 8337 8339
f 9466 8339 9467
f 9467 8339 9469
f 9469 8339 8341
f 9469 8341 9471
f 9471 8341 8343
f 9471 8343 9472
f 9472 8343 9474
f 9474 8343 8345
f 9474 8345 9476
f 9476 8345 8321
f 9476 8321 9477
f 9477 8321 8320
f 9477 8320 9479
f 9479 8320 9481
f 9481 8320 8328
f 9481 8328 9483
f 9483 8328 8326
f 9483 8326 9485
f 9485 8326 8324
f 9485 8324 9487
f 8324 8323 9487
f 9487 8323 8318
f 9487 8318 9489
f 9489 8318 9491
f 9491 8318 8316
f 9491 8316 9493
f 9493 8316 8314
f 9493 8314 9495
f 9495 8314 8312
f 9495 8312 9497
f 8312 8306 9497
f 9497 8306 8310
f 9497 8310 9499
f 9499 8310 8309
f 9499 8309 9502
f 9502 8309 8880
f 9502 8880 9504
f 9504 8880 8879
f 9513 9512 8881
f 8881 9512 9511
f 8881 9511 8877
f 8877 9511 9509
f 8877 9509 8878
f 8878 9509 9507
f 8878 9507 8879
f 8879 9507 9506
f 8879 9506 9504
f 9513 8881 9514
f 9514 8881 8882
f 9514 8882 9516
f 9516 8882 9518
f 9518 8882 8883
f 9518 8883 9520
f 9520 8883 8888
f 9520 8888 9521
f 9521 8888 8887
f 9521 8887 8895
f 8895 8887 9522
f 9522 8887 8886
f 9522 8886 9523
f 9523 8886 8885
f 9523 8885 9525
f 9525 8885 9527
f 9527 8885 8884
f 9527 8884 9529
f 9529 8884 8889
f 9529 8889 9531
f 9531 8889 9532
f 9532 8889 8890
f 9532 8890 9534
f 9534 8890 8892
f 9534 8892 9536
f 9536 8892 8891
f 9536 8891 9537
f 9537 8891 9539
f 9539 8891 7802
f 9539 7802 9541
f 9541 7802 7803
f 9541 7803 7805
f 7804 9546 7805
f 7805 9546 9544
f 7805 9544 9541
f 9547 7804 9552
f 9552 7804 7807
f 9552 7807 9551
f 9551 7807 9549
f 9549 7807 7806
f 9549 7806 9553
f 9553 7806 9554
f 9554 7806 7813
f 9554 7813 9556
f 9556 7813 7812
f 9556 7812 9557
f 7812 7811 9557
f 9557 7811 7827
f 9557 7827 9560
f 9560 7827 7800
f 9560 7800 9558
f 6542 6544 6546
f 6515 7010 7819
f 6546 7823 7825
f 7823 6546 7819
f 7819 6546 6532
f 7819 6532 6515
f 6515 6532 6529
f 6515 6529 6526
f 6534 6536 6538
f 6516 6515 6518
f 6518 6515 6526
f 6518 6526 6520
f 6520 6526 6523
f 7825 7006 6546
f 6546 7006 6534
f 6546 6534 6542
f 6542 6534 6538
f 6542 6538 6540
f 7592 7604 10172
f 7017 7016 7030
f 7033 7014 10173
f 10173 7014 7013
f 10173 7013 10174
f 10174 7013 7022
f 10174 7022 10175
f 10175 7022 7021
f 10175 7021 10176
f 10176 7021 7019
f 10176 7019 10172
f 10172 7019 7017
f 10172 7017 7592
f 7592 7017 7030
f 7037 7034 10177
f 7037 10177 10178
f 10178 10177 10179
f 10178 10179 10180
f 10180 10179 10181
f 10180 10181 10182
f 10183 7600 7588
f 10182 10181 10184
f 10184 10181 10183
f 10184 10183 10185
f 10185 10183 7588
f 10185 7588 10186
f 10186 7588 7587
f 10186 7587 10187
f 10187 7587 10188
f 10188 7587 7586
f 10188 7586 10189
f 10189 7586 10190
f 10190 7586 7029
f 10190 7029 7031
f 10172 7604 7610
f 10176 10172 10175
f 10175 10172 7610
f 10175 7610 10174
f 10174 7610 7608
f 10174 7608 10173
f 7598 7600 10183
f 10173 7608 7033
f 7033 7608 7606
f 7033 7606 7034
f 7034 7606 7598
f 7034 7598 10177
f 10177 7598 10179
f 10179 7598 10183
f 10179 10183 10181
f 7617 7632 10191
f 7043 7042 7055
f 7058 7039 10192
f 10192 7039 7038
f 10192 7038 10193
f 10193 7038 7041
f 10193 7041 10194
f 10194 7041 7051
f 10194 7051 10195
f 10195 7051 7045
f 10195 7045 10191
f 10191 7045 7043
f 10191 7043 7617
f 7617 7043 7055
f 7062 7059 10196
f 10196 7059 10197
f 10196 10197 10198
f 10198 10197 10199
f 10199 10197 10200
f 10199 10200 10201
f 10201 10200 10202
f 10202 10200 10203
f 10202 10203 10204
f 10205 7645 7627
f 10204 10203 10206
f 10206 10203 10205
f 10206 10205 10207
f 10207 10205 7627
f 10207 7627 10208
f 10208 7627 7626
f 10208 7626 10209
f 10209 7626 10210
f 10210 7626 7054
f 10210 7054 7056
f 10191 7632 7636
f 10194 10195 10191
f 10192 10193 10194
f 10194 10191 10192
f 10192 10191 7636
f 10192 7636 7058
f 7058 7636 7634
f 7058 7634 7059
f 7059 7634 7643
f 7059 7643 10197
f 10203 10200 10205
f 10205 10200 10197
f 10205 10197 7645
f 7645 10197 7643
f 7085 7064 10211
f 10211 7064 7063
f 10211 7063 10212
f 10212 7063 7066
f 10212 7066 10213
f 10213 7066 7076
f 10213 7076 10214
f 10214 7076 7070
f 10214 7070 10215
f 10215 7070 7068
f 10215 7068 7079
f 7079 7068 7067
f 7089 7086 10216
f 7089 10216 10217
f 10217 10216 10218
f 10217 10218 10219
f 10219 10218 10220
f 10219 10220 10221
f 10221 10220 10222
f 10222 10220 10223
f 10222 10223 10224
f 10225 7764 7653
f 10224 10223 10226
f 10226 10223 10225
f 10226 10225 10227
f 10227 10225 7653
f 10227 7653 10228
f 10228 7653 7662
f 10228 7662 10229
f 10229 7662 10230
f 10230 7662 7082
f 10230 7082 7083
f 7086 7085 7331
f 7079 7078 7333
f 10212 10213 10211
f 10211 10213 10214
f 7331 7085 7333
f 7333 7085 10211
f 7333 10211 7079
f 7079 10211 10214
f 7079 10214 10215
f 10220 10218 10223
f 10223 10218 10216
f 10223 10216 10225
f 10225 10216 7086
f 10225 7086 7764
f 7764 7086 7331
f 7112 7091 10231
f 10231 7091 7090
f 10231 7090 10232
f 10232 7090 7099
f 10232 7099 10233
f 10233 7099 7098
f 10233 7098 10234
f 10234 7098 7093
f 10234 7093 10235
f 10235 7093 7095
f 10235 7095 7106
f 7106 7095 7096
f 7116 7113 10236
f 7116 10236 10237
f 10237 10236 10238
f 10237 10238 10239
f 10239 10238 10240
f 10239 10240 10241
f 10241 10240 10242
f 10242 10240 10243
f 10242 10243 10244
f 10244 10243 10245
f 10245 10243 10246
f 10245 10246 10247
f 10248 7761 7356
f 10247 10246 10249
f 10249 10246 10248
f 10249 10248 10250
f 10250 10248 7356
f 10250 7356 10251
f 10251 7356 7109
f 10251 7109 7110
f 7112 7668 7113
f 7113 7668 7761
f 7113 7761 10248
f 10233 10234 10232
f 10232 10234 10235
f 10232 10235 10231
f 10231 10235 7106
f 10231 7106 7112
f 7112 7106 7105
f 7112 7105 7668
f 10243 10240 10246
f 10246 10240 10238
f 10246 10238 10248
f 10248 10238 10236
f 10248 10236 7113
f 7137 7118 10252
f 10252 7118 7117
f 10252 7117 10253
f 10253 7117 7126
f 10253 7126 10254
f 10254 7126 7125
f 10254 7125 10255
f 10255 7125 7120
f 10255 7120 10256
f 10256 7120 7122
f 10256 7122 7134
f 7134 7122 7123
f 7346 7756 10257
f 7142 7143 10258
f 10258 7143 7346
f 10258 7346 10259
f 10259 7346 10257
f 10259 10257 10260
f 10260 10257 10261
f 10260 10261 10262
f 10262 10261 10263
f 10263 10261 10264
f 10263 10264 10265
f 10265 10264 10266
f 10266 10264 10267
f 10266 10267 10268
f 10268 10267 10269
f 10269 10267 10270
f 10269 10270 10271
f 10271 10270 10272
f 10272 10270 7133
f 10272 7133 7135
f 7134 7663 7139
f 10270 10267 7133
f 7133 10267 10264
f 7663 7134 7756
f 7756 7134 7133
f 7756 7133 10257
f 10257 7133 10264
f 10257 10264 10261
f 10254 10255 10253
f 10253 10255 10256
f 10253 10256 10252
f 10252 10256 7134
f 10252 7134 7137
f 7137 7134 7139
f 7164 7145 10273
f 10273 7145 7144
f 10273 7144 10274
f 10274 7144 7153
f 10274 7153 10275
f 10275 7153 7152
f 10275 7152 10276
f 10276 7152 7150
f 10276 7150 10277
f 10277 7150 7148
f 10277 7148 7161
f 7161 7148 7147
f 7362 7752 10278
f 7169 7170 7363
f 7362 10279 7363
f 7363 10279 10280
f 7363 10280 7169
f 7362 10278 10279
f 10279 10278 10281
f 10279 10281 10282
f 10282 10281 10283
f 10283 10281 10284
f 10283 10284 10285
f 10285 10284 10286
f 10286 10284 10287
f 10286 10287 10288
f 10288 10287 10289
f 10289 10287 10290
f 10289 10290 10291
f 10291 10290 10292
f 10292 10290 7160
f 10292 7160 7162
f 7675 7166 10277
f 10277 7166 7164
f 7675 10277 7673
f 7673 10277 7161
f 7673 7161 7752
f 7752 7161 7160
f 7752 7160 10278
f 10276 10277 10275
f 10275 10277 7164
f 10275 7164 10274
f 10274 7164 10273
f 10284 10281 10287
f 10287 10281 10278
f 10287 10278 10290
f 10290 10278 7160
f 7191 7172 7390
f 7390 7172 7171
f 7687 7390 10293
f 10293 7390 7171
f 10293 7171 10294
f 10294 7171 7180
f 10294 7180 10295
f 10295 7180 7179
f 10295 7179 10296
f 10296 7179 7177
f 10296 7177 10297
f 10297 7177 7175
f 10297 7175 7188
f 7188 7175 7174
f 7377 7694 10298
f 7195 7192 10299
f 10299 7192 7378
f 10299 7378 10300
f 10300 7378 10301
f 10301 7378 7377
f 10301 7377 10302
f 10302 7377 10298
f 10302 10298 10303
f 10303 10298 10304
f 10303 10304 10305
f 10305 10304 10306
f 10306 10304 10307
f 10306 10307 10308
f 10308 10307 10309
f 10309 10307 10310
f 10309 10310 10311
f 10311 10310 10312
f 10312 10310 7187
f 10312 7187 7189
f 10295 10296 10297
f 7683 7685 10297
f 10298 7694 7697
f 10310 10307 10304
f 10294 10295 10293
f 10293 10295 10297
f 10293 10297 7687
f 7687 10297 7685
f 10304 10298 10310
f 10310 10298 7697
f 10310 7697 7187
f 7187 7697 7683
f 7187 7683 7188
f 7188 7683 10297
f 7216 7197 7400
f 7400 7197 7196
f 7709 7400 10313
f 10313 7400 7196
f 10313 7196 10314
f 10314 7196 7205
f 10314 7205 10315
f 10315 7205 7204
f 10315 7204 10316
f 10316 7204 7202
f 10316 7202 10317
f 10317 7202 7200
f 10317 7200 7213
f 7213 7200 7199
f 7392 7715 10318
f 7220 7217 10319
f 10319 7217 7393
f 10319 7393 10320
f 10320 7393 10321
f 10321 7393 7392
f 10321 7392 10322
f 10322 7392 10318
f 10322 10318 10323
f 10323 10318 10324
f 10323 10324 10325
f 10325 10324 10326
f 10326 10324 10327
f 10326 10327 10328
f 10328 10327 10329
f 10329 10327 10330
f 10329 10330 10331
f 10331 10330 10332
f 10332 10330 7212
f 10332 7212 7214
f 7705 7707 10315
f 7707 7709 10315
f 10315 7709 10313
f 10315 10313 10314
f 10327 10324 7718
f 7718 10324 10318
f 7718 10318 7715
f 10330 10327 7212
f 7212 10327 7718
f 7212 7718 7213
f 7213 7718 7703
f 7213 7703 10317
f 10317 7703 7705
f 10317 7705 10316
f 10316 7705 10315
f 7241 7222 7414
f 7414 7222 7221
f 7740 7414 10333
f 10333 7414 7221
f 10333 7221 10334
f 10334 7221 7232
f 10334 7232 10335
f 10335 7232 7231
f 10335 7231 10336
f 10336 7231 7230
f 10336 7230 10337
f 10337 7230 7226
f 10337 7226 7238
f 7238 7226 7225
f 7407 7725 10338
f 7245 7242 10339
f 10339 7242 7411
f 10339 7411 10340
f 10340 7411 10341
f 10341 7411 7409
f 10341 7409 10342
f 10342 7409 10343
f 10343 7409 7407
f 10343 7407 10344
f 10344 7407 10338
f 10344 10338 10345
f 10345 10338 10346
f 10345 10346 10347
f 10347 10346 10348
f 10348 10346 10349
f 10348 10349 10350
f 10350 10349 10351
f 10351 10349 7237
f 10351 7237 7239
f 7738 7740 10333
f 10338 7725 10346
f 10346 7725 7728
f 10349 10346 7237
f 7237 10346 7728
f 7237 7728 7238
f 7238 7728 7734
f 7238 7734 10337
f 10337 7734 7736
f 10337 7736 10336
f 10336 7736 7738
f 10336 7738 10335
f 10335 7738 10333
f 10335 10333 10334
f 6964 6948 7305
f 7305 6948 6950
f 7550 7305 10352
f 10352 7305 6950
f 10352 6950 10353
f 10353 6950 6951
f 10353 6951 10354
f 10354 6951 6957
f 10354 6957 10355
f 10355 6957 6944
f 10355 6944 10356
f 10356 6944 6946
f 10356 6946 6961
f 6961 6946 6947
f 7303 7557 10357
f 6968 6965 10358
f 10358 6965 7304
f 10358 7304 10359
f 10359 7304 10360
f 10360 7304 7303
f 10360 7303 10361
f 10361 7303 10357
f 10361 10357 10362
f 10362 10357 10363
f 10362 10363 10364
f 10364 10363 10365
f 10365 10363 10366
f 10365 10366 10367
f 10367 10366 10368
f 10368 10366 10369
f 10368 10369 10370
f 10370 10369 10371
f 10371 10369 6960
f 10371 6960 6962
f 10357 7557 7560
f 7546 7548 10356
f 10356 7548 7550
f 10356 7550 10352
f 10369 10366 10363
f 10352 10353 10356
f 10356 10353 10354
f 10356 10354 10355
f 10363 10357 10369
f 10369 10357 7560
f 10369 7560 6960
f 6960 7560 7546
f 6960 7546 6961
f 6961 7546 10356
f 6937 6918 10372
f 10372 6918 6917
f 10372 6917 10373
f 10373 6917 6926
f 10373 6926 10374
f 10374 6926 6925
f 10374 6925 10375
f 10375 6925 6920
f 10375 6920 10376
f 10376 6920 6922
f 10376 6922 6934
f 6934 6922 6923
f 7288 7776 10377
f 6942 6943 10378
f 10378 6943 7289
f 10378 7289 10379
f 10379 7289 10380
f 10380 7289 7288
f 10380 7288 10381
f 10381 7288 10377
f 10381 10377 10382
f 10382 10377 10383
f 10382 10383 10384
f 10384 10383 10385
f 10385 10383 10386
f 10385 10386 10387
f 10387 10386 10388
f 10388 10386 10389
f 10388 10389 10390
f 10390 10389 10391
f 10391 10389 6933
f 10391 6933 6935
f 10374 10375 10376
f 10373 10374 10372
f 10372 10374 10376
f 10372 10376 6937
f 6937 10376 6939
f 10386 10383 10389
f 10389 10383 10377
f 10389 10377 6933
f 6933 10377 7776
f 6933 7776 6934
f 6934 7776 7536
f 6934 7536 10376
f 10376 7536 7538
f 10376 7538 6939
f 6910 6891 10392
f 10392 6891 6890
f 10392 6890 10393
f 10393 6890 6893
f 10393 6893 10394
f 10394 6893 6903
f 10394 6903 10395
f 10395 6903 6894
f 10395 6894 10396
f 10396 6894 6896
f 10396 6896 6907
f 6907 6896 6897
f 7518 7784 10397
f 6915 6916 10398
f 10398 6916 7518
f 10398 7518 10399
f 10399 7518 10397
f 10399 10397 10400
f 10400 10397 10401
f 10400 10401 10402
f 10402 10401 10403
f 10403 10401 10404
f 10403 10404 10405
f 10405 10404 10406
f 10406 10404 10407
f 10406 10407 10408
f 10408 10407 10409
f 10409 10407 10410
f 10409 10410 10411
f 10411 10410 10412
f 10412 10410 6906
f 10412 6906 6908
f 10410 10407 6906
f 6906 10407 10404
f 7529 6907 7784
f 7784 6907 6906
f 7784 6906 10397
f 10397 6906 10404
f 10397 10404 10401
f 10392 10393 6910
f 6910 10393 10394
f 7529 6912 6907
f 6907 6912 6910
f 6907 6910 10396
f 10396 6910 10394
f 10396 10394 10395
f 6885 6864 10413
f 10413 6864 6863
f 10413 6863 10414
f 10414 6863 6866
f 10414 6866 10415
f 10415 6866 6876
f 10415 6876 10416
f 10416 6876 6870
f 10416 6870 10417
f 10417 6870 6868
f 10417 6868 6879
f 6879 6868 6867
f 6889 6886 10418
f 10418 6886 10419
f 10418 10419 10420
f 10420 10419 10421
f 10421 10419 10422
f 10421 10422 10423
f 10423 10422 10424
f 10424 10422 10425
f 10424 10425 10426
f 10426 10425 10427
f 10427 10425 10428
f 10427 10428 10429
f 10430 7781 7519
f 10429 10428 10431
f 10431 10428 10430
f 10431 10430 10432
f 10432 10430 7519
f 10432 7519 10433
f 10433 7519 6882
f 10433 6882 6883
f 6879 6878 6885
f 6885 6878 7528
f 6885 7528 6886
f 6886 7528 7781
f 6886 7781 10430
f 6885 10413 10414
f 10417 6879 10416
f 10416 6879 6885
f 10416 6885 10415
f 10415 6885 10414
f 10422 10419 10425
f 10425 10419 6886
f 10425 6886 10428
f 10428 6886 10430
f 6858 6836 10434
f 10434 6836 6838
f 10434 6838 10435
f 10435 6838 6839
f 10435 6839 10436
f 10436 6839 6847
f 10436 6847 10437
f 10437 6847 6843
f 10437 6843 10438
f 10438 6843 6841
f 10438 6841 6852
f 6852 6841 6840
f 6862 6859 10439
f 10439 6859 10440
f 10439 10440 10441
f 10441 10440 10442
f 10442 10440 10443
f 10442 10443 10444
f 10444 10443 10445
f 10445 10443 10446
f 10445 10446 10447
f 10448 7789 7505
f 10447 10446 10449
f 10449 10446 10448
f 10449 10448 10450
f 10450 10448 7505
f 10450 7505 10451
f 10451 7505 7510
f 10451 7510 10452
f 10452 7510 10453
f 10453 7510 6855
f 10453 6855 6856
f 6852 6851 7275
f 10435 10436 10434
f 10434 10436 10437
f 7789 6859 7273
f 7273 6859 6858
f 7273 6858 7275
f 7275 6858 10434
f 7275 10434 6852
f 6852 10434 10437
f 6852 10437 10438
f 10443 10440 10446
f 10446 10440 6859
f 10446 6859 10448
f 10448 6859 7789
f 7266 7247 10454
f 10454 7247 7246
f 10454 7246 10455
f 10455 7246 7255
f 10455 7255 10456
f 10456 7255 7254
f 10456 7254 10457
f 10457 7254 7249
f 10457 7249 10458
f 10458 7249 7251
f 10458 7251 7263
f 7263 7251 7252
f 7270 7267 10459
f 10459 7267 10460
f 10459 10460 10461
f 10461 10460 10462
f 10462 10460 10463
f 10462 10463 10464
f 10464 10463 10465
f 10465 10463 10466
f 10465 10466 10467
f 10467 10466 10468
f 10468 10466 10469
f 10468 10469 10470
f 10470 10469 10471
f 10471 10469 10472
f 10471 10472 10473
f 10473 10472 10474
f 10474 10472 7262
f 10474 7262 7264
f 7267 7262 10472
f 10463 10460 10466
f 10466 10460 7267
f 10466 7267 10469
f 10469 7267 10472
f 10454 10455 7266
f 7266 10455 10456
f 7262 7267 7263
f 7263 7267 7266
f 7263 7266 10458
f 10458 7266 10456
f 10458 10456 10457
f 6449 6495 6447
f 6447 6495 6487
f 5872 9967 5873
f 5873 9967 10475
f 5873 10475 5874
f 5874 10475 10476
f 5874 10476 10477
f 6479 6480 10164
f 10164 6480 6505
f 10164 6505 6506
f 6507 6513 9844
f 6507 9844 6506
f 6506 9844 10166
f 6506 10166 10164
f 9995 9828 5724
f 5724 9828 5726
f 9995 5724 9996
f 9996 5724 5868
f 9996 5868 10163
f 10163 5868 5813
f 10163 5813 5812
f 10477 6479 5874
f 5874 6479 10164
f 5874 10164 5875
f 5875 10164 10165
f 5875 10165 5812
f 5812 10165 10162
f 5812 10162 10163
f 10477 10476 6454
f 6454 6452 10477
f 10477 6452 6450
f 10477 6450 6479
f 6501 6464 10478
f 10478 6464 6462
f 10478 6462 10479
f 10479 6462 6460
f 10479 6460 10480
f 10476 10475 6454
f 6454 10475 9967
f 6454 9967 6456
f 6456 9967 9966
f 6456 9966 6458
f 6458 9966 9969
f 6458 9969 6460
f 6460 9969 9970
f 6460 9970 10480
f 6525 6527 10178
f 6527 6528 10178
f 10178 6528 6530
f 10178 6530 7037
f 6615 6616 6551
f 6559 6561 6517
f 6561 6562 6517
f 6517 6562 6564
f 6517 6564 6514
f 9968 10481 6941
f 6941 6942 9968
f 9968 6942 10378
f 9968 10378 10379
f 10379 10380 9968
f 9968 10380 10381
f 9968 10381 10382
f 6613 9968 10364
f 6615 6551 6614
f 6614 6551 6553
f 6614 6553 6613
f 6610 10368 6609
f 6609 10368 6607
f 10364 10365 6613
f 6613 10365 10367
f 6613 10367 6612
f 6612 10367 10368
f 6612 10368 6611
f 6611 10368 6610
f 10360 10388 10359
f 10359 10388 10358
f 10382 10384 9968
f 9968 10384 10385
f 9968 10385 10364
f 10364 10385 10387
f 10364 10387 10362
f 10362 10387 10388
f 10362 10388 10361
f 10361 10388 10360
f 6613 6553 9968
f 9968 6553 6501
f 9968 6501 10478
f 6553 6555 6501
f 6501 6555 6556
f 6501 6556 6558
f 10478 10479 9968
f 9968 10479 10480
f 9968 10480 9970
f 10207 10208 10217
f 10187 10196 10186
f 10186 10196 10185
f 10187 10188 10196
f 10196 10188 10189
f 10196 10189 7062
f 6525 10178 6524
f 6524 10178 10180
f 6524 10180 10182
f 6559 6517 6558
f 6558 6517 6519
f 6558 6519 6501
f 6501 6519 6521
f 6501 6521 6522
f 10185 6502 10184
f 10184 6502 6501
f 10184 6501 10182
f 10182 6501 6522
f 10182 6522 6524
f 10196 10198 10185
f 10185 10198 10199
f 10185 10199 6502
f 6502 10199 10201
f 6502 10201 6504
f 6504 10201 6503
f 6503 10201 10202
f 6503 10202 6508
f 6508 10202 10204
f 6508 10204 10206
f 10217 10219 6510
f 10206 10207 6508
f 6508 10207 10217
f 6508 10217 6509
f 6509 10217 6510
f 10219 10221 6510
f 6510 10221 10222
f 6510 10222 9965
f 9965 10222 10224
f 9965 10224 10226
f 10226 10227 9965
f 9965 10227 10228
f 9965 10228 10229
f 8003 8019 8018
f 8018 8017 8003
f 8003 8017 8020
f 8003 8020 7159
f 7265 7261 6075
f 6075 7261 6143
f 6143 7261 8043
f 6143 8043 8044
f 8044 8045 6143
f 6143 8045 8046
f 6143 8046 8042
f 8033 8049 8048
f 8048 8047 8033
f 8033 8047 8050
f 8033 8050 7236
f 8034 6143 8033
f 8033 6143 8042
f 8033 8042 8049
f 8034 8035 6143
f 6143 8035 8036
f 6143 8036 8032
f 8023 8039 8038
f 8038 8037 8023
f 8023 8037 8040
f 8023 8040 7211
f 7983 7999 7998
f 7998 7997 7983
f 7983 7997 8000
f 7983 8000 7108
f 8008 8007 7993
f 7993 8007 8010
f 7993 8010 7132
f 8013 8029 8028
f 8028 8027 8013
f 8013 8027 8030
f 8013 8030 7186
f 7994 8002 7993
f 7993 8002 8009
f 7993 8009 8008
f 8024 6143 8023
f 8023 6143 8032
f 8023 8032 8039
f 8024 8025 6143
f 6143 8025 8026
f 6143 8026 8022
f 8029 8013 8022
f 8022 8013 8014
f 8022 8014 6143
f 6143 8014 8015
f 6143 8015 8016
f 8019 8003 8012
f 8012 8003 8004
f 8012 8004 8016
f 8016 8004 6143
f 6143 8004 8005
f 6143 8005 8006
f 7995 6143 7994
f 7994 6143 8006
f 7994 8006 8002
f 7999 7983 7992
f 7992 7983 7984
f 7992 7984 7996
f 7995 7996 6143
f 6143 7996 7984
f 6143 7984 10482
f 10482 7984 7985
f 7985 7986 10482
f 10482 7986 7982
f 10482 7982 7989
f 7989 7988 10482
f 10482 7988 7987
f 10482 7987 7990
f 10237 9965 7116
f 7116 9965 10483
f 7990 7991 10482
f 10482 7991 7114
f 10482 7114 10483
f 10483 7114 7115
f 10483 7115 7116
f 10268 10269 10280
f 7142 10258 10250
f 10250 10258 10249
f 10237 10239 9965
f 9965 10239 10241
f 9965 10241 10242
f 10242 10244 9965
f 9965 10244 10245
f 9965 10245 10258
f 10258 10245 10247
f 10258 10247 10249
f 8000 8001 7108
f 7108 8001 7140
f 7108 7140 7111
f 7111 7140 7141
f 7111 7141 7110
f 7110 7141 7142
f 7110 7142 10251
f 10251 7142 10250
f 10258 10259 9965
f 9965 10259 10260
f 9965 10260 10262
f 10262 10263 9965
f 9965 10263 10265
f 9965 10265 10266
f 8010 8011 7132
f 7132 8011 7167
f 7132 7167 7136
f 7136 7167 7168
f 7136 7168 7135
f 7135 7168 7169
f 7135 7169 10272
f 10272 7169 10280
f 10272 10280 10271
f 10271 10280 10269
f 10279 9965 10280
f 10280 9965 10266
f 10280 10266 10268
f 10288 10299 10286
f 10286 10299 10285
f 10288 10289 10299
f 10299 10289 10291
f 10299 10291 7195
f 8020 8021 7159
f 7159 8021 7193
f 7159 7193 7163
f 7163 7193 7194
f 7163 7194 7162
f 7162 7194 7195
f 7162 7195 10292
f 10292 7195 10291
f 10279 10282 9965
f 9965 10282 10283
f 9965 10283 10285
f 10299 10300 10285
f 10285 10300 10301
f 10285 10301 9965
f 9965 10301 10302
f 10323 10325 6127
f 10302 10303 9965
f 9965 10303 10305
f 9965 10305 6127
f 6127 10305 10306
f 6127 10306 10323
f 10325 10326 6127
f 6127 10326 10328
f 6127 10328 10329
f 8030 8031 7186
f 7186 8031 7218
f 7186 7218 7190
f 7190 7218 7219
f 7190 7219 7189
f 7189 7219 7220
f 7189 7220 10312
f 10312 7220 10319
f 10312 10319 10311
f 10311 10319 10309
f 10309 10319 10320
f 10309 10320 10321
f 10306 10308 10323
f 10323 10308 10309
f 10323 10309 10322
f 10322 10309 10321
f 8040 8041 7211
f 7211 8041 7243
f 7211 7243 7215
f 7215 7243 7244
f 7215 7244 7214
f 7214 7244 7245
f 7214 7245 10332
f 10332 7245 10339
f 10332 10339 10331
f 10331 10339 10329
f 10329 10339 10340
f 10329 10340 10341
f 10344 6127 10343
f 10343 6127 10329
f 10343 10329 10342
f 10342 10329 10341
f 10344 10345 6127
f 6127 10345 10347
f 6127 10347 10348
f 8050 8051 7236
f 7236 8051 7268
f 7236 7268 7240
f 7240 7268 7269
f 7240 7269 7239
f 7239 7269 7270
f 7239 7270 10351
f 10351 7270 10459
f 10351 10459 10350
f 10350 10459 10348
f 10348 10459 10461
f 10348 10461 10462
f 10462 10464 10348
f 10348 10464 10465
f 10348 10465 6127
f 6127 10465 10467
f 6127 10467 10468
f 10468 10470 6127
f 6127 10470 10471
f 6127 10471 10473
f 10473 10474 6127
f 6127 10474 7264
f 6127 7264 6112
f 6112 7264 7265
f 6112 7265 6074
f 6074 7265 6075
f 10229 10230 9965
f 9965 10230 7083
f 9965 7083 10483
f 10483 7083 7084
f 10483 7084 10482
f 7084 7081 10482
f 10482 7081 7973
f 10482 7973 7974
f 7974 7975 10482
f 10482 7975 7976
f 10482 7976 7972
f 10208 10209 10217
f 10217 10209 10210
f 10217 10210 7089
f 7089 10210 7056
f 7089 7056 7088
f 7088 7056 7057
f 7088 7057 7087
f 7087 7057 7053
f 7963 7979 7978
f 7978 7977 7963
f 7963 7977 7980
f 7963 7980 7053
f 7053 7980 7981
f 7053 7981 7087
f 10388 10390 10358
f 10358 10390 10391
f 10358 10391 6968
f 6968 10391 6935
f 6968 6935 6967
f 6967 6935 6936
f 6967 6936 6966
f 6966 6936 6932
f 7903 7919 7918
f 7918 7917 7903
f 7903 7917 7920
f 7903 7920 6932
f 6932 7920 7921
f 6932 7921 6966
f 6564 6565 6514
f 6514 6565 6567
f 6514 6567 7009
f 7009 6567 6991
f 7009 6991 7008
f 7008 6991 6989
f 7933 7949 7948
f 7948 7947 7933
f 7933 7947 7950
f 7933 7950 6989
f 6989 7950 7951
f 6989 7951 7008
f 10368 10370 6607
f 6607 10370 10371
f 6607 10371 6605
f 6605 10371 6962
f 6605 6962 6980
f 6980 6962 6963
f 6980 6963 6979
f 6979 6963 6959
f 7928 7927 7913
f 7913 7927 7930
f 7913 7930 6959
f 6959 7930 7931
f 6959 7931 6979
f 7964 10482 7963
f 7963 10482 7972
f 7963 7972 7979
f 7964 7965 10482
f 10482 7965 7966
f 10482 7966 7962
f 10189 10190 7062
f 7062 10190 7031
f 7062 7031 7061
f 7061 7031 7032
f 7061 7032 7060
f 7060 7032 7028
f 7953 7969 7968
f 7968 7967 7953
f 7953 7967 7970
f 7953 7970 7028
f 7028 7970 7971
f 7028 7971 7060
f 7954 10482 7953
f 7953 10482 7962
f 7953 7962 7969
f 7954 7955 10482
f 10482 7955 7956
f 10482 7956 7952
f 6530 6531 7037
f 7037 6531 6533
f 7037 6533 7036
f 7036 6533 7005
f 7036 7005 7035
f 7035 7005 7004
f 7943 7959 7958
f 7958 7957 7943
f 7943 7957 7960
f 7943 7960 7004
f 7004 7960 7961
f 7004 7961 7035
f 6616 6617 6551
f 6551 6617 6618
f 6551 6618 6548
f 6548 6618 6619
f 6548 6619 6995
f 6995 6619 6978
f 6995 6978 6994
f 6994 6978 6977
f 7923 7939 7938
f 7938 7937 7923
f 7923 7937 7940
f 7923 7940 6977
f 6977 7940 7941
f 6977 7941 6994
f 7914 7922 7913
f 7913 7922 7929
f 7913 7929 7928
f 7944 10482 7943
f 7943 10482 7952
f 7943 7952 7959
f 7944 7945 10482
f 10482 7945 7946
f 10482 7946 7942
f 7949 7933 7942
f 7942 7933 7934
f 7942 7934 10482
f 10482 7934 7935
f 10482 7935 7936
f 7939 7923 7932
f 7932 7923 7924
f 7932 7924 7936
f 7936 7924 10482
f 10482 7924 7925
f 10482 7925 7926
f 7915 10482 7914
f 7914 10482 7926
f 7914 7926 7922
f 7919 7903 7912
f 7912 7903 7904
f 7912 7904 7916
f 7906 7902 10484
f 7915 7916 10482
f 10482 7916 7904
f 10482 7904 10484
f 10484 7904 7905
f 10484 7905 7906
f 7902 7909 10484
f 10484 7909 7908
f 10484 7908 7907
f 7907 7910 10484
f 10484 7910 7911
f 10484 7911 10481
f 10481 7911 6940
f 10481 6940 6941
f 10481 6905 10484
f 10484 6905 7893
f 10484 7893 7894
f 7894 7895 10484
f 10484 7895 7896
f 10484 7896 7892
f 7883 7899 7898
f 7898 7897 7883
f 7883 7897 7900
f 7883 7900 6881
f 7884 10484 7883
f 7883 10484 7892
f 7883 7892 7899
f 7884 7885 10484
f 10484 7885 7886
f 10484 7886 7882
f 7873 7889 7888
f 7888 7887 7873
f 7873 7887 7890
f 7873 7890 6854
f 7874 10484 7873
f 7873 10484 7882
f 7873 7882 7889
f 7874 7875 10484
f 10484 7875 7876
f 10484 7876 7872
f 7872 7879 7863
f 7863 7879 7878
f 7878 7877 7863
f 7863 7877 7880
f 7863 7880 6832
f 7866 7862 10484
f 7866 10484 7865
f 7872 7863 10484
f 10484 7863 7864
f 10484 7864 7865
f 7867 7870 6820
f 7867 6820 7868
f 7858 7857 7843
f 7843 7857 7860
f 7843 7860 6808
f 7848 7847 7833
f 7833 7847 7850
f 7833 7850 6796
f 7854 10484 7853
f 7853 10484 7862
f 7853 7862 6820
f 6820 7862 7869
f 6820 7869 7868
f 7854 7855 10484
f 10484 7855 7856
f 10484 7856 7844
f 7844 7856 7852
f 7844 7852 7843
f 7843 7852 7859
f 7843 7859 7858
f 7844 7845 10484
f 10484 7845 7846
f 10484 7846 7834
f 7834 7846 7842
f 7834 7842 7833
f 7833 7842 7849
f 7833 7849 7848
f 7834 7835 10484
f 10484 7835 7836
f 10484 7836 9931
f 9931 7836 7832
f 7832 7839 9931
f 9931 7839 7838
f 9931 7838 7837
f 7870 7871 6820
f 6820 7871 6834
f 6820 6834 6821
f 6821 6834 6835
f 6821 6835 6702
f 6702 6835 6646
f 6702 6646 6700
f 6700 6646 6647
f 6700 6647 6699
f 6699 6647 6697
f 6770 6771 9915
f 7837 7840 9931
f 9931 7840 7841
f 9931 7841 9916
f 9916 7841 6798
f 9916 6798 9876
f 9876 6798 6799
f 9876 6799 9877
f 9877 6799 6768
f 9877 6768 9915
f 9915 6768 6769
f 9915 6769 6770
f 6771 6772 9915
f 9915 6772 6773
f 9915 6773 6774
f 6774 6735 9915
f 9915 6735 6693
f 9915 6693 6648
f 6648 6693 6695
f 6648 6695 6647
f 6647 6695 6696
f 6647 6696 6697
f 7850 7851 6796
f 6796 7851 6810
f 6796 6810 6797
f 6797 6810 6811
f 6797 6811 6780
f 6780 6811 6728
f 6780 6728 6779
f 6779 6728 6729
f 6779 6729 6778
f 6778 6729 6777
f 6777 6729 6730
f 6777 6730 6731
f 6774 6775 6735
f 6735 6775 6776
f 6735 6776 6734
f 6734 6776 6777
f 6734 6777 6732
f 6732 6777 6731
f 7860 7861 6808
f 6808 7861 6822
f 6808 6822 6809
f 6809 6822 6823
f 6809 6823 6744
f 6744 6823 6687
f 6744 6687 6742
f 6742 6687 6688
f 6742 6688 6741
f 6741 6688 6739
f 6739 6688 6689
f 6739 6689 6690
f 6735 6736 6693
f 6693 6736 6738
f 6693 6738 6692
f 6692 6738 6739
f 6692 6739 6691
f 6691 6739 6690
f 10450 10451 9968
f 6654 10439 6653
f 6653 10439 6651
f 6654 6655 10439
f 10439 6655 6657
f 10439 6657 6862
f 7880 7881 6832
f 6832 7881 6860
f 6832 6860 6833
f 6833 6860 6861
f 6833 6861 6660
f 6660 6861 6862
f 6660 6862 6658
f 6658 6862 6657
f 6648 6649 9915
f 9915 6649 6650
f 9915 6650 6651
f 10439 10441 6651
f 6651 10441 10442
f 6651 10442 9915
f 9915 10442 10444
f 10444 10445 9915
f 9915 10445 10447
f 9915 10447 9968
f 9968 10447 10449
f 9968 10449 10450
f 7890 7891 6854
f 6854 7891 6887
f 6854 6887 6857
f 6857 6887 6888
f 6857 6888 6856
f 6856 6888 6889
f 6856 6889 10453
f 10453 6889 10418
f 10453 10418 10452
f 10452 10418 10451
f 10451 10418 10420
f 10451 10420 10421
f 10426 9968 10424
f 10424 9968 10451
f 10424 10451 10423
f 10423 10451 10421
f 10426 10427 9968
f 9968 10427 10429
f 9968 10429 10431
f 7900 7901 6881
f 6881 7901 6913
f 6881 6913 6884
f 6884 6913 6914
f 6884 6914 6883
f 6883 6914 6915
f 6883 6915 10433
f 10433 6915 10398
f 10399 10431 10398
f 10398 10431 10432
f 10398 10432 10433
f 10405 10406 9968
f 10399 10400 10431
f 10431 10400 10402
f 10431 10402 9968
f 9968 10402 10403
f 9968 10403 10405
f 10406 10408 9968
f 9968 10408 10409
f 9968 10409 10411
f 10411 10412 9968
f 9968 10412 6908
f 9968 6908 10481
f 10481 6908 6909
f 10481 6909 6905
f 9931 9947 10484
f 10484 9947 9978
f 10484 9978 10482
f 10482 9978 9977
f 10482 9977 6143
f 6143 9977 6159

