ISO-10303-21;
HEADER;
/* Generated by software containing ST-Developer
 * from STEP Tools, Inc. (www.steptools.com) 
 */

FILE_DESCRIPTION(
/* description */ (''),
/* implementation_level */ '2;1');

FILE_NAME(
/* name */ '001_2dof_head - G1_head_mount.stl.ipt.stp',
/* time_stamp */ '2026-07-20T15:07:24+08:00',
/* author */ ('test'),
/* organization */ (''),
/* preprocessor_version */ 'ST-DEVELOPER v20',
/* originating_system */ 'Autodesk Inventor 2025',
/* authorisation */ '');

FILE_SCHEMA (('AUTOMOTIVE_DESIGN { 1 0 10303 214 3 1 1 }'));
ENDSEC;

DATA;
#10=MECHANICAL_DESIGN_GEOMETRIC_PRESENTATION_REPRESENTATION('',(#13),#5227);
#11=SHAPE_REPRESENTATION_RELATIONSHIP('SRR','None',#5234,#12);
#12=ADVANCED_BREP_SHAPE_REPRESENTATION('',(#14),#5226);
#13=STYLED_ITEM('',(#5243),#14);
#14=MANIFOLD_SOLID_BREP('\X2\5B9E4F53\X0\3',#3063);
#15=TOROIDAL_SURFACE('',#3382,23.9977709400483,2.);
#16=SPHERICAL_SURFACE('',#3114,0.5);
#17=FACE_BOUND('',#276,.T.);
#18=FACE_BOUND('',#277,.T.);
#19=FACE_BOUND('',#291,.T.);
#20=FACE_BOUND('',#292,.T.);
#21=FACE_BOUND('',#293,.T.);
#22=FACE_BOUND('',#325,.T.);
#23=FACE_BOUND('',#352,.T.);
#24=FACE_BOUND('',#362,.T.);
#25=FACE_BOUND('',#363,.T.);
#26=FACE_BOUND('',#364,.T.);
#27=FACE_BOUND('',#365,.T.);
#28=FACE_BOUND('',#366,.T.);
#29=FACE_BOUND('',#367,.T.);
#30=FACE_BOUND('',#368,.T.);
#31=FACE_BOUND('',#390,.T.);
#32=FACE_BOUND('',#391,.T.);
#33=FACE_BOUND('',#392,.T.);
#34=FACE_BOUND('',#393,.T.);
#35=FACE_BOUND('',#394,.T.);
#36=FACE_BOUND('',#395,.T.);
#37=FACE_BOUND('',#399,.T.);
#38=FACE_BOUND('',#400,.T.);
#39=FACE_BOUND('',#401,.T.);
#40=PLANE('',#3093);
#41=PLANE('',#3094);
#42=PLANE('',#3098);
#43=PLANE('',#3099);
#44=PLANE('',#3125);
#45=PLANE('',#3126);
#46=PLANE('',#3127);
#47=PLANE('',#3128);
#48=PLANE('',#3129);
#49=PLANE('',#3130);
#50=PLANE('',#3131);
#51=PLANE('',#3132);
#52=PLANE('',#3155);
#53=PLANE('',#3159);
#54=PLANE('',#3160);
#55=PLANE('',#3163);
#56=PLANE('',#3166);
#57=PLANE('',#3170);
#58=PLANE('',#3171);
#59=PLANE('',#3173);
#60=PLANE('',#3174);
#61=PLANE('',#3175);
#62=PLANE('',#3177);
#63=PLANE('',#3178);
#64=PLANE('',#3179);
#65=PLANE('',#3180);
#66=PLANE('',#3183);
#67=PLANE('',#3184);
#68=PLANE('',#3185);
#69=PLANE('',#3186);
#70=PLANE('',#3187);
#71=PLANE('',#3188);
#72=PLANE('',#3189);
#73=PLANE('',#3191);
#74=PLANE('',#3211);
#75=PLANE('',#3212);
#76=PLANE('',#3213);
#77=PLANE('',#3215);
#78=PLANE('',#3218);
#79=PLANE('',#3220);
#80=PLANE('',#3222);
#81=PLANE('',#3224);
#82=PLANE('',#3233);
#83=PLANE('',#3235);
#84=PLANE('',#3237);
#85=PLANE('',#3240);
#86=PLANE('',#3241);
#87=PLANE('',#3246);
#88=PLANE('',#3253);
#89=PLANE('',#3256);
#90=PLANE('',#3257);
#91=PLANE('',#3258);
#92=PLANE('',#3293);
#93=PLANE('',#3296);
#94=PLANE('',#3299);
#95=PLANE('',#3304);
#96=PLANE('',#3307);
#97=PLANE('',#3310);
#98=PLANE('',#3313);
#99=PLANE('',#3321);
#100=PLANE('',#3354);
#101=PLANE('',#3356);
#102=PLANE('',#3358);
#103=PLANE('',#3363);
#104=PLANE('',#3369);
#105=PLANE('',#3371);
#106=PLANE('',#3375);
#107=PLANE('',#3377);
#108=PLANE('',#3380);
#109=PLANE('',#3384);
#110=PLANE('',#3385);
#111=PLANE('',#3391);
#112=PLANE('',#3393);
#113=PLANE('',#3397);
#114=PLANE('',#3399);
#115=FACE_OUTER_BOUND('',#269,.T.);
#116=FACE_OUTER_BOUND('',#270,.T.);
#117=FACE_OUTER_BOUND('',#271,.T.);
#118=FACE_OUTER_BOUND('',#272,.T.);
#119=FACE_OUTER_BOUND('',#273,.T.);
#120=FACE_OUTER_BOUND('',#274,.T.);
#121=FACE_OUTER_BOUND('',#275,.T.);
#122=FACE_OUTER_BOUND('',#278,.T.);
#123=FACE_OUTER_BOUND('',#279,.T.);
#124=FACE_OUTER_BOUND('',#280,.T.);
#125=FACE_OUTER_BOUND('',#281,.T.);
#126=FACE_OUTER_BOUND('',#282,.T.);
#127=FACE_OUTER_BOUND('',#283,.T.);
#128=FACE_OUTER_BOUND('',#284,.T.);
#129=FACE_OUTER_BOUND('',#285,.T.);
#130=FACE_OUTER_BOUND('',#286,.T.);
#131=FACE_OUTER_BOUND('',#287,.T.);
#132=FACE_OUTER_BOUND('',#288,.T.);
#133=FACE_OUTER_BOUND('',#289,.T.);
#134=FACE_OUTER_BOUND('',#290,.T.);
#135=FACE_OUTER_BOUND('',#294,.T.);
#136=FACE_OUTER_BOUND('',#295,.T.);
#137=FACE_OUTER_BOUND('',#296,.T.);
#138=FACE_OUTER_BOUND('',#297,.T.);
#139=FACE_OUTER_BOUND('',#298,.T.);
#140=FACE_OUTER_BOUND('',#299,.T.);
#141=FACE_OUTER_BOUND('',#300,.T.);
#142=FACE_OUTER_BOUND('',#301,.T.);
#143=FACE_OUTER_BOUND('',#302,.T.);
#144=FACE_OUTER_BOUND('',#303,.T.);
#145=FACE_OUTER_BOUND('',#304,.T.);
#146=FACE_OUTER_BOUND('',#305,.T.);
#147=FACE_OUTER_BOUND('',#306,.T.);
#148=FACE_OUTER_BOUND('',#307,.T.);
#149=FACE_OUTER_BOUND('',#308,.T.);
#150=FACE_OUTER_BOUND('',#309,.T.);
#151=FACE_OUTER_BOUND('',#310,.T.);
#152=FACE_OUTER_BOUND('',#311,.T.);
#153=FACE_OUTER_BOUND('',#312,.T.);
#154=FACE_OUTER_BOUND('',#313,.T.);
#155=FACE_OUTER_BOUND('',#314,.T.);
#156=FACE_OUTER_BOUND('',#315,.T.);
#157=FACE_OUTER_BOUND('',#316,.T.);
#158=FACE_OUTER_BOUND('',#317,.T.);
#159=FACE_OUTER_BOUND('',#318,.T.);
#160=FACE_OUTER_BOUND('',#319,.T.);
#161=FACE_OUTER_BOUND('',#320,.T.);
#162=FACE_OUTER_BOUND('',#321,.T.);
#163=FACE_OUTER_BOUND('',#322,.T.);
#164=FACE_OUTER_BOUND('',#323,.T.);
#165=FACE_OUTER_BOUND('',#324,.T.);
#166=FACE_OUTER_BOUND('',#326,.T.);
#167=FACE_OUTER_BOUND('',#327,.T.);
#168=FACE_OUTER_BOUND('',#328,.T.);
#169=FACE_OUTER_BOUND('',#329,.T.);
#170=FACE_OUTER_BOUND('',#330,.T.);
#171=FACE_OUTER_BOUND('',#331,.T.);
#172=FACE_OUTER_BOUND('',#332,.T.);
#173=FACE_OUTER_BOUND('',#333,.T.);
#174=FACE_OUTER_BOUND('',#334,.T.);
#175=FACE_OUTER_BOUND('',#335,.T.);
#176=FACE_OUTER_BOUND('',#336,.T.);
#177=FACE_OUTER_BOUND('',#337,.T.);
#178=FACE_OUTER_BOUND('',#338,.T.);
#179=FACE_OUTER_BOUND('',#339,.T.);
#180=FACE_OUTER_BOUND('',#340,.T.);
#181=FACE_OUTER_BOUND('',#341,.T.);
#182=FACE_OUTER_BOUND('',#342,.T.);
#183=FACE_OUTER_BOUND('',#343,.T.);
#184=FACE_OUTER_BOUND('',#344,.T.);
#185=FACE_OUTER_BOUND('',#345,.T.);
#186=FACE_OUTER_BOUND('',#346,.T.);
#187=FACE_OUTER_BOUND('',#347,.T.);
#188=FACE_OUTER_BOUND('',#348,.T.);
#189=FACE_OUTER_BOUND('',#349,.T.);
#190=FACE_OUTER_BOUND('',#350,.T.);
#191=FACE_OUTER_BOUND('',#351,.T.);
#192=FACE_OUTER_BOUND('',#353,.T.);
#193=FACE_OUTER_BOUND('',#354,.T.);
#194=FACE_OUTER_BOUND('',#355,.T.);
#195=FACE_OUTER_BOUND('',#356,.T.);
#196=FACE_OUTER_BOUND('',#357,.T.);
#197=FACE_OUTER_BOUND('',#358,.T.);
#198=FACE_OUTER_BOUND('',#359,.T.);
#199=FACE_OUTER_BOUND('',#360,.T.);
#200=FACE_OUTER_BOUND('',#361,.T.);
#201=FACE_OUTER_BOUND('',#369,.T.);
#202=FACE_OUTER_BOUND('',#370,.T.);
#203=FACE_OUTER_BOUND('',#371,.T.);
#204=FACE_OUTER_BOUND('',#372,.T.);
#205=FACE_OUTER_BOUND('',#373,.T.);
#206=FACE_OUTER_BOUND('',#374,.T.);
#207=FACE_OUTER_BOUND('',#375,.T.);
#208=FACE_OUTER_BOUND('',#376,.T.);
#209=FACE_OUTER_BOUND('',#377,.T.);
#210=FACE_OUTER_BOUND('',#378,.T.);
#211=FACE_OUTER_BOUND('',#379,.T.);
#212=FACE_OUTER_BOUND('',#380,.T.);
#213=FACE_OUTER_BOUND('',#381,.T.);
#214=FACE_OUTER_BOUND('',#382,.T.);
#215=FACE_OUTER_BOUND('',#383,.T.);
#216=FACE_OUTER_BOUND('',#384,.T.);
#217=FACE_OUTER_BOUND('',#385,.T.);
#218=FACE_OUTER_BOUND('',#386,.T.);
#219=FACE_OUTER_BOUND('',#387,.T.);
#220=FACE_OUTER_BOUND('',#388,.T.);
#221=FACE_OUTER_BOUND('',#389,.T.);
#222=FACE_OUTER_BOUND('',#396,.T.);
#223=FACE_OUTER_BOUND('',#397,.T.);
#224=FACE_OUTER_BOUND('',#398,.T.);
#225=FACE_OUTER_BOUND('',#402,.T.);
#226=FACE_OUTER_BOUND('',#403,.T.);
#227=FACE_OUTER_BOUND('',#404,.T.);
#228=FACE_OUTER_BOUND('',#405,.T.);
#229=FACE_OUTER_BOUND('',#406,.T.);
#230=FACE_OUTER_BOUND('',#407,.T.);
#231=FACE_OUTER_BOUND('',#408,.T.);
#232=FACE_OUTER_BOUND('',#409,.T.);
#233=FACE_OUTER_BOUND('',#410,.T.);
#234=FACE_OUTER_BOUND('',#411,.T.);
#235=FACE_OUTER_BOUND('',#412,.T.);
#236=FACE_OUTER_BOUND('',#413,.T.);
#237=FACE_OUTER_BOUND('',#414,.T.);
#238=FACE_OUTER_BOUND('',#415,.T.);
#239=FACE_OUTER_BOUND('',#416,.T.);
#240=FACE_OUTER_BOUND('',#417,.T.);
#241=FACE_OUTER_BOUND('',#418,.T.);
#242=FACE_OUTER_BOUND('',#419,.T.);
#243=FACE_OUTER_BOUND('',#420,.T.);
#244=FACE_OUTER_BOUND('',#421,.T.);
#245=FACE_OUTER_BOUND('',#422,.T.);
#246=FACE_OUTER_BOUND('',#423,.T.);
#247=FACE_OUTER_BOUND('',#424,.T.);
#248=FACE_OUTER_BOUND('',#425,.T.);
#249=FACE_OUTER_BOUND('',#426,.T.);
#250=FACE_OUTER_BOUND('',#427,.T.);
#251=FACE_OUTER_BOUND('',#428,.T.);
#252=FACE_OUTER_BOUND('',#429,.T.);
#253=FACE_OUTER_BOUND('',#430,.T.);
#254=FACE_OUTER_BOUND('',#431,.T.);
#255=FACE_OUTER_BOUND('',#432,.T.);
#256=FACE_OUTER_BOUND('',#433,.T.);
#257=FACE_OUTER_BOUND('',#434,.T.);
#258=FACE_OUTER_BOUND('',#435,.T.);
#259=FACE_OUTER_BOUND('',#436,.T.);
#260=FACE_OUTER_BOUND('',#437,.T.);
#261=FACE_OUTER_BOUND('',#438,.T.);
#262=FACE_OUTER_BOUND('',#439,.T.);
#263=FACE_OUTER_BOUND('',#440,.T.);
#264=FACE_OUTER_BOUND('',#441,.T.);
#265=FACE_OUTER_BOUND('',#442,.T.);
#266=FACE_OUTER_BOUND('',#443,.T.);
#267=FACE_OUTER_BOUND('',#444,.T.);
#268=FACE_OUTER_BOUND('',#445,.T.);
#269=EDGE_LOOP('',(#1932,#1933,#1934,#1935));
#270=EDGE_LOOP('',(#1936,#1937,#1938,#1939));
#271=EDGE_LOOP('',(#1940,#1941,#1942,#1943));
#272=EDGE_LOOP('',(#1944,#1945,#1946,#1947));
#273=EDGE_LOOP('',(#1948,#1949,#1950,#1951,#1952,#1953,#1954,#1955,#1956,
#1957,#1958,#1959,#1960,#1961));
#274=EDGE_LOOP('',(#1962,#1963,#1964,#1965));
#275=EDGE_LOOP('',(#1966,#1967,#1968,#1969,#1970,#1971,#1972,#1973,#1974,
#1975,#1976,#1977,#1978,#1979,#1980,#1981,#1982,#1983,#1984,#1985,#1986,
#1987,#1988,#1989,#1990,#1991,#1992,#1993,#1994,#1995,#1996,#1997));
#276=EDGE_LOOP('',(#1998));
#277=EDGE_LOOP('',(#1999));
#278=EDGE_LOOP('',(#2000,#2001,#2002));
#279=EDGE_LOOP('',(#2003,#2004,#2005,#2006));
#280=EDGE_LOOP('',(#2007,#2008,#2009,#2010));
#281=EDGE_LOOP('',(#2011,#2012,#2013,#2014));
#282=EDGE_LOOP('',(#2015,#2016,#2017,#2018));
#283=EDGE_LOOP('',(#2019,#2020,#2021,#2022));
#284=EDGE_LOOP('',(#2023,#2024,#2025,#2026));
#285=EDGE_LOOP('',(#2027,#2028,#2029,#2030));
#286=EDGE_LOOP('',(#2031,#2032,#2033,#2034,#2035));
#287=EDGE_LOOP('',(#2036,#2037,#2038,#2039));
#288=EDGE_LOOP('',(#2040,#2041,#2042,#2043));
#289=EDGE_LOOP('',(#2044,#2045,#2046,#2047,#2048,#2049));
#290=EDGE_LOOP('',(#2050,#2051,#2052,#2053,#2054,#2055,#2056,#2057,#2058,
#2059,#2060,#2061,#2062,#2063,#2064,#2065));
#291=EDGE_LOOP('',(#2066,#2067,#2068));
#292=EDGE_LOOP('',(#2069));
#293=EDGE_LOOP('',(#2070));
#294=EDGE_LOOP('',(#2071,#2072,#2073,#2074,#2075,#2076));
#295=EDGE_LOOP('',(#2077,#2078,#2079,#2080));
#296=EDGE_LOOP('',(#2081,#2082,#2083,#2084));
#297=EDGE_LOOP('',(#2085));
#298=EDGE_LOOP('',(#2086,#2087,#2088,#2089));
#299=EDGE_LOOP('',(#2090,#2091,#2092,#2093,#2094,#2095,#2096,#2097,#2098,
#2099));
#300=EDGE_LOOP('',(#2100,#2101,#2102,#2103,#2104,#2105));
#301=EDGE_LOOP('',(#2106,#2107,#2108,#2109));
#302=EDGE_LOOP('',(#2110,#2111,#2112,#2113,#2114));
#303=EDGE_LOOP('',(#2115,#2116,#2117,#2118));
#304=EDGE_LOOP('',(#2119,#2120,#2121,#2122));
#305=EDGE_LOOP('',(#2123,#2124,#2125,#2126));
#306=EDGE_LOOP('',(#2127,#2128,#2129,#2130,#2131,#2132,#2133,#2134));
#307=EDGE_LOOP('',(#2135,#2136,#2137,#2138));
#308=EDGE_LOOP('',(#2139,#2140));
#309=EDGE_LOOP('',(#2141,#2142,#2143,#2144));
#310=EDGE_LOOP('',(#2145,#2146,#2147,#2148));
#311=EDGE_LOOP('',(#2149));
#312=EDGE_LOOP('',(#2150,#2151,#2152,#2153));
#313=EDGE_LOOP('',(#2154,#2155,#2156,#2157));
#314=EDGE_LOOP('',(#2158,#2159,#2160,#2161));
#315=EDGE_LOOP('',(#2162,#2163,#2164,#2165,#2166,#2167,#2168,#2169,#2170));
#316=EDGE_LOOP('',(#2171,#2172,#2173,#2174,#2175,#2176));
#317=EDGE_LOOP('',(#2177,#2178,#2179,#2180));
#318=EDGE_LOOP('',(#2181,#2182,#2183,#2184,#2185,#2186,#2187,#2188));
#319=EDGE_LOOP('',(#2189,#2190,#2191,#2192));
#320=EDGE_LOOP('',(#2193,#2194,#2195,#2196));
#321=EDGE_LOOP('',(#2197,#2198,#2199,#2200));
#322=EDGE_LOOP('',(#2201,#2202,#2203,#2204));
#323=EDGE_LOOP('',(#2205,#2206,#2207));
#324=EDGE_LOOP('',(#2208,#2209,#2210,#2211,#2212,#2213,#2214,#2215,#2216,
#2217,#2218,#2219,#2220,#2221,#2222,#2223,#2224,#2225,#2226,#2227,#2228,
#2229));
#325=EDGE_LOOP('',(#2230,#2231,#2232,#2233,#2234,#2235,#2236,#2237,#2238,
#2239,#2240,#2241,#2242,#2243,#2244,#2245,#2246,#2247));
#326=EDGE_LOOP('',(#2248,#2249,#2250,#2251));
#327=EDGE_LOOP('',(#2252,#2253,#2254,#2255));
#328=EDGE_LOOP('',(#2256,#2257,#2258));
#329=EDGE_LOOP('',(#2259,#2260,#2261));
#330=EDGE_LOOP('',(#2262,#2263,#2264,#2265));
#331=EDGE_LOOP('',(#2266,#2267,#2268,#2269));
#332=EDGE_LOOP('',(#2270,#2271,#2272,#2273));
#333=EDGE_LOOP('',(#2274,#2275,#2276,#2277));
#334=EDGE_LOOP('',(#2278,#2279,#2280,#2281));
#335=EDGE_LOOP('',(#2282,#2283,#2284,#2285));
#336=EDGE_LOOP('',(#2286,#2287,#2288,#2289));
#337=EDGE_LOOP('',(#2290,#2291,#2292,#2293));
#338=EDGE_LOOP('',(#2294,#2295,#2296,#2297));
#339=EDGE_LOOP('',(#2298,#2299,#2300,#2301));
#340=EDGE_LOOP('',(#2302,#2303,#2304,#2305,#2306,#2307));
#341=EDGE_LOOP('',(#2308,#2309,#2310,#2311));
#342=EDGE_LOOP('',(#2312,#2313,#2314,#2315));
#343=EDGE_LOOP('',(#2316,#2317,#2318,#2319,#2320,#2321,#2322,#2323,#2324,
#2325,#2326,#2327));
#344=EDGE_LOOP('',(#2328,#2329,#2330,#2331));
#345=EDGE_LOOP('',(#2332,#2333,#2334,#2335,#2336,#2337,#2338,#2339));
#346=EDGE_LOOP('',(#2340,#2341,#2342,#2343));
#347=EDGE_LOOP('',(#2344,#2345,#2346,#2347));
#348=EDGE_LOOP('',(#2348,#2349,#2350,#2351));
#349=EDGE_LOOP('',(#2352,#2353,#2354,#2355));
#350=EDGE_LOOP('',(#2356,#2357,#2358,#2359));
#351=EDGE_LOOP('',(#2360,#2361,#2362,#2363,#2364,#2365,#2366,#2367));
#352=EDGE_LOOP('',(#2368));
#353=EDGE_LOOP('',(#2369,#2370,#2371,#2372));
#354=EDGE_LOOP('',(#2373,#2374,#2375,#2376));
#355=EDGE_LOOP('',(#2377,#2378,#2379,#2380));
#356=EDGE_LOOP('',(#2381,#2382,#2383,#2384,#2385,#2386,#2387,#2388,#2389,
#2390,#2391,#2392,#2393,#2394,#2395,#2396,#2397,#2398,#2399,#2400,#2401,
#2402,#2403,#2404,#2405,#2406));
#357=EDGE_LOOP('',(#2407,#2408,#2409,#2410));
#358=EDGE_LOOP('',(#2411,#2412,#2413,#2414));
#359=EDGE_LOOP('',(#2415,#2416,#2417,#2418,#2419,#2420));
#360=EDGE_LOOP('',(#2421,#2422,#2423,#2424));
#361=EDGE_LOOP('',(#2425,#2426,#2427,#2428,#2429,#2430,#2431,#2432,#2433,
#2434,#2435,#2436,#2437,#2438,#2439,#2440,#2441,#2442,#2443,#2444,#2445,
#2446,#2447,#2448,#2449,#2450,#2451,#2452,#2453,#2454,#2455,#2456,#2457,
#2458,#2459,#2460,#2461,#2462,#2463,#2464,#2465,#2466,#2467));
#362=EDGE_LOOP('',(#2468));
#363=EDGE_LOOP('',(#2469));
#364=EDGE_LOOP('',(#2470));
#365=EDGE_LOOP('',(#2471));
#366=EDGE_LOOP('',(#2472));
#367=EDGE_LOOP('',(#2473));
#368=EDGE_LOOP('',(#2474));
#369=EDGE_LOOP('',(#2475,#2476,#2477,#2478));
#370=EDGE_LOOP('',(#2479,#2480,#2481,#2482));
#371=EDGE_LOOP('',(#2483,#2484,#2485));
#372=EDGE_LOOP('',(#2486,#2487,#2488,#2489));
#373=EDGE_LOOP('',(#2490,#2491,#2492,#2493));
#374=EDGE_LOOP('',(#2494,#2495,#2496,#2497));
#375=EDGE_LOOP('',(#2498,#2499,#2500,#2501));
#376=EDGE_LOOP('',(#2502,#2503,#2504,#2505));
#377=EDGE_LOOP('',(#2506,#2507,#2508,#2509));
#378=EDGE_LOOP('',(#2510,#2511,#2512,#2513));
#379=EDGE_LOOP('',(#2514,#2515,#2516,#2517));
#380=EDGE_LOOP('',(#2518,#2519,#2520,#2521));
#381=EDGE_LOOP('',(#2522,#2523,#2524,#2525));
#382=EDGE_LOOP('',(#2526,#2527,#2528,#2529));
#383=EDGE_LOOP('',(#2530,#2531,#2532,#2533));
#384=EDGE_LOOP('',(#2534,#2535,#2536,#2537));
#385=EDGE_LOOP('',(#2538,#2539,#2540,#2541));
#386=EDGE_LOOP('',(#2542,#2543,#2544,#2545,#2546));
#387=EDGE_LOOP('',(#2547,#2548,#2549,#2550));
#388=EDGE_LOOP('',(#2551,#2552,#2553,#2554,#2555,#2556));
#389=EDGE_LOOP('',(#2557,#2558,#2559,#2560,#2561,#2562,#2563,#2564,#2565,
#2566,#2567,#2568,#2569,#2570,#2571,#2572,#2573,#2574,#2575,#2576,#2577,
#2578,#2579,#2580,#2581,#2582,#2583,#2584,#2585,#2586,#2587,#2588,#2589,
#2590,#2591,#2592,#2593,#2594,#2595,#2596,#2597,#2598,#2599,#2600,#2601,
#2602,#2603,#2604,#2605,#2606,#2607,#2608,#2609,#2610,#2611));
#390=EDGE_LOOP('',(#2612));
#391=EDGE_LOOP('',(#2613));
#392=EDGE_LOOP('',(#2614));
#393=EDGE_LOOP('',(#2615));
#394=EDGE_LOOP('',(#2616));
#395=EDGE_LOOP('',(#2617));
#396=EDGE_LOOP('',(#2618,#2619,#2620,#2621));
#397=EDGE_LOOP('',(#2622,#2623,#2624,#2625));
#398=EDGE_LOOP('',(#2626,#2627,#2628,#2629,#2630,#2631,#2632,#2633,#2634,
#2635,#2636,#2637));
#399=EDGE_LOOP('',(#2638));
#400=EDGE_LOOP('',(#2639));
#401=EDGE_LOOP('',(#2640,#2641,#2642,#2643,#2644,#2645,#2646,#2647));
#402=EDGE_LOOP('',(#2648,#2649,#2650,#2651));
#403=EDGE_LOOP('',(#2652,#2653,#2654,#2655));
#404=EDGE_LOOP('',(#2656,#2657,#2658,#2659));
#405=EDGE_LOOP('',(#2660,#2661,#2662,#2663));
#406=EDGE_LOOP('',(#2664,#2665,#2666,#2667));
#407=EDGE_LOOP('',(#2668,#2669,#2670,#2671));
#408=EDGE_LOOP('',(#2672,#2673,#2674,#2675,#2676,#2677,#2678,#2679,#2680,
#2681,#2682,#2683));
#409=EDGE_LOOP('',(#2684,#2685,#2686,#2687));
#410=EDGE_LOOP('',(#2688,#2689,#2690,#2691));
#411=EDGE_LOOP('',(#2692,#2693,#2694,#2695));
#412=EDGE_LOOP('',(#2696,#2697,#2698,#2699));
#413=EDGE_LOOP('',(#2700,#2701,#2702,#2703));
#414=EDGE_LOOP('',(#2704,#2705,#2706,#2707));
#415=EDGE_LOOP('',(#2708,#2709,#2710,#2711));
#416=EDGE_LOOP('',(#2712,#2713,#2714,#2715));
#417=EDGE_LOOP('',(#2716,#2717,#2718,#2719));
#418=EDGE_LOOP('',(#2720,#2721,#2722,#2723));
#419=EDGE_LOOP('',(#2724,#2725,#2726,#2727));
#420=EDGE_LOOP('',(#2728,#2729,#2730,#2731));
#421=EDGE_LOOP('',(#2732,#2733,#2734,#2735));
#422=EDGE_LOOP('',(#2736,#2737,#2738,#2739));
#423=EDGE_LOOP('',(#2740,#2741,#2742,#2743));
#424=EDGE_LOOP('',(#2744,#2745,#2746,#2747));
#425=EDGE_LOOP('',(#2748,#2749,#2750,#2751));
#426=EDGE_LOOP('',(#2752,#2753,#2754,#2755));
#427=EDGE_LOOP('',(#2756,#2757,#2758,#2759));
#428=EDGE_LOOP('',(#2760,#2761,#2762,#2763));
#429=EDGE_LOOP('',(#2764,#2765,#2766,#2767));
#430=EDGE_LOOP('',(#2768,#2769,#2770,#2771));
#431=EDGE_LOOP('',(#2772,#2773,#2774,#2775));
#432=EDGE_LOOP('',(#2776,#2777,#2778,#2779));
#433=EDGE_LOOP('',(#2780,#2781,#2782,#2783));
#434=EDGE_LOOP('',(#2784,#2785,#2786,#2787));
#435=EDGE_LOOP('',(#2788,#2789,#2790,#2791));
#436=EDGE_LOOP('',(#2792,#2793,#2794,#2795));
#437=EDGE_LOOP('',(#2796,#2797,#2798,#2799));
#438=EDGE_LOOP('',(#2800,#2801,#2802,#2803));
#439=EDGE_LOOP('',(#2804,#2805,#2806,#2807));
#440=EDGE_LOOP('',(#2808,#2809,#2810,#2811));
#441=EDGE_LOOP('',(#2812,#2813,#2814,#2815));
#442=EDGE_LOOP('',(#2816,#2817,#2818,#2819));
#443=EDGE_LOOP('',(#2820,#2821,#2822,#2823));
#444=EDGE_LOOP('',(#2824,#2825,#2826,#2827));
#445=EDGE_LOOP('',(#2828,#2829,#2830,#2831));
#446=ELLIPSE('',#3088,0.707106781186542,0.5);
#447=ELLIPSE('',#3090,0.707106781186553,0.5);
#448=ELLIPSE('',#3120,0.707106781186543,0.5);
#449=ELLIPSE('',#3147,2.82842712474618,2.);
#450=ELLIPSE('',#3182,2.8284271247462,2.);
#451=CIRCLE('',#3087,0.5);
#452=CIRCLE('',#3092,0.5);
#453=CIRCLE('',#3095,21.9977709400483);
#454=CIRCLE('',#3096,2.);
#455=CIRCLE('',#3097,2.);
#456=CIRCLE('',#3100,0.499999999999998);
#457=CIRCLE('',#3101,0.0510955615953784);
#458=CIRCLE('',#3102,0.0510955615953784);
#459=CIRCLE('',#3103,2.15);
#460=CIRCLE('',#3104,2.15);
#461=CIRCLE('',#3105,3.94890443840462);
#462=CIRCLE('',#3106,0.0510955615953712);
#463=CIRCLE('',#3107,0.0510955615953826);
#464=CIRCLE('',#3108,3.94890443840462);
#465=CIRCLE('',#3109,2.15);
#466=CIRCLE('',#3110,0.499999999999998);
#467=CIRCLE('',#3111,0.5);
#468=CIRCLE('',#3112,0.750000000000001);
#469=CIRCLE('',#3113,0.749999999999999);
#470=CIRCLE('',#3115,0.500000000000007);
#471=CIRCLE('',#3116,0.5);
#472=CIRCLE('',#3117,0.500000000000007);
#473=CIRCLE('',#3119,0.5);
#474=CIRCLE('',#3123,0.5);
#475=CIRCLE('',#3133,21.9977709400483);
#476=CIRCLE('',#3134,2.);
#477=CIRCLE('',#3135,2.);
#478=CIRCLE('',#3136,2.);
#479=CIRCLE('',#3137,2.);
#480=CIRCLE('',#3138,2.);
#481=CIRCLE('',#3139,2.);
#482=CIRCLE('',#3140,2.);
#483=CIRCLE('',#3141,0.749999999999999);
#484=CIRCLE('',#3142,0.749999999999999);
#485=CIRCLE('',#3143,1.5);
#486=CIRCLE('',#3144,0.750000000000001);
#487=CIRCLE('',#3145,1.5);
#488=CIRCLE('',#3148,2.);
#489=CIRCLE('',#3150,1.);
#490=CIRCLE('',#3151,1.);
#491=CIRCLE('',#3153,1.);
#492=CIRCLE('',#3154,1.);
#493=CIRCLE('',#3157,2.15);
#494=CIRCLE('',#3158,2.15);
#495=CIRCLE('',#3162,0.499999999999998);
#496=CIRCLE('',#3165,0.499999999999998);
#497=CIRCLE('',#3169,0.749999999999999);
#498=CIRCLE('',#3172,1.5);
#499=CIRCLE('',#3176,1.5);
#500=CIRCLE('',#3190,5.44953693229632);
#501=CIRCLE('',#3192,5.44953693229632);
#502=CIRCLE('',#3193,2.);
#503=CIRCLE('',#3194,1.99999999999999);
#504=CIRCLE('',#3195,2.);
#505=CIRCLE('',#3196,2.);
#506=CIRCLE('',#3197,5.44953693229632);
#507=CIRCLE('',#3198,5.44953693229632);
#508=CIRCLE('',#3199,2.);
#509=CIRCLE('',#3200,2.);
#510=CIRCLE('',#3201,5.44953693229632);
#511=CIRCLE('',#3202,3.94890443840462);
#512=CIRCLE('',#3203,2.15);
#513=CIRCLE('',#3204,2.15);
#514=CIRCLE('',#3205,0.0510955615953784);
#515=CIRCLE('',#3206,0.0510955615953784);
#516=CIRCLE('',#3207,2.15);
#517=CIRCLE('',#3208,3.94890443840462);
#518=CIRCLE('',#3209,0.0510955615953826);
#519=CIRCLE('',#3210,0.0510955615953712);
#520=CIRCLE('',#3214,5.44953693229632);
#521=CIRCLE('',#3216,5.44953693229632);
#522=CIRCLE('',#3227,1.99999999999999);
#523=CIRCLE('',#3229,2.);
#524=CIRCLE('',#3231,5.44953693229632);
#525=CIRCLE('',#3245,2.);
#526=CIRCLE('',#3247,2.);
#527=CIRCLE('',#3248,2.);
#528=CIRCLE('',#3249,2.);
#529=CIRCLE('',#3250,2.);
#530=CIRCLE('',#3251,2.);
#531=CIRCLE('',#3252,21.9977709400483);
#532=CIRCLE('',#3255,2.);
#533=CIRCLE('',#3259,2.);
#534=CIRCLE('',#3260,2.);
#535=CIRCLE('',#3261,2.);
#536=CIRCLE('',#3262,5.00516496681444);
#537=CIRCLE('',#3263,5.00516496681444);
#538=CIRCLE('',#3264,5.00078445776243);
#539=CIRCLE('',#3265,40.0031778910245);
#540=CIRCLE('',#3266,4.99440696365622);
#541=CIRCLE('',#3267,5.00949755979764);
#542=CIRCLE('',#3268,5.00535285222774);
#543=CIRCLE('',#3269,50.0025213821348);
#544=CIRCLE('',#3270,51.5728722707927);
#545=CIRCLE('',#3271,51.5728722707927);
#546=CIRCLE('',#3272,50.0025213821348);
#547=CIRCLE('',#3273,5.00535285222774);
#548=CIRCLE('',#3274,5.00949755979764);
#549=CIRCLE('',#3275,4.99440696365622);
#550=CIRCLE('',#3276,40.0031778910245);
#551=CIRCLE('',#3277,5.00078445776243);
#552=CIRCLE('',#3278,5.00516496681444);
#553=CIRCLE('',#3279,5.00516496681444);
#554=CIRCLE('',#3280,2.);
#555=CIRCLE('',#3281,2.);
#556=CIRCLE('',#3282,2.);
#557=CIRCLE('',#3283,2.);
#558=CIRCLE('',#3284,23.9977709400483);
#559=CIRCLE('',#3285,2.23013214102805);
#560=CIRCLE('',#3286,2.09231338989635);
#561=CIRCLE('',#3287,2.23013214102805);
#562=CIRCLE('',#3288,2.09231338989635);
#563=CIRCLE('',#3289,1.5);
#564=CIRCLE('',#3290,1.5);
#565=CIRCLE('',#3295,2.);
#566=CIRCLE('',#3298,2.);
#567=CIRCLE('',#3301,2.);
#568=CIRCLE('',#3303,2.);
#569=CIRCLE('',#3306,2.);
#570=CIRCLE('',#3309,2.);
#571=CIRCLE('',#3312,2.);
#572=CIRCLE('',#3315,2.);
#573=CIRCLE('',#3318,2.);
#574=CIRCLE('',#3320,2.);
#575=CIRCLE('',#3322,5.00516496681444);
#576=CIRCLE('',#3323,5.00516496681444);
#577=CIRCLE('',#3324,5.00078445776243);
#578=CIRCLE('',#3325,40.0031778910245);
#579=CIRCLE('',#3326,4.99440696365622);
#580=CIRCLE('',#3327,5.00949755979764);
#581=CIRCLE('',#3328,5.00535285222774);
#582=CIRCLE('',#3329,50.0025213821348);
#583=CIRCLE('',#3330,51.5728722707927);
#584=CIRCLE('',#3331,51.5728722707927);
#585=CIRCLE('',#3332,50.0025213821348);
#586=CIRCLE('',#3333,5.00535285222774);
#587=CIRCLE('',#3334,5.00949755979764);
#588=CIRCLE('',#3335,4.99440696365622);
#589=CIRCLE('',#3336,40.0031778910245);
#590=CIRCLE('',#3337,5.00078445776243);
#591=CIRCLE('',#3338,5.00516496681444);
#592=CIRCLE('',#3339,5.00516496681444);
#593=CIRCLE('',#3340,2.);
#594=CIRCLE('',#3341,2.);
#595=CIRCLE('',#3342,21.9977709400483);
#596=CIRCLE('',#3343,21.9977709400483);
#597=CIRCLE('',#3344,2.);
#598=CIRCLE('',#3345,2.);
#599=CIRCLE('',#3346,2.09231338989635);
#600=CIRCLE('',#3347,2.23013214102805);
#601=CIRCLE('',#3348,2.23013214102805);
#602=CIRCLE('',#3349,2.09231338989635);
#603=CIRCLE('',#3350,1.5);
#604=CIRCLE('',#3351,1.5);
#605=CIRCLE('',#3362,21.9977709400483);
#606=CIRCLE('',#3383,2.);
#607=LINE('',#4326,#896);
#608=LINE('',#4330,#897);
#609=LINE('',#4334,#898);
#610=LINE('',#4336,#899);
#611=LINE('',#4340,#900);
#612=LINE('',#4343,#901);
#613=LINE('',#4346,#902);
#614=LINE('',#4348,#903);
#615=LINE('',#4349,#904);
#616=LINE('',#4352,#905);
#617=LINE('',#4354,#906);
#618=LINE('',#4356,#907);
#619=LINE('',#4358,#908);
#620=LINE('',#4360,#909);
#621=LINE('',#4362,#910);
#622=LINE('',#4364,#911);
#623=LINE('',#4368,#912);
#624=LINE('',#4372,#913);
#625=LINE('',#4376,#914);
#626=LINE('',#4377,#915);
#627=LINE('',#4380,#916);
#628=LINE('',#4384,#917);
#629=LINE('',#4386,#918);
#630=LINE('',#4390,#919);
#631=LINE('',#4394,#920);
#632=LINE('',#4398,#921);
#633=LINE('',#4402,#922);
#634=LINE('',#4408,#923);
#635=LINE('',#4414,#924);
#636=LINE('',#4418,#925);
#637=LINE('',#4420,#926);
#638=LINE('',#4422,#927);
#639=LINE('',#4424,#928);
#640=LINE('',#4428,#929);
#641=LINE('',#4432,#930);
#642=LINE('',#4434,#931);
#643=LINE('',#4436,#932);
#644=LINE('',#4437,#933);
#645=LINE('',#4451,#934);
#646=LINE('',#4454,#935);
#647=LINE('',#4457,#936);
#648=LINE('',#4461,#937);
#649=LINE('',#4463,#938);
#650=LINE('',#4464,#939);
#651=LINE('',#4466,#940);
#652=LINE('',#4469,#941);
#653=LINE('',#4470,#942);
#654=LINE('',#4474,#943);
#655=LINE('',#4475,#944);
#656=LINE('',#4476,#945);
#657=LINE('',#4478,#946);
#658=LINE('',#4480,#947);
#659=LINE('',#4484,#948);
#660=LINE('',#4485,#949);
#661=LINE('',#4490,#950);
#662=LINE('',#4494,#951);
#663=LINE('',#4498,#952);
#664=LINE('',#4502,#953);
#665=LINE('',#4506,#954);
#666=LINE('',#4510,#955);
#667=LINE('',#4514,#956);
#668=LINE('',#4528,#957);
#669=LINE('',#4532,#958);
#670=LINE('',#4538,#959);
#671=LINE('',#4544,#960);
#672=LINE('',#4552,#961);
#673=LINE('',#4555,#962);
#674=LINE('',#4558,#963);
#675=LINE('',#4560,#964);
#676=LINE('',#4562,#965);
#677=LINE('',#4564,#966);
#678=LINE('',#4566,#967);
#679=LINE('',#4567,#968);
#680=LINE('',#4569,#969);
#681=LINE('',#4570,#970);
#682=LINE('',#4573,#971);
#683=LINE('',#4574,#972);
#684=LINE('',#4577,#973);
#685=LINE('',#4581,#974);
#686=LINE('',#4583,#975);
#687=LINE('',#4584,#976);
#688=LINE('',#4588,#977);
#689=LINE('',#4591,#978);
#690=LINE('',#4592,#979);
#691=LINE('',#4594,#980);
#692=LINE('',#4596,#981);
#693=LINE('',#4598,#982);
#694=LINE('',#4601,#983);
#695=LINE('',#4604,#984);
#696=LINE('',#4606,#985);
#697=LINE('',#4607,#986);
#698=LINE('',#4613,#987);
#699=LINE('',#4615,#988);
#700=LINE('',#4617,#989);
#701=LINE('',#4618,#990);
#702=LINE('',#4621,#991);
#703=LINE('',#4622,#992);
#704=LINE('',#4628,#993);
#705=LINE('',#4629,#994);
#706=LINE('',#4632,#995);
#707=LINE('',#4633,#996);
#708=LINE('',#4636,#997);
#709=LINE('',#4637,#998);
#710=LINE('',#4639,#999);
#711=LINE('',#4641,#1000);
#712=LINE('',#4642,#1001);
#713=LINE('',#4643,#1002);
#714=LINE('',#4646,#1003);
#715=LINE('',#4650,#1004);
#716=LINE('',#4651,#1005);
#717=LINE('',#4654,#1006);
#718=LINE('',#4656,#1007);
#719=LINE('',#4657,#1008);
#720=LINE('',#4659,#1009);
#721=LINE('',#4661,#1010);
#722=LINE('',#4665,#1011);
#723=LINE('',#4667,#1012);
#724=LINE('',#4669,#1013);
#725=LINE('',#4670,#1014);
#726=LINE('',#4674,#1015);
#727=LINE('',#4676,#1016);
#728=LINE('',#4678,#1017);
#729=LINE('',#4679,#1018);
#730=LINE('',#4683,#1019);
#731=LINE('',#4685,#1020);
#732=LINE('',#4689,#1021);
#733=LINE('',#4695,#1022);
#734=LINE('',#4701,#1023);
#735=LINE('',#4705,#1024);
#736=LINE('',#4707,#1025);
#737=LINE('',#4709,#1026);
#738=LINE('',#4713,#1027);
#739=LINE('',#4717,#1028);
#740=LINE('',#4721,#1029);
#741=LINE('',#4727,#1030);
#742=LINE('',#4731,#1031);
#743=LINE('',#4735,#1032);
#744=LINE('',#4739,#1033);
#745=LINE('',#4742,#1034);
#746=LINE('',#4746,#1035);
#747=LINE('',#4752,#1036);
#748=LINE('',#4756,#1037);
#749=LINE('',#4758,#1038);
#750=LINE('',#4759,#1039);
#751=LINE('',#4762,#1040);
#752=LINE('',#4764,#1041);
#753=LINE('',#4765,#1042);
#754=LINE('',#4769,#1043);
#755=LINE('',#4772,#1044);
#756=LINE('',#4775,#1045);
#757=LINE('',#4776,#1046);
#758=LINE('',#4778,#1047);
#759=LINE('',#4780,#1048);
#760=LINE('',#4782,#1049);
#761=LINE('',#4784,#1050);
#762=LINE('',#4786,#1051);
#763=LINE('',#4788,#1052);
#764=LINE('',#4790,#1053);
#765=LINE('',#4792,#1054);
#766=LINE('',#4795,#1055);
#767=LINE('',#4798,#1056);
#768=LINE('',#4800,#1057);
#769=LINE('',#4802,#1058);
#770=LINE('',#4807,#1059);
#771=LINE('',#4809,#1060);
#772=LINE('',#4811,#1061);
#773=LINE('',#4812,#1062);
#774=LINE('',#4814,#1063);
#775=LINE('',#4817,#1064);
#776=LINE('',#4818,#1065);
#777=LINE('',#4819,#1066);
#778=LINE('',#4821,#1067);
#779=LINE('',#4823,#1068);
#780=LINE('',#4825,#1069);
#781=LINE('',#4827,#1070);
#782=LINE('',#4829,#1071);
#783=LINE('',#4831,#1072);
#784=LINE('',#4836,#1073);
#785=LINE('',#4840,#1074);
#786=LINE('',#4844,#1075);
#787=LINE('',#4848,#1076);
#788=LINE('',#4852,#1077);
#789=LINE('',#4856,#1078);
#790=LINE('',#4860,#1079);
#791=LINE('',#4864,#1080);
#792=LINE('',#4865,#1081);
#793=LINE('',#4868,#1082);
#794=LINE('',#4871,#1083);
#795=LINE('',#4874,#1084);
#796=LINE('',#4876,#1085);
#797=LINE('',#4878,#1086);
#798=LINE('',#4879,#1087);
#799=LINE('',#4880,#1088);
#800=LINE('',#4882,#1089);
#801=LINE('',#4887,#1090);
#802=LINE('',#4891,#1091);
#803=LINE('',#4895,#1092);
#804=LINE('',#4899,#1093);
#805=LINE('',#4909,#1094);
#806=LINE('',#4913,#1095);
#807=LINE('',#4927,#1096);
#808=LINE('',#4931,#1097);
#809=LINE('',#4941,#1098);
#810=LINE('',#4947,#1099);
#811=LINE('',#4951,#1100);
#812=LINE('',#4955,#1101);
#813=LINE('',#4972,#1102);
#814=LINE('',#4974,#1103);
#815=LINE('',#4980,#1104);
#816=LINE('',#4981,#1105);
#817=LINE('',#4984,#1106);
#818=LINE('',#4985,#1107);
#819=LINE('',#4990,#1108);
#820=LINE('',#4991,#1109);
#821=LINE('',#4994,#1110);
#822=LINE('',#4995,#1111);
#823=LINE('',#4999,#1112);
#824=LINE('',#5002,#1113);
#825=LINE('',#5005,#1114);
#826=LINE('',#5007,#1115);
#827=LINE('',#5012,#1116);
#828=LINE('',#5013,#1117);
#829=LINE('',#5016,#1118);
#830=LINE('',#5017,#1119);
#831=LINE('',#5020,#1120);
#832=LINE('',#5023,#1121);
#833=LINE('',#5026,#1122);
#834=LINE('',#5027,#1123);
#835=LINE('',#5030,#1124);
#836=LINE('',#5033,#1125);
#837=LINE('',#5035,#1126);
#838=LINE('',#5039,#1127);
#839=LINE('',#5041,#1128);
#840=LINE('',#5045,#1129);
#841=LINE('',#5049,#1130);
#842=LINE('',#5050,#1131);
#843=LINE('',#5054,#1132);
#844=LINE('',#5064,#1133);
#845=LINE('',#5068,#1134);
#846=LINE('',#5082,#1135);
#847=LINE('',#5086,#1136);
#848=LINE('',#5096,#1137);
#849=LINE('',#5099,#1138);
#850=LINE('',#5101,#1139);
#851=LINE('',#5105,#1140);
#852=LINE('',#5109,#1141);
#853=LINE('',#5115,#1142);
#854=LINE('',#5119,#1143);
#855=LINE('',#5134,#1144);
#856=LINE('',#5136,#1145);
#857=LINE('',#5139,#1146);
#858=LINE('',#5140,#1147);
#859=LINE('',#5142,#1148);
#860=LINE('',#5144,#1149);
#861=LINE('',#5146,#1150);
#862=LINE('',#5149,#1151);
#863=LINE('',#5151,#1152);
#864=LINE('',#5153,#1153);
#865=LINE('',#5157,#1154);
#866=LINE('',#5159,#1155);
#867=LINE('',#5161,#1156);
#868=LINE('',#5162,#1157);
#869=LINE('',#5164,#1158);
#870=LINE('',#5166,#1159);
#871=LINE('',#5168,#1160);
#872=LINE('',#5170,#1161);
#873=LINE('',#5173,#1162);
#874=LINE('',#5174,#1163);
#875=LINE('',#5176,#1164);
#876=LINE('',#5178,#1165);
#877=LINE('',#5180,#1166);
#878=LINE('',#5182,#1167);
#879=LINE('',#5184,#1168);
#880=LINE('',#5187,#1169);
#881=LINE('',#5189,#1170);
#882=LINE('',#5191,#1171);
#883=LINE('',#5197,#1172);
#884=LINE('',#5199,#1173);
#885=LINE('',#5201,#1174);
#886=LINE('',#5202,#1175);
#887=LINE('',#5204,#1176);
#888=LINE('',#5206,#1177);
#889=LINE('',#5208,#1178);
#890=LINE('',#5212,#1179);
#891=LINE('',#5214,#1180);
#892=LINE('',#5216,#1181);
#893=LINE('',#5218,#1182);
#894=LINE('',#5220,#1183);
#895=LINE('',#5222,#1184);
#896=VECTOR('',#3405,10.);
#897=VECTOR('',#3408,10.);
#898=VECTOR('',#3413,10.);
#899=VECTOR('',#3414,10.);
#900=VECTOR('',#3419,10.);
#901=VECTOR('',#3422,10.);
#902=VECTOR('',#3425,10.);
#903=VECTOR('',#3426,10.);
#904=VECTOR('',#3427,10.);
#905=VECTOR('',#3430,10.);
#906=VECTOR('',#3431,10.);
#907=VECTOR('',#3432,10.);
#908=VECTOR('',#3433,10.);
#909=VECTOR('',#3434,10.);
#910=VECTOR('',#3435,10.);
#911=VECTOR('',#3436,10.);
#912=VECTOR('',#3439,10.);
#913=VECTOR('',#3442,10.);
#914=VECTOR('',#3447,10.);
#915=VECTOR('',#3448,10.);
#916=VECTOR('',#3451,10.);
#917=VECTOR('',#3454,10.);
#918=VECTOR('',#3455,10.);
#919=VECTOR('',#3458,10.);
#920=VECTOR('',#3461,10.);
#921=VECTOR('',#3464,10.);
#922=VECTOR('',#3467,10.);
#923=VECTOR('',#3472,10.);
#924=VECTOR('',#3477,10.);
#925=VECTOR('',#3480,10.);
#926=VECTOR('',#3481,10.);
#927=VECTOR('',#3482,10.);
#928=VECTOR('',#3483,10.);
#929=VECTOR('',#3486,10.);
#930=VECTOR('',#3489,10.);
#931=VECTOR('',#3490,10.);
#932=VECTOR('',#3491,10.);
#933=VECTOR('',#3492,10.);
#934=VECTOR('',#3507,10.);
#935=VECTOR('',#3510,10.);
#936=VECTOR('',#3515,10.);
#937=VECTOR('',#3520,10.);
#938=VECTOR('',#3523,10.);
#939=VECTOR('',#3524,10.);
#940=VECTOR('',#3527,10.);
#941=VECTOR('',#3530,10.);
#942=VECTOR('',#3531,10.);
#943=VECTOR('',#3534,10.);
#944=VECTOR('',#3535,10.);
#945=VECTOR('',#3536,10.);
#946=VECTOR('',#3539,10.);
#947=VECTOR('',#3542,10.);
#948=VECTOR('',#3547,10.);
#949=VECTOR('',#3548,10.);
#950=VECTOR('',#3553,10.);
#951=VECTOR('',#3556,10.);
#952=VECTOR('',#3559,10.);
#953=VECTOR('',#3562,10.);
#954=VECTOR('',#3565,10.);
#955=VECTOR('',#3568,10.);
#956=VECTOR('',#3571,10.);
#957=VECTOR('',#3586,10.);
#958=VECTOR('',#3589,10.);
#959=VECTOR('',#3596,1.);
#960=VECTOR('',#3603,1.);
#961=VECTOR('',#3612,10.);
#962=VECTOR('',#3615,10.);
#963=VECTOR('',#3618,10.);
#964=VECTOR('',#3619,10.);
#965=VECTOR('',#3620,10.);
#966=VECTOR('',#3621,10.);
#967=VECTOR('',#3622,10.);
#968=VECTOR('',#3623,10.);
#969=VECTOR('',#3624,10.);
#970=VECTOR('',#3625,10.);
#971=VECTOR('',#3628,10.);
#972=VECTOR('',#3629,10.);
#973=VECTOR('',#3632,10.);
#974=VECTOR('',#3637,10.);
#975=VECTOR('',#3638,10.);
#976=VECTOR('',#3639,10.);
#977=VECTOR('',#3644,10.);
#978=VECTOR('',#3647,10.);
#979=VECTOR('',#3648,10.);
#980=VECTOR('',#3651,0.750000000000001);
#981=VECTOR('',#3654,0.749999999999999);
#982=VECTOR('',#3655,10.);
#983=VECTOR('',#3658,10.);
#984=VECTOR('',#3661,10.);
#985=VECTOR('',#3662,10.);
#986=VECTOR('',#3663,10.);
#987=VECTOR('',#3670,10.);
#988=VECTOR('',#3671,10.);
#989=VECTOR('',#3672,10.);
#990=VECTOR('',#3673,10.);
#991=VECTOR('',#3676,10.);
#992=VECTOR('',#3677,10.);
#993=VECTOR('',#3684,10.);
#994=VECTOR('',#3685,10.);
#995=VECTOR('',#3688,10.);
#996=VECTOR('',#3689,10.);
#997=VECTOR('',#3692,10.);
#998=VECTOR('',#3693,10.);
#999=VECTOR('',#3696,10.);
#1000=VECTOR('',#3697,10.);
#1001=VECTOR('',#3698,10.);
#1002=VECTOR('',#3699,10.);
#1003=VECTOR('',#3702,10.);
#1004=VECTOR('',#3707,10.);
#1005=VECTOR('',#3708,10.);
#1006=VECTOR('',#3711,10.);
#1007=VECTOR('',#3712,10.);
#1008=VECTOR('',#3713,10.);
#1009=VECTOR('',#3716,10.);
#1010=VECTOR('',#3719,10.);
#1011=VECTOR('',#3722,10.);
#1012=VECTOR('',#3723,10.);
#1013=VECTOR('',#3724,10.);
#1014=VECTOR('',#3725,10.);
#1015=VECTOR('',#3728,10.);
#1016=VECTOR('',#3729,10.);
#1017=VECTOR('',#3730,10.);
#1018=VECTOR('',#3731,10.);
#1019=VECTOR('',#3736,10.);
#1020=VECTOR('',#3739,10.);
#1021=VECTOR('',#3742,10.);
#1022=VECTOR('',#3747,10.);
#1023=VECTOR('',#3752,10.);
#1024=VECTOR('',#3755,10.);
#1025=VECTOR('',#3756,10.);
#1026=VECTOR('',#3757,10.);
#1027=VECTOR('',#3760,10.);
#1028=VECTOR('',#3763,10.);
#1029=VECTOR('',#3766,10.);
#1030=VECTOR('',#3771,10.);
#1031=VECTOR('',#3774,10.);
#1032=VECTOR('',#3777,10.);
#1033=VECTOR('',#3780,10.);
#1034=VECTOR('',#3783,10.);
#1035=VECTOR('',#3786,10.);
#1036=VECTOR('',#3791,10.);
#1037=VECTOR('',#3796,10.);
#1038=VECTOR('',#3797,10.);
#1039=VECTOR('',#3798,10.);
#1040=VECTOR('',#3801,10.);
#1041=VECTOR('',#3802,10.);
#1042=VECTOR('',#3803,10.);
#1043=VECTOR('',#3808,10.);
#1044=VECTOR('',#3811,10.);
#1045=VECTOR('',#3816,10.);
#1046=VECTOR('',#3817,10.);
#1047=VECTOR('',#3820,10.);
#1048=VECTOR('',#3823,10.);
#1049=VECTOR('',#3826,10.);
#1050=VECTOR('',#3829,10.);
#1051=VECTOR('',#3832,10.);
#1052=VECTOR('',#3835,10.);
#1053=VECTOR('',#3838,10.);
#1054=VECTOR('',#3841,10.);
#1055=VECTOR('',#3844,1.99999999999999);
#1056=VECTOR('',#3847,1.99999999999999);
#1057=VECTOR('',#3850,10.);
#1058=VECTOR('',#3851,10.);
#1059=VECTOR('',#3858,10.);
#1060=VECTOR('',#3861,10.);
#1061=VECTOR('',#3864,10.);
#1062=VECTOR('',#3865,10.);
#1063=VECTOR('',#3868,10.);
#1064=VECTOR('',#3871,10.);
#1065=VECTOR('',#3872,10.);
#1066=VECTOR('',#3873,10.);
#1067=VECTOR('',#3876,10.);
#1068=VECTOR('',#3879,10.);
#1069=VECTOR('',#3882,10.);
#1070=VECTOR('',#3885,10.);
#1071=VECTOR('',#3888,10.);
#1072=VECTOR('',#3891,10.);
#1073=VECTOR('',#3898,10.);
#1074=VECTOR('',#3903,10.);
#1075=VECTOR('',#3906,10.);
#1076=VECTOR('',#3909,10.);
#1077=VECTOR('',#3912,10.);
#1078=VECTOR('',#3915,10.);
#1079=VECTOR('',#3918,10.);
#1080=VECTOR('',#3923,10.);
#1081=VECTOR('',#3924,10.);
#1082=VECTOR('',#3927,2.);
#1083=VECTOR('',#3930,10.);
#1084=VECTOR('',#3933,10.);
#1085=VECTOR('',#3934,10.);
#1086=VECTOR('',#3935,10.);
#1087=VECTOR('',#3936,10.);
#1088=VECTOR('',#3937,10.);
#1089=VECTOR('',#3940,10.);
#1090=VECTOR('',#3945,10.);
#1091=VECTOR('',#3948,10.);
#1092=VECTOR('',#3951,10.);
#1093=VECTOR('',#3954,10.);
#1094=VECTOR('',#3963,10.);
#1095=VECTOR('',#3966,10.);
#1096=VECTOR('',#3979,10.);
#1097=VECTOR('',#3982,10.);
#1098=VECTOR('',#3991,10.);
#1099=VECTOR('',#3996,10.);
#1100=VECTOR('',#3999,10.);
#1101=VECTOR('',#4002,10.);
#1102=VECTOR('',#4021,10.);
#1103=VECTOR('',#4024,10.);
#1104=VECTOR('',#4031,10.);
#1105=VECTOR('',#4032,10.);
#1106=VECTOR('',#4035,10.);
#1107=VECTOR('',#4036,10.);
#1108=VECTOR('',#4041,10.);
#1109=VECTOR('',#4042,10.);
#1110=VECTOR('',#4045,10.);
#1111=VECTOR('',#4046,10.);
#1112=VECTOR('',#4051,10.);
#1113=VECTOR('',#4054,10.);
#1114=VECTOR('',#4057,10.);
#1115=VECTOR('',#4060,10.);
#1116=VECTOR('',#4065,10.);
#1117=VECTOR('',#4066,10.);
#1118=VECTOR('',#4069,10.);
#1119=VECTOR('',#4070,10.);
#1120=VECTOR('',#4073,10.);
#1121=VECTOR('',#4076,10.);
#1122=VECTOR('',#4079,10.);
#1123=VECTOR('',#4080,10.);
#1124=VECTOR('',#4083,10.);
#1125=VECTOR('',#4086,10.);
#1126=VECTOR('',#4089,10.);
#1127=VECTOR('',#4094,10.);
#1128=VECTOR('',#4097,10.);
#1129=VECTOR('',#4102,10.);
#1130=VECTOR('',#4109,10.);
#1131=VECTOR('',#4110,10.);
#1132=VECTOR('',#4113,10.);
#1133=VECTOR('',#4122,10.);
#1134=VECTOR('',#4125,10.);
#1135=VECTOR('',#4138,10.);
#1136=VECTOR('',#4141,10.);
#1137=VECTOR('',#4150,10.);
#1138=VECTOR('',#4153,10.);
#1139=VECTOR('',#4154,10.);
#1140=VECTOR('',#4157,10.);
#1141=VECTOR('',#4160,10.);
#1142=VECTOR('',#4165,10.);
#1143=VECTOR('',#4168,10.);
#1144=VECTOR('',#4185,1.5);
#1145=VECTOR('',#4188,1.5);
#1146=VECTOR('',#4193,10.);
#1147=VECTOR('',#4194,10.);
#1148=VECTOR('',#4197,10.);
#1149=VECTOR('',#4200,10.);
#1150=VECTOR('',#4203,10.);
#1151=VECTOR('',#4208,1.5);
#1152=VECTOR('',#4211,10.);
#1153=VECTOR('',#4212,21.9977709400483);
#1154=VECTOR('',#4219,2.23013214102805);
#1155=VECTOR('',#4222,2.09231338989635);
#1156=VECTOR('',#4225,10.);
#1157=VECTOR('',#4226,10.);
#1158=VECTOR('',#4229,10.);
#1159=VECTOR('',#4232,10.);
#1160=VECTOR('',#4235,10.);
#1161=VECTOR('',#4238,10.);
#1162=VECTOR('',#4243,10.);
#1163=VECTOR('',#4244,10.);
#1164=VECTOR('',#4247,10.);
#1165=VECTOR('',#4250,10.);
#1166=VECTOR('',#4253,10.);
#1167=VECTOR('',#4256,10.);
#1168=VECTOR('',#4259,10.);
#1169=VECTOR('',#4264,10.);
#1170=VECTOR('',#4267,10.);
#1171=VECTOR('',#4270,10.);
#1172=VECTOR('',#4281,2.23013214102805);
#1173=VECTOR('',#4284,2.09231338989635);
#1174=VECTOR('',#4287,10.);
#1175=VECTOR('',#4288,10.);
#1176=VECTOR('',#4291,10.);
#1177=VECTOR('',#4294,10.);
#1178=VECTOR('',#4297,10.);
#1179=VECTOR('',#4304,10.);
#1180=VECTOR('',#4307,10.);
#1181=VECTOR('',#4310,10.);
#1182=VECTOR('',#4313,10.);
#1183=VECTOR('',#4316,10.);
#1184=VECTOR('',#4319,10.);
#1185=VERTEX_POINT('',#4324);
#1186=VERTEX_POINT('',#4325);
#1187=VERTEX_POINT('',#4327);
#1188=VERTEX_POINT('',#4329);
#1189=VERTEX_POINT('',#4333);
#1190=VERTEX_POINT('',#4335);
#1191=VERTEX_POINT('',#4339);
#1192=VERTEX_POINT('',#4341);
#1193=VERTEX_POINT('',#4345);
#1194=VERTEX_POINT('',#4347);
#1195=VERTEX_POINT('',#4351);
#1196=VERTEX_POINT('',#4353);
#1197=VERTEX_POINT('',#4355);
#1198=VERTEX_POINT('',#4357);
#1199=VERTEX_POINT('',#4359);
#1200=VERTEX_POINT('',#4361);
#1201=VERTEX_POINT('',#4363);
#1202=VERTEX_POINT('',#4365);
#1203=VERTEX_POINT('',#4367);
#1204=VERTEX_POINT('',#4369);
#1205=VERTEX_POINT('',#4371);
#1206=VERTEX_POINT('',#4375);
#1207=VERTEX_POINT('',#4379);
#1208=VERTEX_POINT('',#4381);
#1209=VERTEX_POINT('',#4383);
#1210=VERTEX_POINT('',#4385);
#1211=VERTEX_POINT('',#4387);
#1212=VERTEX_POINT('',#4389);
#1213=VERTEX_POINT('',#4391);
#1214=VERTEX_POINT('',#4393);
#1215=VERTEX_POINT('',#4395);
#1216=VERTEX_POINT('',#4397);
#1217=VERTEX_POINT('',#4399);
#1218=VERTEX_POINT('',#4401);
#1219=VERTEX_POINT('',#4403);
#1220=VERTEX_POINT('',#4405);
#1221=VERTEX_POINT('',#4407);
#1222=VERTEX_POINT('',#4409);
#1223=VERTEX_POINT('',#4411);
#1224=VERTEX_POINT('',#4413);
#1225=VERTEX_POINT('',#4415);
#1226=VERTEX_POINT('',#4417);
#1227=VERTEX_POINT('',#4419);
#1228=VERTEX_POINT('',#4421);
#1229=VERTEX_POINT('',#4423);
#1230=VERTEX_POINT('',#4425);
#1231=VERTEX_POINT('',#4427);
#1232=VERTEX_POINT('',#4429);
#1233=VERTEX_POINT('',#4431);
#1234=VERTEX_POINT('',#4433);
#1235=VERTEX_POINT('',#4435);
#1236=VERTEX_POINT('',#4438);
#1237=VERTEX_POINT('',#4440);
#1238=VERTEX_POINT('',#4443);
#1239=VERTEX_POINT('',#4444);
#1240=VERTEX_POINT('',#4449);
#1241=VERTEX_POINT('',#4450);
#1242=VERTEX_POINT('',#4452);
#1243=VERTEX_POINT('',#4459);
#1244=VERTEX_POINT('',#4468);
#1245=VERTEX_POINT('',#4472);
#1246=VERTEX_POINT('',#4473);
#1247=VERTEX_POINT('',#4483);
#1248=VERTEX_POINT('',#4487);
#1249=VERTEX_POINT('',#4489);
#1250=VERTEX_POINT('',#4491);
#1251=VERTEX_POINT('',#4493);
#1252=VERTEX_POINT('',#4495);
#1253=VERTEX_POINT('',#4497);
#1254=VERTEX_POINT('',#4499);
#1255=VERTEX_POINT('',#4501);
#1256=VERTEX_POINT('',#4503);
#1257=VERTEX_POINT('',#4505);
#1258=VERTEX_POINT('',#4507);
#1259=VERTEX_POINT('',#4509);
#1260=VERTEX_POINT('',#4511);
#1261=VERTEX_POINT('',#4513);
#1262=VERTEX_POINT('',#4516);
#1263=VERTEX_POINT('',#4517);
#1264=VERTEX_POINT('',#4519);
#1265=VERTEX_POINT('',#4522);
#1266=VERTEX_POINT('',#4524);
#1267=VERTEX_POINT('',#4527);
#1268=VERTEX_POINT('',#4529);
#1269=VERTEX_POINT('',#4531);
#1270=VERTEX_POINT('',#4535);
#1271=VERTEX_POINT('',#4537);
#1272=VERTEX_POINT('',#4541);
#1273=VERTEX_POINT('',#4543);
#1274=VERTEX_POINT('',#4548);
#1275=VERTEX_POINT('',#4549);
#1276=VERTEX_POINT('',#4551);
#1277=VERTEX_POINT('',#4553);
#1278=VERTEX_POINT('',#4557);
#1279=VERTEX_POINT('',#4559);
#1280=VERTEX_POINT('',#4561);
#1281=VERTEX_POINT('',#4563);
#1282=VERTEX_POINT('',#4565);
#1283=VERTEX_POINT('',#4568);
#1284=VERTEX_POINT('',#4572);
#1285=VERTEX_POINT('',#4576);
#1286=VERTEX_POINT('',#4580);
#1287=VERTEX_POINT('',#4582);
#1288=VERTEX_POINT('',#4586);
#1289=VERTEX_POINT('',#4590);
#1290=VERTEX_POINT('',#4597);
#1291=VERTEX_POINT('',#4599);
#1292=VERTEX_POINT('',#4603);
#1293=VERTEX_POINT('',#4605);
#1294=VERTEX_POINT('',#4611);
#1295=VERTEX_POINT('',#4612);
#1296=VERTEX_POINT('',#4614);
#1297=VERTEX_POINT('',#4616);
#1298=VERTEX_POINT('',#4620);
#1299=VERTEX_POINT('',#4624);
#1300=VERTEX_POINT('',#4627);
#1301=VERTEX_POINT('',#4631);
#1302=VERTEX_POINT('',#4635);
#1303=VERTEX_POINT('',#4640);
#1304=VERTEX_POINT('',#4645);
#1305=VERTEX_POINT('',#4649);
#1306=VERTEX_POINT('',#4653);
#1307=VERTEX_POINT('',#4655);
#1308=VERTEX_POINT('',#4663);
#1309=VERTEX_POINT('',#4664);
#1310=VERTEX_POINT('',#4666);
#1311=VERTEX_POINT('',#4668);
#1312=VERTEX_POINT('',#4672);
#1313=VERTEX_POINT('',#4673);
#1314=VERTEX_POINT('',#4675);
#1315=VERTEX_POINT('',#4677);
#1316=VERTEX_POINT('',#4681);
#1317=VERTEX_POINT('',#4686);
#1318=VERTEX_POINT('',#4688);
#1319=VERTEX_POINT('',#4690);
#1320=VERTEX_POINT('',#4692);
#1321=VERTEX_POINT('',#4694);
#1322=VERTEX_POINT('',#4696);
#1323=VERTEX_POINT('',#4698);
#1324=VERTEX_POINT('',#4700);
#1325=VERTEX_POINT('',#4702);
#1326=VERTEX_POINT('',#4704);
#1327=VERTEX_POINT('',#4706);
#1328=VERTEX_POINT('',#4708);
#1329=VERTEX_POINT('',#4710);
#1330=VERTEX_POINT('',#4712);
#1331=VERTEX_POINT('',#4714);
#1332=VERTEX_POINT('',#4716);
#1333=VERTEX_POINT('',#4718);
#1334=VERTEX_POINT('',#4720);
#1335=VERTEX_POINT('',#4723);
#1336=VERTEX_POINT('',#4724);
#1337=VERTEX_POINT('',#4726);
#1338=VERTEX_POINT('',#4728);
#1339=VERTEX_POINT('',#4730);
#1340=VERTEX_POINT('',#4732);
#1341=VERTEX_POINT('',#4734);
#1342=VERTEX_POINT('',#4736);
#1343=VERTEX_POINT('',#4738);
#1344=VERTEX_POINT('',#4740);
#1345=VERTEX_POINT('',#4743);
#1346=VERTEX_POINT('',#4745);
#1347=VERTEX_POINT('',#4747);
#1348=VERTEX_POINT('',#4749);
#1349=VERTEX_POINT('',#4751);
#1350=VERTEX_POINT('',#4755);
#1351=VERTEX_POINT('',#4757);
#1352=VERTEX_POINT('',#4761);
#1353=VERTEX_POINT('',#4763);
#1354=VERTEX_POINT('',#4767);
#1355=VERTEX_POINT('',#4771);
#1356=VERTEX_POINT('',#4794);
#1357=VERTEX_POINT('',#4796);
#1358=VERTEX_POINT('',#4801);
#1359=VERTEX_POINT('',#4805);
#1360=VERTEX_POINT('',#4816);
#1361=VERTEX_POINT('',#4835);
#1362=VERTEX_POINT('',#4839);
#1363=VERTEX_POINT('',#4841);
#1364=VERTEX_POINT('',#4843);
#1365=VERTEX_POINT('',#4845);
#1366=VERTEX_POINT('',#4847);
#1367=VERTEX_POINT('',#4849);
#1368=VERTEX_POINT('',#4851);
#1369=VERTEX_POINT('',#4853);
#1370=VERTEX_POINT('',#4855);
#1371=VERTEX_POINT('',#4857);
#1372=VERTEX_POINT('',#4859);
#1373=VERTEX_POINT('',#4863);
#1374=VERTEX_POINT('',#4867);
#1375=VERTEX_POINT('',#4869);
#1376=VERTEX_POINT('',#4873);
#1377=VERTEX_POINT('',#4875);
#1378=VERTEX_POINT('',#4877);
#1379=VERTEX_POINT('',#4884);
#1380=VERTEX_POINT('',#4886);
#1381=VERTEX_POINT('',#4888);
#1382=VERTEX_POINT('',#4890);
#1383=VERTEX_POINT('',#4892);
#1384=VERTEX_POINT('',#4894);
#1385=VERTEX_POINT('',#4896);
#1386=VERTEX_POINT('',#4898);
#1387=VERTEX_POINT('',#4900);
#1388=VERTEX_POINT('',#4902);
#1389=VERTEX_POINT('',#4904);
#1390=VERTEX_POINT('',#4906);
#1391=VERTEX_POINT('',#4908);
#1392=VERTEX_POINT('',#4910);
#1393=VERTEX_POINT('',#4912);
#1394=VERTEX_POINT('',#4914);
#1395=VERTEX_POINT('',#4916);
#1396=VERTEX_POINT('',#4918);
#1397=VERTEX_POINT('',#4920);
#1398=VERTEX_POINT('',#4922);
#1399=VERTEX_POINT('',#4924);
#1400=VERTEX_POINT('',#4926);
#1401=VERTEX_POINT('',#4928);
#1402=VERTEX_POINT('',#4930);
#1403=VERTEX_POINT('',#4932);
#1404=VERTEX_POINT('',#4934);
#1405=VERTEX_POINT('',#4936);
#1406=VERTEX_POINT('',#4938);
#1407=VERTEX_POINT('',#4940);
#1408=VERTEX_POINT('',#4942);
#1409=VERTEX_POINT('',#4944);
#1410=VERTEX_POINT('',#4946);
#1411=VERTEX_POINT('',#4948);
#1412=VERTEX_POINT('',#4950);
#1413=VERTEX_POINT('',#4952);
#1414=VERTEX_POINT('',#4954);
#1415=VERTEX_POINT('',#4957);
#1416=VERTEX_POINT('',#4959);
#1417=VERTEX_POINT('',#4961);
#1418=VERTEX_POINT('',#4963);
#1419=VERTEX_POINT('',#4965);
#1420=VERTEX_POINT('',#4967);
#1421=VERTEX_POINT('',#4969);
#1422=VERTEX_POINT('',#4977);
#1423=VERTEX_POINT('',#4978);
#1424=VERTEX_POINT('',#4983);
#1425=VERTEX_POINT('',#4987);
#1426=VERTEX_POINT('',#4988);
#1427=VERTEX_POINT('',#4993);
#1428=VERTEX_POINT('',#4997);
#1429=VERTEX_POINT('',#5001);
#1430=VERTEX_POINT('',#5003);
#1431=VERTEX_POINT('',#5009);
#1432=VERTEX_POINT('',#5010);
#1433=VERTEX_POINT('',#5015);
#1434=VERTEX_POINT('',#5019);
#1435=VERTEX_POINT('',#5021);
#1436=VERTEX_POINT('',#5025);
#1437=VERTEX_POINT('',#5029);
#1438=VERTEX_POINT('',#5031);
#1439=VERTEX_POINT('',#5037);
#1440=VERTEX_POINT('',#5043);
#1441=VERTEX_POINT('',#5051);
#1442=VERTEX_POINT('',#5053);
#1443=VERTEX_POINT('',#5055);
#1444=VERTEX_POINT('',#5057);
#1445=VERTEX_POINT('',#5059);
#1446=VERTEX_POINT('',#5061);
#1447=VERTEX_POINT('',#5063);
#1448=VERTEX_POINT('',#5065);
#1449=VERTEX_POINT('',#5067);
#1450=VERTEX_POINT('',#5069);
#1451=VERTEX_POINT('',#5071);
#1452=VERTEX_POINT('',#5073);
#1453=VERTEX_POINT('',#5075);
#1454=VERTEX_POINT('',#5077);
#1455=VERTEX_POINT('',#5079);
#1456=VERTEX_POINT('',#5081);
#1457=VERTEX_POINT('',#5083);
#1458=VERTEX_POINT('',#5085);
#1459=VERTEX_POINT('',#5087);
#1460=VERTEX_POINT('',#5089);
#1461=VERTEX_POINT('',#5091);
#1462=VERTEX_POINT('',#5093);
#1463=VERTEX_POINT('',#5095);
#1464=VERTEX_POINT('',#5097);
#1465=VERTEX_POINT('',#5100);
#1466=VERTEX_POINT('',#5102);
#1467=VERTEX_POINT('',#5104);
#1468=VERTEX_POINT('',#5106);
#1469=VERTEX_POINT('',#5108);
#1470=VERTEX_POINT('',#5110);
#1471=VERTEX_POINT('',#5112);
#1472=VERTEX_POINT('',#5114);
#1473=VERTEX_POINT('',#5116);
#1474=VERTEX_POINT('',#5118);
#1475=VERTEX_POINT('',#5121);
#1476=VERTEX_POINT('',#5123);
#1477=VERTEX_POINT('',#5125);
#1478=VERTEX_POINT('',#5127);
#1479=VERTEX_POINT('',#5129);
#1480=VERTEX_POINT('',#5131);
#1481=VERTEX_POINT('',#5152);
#1482=EDGE_CURVE('',#1185,#1186,#607,.T.);
#1483=EDGE_CURVE('',#1186,#1187,#451,.T.);
#1484=EDGE_CURVE('',#1187,#1188,#608,.T.);
#1485=EDGE_CURVE('',#1188,#1185,#446,.T.);
#1486=EDGE_CURVE('',#1189,#1185,#609,.T.);
#1487=EDGE_CURVE('',#1188,#1190,#610,.T.);
#1488=EDGE_CURVE('',#1190,#1189,#447,.T.);
#1489=EDGE_CURVE('',#1190,#1191,#611,.T.);
#1490=EDGE_CURVE('',#1191,#1192,#452,.T.);
#1491=EDGE_CURVE('',#1192,#1189,#612,.T.);
#1492=EDGE_CURVE('',#1185,#1193,#613,.T.);
#1493=EDGE_CURVE('',#1194,#1193,#614,.T.);
#1494=EDGE_CURVE('',#1186,#1194,#615,.T.);
#1495=EDGE_CURVE('',#1195,#1189,#616,.T.);
#1496=EDGE_CURVE('',#1196,#1195,#617,.T.);
#1497=EDGE_CURVE('',#1197,#1196,#618,.T.);
#1498=EDGE_CURVE('',#1198,#1197,#619,.T.);
#1499=EDGE_CURVE('',#1199,#1198,#620,.T.);
#1500=EDGE_CURVE('',#1200,#1199,#621,.T.);
#1501=EDGE_CURVE('',#1201,#1200,#622,.T.);
#1502=EDGE_CURVE('',#1202,#1201,#453,.T.);
#1503=EDGE_CURVE('',#1203,#1202,#623,.T.);
#1504=EDGE_CURVE('',#1204,#1203,#454,.T.);
#1505=EDGE_CURVE('',#1205,#1204,#624,.T.);
#1506=EDGE_CURVE('',#1193,#1205,#455,.T.);
#1507=EDGE_CURVE('',#1206,#1192,#625,.T.);
#1508=EDGE_CURVE('',#1206,#1195,#626,.T.);
#1509=EDGE_CURVE('',#1191,#1207,#627,.T.);
#1510=EDGE_CURVE('',#1207,#1208,#456,.T.);
#1511=EDGE_CURVE('',#1208,#1209,#628,.T.);
#1512=EDGE_CURVE('',#1210,#1209,#629,.T.);
#1513=EDGE_CURVE('',#1211,#1210,#457,.T.);
#1514=EDGE_CURVE('',#1212,#1211,#630,.T.);
#1515=EDGE_CURVE('',#1213,#1212,#458,.T.);
#1516=EDGE_CURVE('',#1214,#1213,#631,.T.);
#1517=EDGE_CURVE('',#1215,#1214,#459,.T.);
#1518=EDGE_CURVE('',#1216,#1215,#632,.T.);
#1519=EDGE_CURVE('',#1217,#1216,#460,.T.);
#1520=EDGE_CURVE('',#1218,#1217,#633,.T.);
#1521=EDGE_CURVE('',#1219,#1218,#461,.T.);
#1522=EDGE_CURVE('',#1220,#1219,#462,.T.);
#1523=EDGE_CURVE('',#1221,#1220,#634,.T.);
#1524=EDGE_CURVE('',#1222,#1221,#463,.T.);
#1525=EDGE_CURVE('',#1223,#1222,#464,.T.);
#1526=EDGE_CURVE('',#1224,#1223,#635,.T.);
#1527=EDGE_CURVE('',#1225,#1224,#465,.T.);
#1528=EDGE_CURVE('',#1226,#1225,#636,.T.);
#1529=EDGE_CURVE('',#1226,#1227,#637,.T.);
#1530=EDGE_CURVE('',#1227,#1228,#638,.T.);
#1531=EDGE_CURVE('',#1228,#1229,#639,.T.);
#1532=EDGE_CURVE('',#1229,#1230,#466,.T.);
#1533=EDGE_CURVE('',#1230,#1231,#640,.T.);
#1534=EDGE_CURVE('',#1232,#1231,#467,.T.);
#1535=EDGE_CURVE('',#1232,#1233,#641,.T.);
#1536=EDGE_CURVE('',#1233,#1234,#642,.T.);
#1537=EDGE_CURVE('',#1234,#1235,#643,.T.);
#1538=EDGE_CURVE('',#1235,#1206,#644,.T.);
#1539=EDGE_CURVE('',#1236,#1236,#468,.T.);
#1540=EDGE_CURVE('',#1237,#1237,#469,.T.);
#1541=EDGE_CURVE('',#1238,#1239,#470,.F.);
#1542=EDGE_CURVE('',#1199,#1238,#471,.F.);
#1543=EDGE_CURVE('',#1239,#1199,#472,.F.);
#1544=EDGE_CURVE('',#1240,#1241,#645,.T.);
#1545=EDGE_CURVE('',#1241,#1242,#473,.T.);
#1546=EDGE_CURVE('',#1242,#1200,#646,.T.);
#1547=EDGE_CURVE('',#1200,#1240,#448,.T.);
#1548=EDGE_CURVE('',#1238,#1240,#647,.T.);
#1549=EDGE_CURVE('',#1198,#1243,#474,.F.);
#1550=EDGE_CURVE('',#1243,#1239,#648,.T.);
#1551=EDGE_CURVE('',#1231,#1238,#649,.T.);
#1552=EDGE_CURVE('',#1239,#1232,#650,.T.);
#1553=EDGE_CURVE('',#1233,#1243,#651,.T.);
#1554=EDGE_CURVE('',#1244,#1242,#652,.T.);
#1555=EDGE_CURVE('',#1201,#1244,#653,.T.);
#1556=EDGE_CURVE('',#1245,#1246,#654,.T.);
#1557=EDGE_CURVE('',#1203,#1245,#655,.T.);
#1558=EDGE_CURVE('',#1246,#1202,#656,.T.);
#1559=EDGE_CURVE('',#1234,#1197,#657,.T.);
#1560=EDGE_CURVE('',#1235,#1196,#658,.T.);
#1561=EDGE_CURVE('',#1187,#1247,#659,.T.);
#1562=EDGE_CURVE('',#1207,#1247,#660,.T.);
#1563=EDGE_CURVE('',#1246,#1248,#475,.T.);
#1564=EDGE_CURVE('',#1249,#1248,#661,.T.);
#1565=EDGE_CURVE('',#1250,#1249,#476,.T.);
#1566=EDGE_CURVE('',#1251,#1250,#662,.T.);
#1567=EDGE_CURVE('',#1252,#1251,#477,.T.);
#1568=EDGE_CURVE('',#1253,#1252,#663,.T.);
#1569=EDGE_CURVE('',#1254,#1253,#478,.T.);
#1570=EDGE_CURVE('',#1255,#1254,#664,.T.);
#1571=EDGE_CURVE('',#1256,#1255,#479,.T.);
#1572=EDGE_CURVE('',#1256,#1257,#665,.T.);
#1573=EDGE_CURVE('',#1258,#1257,#480,.T.);
#1574=EDGE_CURVE('',#1258,#1259,#666,.T.);
#1575=EDGE_CURVE('',#1260,#1259,#481,.T.);
#1576=EDGE_CURVE('',#1261,#1260,#667,.T.);
#1577=EDGE_CURVE('',#1245,#1261,#482,.T.);
#1578=EDGE_CURVE('',#1262,#1263,#483,.T.);
#1579=EDGE_CURVE('',#1263,#1264,#484,.T.);
#1580=EDGE_CURVE('',#1264,#1262,#485,.T.);
#1581=EDGE_CURVE('',#1265,#1265,#486,.T.);
#1582=EDGE_CURVE('',#1266,#1266,#487,.T.);
#1583=EDGE_CURVE('',#1205,#1267,#668,.T.);
#1584=EDGE_CURVE('',#1268,#1267,#449,.T.);
#1585=EDGE_CURVE('',#1268,#1269,#669,.T.);
#1586=EDGE_CURVE('',#1269,#1194,#488,.T.);
#1587=EDGE_CURVE('',#1270,#1270,#489,.T.);
#1588=EDGE_CURVE('',#1270,#1271,#670,.T.);
#1589=EDGE_CURVE('',#1271,#1271,#490,.T.);
#1590=EDGE_CURVE('',#1272,#1272,#491,.T.);
#1591=EDGE_CURVE('',#1272,#1273,#671,.T.);
#1592=EDGE_CURVE('',#1273,#1273,#492,.T.);
#1593=EDGE_CURVE('',#1274,#1275,#493,.T.);
#1594=EDGE_CURVE('',#1276,#1275,#672,.T.);
#1595=EDGE_CURVE('',#1276,#1277,#494,.T.);
#1596=EDGE_CURVE('',#1277,#1274,#673,.T.);
#1597=EDGE_CURVE('',#1275,#1278,#674,.T.);
#1598=EDGE_CURVE('',#1279,#1278,#675,.T.);
#1599=EDGE_CURVE('',#1280,#1279,#676,.T.);
#1600=EDGE_CURVE('',#1280,#1281,#677,.T.);
#1601=EDGE_CURVE('',#1281,#1282,#678,.T.);
#1602=EDGE_CURVE('',#1282,#1226,#679,.T.);
#1603=EDGE_CURVE('',#1283,#1225,#680,.T.);
#1604=EDGE_CURVE('',#1283,#1276,#681,.T.);
#1605=EDGE_CURVE('',#1230,#1284,#682,.T.);
#1606=EDGE_CURVE('',#1284,#1241,#683,.T.);
#1607=EDGE_CURVE('',#1229,#1285,#684,.T.);
#1608=EDGE_CURVE('',#1285,#1284,#495,.T.);
#1609=EDGE_CURVE('',#1228,#1286,#685,.T.);
#1610=EDGE_CURVE('',#1286,#1287,#686,.T.);
#1611=EDGE_CURVE('',#1287,#1285,#687,.T.);
#1612=EDGE_CURVE('',#1288,#1247,#496,.T.);
#1613=EDGE_CURVE('',#1208,#1288,#688,.T.);
#1614=EDGE_CURVE('',#1289,#1288,#689,.T.);
#1615=EDGE_CURVE('',#1209,#1289,#690,.T.);
#1616=EDGE_CURVE('',#1236,#1265,#691,.T.);
#1617=EDGE_CURVE('',#1237,#1263,#692,.T.);
#1618=EDGE_CURVE('',#1290,#1262,#693,.T.);
#1619=EDGE_CURVE('',#1291,#1290,#497,.T.);
#1620=EDGE_CURVE('',#1264,#1291,#694,.T.);
#1621=EDGE_CURVE('',#1292,#1280,#695,.T.);
#1622=EDGE_CURVE('',#1293,#1292,#696,.T.);
#1623=EDGE_CURVE('',#1293,#1281,#697,.T.);
#1624=EDGE_CURVE('',#1291,#1290,#498,.T.);
#1625=EDGE_CURVE('',#1294,#1295,#698,.T.);
#1626=EDGE_CURVE('',#1296,#1294,#699,.T.);
#1627=EDGE_CURVE('',#1297,#1296,#700,.T.);
#1628=EDGE_CURVE('',#1295,#1297,#701,.T.);
#1629=EDGE_CURVE('',#1298,#1204,#702,.T.);
#1630=EDGE_CURVE('',#1267,#1298,#703,.T.);
#1631=EDGE_CURVE('',#1299,#1299,#499,.T.);
#1632=EDGE_CURVE('',#1300,#1286,#704,.T.);
#1633=EDGE_CURVE('',#1227,#1300,#705,.T.);
#1634=EDGE_CURVE('',#1301,#1279,#706,.T.);
#1635=EDGE_CURVE('',#1292,#1301,#707,.T.);
#1636=EDGE_CURVE('',#1302,#1278,#708,.T.);
#1637=EDGE_CURVE('',#1301,#1302,#709,.T.);
#1638=EDGE_CURVE('',#1300,#1297,#710,.T.);
#1639=EDGE_CURVE('',#1303,#1296,#711,.T.);
#1640=EDGE_CURVE('',#1302,#1303,#712,.T.);
#1641=EDGE_CURVE('',#1286,#1274,#713,.T.);
#1642=EDGE_CURVE('',#1261,#1304,#714,.T.);
#1643=EDGE_CURVE('',#1304,#1298,#450,.T.);
#1644=EDGE_CURVE('',#1305,#1294,#715,.T.);
#1645=EDGE_CURVE('',#1303,#1305,#716,.T.);
#1646=EDGE_CURVE('',#1306,#1282,#717,.T.);
#1647=EDGE_CURVE('',#1307,#1306,#718,.T.);
#1648=EDGE_CURVE('',#1307,#1295,#719,.T.);
#1649=EDGE_CURVE('',#1305,#1307,#720,.T.);
#1650=EDGE_CURVE('',#1306,#1293,#721,.T.);
#1651=EDGE_CURVE('',#1308,#1309,#722,.T.);
#1652=EDGE_CURVE('',#1310,#1309,#723,.T.);
#1653=EDGE_CURVE('',#1311,#1310,#724,.T.);
#1654=EDGE_CURVE('',#1308,#1311,#725,.T.);
#1655=EDGE_CURVE('',#1312,#1313,#726,.T.);
#1656=EDGE_CURVE('',#1314,#1313,#727,.T.);
#1657=EDGE_CURVE('',#1314,#1315,#728,.T.);
#1658=EDGE_CURVE('',#1312,#1315,#729,.T.);
#1659=EDGE_CURVE('',#1311,#1316,#500,.T.);
#1660=EDGE_CURVE('',#1308,#1316,#730,.T.);
#1661=EDGE_CURVE('',#1309,#1312,#731,.T.);
#1662=EDGE_CURVE('',#1317,#1315,#501,.T.);
#1663=EDGE_CURVE('',#1318,#1317,#732,.T.);
#1664=EDGE_CURVE('',#1319,#1318,#502,.T.);
#1665=EDGE_CURVE('',#1320,#1319,#503,.T.);
#1666=EDGE_CURVE('',#1321,#1320,#733,.T.);
#1667=EDGE_CURVE('',#1322,#1321,#504,.T.);
#1668=EDGE_CURVE('',#1323,#1322,#505,.T.);
#1669=EDGE_CURVE('',#1324,#1323,#734,.T.);
#1670=EDGE_CURVE('',#1325,#1324,#506,.T.);
#1671=EDGE_CURVE('',#1325,#1326,#735,.T.);
#1672=EDGE_CURVE('',#1326,#1327,#736,.T.);
#1673=EDGE_CURVE('',#1327,#1328,#737,.T.);
#1674=EDGE_CURVE('',#1329,#1328,#507,.T.);
#1675=EDGE_CURVE('',#1330,#1329,#738,.T.);
#1676=EDGE_CURVE('',#1331,#1330,#508,.T.);
#1677=EDGE_CURVE('',#1332,#1331,#739,.T.);
#1678=EDGE_CURVE('',#1333,#1332,#509,.T.);
#1679=EDGE_CURVE('',#1334,#1333,#740,.T.);
#1680=EDGE_CURVE('',#1310,#1334,#510,.T.);
#1681=EDGE_CURVE('',#1335,#1336,#511,.T.);
#1682=EDGE_CURVE('',#1337,#1335,#741,.T.);
#1683=EDGE_CURVE('',#1338,#1337,#512,.T.);
#1684=EDGE_CURVE('',#1339,#1338,#742,.T.);
#1685=EDGE_CURVE('',#1340,#1339,#513,.T.);
#1686=EDGE_CURVE('',#1341,#1340,#743,.T.);
#1687=EDGE_CURVE('',#1342,#1341,#514,.T.);
#1688=EDGE_CURVE('',#1343,#1342,#744,.T.);
#1689=EDGE_CURVE('',#1344,#1343,#515,.T.);
#1690=EDGE_CURVE('',#1277,#1344,#745,.T.);
#1691=EDGE_CURVE('',#1345,#1283,#516,.T.);
#1692=EDGE_CURVE('',#1346,#1345,#746,.T.);
#1693=EDGE_CURVE('',#1347,#1346,#517,.T.);
#1694=EDGE_CURVE('',#1348,#1347,#518,.T.);
#1695=EDGE_CURVE('',#1349,#1348,#747,.T.);
#1696=EDGE_CURVE('',#1336,#1349,#519,.T.);
#1697=EDGE_CURVE('',#1350,#1326,#748,.T.);
#1698=EDGE_CURVE('',#1351,#1325,#749,.T.);
#1699=EDGE_CURVE('',#1350,#1351,#750,.T.);
#1700=EDGE_CURVE('',#1327,#1352,#751,.T.);
#1701=EDGE_CURVE('',#1353,#1352,#752,.T.);
#1702=EDGE_CURVE('',#1353,#1328,#753,.T.);
#1703=EDGE_CURVE('',#1351,#1354,#520,.T.);
#1704=EDGE_CURVE('',#1354,#1350,#754,.T.);
#1705=EDGE_CURVE('',#1352,#1355,#755,.T.);
#1706=EDGE_CURVE('',#1355,#1353,#521,.T.);
#1707=EDGE_CURVE('',#1343,#1211,#756,.T.);
#1708=EDGE_CURVE('',#1344,#1210,#757,.T.);
#1709=EDGE_CURVE('',#1342,#1212,#758,.T.);
#1710=EDGE_CURVE('',#1341,#1213,#759,.T.);
#1711=EDGE_CURVE('',#1214,#1340,#760,.T.);
#1712=EDGE_CURVE('',#1339,#1215,#761,.T.);
#1713=EDGE_CURVE('',#1338,#1216,#762,.T.);
#1714=EDGE_CURVE('',#1337,#1217,#763,.T.);
#1715=EDGE_CURVE('',#1335,#1218,#764,.T.);
#1716=EDGE_CURVE('',#1336,#1219,#765,.T.);
#1717=EDGE_CURVE('',#1319,#1356,#766,.T.);
#1718=EDGE_CURVE('',#1356,#1357,#522,.F.);
#1719=EDGE_CURVE('',#1357,#1320,#767,.T.);
#1720=EDGE_CURVE('',#1258,#1318,#768,.T.);
#1721=EDGE_CURVE('',#1257,#1358,#769,.T.);
#1722=EDGE_CURVE('',#1356,#1358,#523,.T.);
#1723=EDGE_CURVE('',#1359,#1314,#524,.T.);
#1724=EDGE_CURVE('',#1359,#1317,#770,.T.);
#1725=EDGE_CURVE('',#1334,#1316,#771,.T.);
#1726=EDGE_CURVE('',#1359,#1313,#772,.T.);
#1727=EDGE_CURVE('',#1259,#1333,#773,.T.);
#1728=EDGE_CURVE('',#1332,#1260,#774,.T.);
#1729=EDGE_CURVE('',#1360,#1331,#775,.T.);
#1730=EDGE_CURVE('',#1360,#1269,#776,.T.);
#1731=EDGE_CURVE('',#1304,#1268,#777,.T.);
#1732=EDGE_CURVE('',#1349,#1220,#778,.T.);
#1733=EDGE_CURVE('',#1348,#1221,#779,.T.);
#1734=EDGE_CURVE('',#1347,#1222,#780,.T.);
#1735=EDGE_CURVE('',#1346,#1223,#781,.T.);
#1736=EDGE_CURVE('',#1224,#1345,#782,.T.);
#1737=EDGE_CURVE('',#1287,#1289,#783,.T.);
#1738=EDGE_CURVE('',#1330,#1361,#784,.T.);
#1739=EDGE_CURVE('',#1361,#1360,#525,.T.);
#1740=EDGE_CURVE('',#1361,#1362,#785,.T.);
#1741=EDGE_CURVE('',#1363,#1362,#526,.T.);
#1742=EDGE_CURVE('',#1363,#1364,#786,.T.);
#1743=EDGE_CURVE('',#1365,#1364,#527,.T.);
#1744=EDGE_CURVE('',#1365,#1366,#787,.T.);
#1745=EDGE_CURVE('',#1367,#1366,#528,.T.);
#1746=EDGE_CURVE('',#1367,#1368,#788,.T.);
#1747=EDGE_CURVE('',#1369,#1368,#529,.T.);
#1748=EDGE_CURVE('',#1369,#1370,#789,.T.);
#1749=EDGE_CURVE('',#1371,#1370,#530,.T.);
#1750=EDGE_CURVE('',#1371,#1372,#790,.T.);
#1751=EDGE_CURVE('',#1372,#1244,#531,.T.);
#1752=EDGE_CURVE('',#1358,#1373,#791,.T.);
#1753=EDGE_CURVE('',#1373,#1256,#792,.T.);
#1754=EDGE_CURVE('',#1321,#1374,#793,.T.);
#1755=EDGE_CURVE('',#1375,#1374,#532,.T.);
#1756=EDGE_CURVE('',#1322,#1375,#794,.T.);
#1757=EDGE_CURVE('',#1376,#1375,#795,.T.);
#1758=EDGE_CURVE('',#1377,#1376,#796,.T.);
#1759=EDGE_CURVE('',#1378,#1377,#797,.T.);
#1760=EDGE_CURVE('',#1364,#1378,#798,.T.);
#1761=EDGE_CURVE('',#1375,#1363,#799,.T.);
#1762=EDGE_CURVE('',#1374,#1357,#800,.T.);
#1763=EDGE_CURVE('',#1379,#1373,#533,.T.);
#1764=EDGE_CURVE('',#1380,#1379,#801,.T.);
#1765=EDGE_CURVE('',#1381,#1380,#534,.T.);
#1766=EDGE_CURVE('',#1382,#1381,#802,.T.);
#1767=EDGE_CURVE('',#1383,#1382,#535,.T.);
#1768=EDGE_CURVE('',#1384,#1383,#803,.T.);
#1769=EDGE_CURVE('',#1385,#1384,#536,.T.);
#1770=EDGE_CURVE('',#1386,#1385,#804,.T.);
#1771=EDGE_CURVE('',#1387,#1386,#537,.T.);
#1772=EDGE_CURVE('',#1388,#1387,#538,.T.);
#1773=EDGE_CURVE('',#1389,#1388,#539,.T.);
#1774=EDGE_CURVE('',#1390,#1389,#540,.T.);
#1775=EDGE_CURVE('',#1391,#1390,#805,.T.);
#1776=EDGE_CURVE('',#1392,#1391,#541,.T.);
#1777=EDGE_CURVE('',#1393,#1392,#806,.T.);
#1778=EDGE_CURVE('',#1394,#1393,#542,.T.);
#1779=EDGE_CURVE('',#1395,#1394,#543,.T.);
#1780=EDGE_CURVE('',#1396,#1395,#544,.T.);
#1781=EDGE_CURVE('',#1396,#1397,#545,.T.);
#1782=EDGE_CURVE('',#1397,#1398,#546,.T.);
#1783=EDGE_CURVE('',#1398,#1399,#547,.T.);
#1784=EDGE_CURVE('',#1399,#1400,#807,.T.);
#1785=EDGE_CURVE('',#1400,#1401,#548,.T.);
#1786=EDGE_CURVE('',#1401,#1402,#808,.T.);
#1787=EDGE_CURVE('',#1402,#1403,#549,.T.);
#1788=EDGE_CURVE('',#1403,#1404,#550,.T.);
#1789=EDGE_CURVE('',#1404,#1405,#551,.T.);
#1790=EDGE_CURVE('',#1405,#1406,#552,.T.);
#1791=EDGE_CURVE('',#1406,#1407,#809,.T.);
#1792=EDGE_CURVE('',#1407,#1408,#553,.T.);
#1793=EDGE_CURVE('',#1409,#1408,#554,.T.);
#1794=EDGE_CURVE('',#1409,#1410,#810,.T.);
#1795=EDGE_CURVE('',#1411,#1410,#555,.T.);
#1796=EDGE_CURVE('',#1411,#1412,#811,.T.);
#1797=EDGE_CURVE('',#1413,#1412,#556,.T.);
#1798=EDGE_CURVE('',#1413,#1414,#812,.T.);
#1799=EDGE_CURVE('',#1376,#1414,#557,.T.);
#1800=EDGE_CURVE('',#1415,#1415,#558,.T.);
#1801=EDGE_CURVE('',#1416,#1416,#559,.T.);
#1802=EDGE_CURVE('',#1417,#1417,#560,.T.);
#1803=EDGE_CURVE('',#1418,#1418,#561,.T.);
#1804=EDGE_CURVE('',#1419,#1419,#562,.T.);
#1805=EDGE_CURVE('',#1420,#1420,#563,.T.);
#1806=EDGE_CURVE('',#1421,#1421,#564,.T.);
#1807=EDGE_CURVE('',#1324,#1354,#813,.T.);
#1808=EDGE_CURVE('',#1355,#1329,#814,.T.);
#1809=EDGE_CURVE('',#1422,#1423,#565,.T.);
#1810=EDGE_CURVE('',#1422,#1367,#815,.T.);
#1811=EDGE_CURVE('',#1366,#1423,#816,.T.);
#1812=EDGE_CURVE('',#1424,#1422,#817,.T.);
#1813=EDGE_CURVE('',#1368,#1424,#818,.T.);
#1814=EDGE_CURVE('',#1425,#1426,#566,.T.);
#1815=EDGE_CURVE('',#1426,#1409,#819,.T.);
#1816=EDGE_CURVE('',#1408,#1425,#820,.T.);
#1817=EDGE_CURVE('',#1427,#1426,#821,.T.);
#1818=EDGE_CURVE('',#1410,#1427,#822,.T.);
#1819=EDGE_CURVE('',#1427,#1428,#567,.T.);
#1820=EDGE_CURVE('',#1428,#1411,#823,.T.);
#1821=EDGE_CURVE('',#1412,#1429,#824,.T.);
#1822=EDGE_CURVE('',#1429,#1430,#568,.T.);
#1823=EDGE_CURVE('',#1430,#1413,#825,.T.);
#1824=EDGE_CURVE('',#1429,#1428,#826,.T.);
#1825=EDGE_CURVE('',#1431,#1432,#569,.T.);
#1826=EDGE_CURVE('',#1431,#1254,#827,.T.);
#1827=EDGE_CURVE('',#1253,#1432,#828,.T.);
#1828=EDGE_CURVE('',#1431,#1433,#829,.T.);
#1829=EDGE_CURVE('',#1255,#1433,#830,.T.);
#1830=EDGE_CURVE('',#1380,#1434,#831,.T.);
#1831=EDGE_CURVE('',#1434,#1435,#570,.T.);
#1832=EDGE_CURVE('',#1435,#1381,#832,.T.);
#1833=EDGE_CURVE('',#1436,#1379,#833,.T.);
#1834=EDGE_CURVE('',#1436,#1434,#834,.T.);
#1835=EDGE_CURVE('',#1382,#1437,#835,.T.);
#1836=EDGE_CURVE('',#1437,#1438,#571,.T.);
#1837=EDGE_CURVE('',#1438,#1383,#836,.T.);
#1838=EDGE_CURVE('',#1435,#1437,#837,.T.);
#1839=EDGE_CURVE('',#1439,#1377,#572,.T.);
#1840=EDGE_CURVE('',#1414,#1439,#838,.T.);
#1841=EDGE_CURVE('',#1362,#1323,#839,.T.);
#1842=EDGE_CURVE('',#1378,#1440,#573,.F.);
#1843=EDGE_CURVE('',#1440,#1365,#840,.T.);
#1844=EDGE_CURVE('',#1433,#1436,#574,.T.);
#1845=EDGE_CURVE('',#1423,#1440,#841,.T.);
#1846=EDGE_CURVE('',#1439,#1430,#842,.T.);
#1847=EDGE_CURVE('',#1425,#1441,#575,.T.);
#1848=EDGE_CURVE('',#1441,#1442,#843,.T.);
#1849=EDGE_CURVE('',#1442,#1443,#576,.T.);
#1850=EDGE_CURVE('',#1443,#1444,#577,.T.);
#1851=EDGE_CURVE('',#1444,#1445,#578,.T.);
#1852=EDGE_CURVE('',#1445,#1446,#579,.T.);
#1853=EDGE_CURVE('',#1446,#1447,#844,.T.);
#1854=EDGE_CURVE('',#1447,#1448,#580,.T.);
#1855=EDGE_CURVE('',#1448,#1449,#845,.T.);
#1856=EDGE_CURVE('',#1449,#1450,#581,.T.);
#1857=EDGE_CURVE('',#1450,#1451,#582,.T.);
#1858=EDGE_CURVE('',#1451,#1452,#583,.T.);
#1859=EDGE_CURVE('',#1453,#1452,#584,.T.);
#1860=EDGE_CURVE('',#1454,#1453,#585,.T.);
#1861=EDGE_CURVE('',#1455,#1454,#586,.T.);
#1862=EDGE_CURVE('',#1456,#1455,#846,.T.);
#1863=EDGE_CURVE('',#1457,#1456,#587,.T.);
#1864=EDGE_CURVE('',#1458,#1457,#847,.T.);
#1865=EDGE_CURVE('',#1459,#1458,#588,.T.);
#1866=EDGE_CURVE('',#1460,#1459,#589,.T.);
#1867=EDGE_CURVE('',#1461,#1460,#590,.T.);
#1868=EDGE_CURVE('',#1462,#1461,#591,.T.);
#1869=EDGE_CURVE('',#1463,#1462,#848,.T.);
#1870=EDGE_CURVE('',#1464,#1463,#592,.T.);
#1871=EDGE_CURVE('',#1438,#1464,#849,.T.);
#1872=EDGE_CURVE('',#1465,#1432,#850,.T.);
#1873=EDGE_CURVE('',#1466,#1465,#593,.F.);
#1874=EDGE_CURVE('',#1467,#1466,#851,.T.);
#1875=EDGE_CURVE('',#1468,#1467,#594,.F.);
#1876=EDGE_CURVE('',#1469,#1468,#852,.T.);
#1877=EDGE_CURVE('',#1470,#1469,#595,.T.);
#1878=EDGE_CURVE('',#1471,#1470,#596,.T.);
#1879=EDGE_CURVE('',#1471,#1472,#853,.T.);
#1880=EDGE_CURVE('',#1473,#1472,#597,.F.);
#1881=EDGE_CURVE('',#1473,#1474,#854,.T.);
#1882=EDGE_CURVE('',#1424,#1474,#598,.F.);
#1883=EDGE_CURVE('',#1475,#1475,#599,.T.);
#1884=EDGE_CURVE('',#1476,#1476,#600,.T.);
#1885=EDGE_CURVE('',#1477,#1477,#601,.T.);
#1886=EDGE_CURVE('',#1478,#1478,#602,.T.);
#1887=EDGE_CURVE('',#1479,#1479,#603,.T.);
#1888=EDGE_CURVE('',#1480,#1480,#604,.T.);
#1889=EDGE_CURVE('',#1421,#1480,#855,.T.);
#1890=EDGE_CURVE('',#1420,#1479,#856,.T.);
#1891=EDGE_CURVE('',#1251,#1466,#857,.T.);
#1892=EDGE_CURVE('',#1465,#1252,#858,.T.);
#1893=EDGE_CURVE('',#1467,#1250,#859,.T.);
#1894=EDGE_CURVE('',#1249,#1468,#860,.T.);
#1895=EDGE_CURVE('',#1469,#1248,#861,.T.);
#1896=EDGE_CURVE('',#1266,#1299,#862,.T.);
#1897=EDGE_CURVE('',#1471,#1372,#863,.T.);
#1898=EDGE_CURVE('',#1470,#1481,#864,.T.);
#1899=EDGE_CURVE('',#1481,#1481,#605,.T.);
#1900=EDGE_CURVE('',#1477,#1416,#865,.T.);
#1901=EDGE_CURVE('',#1478,#1417,#866,.T.);
#1902=EDGE_CURVE('',#1388,#1460,#867,.T.);
#1903=EDGE_CURVE('',#1389,#1459,#868,.T.);
#1904=EDGE_CURVE('',#1387,#1461,#869,.T.);
#1905=EDGE_CURVE('',#1386,#1462,#870,.T.);
#1906=EDGE_CURVE('',#1385,#1463,#871,.T.);
#1907=EDGE_CURVE('',#1384,#1464,#872,.T.);
#1908=EDGE_CURVE('',#1395,#1453,#873,.T.);
#1909=EDGE_CURVE('',#1396,#1452,#874,.T.);
#1910=EDGE_CURVE('',#1394,#1454,#875,.T.);
#1911=EDGE_CURVE('',#1393,#1455,#876,.T.);
#1912=EDGE_CURVE('',#1392,#1456,#877,.T.);
#1913=EDGE_CURVE('',#1391,#1457,#878,.T.);
#1914=EDGE_CURVE('',#1390,#1458,#879,.T.);
#1915=EDGE_CURVE('',#1474,#1369,#880,.T.);
#1916=EDGE_CURVE('',#1370,#1473,#881,.T.);
#1917=EDGE_CURVE('',#1472,#1371,#882,.T.);
#1918=EDGE_CURVE('',#1415,#1481,#606,.T.);
#1919=EDGE_CURVE('',#1476,#1418,#883,.T.);
#1920=EDGE_CURVE('',#1475,#1419,#884,.T.);
#1921=EDGE_CURVE('',#1403,#1445,#885,.T.);
#1922=EDGE_CURVE('',#1404,#1444,#886,.T.);
#1923=EDGE_CURVE('',#1405,#1443,#887,.T.);
#1924=EDGE_CURVE('',#1406,#1442,#888,.T.);
#1925=EDGE_CURVE('',#1407,#1441,#889,.T.);
#1926=EDGE_CURVE('',#1397,#1451,#890,.T.);
#1927=EDGE_CURVE('',#1398,#1450,#891,.T.);
#1928=EDGE_CURVE('',#1399,#1449,#892,.T.);
#1929=EDGE_CURVE('',#1400,#1448,#893,.T.);
#1930=EDGE_CURVE('',#1401,#1447,#894,.T.);
#1931=EDGE_CURVE('',#1402,#1446,#895,.T.);
#1932=ORIENTED_EDGE('',*,*,#1482,.T.);
#1933=ORIENTED_EDGE('',*,*,#1483,.T.);
#1934=ORIENTED_EDGE('',*,*,#1484,.T.);
#1935=ORIENTED_EDGE('',*,*,#1485,.T.);
#1936=ORIENTED_EDGE('',*,*,#1486,.T.);
#1937=ORIENTED_EDGE('',*,*,#1485,.F.);
#1938=ORIENTED_EDGE('',*,*,#1487,.T.);
#1939=ORIENTED_EDGE('',*,*,#1488,.T.);
#1940=ORIENTED_EDGE('',*,*,#1489,.T.);
#1941=ORIENTED_EDGE('',*,*,#1490,.T.);
#1942=ORIENTED_EDGE('',*,*,#1491,.T.);
#1943=ORIENTED_EDGE('',*,*,#1488,.F.);
#1944=ORIENTED_EDGE('',*,*,#1482,.F.);
#1945=ORIENTED_EDGE('',*,*,#1492,.T.);
#1946=ORIENTED_EDGE('',*,*,#1493,.F.);
#1947=ORIENTED_EDGE('',*,*,#1494,.F.);
#1948=ORIENTED_EDGE('',*,*,#1486,.F.);
#1949=ORIENTED_EDGE('',*,*,#1495,.F.);
#1950=ORIENTED_EDGE('',*,*,#1496,.F.);
#1951=ORIENTED_EDGE('',*,*,#1497,.F.);
#1952=ORIENTED_EDGE('',*,*,#1498,.F.);
#1953=ORIENTED_EDGE('',*,*,#1499,.F.);
#1954=ORIENTED_EDGE('',*,*,#1500,.F.);
#1955=ORIENTED_EDGE('',*,*,#1501,.F.);
#1956=ORIENTED_EDGE('',*,*,#1502,.F.);
#1957=ORIENTED_EDGE('',*,*,#1503,.F.);
#1958=ORIENTED_EDGE('',*,*,#1504,.F.);
#1959=ORIENTED_EDGE('',*,*,#1505,.F.);
#1960=ORIENTED_EDGE('',*,*,#1506,.F.);
#1961=ORIENTED_EDGE('',*,*,#1492,.F.);
#1962=ORIENTED_EDGE('',*,*,#1491,.F.);
#1963=ORIENTED_EDGE('',*,*,#1507,.F.);
#1964=ORIENTED_EDGE('',*,*,#1508,.T.);
#1965=ORIENTED_EDGE('',*,*,#1495,.T.);
#1966=ORIENTED_EDGE('',*,*,#1490,.F.);
#1967=ORIENTED_EDGE('',*,*,#1509,.T.);
#1968=ORIENTED_EDGE('',*,*,#1510,.T.);
#1969=ORIENTED_EDGE('',*,*,#1511,.T.);
#1970=ORIENTED_EDGE('',*,*,#1512,.F.);
#1971=ORIENTED_EDGE('',*,*,#1513,.F.);
#1972=ORIENTED_EDGE('',*,*,#1514,.F.);
#1973=ORIENTED_EDGE('',*,*,#1515,.F.);
#1974=ORIENTED_EDGE('',*,*,#1516,.F.);
#1975=ORIENTED_EDGE('',*,*,#1517,.F.);
#1976=ORIENTED_EDGE('',*,*,#1518,.F.);
#1977=ORIENTED_EDGE('',*,*,#1519,.F.);
#1978=ORIENTED_EDGE('',*,*,#1520,.F.);
#1979=ORIENTED_EDGE('',*,*,#1521,.F.);
#1980=ORIENTED_EDGE('',*,*,#1522,.F.);
#1981=ORIENTED_EDGE('',*,*,#1523,.F.);
#1982=ORIENTED_EDGE('',*,*,#1524,.F.);
#1983=ORIENTED_EDGE('',*,*,#1525,.F.);
#1984=ORIENTED_EDGE('',*,*,#1526,.F.);
#1985=ORIENTED_EDGE('',*,*,#1527,.F.);
#1986=ORIENTED_EDGE('',*,*,#1528,.F.);
#1987=ORIENTED_EDGE('',*,*,#1529,.T.);
#1988=ORIENTED_EDGE('',*,*,#1530,.T.);
#1989=ORIENTED_EDGE('',*,*,#1531,.T.);
#1990=ORIENTED_EDGE('',*,*,#1532,.T.);
#1991=ORIENTED_EDGE('',*,*,#1533,.T.);
#1992=ORIENTED_EDGE('',*,*,#1534,.F.);
#1993=ORIENTED_EDGE('',*,*,#1535,.T.);
#1994=ORIENTED_EDGE('',*,*,#1536,.T.);
#1995=ORIENTED_EDGE('',*,*,#1537,.T.);
#1996=ORIENTED_EDGE('',*,*,#1538,.T.);
#1997=ORIENTED_EDGE('',*,*,#1507,.T.);
#1998=ORIENTED_EDGE('',*,*,#1539,.T.);
#1999=ORIENTED_EDGE('',*,*,#1540,.T.);
#2000=ORIENTED_EDGE('',*,*,#1541,.F.);
#2001=ORIENTED_EDGE('',*,*,#1542,.F.);
#2002=ORIENTED_EDGE('',*,*,#1543,.F.);
#2003=ORIENTED_EDGE('',*,*,#1544,.T.);
#2004=ORIENTED_EDGE('',*,*,#1545,.T.);
#2005=ORIENTED_EDGE('',*,*,#1546,.T.);
#2006=ORIENTED_EDGE('',*,*,#1547,.T.);
#2007=ORIENTED_EDGE('',*,*,#1500,.T.);
#2008=ORIENTED_EDGE('',*,*,#1542,.T.);
#2009=ORIENTED_EDGE('',*,*,#1548,.T.);
#2010=ORIENTED_EDGE('',*,*,#1547,.F.);
#2011=ORIENTED_EDGE('',*,*,#1549,.T.);
#2012=ORIENTED_EDGE('',*,*,#1550,.T.);
#2013=ORIENTED_EDGE('',*,*,#1543,.T.);
#2014=ORIENTED_EDGE('',*,*,#1499,.T.);
#2015=ORIENTED_EDGE('',*,*,#1534,.T.);
#2016=ORIENTED_EDGE('',*,*,#1551,.T.);
#2017=ORIENTED_EDGE('',*,*,#1541,.T.);
#2018=ORIENTED_EDGE('',*,*,#1552,.T.);
#2019=ORIENTED_EDGE('',*,*,#1552,.F.);
#2020=ORIENTED_EDGE('',*,*,#1550,.F.);
#2021=ORIENTED_EDGE('',*,*,#1553,.F.);
#2022=ORIENTED_EDGE('',*,*,#1535,.F.);
#2023=ORIENTED_EDGE('',*,*,#1546,.F.);
#2024=ORIENTED_EDGE('',*,*,#1554,.F.);
#2025=ORIENTED_EDGE('',*,*,#1555,.F.);
#2026=ORIENTED_EDGE('',*,*,#1501,.T.);
#2027=ORIENTED_EDGE('',*,*,#1556,.F.);
#2028=ORIENTED_EDGE('',*,*,#1557,.F.);
#2029=ORIENTED_EDGE('',*,*,#1503,.T.);
#2030=ORIENTED_EDGE('',*,*,#1558,.F.);
#2031=ORIENTED_EDGE('',*,*,#1498,.T.);
#2032=ORIENTED_EDGE('',*,*,#1559,.F.);
#2033=ORIENTED_EDGE('',*,*,#1536,.F.);
#2034=ORIENTED_EDGE('',*,*,#1553,.T.);
#2035=ORIENTED_EDGE('',*,*,#1549,.F.);
#2036=ORIENTED_EDGE('',*,*,#1497,.T.);
#2037=ORIENTED_EDGE('',*,*,#1560,.F.);
#2038=ORIENTED_EDGE('',*,*,#1537,.F.);
#2039=ORIENTED_EDGE('',*,*,#1559,.T.);
#2040=ORIENTED_EDGE('',*,*,#1496,.T.);
#2041=ORIENTED_EDGE('',*,*,#1508,.F.);
#2042=ORIENTED_EDGE('',*,*,#1538,.F.);
#2043=ORIENTED_EDGE('',*,*,#1560,.T.);
#2044=ORIENTED_EDGE('',*,*,#1484,.F.);
#2045=ORIENTED_EDGE('',*,*,#1561,.T.);
#2046=ORIENTED_EDGE('',*,*,#1562,.F.);
#2047=ORIENTED_EDGE('',*,*,#1509,.F.);
#2048=ORIENTED_EDGE('',*,*,#1489,.F.);
#2049=ORIENTED_EDGE('',*,*,#1487,.F.);
#2050=ORIENTED_EDGE('',*,*,#1556,.T.);
#2051=ORIENTED_EDGE('',*,*,#1563,.T.);
#2052=ORIENTED_EDGE('',*,*,#1564,.F.);
#2053=ORIENTED_EDGE('',*,*,#1565,.F.);
#2054=ORIENTED_EDGE('',*,*,#1566,.F.);
#2055=ORIENTED_EDGE('',*,*,#1567,.F.);
#2056=ORIENTED_EDGE('',*,*,#1568,.F.);
#2057=ORIENTED_EDGE('',*,*,#1569,.F.);
#2058=ORIENTED_EDGE('',*,*,#1570,.F.);
#2059=ORIENTED_EDGE('',*,*,#1571,.F.);
#2060=ORIENTED_EDGE('',*,*,#1572,.T.);
#2061=ORIENTED_EDGE('',*,*,#1573,.F.);
#2062=ORIENTED_EDGE('',*,*,#1574,.T.);
#2063=ORIENTED_EDGE('',*,*,#1575,.F.);
#2064=ORIENTED_EDGE('',*,*,#1576,.F.);
#2065=ORIENTED_EDGE('',*,*,#1577,.F.);
#2066=ORIENTED_EDGE('',*,*,#1578,.T.);
#2067=ORIENTED_EDGE('',*,*,#1579,.T.);
#2068=ORIENTED_EDGE('',*,*,#1580,.T.);
#2069=ORIENTED_EDGE('',*,*,#1581,.T.);
#2070=ORIENTED_EDGE('',*,*,#1582,.T.);
#2071=ORIENTED_EDGE('',*,*,#1493,.T.);
#2072=ORIENTED_EDGE('',*,*,#1506,.T.);
#2073=ORIENTED_EDGE('',*,*,#1583,.T.);
#2074=ORIENTED_EDGE('',*,*,#1584,.F.);
#2075=ORIENTED_EDGE('',*,*,#1585,.T.);
#2076=ORIENTED_EDGE('',*,*,#1586,.T.);
#2077=ORIENTED_EDGE('',*,*,#1587,.F.);
#2078=ORIENTED_EDGE('',*,*,#1588,.T.);
#2079=ORIENTED_EDGE('',*,*,#1589,.F.);
#2080=ORIENTED_EDGE('',*,*,#1588,.F.);
#2081=ORIENTED_EDGE('',*,*,#1590,.F.);
#2082=ORIENTED_EDGE('',*,*,#1591,.T.);
#2083=ORIENTED_EDGE('',*,*,#1592,.T.);
#2084=ORIENTED_EDGE('',*,*,#1591,.F.);
#2085=ORIENTED_EDGE('',*,*,#1592,.F.);
#2086=ORIENTED_EDGE('',*,*,#1593,.T.);
#2087=ORIENTED_EDGE('',*,*,#1594,.F.);
#2088=ORIENTED_EDGE('',*,*,#1595,.T.);
#2089=ORIENTED_EDGE('',*,*,#1596,.T.);
#2090=ORIENTED_EDGE('',*,*,#1597,.T.);
#2091=ORIENTED_EDGE('',*,*,#1598,.F.);
#2092=ORIENTED_EDGE('',*,*,#1599,.F.);
#2093=ORIENTED_EDGE('',*,*,#1600,.T.);
#2094=ORIENTED_EDGE('',*,*,#1601,.T.);
#2095=ORIENTED_EDGE('',*,*,#1602,.T.);
#2096=ORIENTED_EDGE('',*,*,#1528,.T.);
#2097=ORIENTED_EDGE('',*,*,#1603,.F.);
#2098=ORIENTED_EDGE('',*,*,#1604,.T.);
#2099=ORIENTED_EDGE('',*,*,#1594,.T.);
#2100=ORIENTED_EDGE('',*,*,#1551,.F.);
#2101=ORIENTED_EDGE('',*,*,#1533,.F.);
#2102=ORIENTED_EDGE('',*,*,#1605,.T.);
#2103=ORIENTED_EDGE('',*,*,#1606,.T.);
#2104=ORIENTED_EDGE('',*,*,#1544,.F.);
#2105=ORIENTED_EDGE('',*,*,#1548,.F.);
#2106=ORIENTED_EDGE('',*,*,#1605,.F.);
#2107=ORIENTED_EDGE('',*,*,#1532,.F.);
#2108=ORIENTED_EDGE('',*,*,#1607,.T.);
#2109=ORIENTED_EDGE('',*,*,#1608,.T.);
#2110=ORIENTED_EDGE('',*,*,#1607,.F.);
#2111=ORIENTED_EDGE('',*,*,#1531,.F.);
#2112=ORIENTED_EDGE('',*,*,#1609,.T.);
#2113=ORIENTED_EDGE('',*,*,#1610,.T.);
#2114=ORIENTED_EDGE('',*,*,#1611,.T.);
#2115=ORIENTED_EDGE('',*,*,#1612,.F.);
#2116=ORIENTED_EDGE('',*,*,#1613,.F.);
#2117=ORIENTED_EDGE('',*,*,#1510,.F.);
#2118=ORIENTED_EDGE('',*,*,#1562,.T.);
#2119=ORIENTED_EDGE('',*,*,#1614,.F.);
#2120=ORIENTED_EDGE('',*,*,#1615,.F.);
#2121=ORIENTED_EDGE('',*,*,#1511,.F.);
#2122=ORIENTED_EDGE('',*,*,#1613,.T.);
#2123=ORIENTED_EDGE('',*,*,#1539,.F.);
#2124=ORIENTED_EDGE('',*,*,#1616,.T.);
#2125=ORIENTED_EDGE('',*,*,#1581,.F.);
#2126=ORIENTED_EDGE('',*,*,#1616,.F.);
#2127=ORIENTED_EDGE('',*,*,#1540,.F.);
#2128=ORIENTED_EDGE('',*,*,#1617,.T.);
#2129=ORIENTED_EDGE('',*,*,#1578,.F.);
#2130=ORIENTED_EDGE('',*,*,#1618,.F.);
#2131=ORIENTED_EDGE('',*,*,#1619,.F.);
#2132=ORIENTED_EDGE('',*,*,#1620,.F.);
#2133=ORIENTED_EDGE('',*,*,#1579,.F.);
#2134=ORIENTED_EDGE('',*,*,#1617,.F.);
#2135=ORIENTED_EDGE('',*,*,#1600,.F.);
#2136=ORIENTED_EDGE('',*,*,#1621,.F.);
#2137=ORIENTED_EDGE('',*,*,#1622,.F.);
#2138=ORIENTED_EDGE('',*,*,#1623,.T.);
#2139=ORIENTED_EDGE('',*,*,#1619,.T.);
#2140=ORIENTED_EDGE('',*,*,#1624,.F.);
#2141=ORIENTED_EDGE('',*,*,#1625,.F.);
#2142=ORIENTED_EDGE('',*,*,#1626,.F.);
#2143=ORIENTED_EDGE('',*,*,#1627,.F.);
#2144=ORIENTED_EDGE('',*,*,#1628,.F.);
#2145=ORIENTED_EDGE('',*,*,#1505,.T.);
#2146=ORIENTED_EDGE('',*,*,#1629,.F.);
#2147=ORIENTED_EDGE('',*,*,#1630,.F.);
#2148=ORIENTED_EDGE('',*,*,#1583,.F.);
#2149=ORIENTED_EDGE('',*,*,#1631,.F.);
#2150=ORIENTED_EDGE('',*,*,#1632,.T.);
#2151=ORIENTED_EDGE('',*,*,#1609,.F.);
#2152=ORIENTED_EDGE('',*,*,#1530,.F.);
#2153=ORIENTED_EDGE('',*,*,#1633,.T.);
#2154=ORIENTED_EDGE('',*,*,#1599,.T.);
#2155=ORIENTED_EDGE('',*,*,#1634,.F.);
#2156=ORIENTED_EDGE('',*,*,#1635,.F.);
#2157=ORIENTED_EDGE('',*,*,#1621,.T.);
#2158=ORIENTED_EDGE('',*,*,#1598,.T.);
#2159=ORIENTED_EDGE('',*,*,#1636,.F.);
#2160=ORIENTED_EDGE('',*,*,#1637,.F.);
#2161=ORIENTED_EDGE('',*,*,#1634,.T.);
#2162=ORIENTED_EDGE('',*,*,#1638,.T.);
#2163=ORIENTED_EDGE('',*,*,#1627,.T.);
#2164=ORIENTED_EDGE('',*,*,#1639,.F.);
#2165=ORIENTED_EDGE('',*,*,#1640,.F.);
#2166=ORIENTED_EDGE('',*,*,#1636,.T.);
#2167=ORIENTED_EDGE('',*,*,#1597,.F.);
#2168=ORIENTED_EDGE('',*,*,#1593,.F.);
#2169=ORIENTED_EDGE('',*,*,#1641,.F.);
#2170=ORIENTED_EDGE('',*,*,#1632,.F.);
#2171=ORIENTED_EDGE('',*,*,#1557,.T.);
#2172=ORIENTED_EDGE('',*,*,#1577,.T.);
#2173=ORIENTED_EDGE('',*,*,#1642,.T.);
#2174=ORIENTED_EDGE('',*,*,#1643,.T.);
#2175=ORIENTED_EDGE('',*,*,#1629,.T.);
#2176=ORIENTED_EDGE('',*,*,#1504,.T.);
#2177=ORIENTED_EDGE('',*,*,#1626,.T.);
#2178=ORIENTED_EDGE('',*,*,#1644,.F.);
#2179=ORIENTED_EDGE('',*,*,#1645,.F.);
#2180=ORIENTED_EDGE('',*,*,#1639,.T.);
#2181=ORIENTED_EDGE('',*,*,#1602,.F.);
#2182=ORIENTED_EDGE('',*,*,#1646,.F.);
#2183=ORIENTED_EDGE('',*,*,#1647,.F.);
#2184=ORIENTED_EDGE('',*,*,#1648,.T.);
#2185=ORIENTED_EDGE('',*,*,#1628,.T.);
#2186=ORIENTED_EDGE('',*,*,#1638,.F.);
#2187=ORIENTED_EDGE('',*,*,#1633,.F.);
#2188=ORIENTED_EDGE('',*,*,#1529,.F.);
#2189=ORIENTED_EDGE('',*,*,#1625,.T.);
#2190=ORIENTED_EDGE('',*,*,#1648,.F.);
#2191=ORIENTED_EDGE('',*,*,#1649,.F.);
#2192=ORIENTED_EDGE('',*,*,#1644,.T.);
#2193=ORIENTED_EDGE('',*,*,#1601,.F.);
#2194=ORIENTED_EDGE('',*,*,#1623,.F.);
#2195=ORIENTED_EDGE('',*,*,#1650,.F.);
#2196=ORIENTED_EDGE('',*,*,#1646,.T.);
#2197=ORIENTED_EDGE('',*,*,#1651,.T.);
#2198=ORIENTED_EDGE('',*,*,#1652,.F.);
#2199=ORIENTED_EDGE('',*,*,#1653,.F.);
#2200=ORIENTED_EDGE('',*,*,#1654,.F.);
#2201=ORIENTED_EDGE('',*,*,#1655,.T.);
#2202=ORIENTED_EDGE('',*,*,#1656,.F.);
#2203=ORIENTED_EDGE('',*,*,#1657,.T.);
#2204=ORIENTED_EDGE('',*,*,#1658,.F.);
#2205=ORIENTED_EDGE('',*,*,#1654,.T.);
#2206=ORIENTED_EDGE('',*,*,#1659,.T.);
#2207=ORIENTED_EDGE('',*,*,#1660,.F.);
#2208=ORIENTED_EDGE('',*,*,#1652,.T.);
#2209=ORIENTED_EDGE('',*,*,#1661,.T.);
#2210=ORIENTED_EDGE('',*,*,#1658,.T.);
#2211=ORIENTED_EDGE('',*,*,#1662,.F.);
#2212=ORIENTED_EDGE('',*,*,#1663,.F.);
#2213=ORIENTED_EDGE('',*,*,#1664,.F.);
#2214=ORIENTED_EDGE('',*,*,#1665,.F.);
#2215=ORIENTED_EDGE('',*,*,#1666,.F.);
#2216=ORIENTED_EDGE('',*,*,#1667,.F.);
#2217=ORIENTED_EDGE('',*,*,#1668,.F.);
#2218=ORIENTED_EDGE('',*,*,#1669,.F.);
#2219=ORIENTED_EDGE('',*,*,#1670,.F.);
#2220=ORIENTED_EDGE('',*,*,#1671,.T.);
#2221=ORIENTED_EDGE('',*,*,#1672,.T.);
#2222=ORIENTED_EDGE('',*,*,#1673,.T.);
#2223=ORIENTED_EDGE('',*,*,#1674,.F.);
#2224=ORIENTED_EDGE('',*,*,#1675,.F.);
#2225=ORIENTED_EDGE('',*,*,#1676,.F.);
#2226=ORIENTED_EDGE('',*,*,#1677,.F.);
#2227=ORIENTED_EDGE('',*,*,#1678,.F.);
#2228=ORIENTED_EDGE('',*,*,#1679,.F.);
#2229=ORIENTED_EDGE('',*,*,#1680,.F.);
#2230=ORIENTED_EDGE('',*,*,#1681,.F.);
#2231=ORIENTED_EDGE('',*,*,#1682,.F.);
#2232=ORIENTED_EDGE('',*,*,#1683,.F.);
#2233=ORIENTED_EDGE('',*,*,#1684,.F.);
#2234=ORIENTED_EDGE('',*,*,#1685,.F.);
#2235=ORIENTED_EDGE('',*,*,#1686,.F.);
#2236=ORIENTED_EDGE('',*,*,#1687,.F.);
#2237=ORIENTED_EDGE('',*,*,#1688,.F.);
#2238=ORIENTED_EDGE('',*,*,#1689,.F.);
#2239=ORIENTED_EDGE('',*,*,#1690,.F.);
#2240=ORIENTED_EDGE('',*,*,#1595,.F.);
#2241=ORIENTED_EDGE('',*,*,#1604,.F.);
#2242=ORIENTED_EDGE('',*,*,#1691,.F.);
#2243=ORIENTED_EDGE('',*,*,#1692,.F.);
#2244=ORIENTED_EDGE('',*,*,#1693,.F.);
#2245=ORIENTED_EDGE('',*,*,#1694,.F.);
#2246=ORIENTED_EDGE('',*,*,#1695,.F.);
#2247=ORIENTED_EDGE('',*,*,#1696,.F.);
#2248=ORIENTED_EDGE('',*,*,#1697,.T.);
#2249=ORIENTED_EDGE('',*,*,#1671,.F.);
#2250=ORIENTED_EDGE('',*,*,#1698,.F.);
#2251=ORIENTED_EDGE('',*,*,#1699,.F.);
#2252=ORIENTED_EDGE('',*,*,#1700,.T.);
#2253=ORIENTED_EDGE('',*,*,#1701,.F.);
#2254=ORIENTED_EDGE('',*,*,#1702,.T.);
#2255=ORIENTED_EDGE('',*,*,#1673,.F.);
#2256=ORIENTED_EDGE('',*,*,#1699,.T.);
#2257=ORIENTED_EDGE('',*,*,#1703,.T.);
#2258=ORIENTED_EDGE('',*,*,#1704,.T.);
#2259=ORIENTED_EDGE('',*,*,#1701,.T.);
#2260=ORIENTED_EDGE('',*,*,#1705,.T.);
#2261=ORIENTED_EDGE('',*,*,#1706,.T.);
#2262=ORIENTED_EDGE('',*,*,#1689,.T.);
#2263=ORIENTED_EDGE('',*,*,#1707,.T.);
#2264=ORIENTED_EDGE('',*,*,#1513,.T.);
#2265=ORIENTED_EDGE('',*,*,#1708,.F.);
#2266=ORIENTED_EDGE('',*,*,#1688,.T.);
#2267=ORIENTED_EDGE('',*,*,#1709,.T.);
#2268=ORIENTED_EDGE('',*,*,#1514,.T.);
#2269=ORIENTED_EDGE('',*,*,#1707,.F.);
#2270=ORIENTED_EDGE('',*,*,#1687,.T.);
#2271=ORIENTED_EDGE('',*,*,#1710,.T.);
#2272=ORIENTED_EDGE('',*,*,#1515,.T.);
#2273=ORIENTED_EDGE('',*,*,#1709,.F.);
#2274=ORIENTED_EDGE('',*,*,#1686,.T.);
#2275=ORIENTED_EDGE('',*,*,#1711,.F.);
#2276=ORIENTED_EDGE('',*,*,#1516,.T.);
#2277=ORIENTED_EDGE('',*,*,#1710,.F.);
#2278=ORIENTED_EDGE('',*,*,#1685,.T.);
#2279=ORIENTED_EDGE('',*,*,#1712,.T.);
#2280=ORIENTED_EDGE('',*,*,#1517,.T.);
#2281=ORIENTED_EDGE('',*,*,#1711,.T.);
#2282=ORIENTED_EDGE('',*,*,#1684,.T.);
#2283=ORIENTED_EDGE('',*,*,#1713,.T.);
#2284=ORIENTED_EDGE('',*,*,#1518,.T.);
#2285=ORIENTED_EDGE('',*,*,#1712,.F.);
#2286=ORIENTED_EDGE('',*,*,#1683,.T.);
#2287=ORIENTED_EDGE('',*,*,#1714,.T.);
#2288=ORIENTED_EDGE('',*,*,#1519,.T.);
#2289=ORIENTED_EDGE('',*,*,#1713,.F.);
#2290=ORIENTED_EDGE('',*,*,#1682,.T.);
#2291=ORIENTED_EDGE('',*,*,#1715,.T.);
#2292=ORIENTED_EDGE('',*,*,#1520,.T.);
#2293=ORIENTED_EDGE('',*,*,#1714,.F.);
#2294=ORIENTED_EDGE('',*,*,#1681,.T.);
#2295=ORIENTED_EDGE('',*,*,#1716,.T.);
#2296=ORIENTED_EDGE('',*,*,#1521,.T.);
#2297=ORIENTED_EDGE('',*,*,#1715,.F.);
#2298=ORIENTED_EDGE('',*,*,#1665,.T.);
#2299=ORIENTED_EDGE('',*,*,#1717,.T.);
#2300=ORIENTED_EDGE('',*,*,#1718,.T.);
#2301=ORIENTED_EDGE('',*,*,#1719,.T.);
#2302=ORIENTED_EDGE('',*,*,#1664,.T.);
#2303=ORIENTED_EDGE('',*,*,#1720,.F.);
#2304=ORIENTED_EDGE('',*,*,#1573,.T.);
#2305=ORIENTED_EDGE('',*,*,#1721,.T.);
#2306=ORIENTED_EDGE('',*,*,#1722,.F.);
#2307=ORIENTED_EDGE('',*,*,#1717,.F.);
#2308=ORIENTED_EDGE('',*,*,#1662,.T.);
#2309=ORIENTED_EDGE('',*,*,#1657,.F.);
#2310=ORIENTED_EDGE('',*,*,#1723,.F.);
#2311=ORIENTED_EDGE('',*,*,#1724,.T.);
#2312=ORIENTED_EDGE('',*,*,#1680,.T.);
#2313=ORIENTED_EDGE('',*,*,#1725,.T.);
#2314=ORIENTED_EDGE('',*,*,#1659,.F.);
#2315=ORIENTED_EDGE('',*,*,#1653,.T.);
#2316=ORIENTED_EDGE('',*,*,#1663,.T.);
#2317=ORIENTED_EDGE('',*,*,#1724,.F.);
#2318=ORIENTED_EDGE('',*,*,#1726,.T.);
#2319=ORIENTED_EDGE('',*,*,#1655,.F.);
#2320=ORIENTED_EDGE('',*,*,#1661,.F.);
#2321=ORIENTED_EDGE('',*,*,#1651,.F.);
#2322=ORIENTED_EDGE('',*,*,#1660,.T.);
#2323=ORIENTED_EDGE('',*,*,#1725,.F.);
#2324=ORIENTED_EDGE('',*,*,#1679,.T.);
#2325=ORIENTED_EDGE('',*,*,#1727,.F.);
#2326=ORIENTED_EDGE('',*,*,#1574,.F.);
#2327=ORIENTED_EDGE('',*,*,#1720,.T.);
#2328=ORIENTED_EDGE('',*,*,#1678,.T.);
#2329=ORIENTED_EDGE('',*,*,#1728,.T.);
#2330=ORIENTED_EDGE('',*,*,#1575,.T.);
#2331=ORIENTED_EDGE('',*,*,#1727,.T.);
#2332=ORIENTED_EDGE('',*,*,#1677,.T.);
#2333=ORIENTED_EDGE('',*,*,#1729,.F.);
#2334=ORIENTED_EDGE('',*,*,#1730,.T.);
#2335=ORIENTED_EDGE('',*,*,#1585,.F.);
#2336=ORIENTED_EDGE('',*,*,#1731,.F.);
#2337=ORIENTED_EDGE('',*,*,#1642,.F.);
#2338=ORIENTED_EDGE('',*,*,#1576,.T.);
#2339=ORIENTED_EDGE('',*,*,#1728,.F.);
#2340=ORIENTED_EDGE('',*,*,#1696,.T.);
#2341=ORIENTED_EDGE('',*,*,#1732,.T.);
#2342=ORIENTED_EDGE('',*,*,#1522,.T.);
#2343=ORIENTED_EDGE('',*,*,#1716,.F.);
#2344=ORIENTED_EDGE('',*,*,#1695,.T.);
#2345=ORIENTED_EDGE('',*,*,#1733,.T.);
#2346=ORIENTED_EDGE('',*,*,#1523,.T.);
#2347=ORIENTED_EDGE('',*,*,#1732,.F.);
#2348=ORIENTED_EDGE('',*,*,#1694,.T.);
#2349=ORIENTED_EDGE('',*,*,#1734,.T.);
#2350=ORIENTED_EDGE('',*,*,#1524,.T.);
#2351=ORIENTED_EDGE('',*,*,#1733,.F.);
#2352=ORIENTED_EDGE('',*,*,#1693,.T.);
#2353=ORIENTED_EDGE('',*,*,#1735,.T.);
#2354=ORIENTED_EDGE('',*,*,#1525,.T.);
#2355=ORIENTED_EDGE('',*,*,#1734,.F.);
#2356=ORIENTED_EDGE('',*,*,#1692,.T.);
#2357=ORIENTED_EDGE('',*,*,#1736,.F.);
#2358=ORIENTED_EDGE('',*,*,#1526,.T.);
#2359=ORIENTED_EDGE('',*,*,#1735,.F.);
#2360=ORIENTED_EDGE('',*,*,#1690,.T.);
#2361=ORIENTED_EDGE('',*,*,#1708,.T.);
#2362=ORIENTED_EDGE('',*,*,#1512,.T.);
#2363=ORIENTED_EDGE('',*,*,#1615,.T.);
#2364=ORIENTED_EDGE('',*,*,#1737,.F.);
#2365=ORIENTED_EDGE('',*,*,#1610,.F.);
#2366=ORIENTED_EDGE('',*,*,#1641,.T.);
#2367=ORIENTED_EDGE('',*,*,#1596,.F.);
#2368=ORIENTED_EDGE('',*,*,#1589,.T.);
#2369=ORIENTED_EDGE('',*,*,#1691,.T.);
#2370=ORIENTED_EDGE('',*,*,#1603,.T.);
#2371=ORIENTED_EDGE('',*,*,#1527,.T.);
#2372=ORIENTED_EDGE('',*,*,#1736,.T.);
#2373=ORIENTED_EDGE('',*,*,#1630,.T.);
#2374=ORIENTED_EDGE('',*,*,#1643,.F.);
#2375=ORIENTED_EDGE('',*,*,#1731,.T.);
#2376=ORIENTED_EDGE('',*,*,#1584,.T.);
#2377=ORIENTED_EDGE('',*,*,#1676,.T.);
#2378=ORIENTED_EDGE('',*,*,#1738,.T.);
#2379=ORIENTED_EDGE('',*,*,#1739,.T.);
#2380=ORIENTED_EDGE('',*,*,#1729,.T.);
#2381=ORIENTED_EDGE('',*,*,#1483,.F.);
#2382=ORIENTED_EDGE('',*,*,#1494,.T.);
#2383=ORIENTED_EDGE('',*,*,#1586,.F.);
#2384=ORIENTED_EDGE('',*,*,#1730,.F.);
#2385=ORIENTED_EDGE('',*,*,#1739,.F.);
#2386=ORIENTED_EDGE('',*,*,#1740,.T.);
#2387=ORIENTED_EDGE('',*,*,#1741,.F.);
#2388=ORIENTED_EDGE('',*,*,#1742,.T.);
#2389=ORIENTED_EDGE('',*,*,#1743,.F.);
#2390=ORIENTED_EDGE('',*,*,#1744,.T.);
#2391=ORIENTED_EDGE('',*,*,#1745,.F.);
#2392=ORIENTED_EDGE('',*,*,#1746,.T.);
#2393=ORIENTED_EDGE('',*,*,#1747,.F.);
#2394=ORIENTED_EDGE('',*,*,#1748,.T.);
#2395=ORIENTED_EDGE('',*,*,#1749,.F.);
#2396=ORIENTED_EDGE('',*,*,#1750,.T.);
#2397=ORIENTED_EDGE('',*,*,#1751,.T.);
#2398=ORIENTED_EDGE('',*,*,#1554,.T.);
#2399=ORIENTED_EDGE('',*,*,#1545,.F.);
#2400=ORIENTED_EDGE('',*,*,#1606,.F.);
#2401=ORIENTED_EDGE('',*,*,#1608,.F.);
#2402=ORIENTED_EDGE('',*,*,#1611,.F.);
#2403=ORIENTED_EDGE('',*,*,#1737,.T.);
#2404=ORIENTED_EDGE('',*,*,#1614,.T.);
#2405=ORIENTED_EDGE('',*,*,#1612,.T.);
#2406=ORIENTED_EDGE('',*,*,#1561,.F.);
#2407=ORIENTED_EDGE('',*,*,#1752,.F.);
#2408=ORIENTED_EDGE('',*,*,#1721,.F.);
#2409=ORIENTED_EDGE('',*,*,#1572,.F.);
#2410=ORIENTED_EDGE('',*,*,#1753,.F.);
#2411=ORIENTED_EDGE('',*,*,#1667,.T.);
#2412=ORIENTED_EDGE('',*,*,#1754,.T.);
#2413=ORIENTED_EDGE('',*,*,#1755,.F.);
#2414=ORIENTED_EDGE('',*,*,#1756,.F.);
#2415=ORIENTED_EDGE('',*,*,#1757,.F.);
#2416=ORIENTED_EDGE('',*,*,#1758,.F.);
#2417=ORIENTED_EDGE('',*,*,#1759,.F.);
#2418=ORIENTED_EDGE('',*,*,#1760,.F.);
#2419=ORIENTED_EDGE('',*,*,#1742,.F.);
#2420=ORIENTED_EDGE('',*,*,#1761,.F.);
#2421=ORIENTED_EDGE('',*,*,#1666,.T.);
#2422=ORIENTED_EDGE('',*,*,#1719,.F.);
#2423=ORIENTED_EDGE('',*,*,#1762,.F.);
#2424=ORIENTED_EDGE('',*,*,#1754,.F.);
#2425=ORIENTED_EDGE('',*,*,#1762,.T.);
#2426=ORIENTED_EDGE('',*,*,#1718,.F.);
#2427=ORIENTED_EDGE('',*,*,#1722,.T.);
#2428=ORIENTED_EDGE('',*,*,#1752,.T.);
#2429=ORIENTED_EDGE('',*,*,#1763,.F.);
#2430=ORIENTED_EDGE('',*,*,#1764,.F.);
#2431=ORIENTED_EDGE('',*,*,#1765,.F.);
#2432=ORIENTED_EDGE('',*,*,#1766,.F.);
#2433=ORIENTED_EDGE('',*,*,#1767,.F.);
#2434=ORIENTED_EDGE('',*,*,#1768,.F.);
#2435=ORIENTED_EDGE('',*,*,#1769,.F.);
#2436=ORIENTED_EDGE('',*,*,#1770,.F.);
#2437=ORIENTED_EDGE('',*,*,#1771,.F.);
#2438=ORIENTED_EDGE('',*,*,#1772,.F.);
#2439=ORIENTED_EDGE('',*,*,#1773,.F.);
#2440=ORIENTED_EDGE('',*,*,#1774,.F.);
#2441=ORIENTED_EDGE('',*,*,#1775,.F.);
#2442=ORIENTED_EDGE('',*,*,#1776,.F.);
#2443=ORIENTED_EDGE('',*,*,#1777,.F.);
#2444=ORIENTED_EDGE('',*,*,#1778,.F.);
#2445=ORIENTED_EDGE('',*,*,#1779,.F.);
#2446=ORIENTED_EDGE('',*,*,#1780,.F.);
#2447=ORIENTED_EDGE('',*,*,#1781,.T.);
#2448=ORIENTED_EDGE('',*,*,#1782,.T.);
#2449=ORIENTED_EDGE('',*,*,#1783,.T.);
#2450=ORIENTED_EDGE('',*,*,#1784,.T.);
#2451=ORIENTED_EDGE('',*,*,#1785,.T.);
#2452=ORIENTED_EDGE('',*,*,#1786,.T.);
#2453=ORIENTED_EDGE('',*,*,#1787,.T.);
#2454=ORIENTED_EDGE('',*,*,#1788,.T.);
#2455=ORIENTED_EDGE('',*,*,#1789,.T.);
#2456=ORIENTED_EDGE('',*,*,#1790,.T.);
#2457=ORIENTED_EDGE('',*,*,#1791,.T.);
#2458=ORIENTED_EDGE('',*,*,#1792,.T.);
#2459=ORIENTED_EDGE('',*,*,#1793,.F.);
#2460=ORIENTED_EDGE('',*,*,#1794,.T.);
#2461=ORIENTED_EDGE('',*,*,#1795,.F.);
#2462=ORIENTED_EDGE('',*,*,#1796,.T.);
#2463=ORIENTED_EDGE('',*,*,#1797,.F.);
#2464=ORIENTED_EDGE('',*,*,#1798,.T.);
#2465=ORIENTED_EDGE('',*,*,#1799,.F.);
#2466=ORIENTED_EDGE('',*,*,#1757,.T.);
#2467=ORIENTED_EDGE('',*,*,#1755,.T.);
#2468=ORIENTED_EDGE('',*,*,#1800,.F.);
#2469=ORIENTED_EDGE('',*,*,#1801,.F.);
#2470=ORIENTED_EDGE('',*,*,#1802,.F.);
#2471=ORIENTED_EDGE('',*,*,#1803,.T.);
#2472=ORIENTED_EDGE('',*,*,#1804,.T.);
#2473=ORIENTED_EDGE('',*,*,#1805,.T.);
#2474=ORIENTED_EDGE('',*,*,#1806,.T.);
#2475=ORIENTED_EDGE('',*,*,#1670,.T.);
#2476=ORIENTED_EDGE('',*,*,#1807,.T.);
#2477=ORIENTED_EDGE('',*,*,#1703,.F.);
#2478=ORIENTED_EDGE('',*,*,#1698,.T.);
#2479=ORIENTED_EDGE('',*,*,#1674,.T.);
#2480=ORIENTED_EDGE('',*,*,#1702,.F.);
#2481=ORIENTED_EDGE('',*,*,#1706,.F.);
#2482=ORIENTED_EDGE('',*,*,#1808,.T.);
#2483=ORIENTED_EDGE('',*,*,#1656,.T.);
#2484=ORIENTED_EDGE('',*,*,#1726,.F.);
#2485=ORIENTED_EDGE('',*,*,#1723,.T.);
#2486=ORIENTED_EDGE('',*,*,#1809,.F.);
#2487=ORIENTED_EDGE('',*,*,#1810,.T.);
#2488=ORIENTED_EDGE('',*,*,#1745,.T.);
#2489=ORIENTED_EDGE('',*,*,#1811,.T.);
#2490=ORIENTED_EDGE('',*,*,#1810,.F.);
#2491=ORIENTED_EDGE('',*,*,#1812,.F.);
#2492=ORIENTED_EDGE('',*,*,#1813,.F.);
#2493=ORIENTED_EDGE('',*,*,#1746,.F.);
#2494=ORIENTED_EDGE('',*,*,#1814,.T.);
#2495=ORIENTED_EDGE('',*,*,#1815,.T.);
#2496=ORIENTED_EDGE('',*,*,#1793,.T.);
#2497=ORIENTED_EDGE('',*,*,#1816,.T.);
#2498=ORIENTED_EDGE('',*,*,#1815,.F.);
#2499=ORIENTED_EDGE('',*,*,#1817,.F.);
#2500=ORIENTED_EDGE('',*,*,#1818,.F.);
#2501=ORIENTED_EDGE('',*,*,#1794,.F.);
#2502=ORIENTED_EDGE('',*,*,#1795,.T.);
#2503=ORIENTED_EDGE('',*,*,#1818,.T.);
#2504=ORIENTED_EDGE('',*,*,#1819,.T.);
#2505=ORIENTED_EDGE('',*,*,#1820,.T.);
#2506=ORIENTED_EDGE('',*,*,#1797,.T.);
#2507=ORIENTED_EDGE('',*,*,#1821,.T.);
#2508=ORIENTED_EDGE('',*,*,#1822,.T.);
#2509=ORIENTED_EDGE('',*,*,#1823,.T.);
#2510=ORIENTED_EDGE('',*,*,#1820,.F.);
#2511=ORIENTED_EDGE('',*,*,#1824,.F.);
#2512=ORIENTED_EDGE('',*,*,#1821,.F.);
#2513=ORIENTED_EDGE('',*,*,#1796,.F.);
#2514=ORIENTED_EDGE('',*,*,#1825,.F.);
#2515=ORIENTED_EDGE('',*,*,#1826,.T.);
#2516=ORIENTED_EDGE('',*,*,#1569,.T.);
#2517=ORIENTED_EDGE('',*,*,#1827,.T.);
#2518=ORIENTED_EDGE('',*,*,#1826,.F.);
#2519=ORIENTED_EDGE('',*,*,#1828,.T.);
#2520=ORIENTED_EDGE('',*,*,#1829,.F.);
#2521=ORIENTED_EDGE('',*,*,#1570,.T.);
#2522=ORIENTED_EDGE('',*,*,#1765,.T.);
#2523=ORIENTED_EDGE('',*,*,#1830,.T.);
#2524=ORIENTED_EDGE('',*,*,#1831,.T.);
#2525=ORIENTED_EDGE('',*,*,#1832,.T.);
#2526=ORIENTED_EDGE('',*,*,#1830,.F.);
#2527=ORIENTED_EDGE('',*,*,#1764,.T.);
#2528=ORIENTED_EDGE('',*,*,#1833,.F.);
#2529=ORIENTED_EDGE('',*,*,#1834,.T.);
#2530=ORIENTED_EDGE('',*,*,#1767,.T.);
#2531=ORIENTED_EDGE('',*,*,#1835,.T.);
#2532=ORIENTED_EDGE('',*,*,#1836,.T.);
#2533=ORIENTED_EDGE('',*,*,#1837,.T.);
#2534=ORIENTED_EDGE('',*,*,#1832,.F.);
#2535=ORIENTED_EDGE('',*,*,#1838,.T.);
#2536=ORIENTED_EDGE('',*,*,#1835,.F.);
#2537=ORIENTED_EDGE('',*,*,#1766,.T.);
#2538=ORIENTED_EDGE('',*,*,#1839,.T.);
#2539=ORIENTED_EDGE('',*,*,#1758,.T.);
#2540=ORIENTED_EDGE('',*,*,#1799,.T.);
#2541=ORIENTED_EDGE('',*,*,#1840,.T.);
#2542=ORIENTED_EDGE('',*,*,#1668,.T.);
#2543=ORIENTED_EDGE('',*,*,#1756,.T.);
#2544=ORIENTED_EDGE('',*,*,#1761,.T.);
#2545=ORIENTED_EDGE('',*,*,#1741,.T.);
#2546=ORIENTED_EDGE('',*,*,#1841,.T.);
#2547=ORIENTED_EDGE('',*,*,#1743,.T.);
#2548=ORIENTED_EDGE('',*,*,#1760,.T.);
#2549=ORIENTED_EDGE('',*,*,#1842,.T.);
#2550=ORIENTED_EDGE('',*,*,#1843,.T.);
#2551=ORIENTED_EDGE('',*,*,#1844,.T.);
#2552=ORIENTED_EDGE('',*,*,#1833,.T.);
#2553=ORIENTED_EDGE('',*,*,#1763,.T.);
#2554=ORIENTED_EDGE('',*,*,#1753,.T.);
#2555=ORIENTED_EDGE('',*,*,#1571,.T.);
#2556=ORIENTED_EDGE('',*,*,#1829,.T.);
#2557=ORIENTED_EDGE('',*,*,#1809,.T.);
#2558=ORIENTED_EDGE('',*,*,#1845,.T.);
#2559=ORIENTED_EDGE('',*,*,#1842,.F.);
#2560=ORIENTED_EDGE('',*,*,#1759,.T.);
#2561=ORIENTED_EDGE('',*,*,#1839,.F.);
#2562=ORIENTED_EDGE('',*,*,#1846,.T.);
#2563=ORIENTED_EDGE('',*,*,#1822,.F.);
#2564=ORIENTED_EDGE('',*,*,#1824,.T.);
#2565=ORIENTED_EDGE('',*,*,#1819,.F.);
#2566=ORIENTED_EDGE('',*,*,#1817,.T.);
#2567=ORIENTED_EDGE('',*,*,#1814,.F.);
#2568=ORIENTED_EDGE('',*,*,#1847,.T.);
#2569=ORIENTED_EDGE('',*,*,#1848,.T.);
#2570=ORIENTED_EDGE('',*,*,#1849,.T.);
#2571=ORIENTED_EDGE('',*,*,#1850,.T.);
#2572=ORIENTED_EDGE('',*,*,#1851,.T.);
#2573=ORIENTED_EDGE('',*,*,#1852,.T.);
#2574=ORIENTED_EDGE('',*,*,#1853,.T.);
#2575=ORIENTED_EDGE('',*,*,#1854,.T.);
#2576=ORIENTED_EDGE('',*,*,#1855,.T.);
#2577=ORIENTED_EDGE('',*,*,#1856,.T.);
#2578=ORIENTED_EDGE('',*,*,#1857,.T.);
#2579=ORIENTED_EDGE('',*,*,#1858,.T.);
#2580=ORIENTED_EDGE('',*,*,#1859,.F.);
#2581=ORIENTED_EDGE('',*,*,#1860,.F.);
#2582=ORIENTED_EDGE('',*,*,#1861,.F.);
#2583=ORIENTED_EDGE('',*,*,#1862,.F.);
#2584=ORIENTED_EDGE('',*,*,#1863,.F.);
#2585=ORIENTED_EDGE('',*,*,#1864,.F.);
#2586=ORIENTED_EDGE('',*,*,#1865,.F.);
#2587=ORIENTED_EDGE('',*,*,#1866,.F.);
#2588=ORIENTED_EDGE('',*,*,#1867,.F.);
#2589=ORIENTED_EDGE('',*,*,#1868,.F.);
#2590=ORIENTED_EDGE('',*,*,#1869,.F.);
#2591=ORIENTED_EDGE('',*,*,#1870,.F.);
#2592=ORIENTED_EDGE('',*,*,#1871,.F.);
#2593=ORIENTED_EDGE('',*,*,#1836,.F.);
#2594=ORIENTED_EDGE('',*,*,#1838,.F.);
#2595=ORIENTED_EDGE('',*,*,#1831,.F.);
#2596=ORIENTED_EDGE('',*,*,#1834,.F.);
#2597=ORIENTED_EDGE('',*,*,#1844,.F.);
#2598=ORIENTED_EDGE('',*,*,#1828,.F.);
#2599=ORIENTED_EDGE('',*,*,#1825,.T.);
#2600=ORIENTED_EDGE('',*,*,#1872,.F.);
#2601=ORIENTED_EDGE('',*,*,#1873,.F.);
#2602=ORIENTED_EDGE('',*,*,#1874,.F.);
#2603=ORIENTED_EDGE('',*,*,#1875,.F.);
#2604=ORIENTED_EDGE('',*,*,#1876,.F.);
#2605=ORIENTED_EDGE('',*,*,#1877,.F.);
#2606=ORIENTED_EDGE('',*,*,#1878,.F.);
#2607=ORIENTED_EDGE('',*,*,#1879,.T.);
#2608=ORIENTED_EDGE('',*,*,#1880,.F.);
#2609=ORIENTED_EDGE('',*,*,#1881,.T.);
#2610=ORIENTED_EDGE('',*,*,#1882,.F.);
#2611=ORIENTED_EDGE('',*,*,#1812,.T.);
#2612=ORIENTED_EDGE('',*,*,#1883,.T.);
#2613=ORIENTED_EDGE('',*,*,#1884,.T.);
#2614=ORIENTED_EDGE('',*,*,#1885,.F.);
#2615=ORIENTED_EDGE('',*,*,#1886,.F.);
#2616=ORIENTED_EDGE('',*,*,#1887,.T.);
#2617=ORIENTED_EDGE('',*,*,#1888,.T.);
#2618=ORIENTED_EDGE('',*,*,#1806,.F.);
#2619=ORIENTED_EDGE('',*,*,#1889,.T.);
#2620=ORIENTED_EDGE('',*,*,#1888,.F.);
#2621=ORIENTED_EDGE('',*,*,#1889,.F.);
#2622=ORIENTED_EDGE('',*,*,#1805,.F.);
#2623=ORIENTED_EDGE('',*,*,#1890,.T.);
#2624=ORIENTED_EDGE('',*,*,#1887,.F.);
#2625=ORIENTED_EDGE('',*,*,#1890,.F.);
#2626=ORIENTED_EDGE('',*,*,#1669,.T.);
#2627=ORIENTED_EDGE('',*,*,#1841,.F.);
#2628=ORIENTED_EDGE('',*,*,#1740,.F.);
#2629=ORIENTED_EDGE('',*,*,#1738,.F.);
#2630=ORIENTED_EDGE('',*,*,#1675,.T.);
#2631=ORIENTED_EDGE('',*,*,#1808,.F.);
#2632=ORIENTED_EDGE('',*,*,#1705,.F.);
#2633=ORIENTED_EDGE('',*,*,#1700,.F.);
#2634=ORIENTED_EDGE('',*,*,#1672,.F.);
#2635=ORIENTED_EDGE('',*,*,#1697,.F.);
#2636=ORIENTED_EDGE('',*,*,#1704,.F.);
#2637=ORIENTED_EDGE('',*,*,#1807,.F.);
#2638=ORIENTED_EDGE('',*,*,#1587,.T.);
#2639=ORIENTED_EDGE('',*,*,#1590,.T.);
#2640=ORIENTED_EDGE('',*,*,#1647,.T.);
#2641=ORIENTED_EDGE('',*,*,#1650,.T.);
#2642=ORIENTED_EDGE('',*,*,#1622,.T.);
#2643=ORIENTED_EDGE('',*,*,#1635,.T.);
#2644=ORIENTED_EDGE('',*,*,#1637,.T.);
#2645=ORIENTED_EDGE('',*,*,#1640,.T.);
#2646=ORIENTED_EDGE('',*,*,#1645,.T.);
#2647=ORIENTED_EDGE('',*,*,#1649,.T.);
#2648=ORIENTED_EDGE('',*,*,#1567,.T.);
#2649=ORIENTED_EDGE('',*,*,#1891,.T.);
#2650=ORIENTED_EDGE('',*,*,#1873,.T.);
#2651=ORIENTED_EDGE('',*,*,#1892,.T.);
#2652=ORIENTED_EDGE('',*,*,#1891,.F.);
#2653=ORIENTED_EDGE('',*,*,#1566,.T.);
#2654=ORIENTED_EDGE('',*,*,#1893,.F.);
#2655=ORIENTED_EDGE('',*,*,#1874,.T.);
#2656=ORIENTED_EDGE('',*,*,#1565,.T.);
#2657=ORIENTED_EDGE('',*,*,#1894,.T.);
#2658=ORIENTED_EDGE('',*,*,#1875,.T.);
#2659=ORIENTED_EDGE('',*,*,#1893,.T.);
#2660=ORIENTED_EDGE('',*,*,#1894,.F.);
#2661=ORIENTED_EDGE('',*,*,#1564,.T.);
#2662=ORIENTED_EDGE('',*,*,#1895,.F.);
#2663=ORIENTED_EDGE('',*,*,#1876,.T.);
#2664=ORIENTED_EDGE('',*,*,#1620,.T.);
#2665=ORIENTED_EDGE('',*,*,#1624,.T.);
#2666=ORIENTED_EDGE('',*,*,#1618,.T.);
#2667=ORIENTED_EDGE('',*,*,#1580,.F.);
#2668=ORIENTED_EDGE('',*,*,#1582,.F.);
#2669=ORIENTED_EDGE('',*,*,#1896,.T.);
#2670=ORIENTED_EDGE('',*,*,#1631,.T.);
#2671=ORIENTED_EDGE('',*,*,#1896,.F.);
#2672=ORIENTED_EDGE('',*,*,#1555,.T.);
#2673=ORIENTED_EDGE('',*,*,#1751,.F.);
#2674=ORIENTED_EDGE('',*,*,#1897,.F.);
#2675=ORIENTED_EDGE('',*,*,#1878,.T.);
#2676=ORIENTED_EDGE('',*,*,#1898,.T.);
#2677=ORIENTED_EDGE('',*,*,#1899,.F.);
#2678=ORIENTED_EDGE('',*,*,#1898,.F.);
#2679=ORIENTED_EDGE('',*,*,#1877,.T.);
#2680=ORIENTED_EDGE('',*,*,#1895,.T.);
#2681=ORIENTED_EDGE('',*,*,#1563,.F.);
#2682=ORIENTED_EDGE('',*,*,#1558,.T.);
#2683=ORIENTED_EDGE('',*,*,#1502,.T.);
#2684=ORIENTED_EDGE('',*,*,#1827,.F.);
#2685=ORIENTED_EDGE('',*,*,#1568,.T.);
#2686=ORIENTED_EDGE('',*,*,#1892,.F.);
#2687=ORIENTED_EDGE('',*,*,#1872,.T.);
#2688=ORIENTED_EDGE('',*,*,#1885,.T.);
#2689=ORIENTED_EDGE('',*,*,#1900,.T.);
#2690=ORIENTED_EDGE('',*,*,#1801,.T.);
#2691=ORIENTED_EDGE('',*,*,#1900,.F.);
#2692=ORIENTED_EDGE('',*,*,#1886,.T.);
#2693=ORIENTED_EDGE('',*,*,#1901,.T.);
#2694=ORIENTED_EDGE('',*,*,#1802,.T.);
#2695=ORIENTED_EDGE('',*,*,#1901,.F.);
#2696=ORIENTED_EDGE('',*,*,#1773,.T.);
#2697=ORIENTED_EDGE('',*,*,#1902,.T.);
#2698=ORIENTED_EDGE('',*,*,#1866,.T.);
#2699=ORIENTED_EDGE('',*,*,#1903,.F.);
#2700=ORIENTED_EDGE('',*,*,#1772,.T.);
#2701=ORIENTED_EDGE('',*,*,#1904,.T.);
#2702=ORIENTED_EDGE('',*,*,#1867,.T.);
#2703=ORIENTED_EDGE('',*,*,#1902,.F.);
#2704=ORIENTED_EDGE('',*,*,#1771,.T.);
#2705=ORIENTED_EDGE('',*,*,#1905,.T.);
#2706=ORIENTED_EDGE('',*,*,#1868,.T.);
#2707=ORIENTED_EDGE('',*,*,#1904,.F.);
#2708=ORIENTED_EDGE('',*,*,#1770,.T.);
#2709=ORIENTED_EDGE('',*,*,#1906,.T.);
#2710=ORIENTED_EDGE('',*,*,#1869,.T.);
#2711=ORIENTED_EDGE('',*,*,#1905,.F.);
#2712=ORIENTED_EDGE('',*,*,#1769,.T.);
#2713=ORIENTED_EDGE('',*,*,#1907,.T.);
#2714=ORIENTED_EDGE('',*,*,#1870,.T.);
#2715=ORIENTED_EDGE('',*,*,#1906,.F.);
#2716=ORIENTED_EDGE('',*,*,#1837,.F.);
#2717=ORIENTED_EDGE('',*,*,#1871,.T.);
#2718=ORIENTED_EDGE('',*,*,#1907,.F.);
#2719=ORIENTED_EDGE('',*,*,#1768,.T.);
#2720=ORIENTED_EDGE('',*,*,#1780,.T.);
#2721=ORIENTED_EDGE('',*,*,#1908,.T.);
#2722=ORIENTED_EDGE('',*,*,#1859,.T.);
#2723=ORIENTED_EDGE('',*,*,#1909,.F.);
#2724=ORIENTED_EDGE('',*,*,#1779,.T.);
#2725=ORIENTED_EDGE('',*,*,#1910,.T.);
#2726=ORIENTED_EDGE('',*,*,#1860,.T.);
#2727=ORIENTED_EDGE('',*,*,#1908,.F.);
#2728=ORIENTED_EDGE('',*,*,#1778,.T.);
#2729=ORIENTED_EDGE('',*,*,#1911,.T.);
#2730=ORIENTED_EDGE('',*,*,#1861,.T.);
#2731=ORIENTED_EDGE('',*,*,#1910,.F.);
#2732=ORIENTED_EDGE('',*,*,#1777,.T.);
#2733=ORIENTED_EDGE('',*,*,#1912,.T.);
#2734=ORIENTED_EDGE('',*,*,#1862,.T.);
#2735=ORIENTED_EDGE('',*,*,#1911,.F.);
#2736=ORIENTED_EDGE('',*,*,#1776,.T.);
#2737=ORIENTED_EDGE('',*,*,#1913,.T.);
#2738=ORIENTED_EDGE('',*,*,#1863,.T.);
#2739=ORIENTED_EDGE('',*,*,#1912,.F.);
#2740=ORIENTED_EDGE('',*,*,#1775,.T.);
#2741=ORIENTED_EDGE('',*,*,#1914,.T.);
#2742=ORIENTED_EDGE('',*,*,#1864,.T.);
#2743=ORIENTED_EDGE('',*,*,#1913,.F.);
#2744=ORIENTED_EDGE('',*,*,#1774,.T.);
#2745=ORIENTED_EDGE('',*,*,#1903,.T.);
#2746=ORIENTED_EDGE('',*,*,#1865,.T.);
#2747=ORIENTED_EDGE('',*,*,#1914,.F.);
#2748=ORIENTED_EDGE('',*,*,#1747,.T.);
#2749=ORIENTED_EDGE('',*,*,#1813,.T.);
#2750=ORIENTED_EDGE('',*,*,#1882,.T.);
#2751=ORIENTED_EDGE('',*,*,#1915,.T.);
#2752=ORIENTED_EDGE('',*,*,#1915,.F.);
#2753=ORIENTED_EDGE('',*,*,#1881,.F.);
#2754=ORIENTED_EDGE('',*,*,#1916,.F.);
#2755=ORIENTED_EDGE('',*,*,#1748,.F.);
#2756=ORIENTED_EDGE('',*,*,#1749,.T.);
#2757=ORIENTED_EDGE('',*,*,#1916,.T.);
#2758=ORIENTED_EDGE('',*,*,#1880,.T.);
#2759=ORIENTED_EDGE('',*,*,#1917,.T.);
#2760=ORIENTED_EDGE('',*,*,#1800,.T.);
#2761=ORIENTED_EDGE('',*,*,#1918,.T.);
#2762=ORIENTED_EDGE('',*,*,#1899,.T.);
#2763=ORIENTED_EDGE('',*,*,#1918,.F.);
#2764=ORIENTED_EDGE('',*,*,#1917,.F.);
#2765=ORIENTED_EDGE('',*,*,#1879,.F.);
#2766=ORIENTED_EDGE('',*,*,#1897,.T.);
#2767=ORIENTED_EDGE('',*,*,#1750,.F.);
#2768=ORIENTED_EDGE('',*,*,#1811,.F.);
#2769=ORIENTED_EDGE('',*,*,#1744,.F.);
#2770=ORIENTED_EDGE('',*,*,#1843,.F.);
#2771=ORIENTED_EDGE('',*,*,#1845,.F.);
#2772=ORIENTED_EDGE('',*,*,#1884,.F.);
#2773=ORIENTED_EDGE('',*,*,#1919,.T.);
#2774=ORIENTED_EDGE('',*,*,#1803,.F.);
#2775=ORIENTED_EDGE('',*,*,#1919,.F.);
#2776=ORIENTED_EDGE('',*,*,#1883,.F.);
#2777=ORIENTED_EDGE('',*,*,#1920,.T.);
#2778=ORIENTED_EDGE('',*,*,#1804,.F.);
#2779=ORIENTED_EDGE('',*,*,#1920,.F.);
#2780=ORIENTED_EDGE('',*,*,#1788,.F.);
#2781=ORIENTED_EDGE('',*,*,#1921,.T.);
#2782=ORIENTED_EDGE('',*,*,#1851,.F.);
#2783=ORIENTED_EDGE('',*,*,#1922,.F.);
#2784=ORIENTED_EDGE('',*,*,#1789,.F.);
#2785=ORIENTED_EDGE('',*,*,#1922,.T.);
#2786=ORIENTED_EDGE('',*,*,#1850,.F.);
#2787=ORIENTED_EDGE('',*,*,#1923,.F.);
#2788=ORIENTED_EDGE('',*,*,#1790,.F.);
#2789=ORIENTED_EDGE('',*,*,#1923,.T.);
#2790=ORIENTED_EDGE('',*,*,#1849,.F.);
#2791=ORIENTED_EDGE('',*,*,#1924,.F.);
#2792=ORIENTED_EDGE('',*,*,#1791,.F.);
#2793=ORIENTED_EDGE('',*,*,#1924,.T.);
#2794=ORIENTED_EDGE('',*,*,#1848,.F.);
#2795=ORIENTED_EDGE('',*,*,#1925,.F.);
#2796=ORIENTED_EDGE('',*,*,#1816,.F.);
#2797=ORIENTED_EDGE('',*,*,#1792,.F.);
#2798=ORIENTED_EDGE('',*,*,#1925,.T.);
#2799=ORIENTED_EDGE('',*,*,#1847,.F.);
#2800=ORIENTED_EDGE('',*,*,#1823,.F.);
#2801=ORIENTED_EDGE('',*,*,#1846,.F.);
#2802=ORIENTED_EDGE('',*,*,#1840,.F.);
#2803=ORIENTED_EDGE('',*,*,#1798,.F.);
#2804=ORIENTED_EDGE('',*,*,#1781,.F.);
#2805=ORIENTED_EDGE('',*,*,#1909,.T.);
#2806=ORIENTED_EDGE('',*,*,#1858,.F.);
#2807=ORIENTED_EDGE('',*,*,#1926,.F.);
#2808=ORIENTED_EDGE('',*,*,#1782,.F.);
#2809=ORIENTED_EDGE('',*,*,#1926,.T.);
#2810=ORIENTED_EDGE('',*,*,#1857,.F.);
#2811=ORIENTED_EDGE('',*,*,#1927,.F.);
#2812=ORIENTED_EDGE('',*,*,#1783,.F.);
#2813=ORIENTED_EDGE('',*,*,#1927,.T.);
#2814=ORIENTED_EDGE('',*,*,#1856,.F.);
#2815=ORIENTED_EDGE('',*,*,#1928,.F.);
#2816=ORIENTED_EDGE('',*,*,#1784,.F.);
#2817=ORIENTED_EDGE('',*,*,#1928,.T.);
#2818=ORIENTED_EDGE('',*,*,#1855,.F.);
#2819=ORIENTED_EDGE('',*,*,#1929,.F.);
#2820=ORIENTED_EDGE('',*,*,#1785,.F.);
#2821=ORIENTED_EDGE('',*,*,#1929,.T.);
#2822=ORIENTED_EDGE('',*,*,#1854,.F.);
#2823=ORIENTED_EDGE('',*,*,#1930,.F.);
#2824=ORIENTED_EDGE('',*,*,#1786,.F.);
#2825=ORIENTED_EDGE('',*,*,#1930,.T.);
#2826=ORIENTED_EDGE('',*,*,#1853,.F.);
#2827=ORIENTED_EDGE('',*,*,#1931,.F.);
#2828=ORIENTED_EDGE('',*,*,#1787,.F.);
#2829=ORIENTED_EDGE('',*,*,#1931,.T.);
#2830=ORIENTED_EDGE('',*,*,#1852,.F.);
#2831=ORIENTED_EDGE('',*,*,#1921,.F.);
#2832=CYLINDRICAL_SURFACE('',#3086,0.5);
#2833=CYLINDRICAL_SURFACE('',#3089,0.5);
#2834=CYLINDRICAL_SURFACE('',#3091,0.5);
#2835=CYLINDRICAL_SURFACE('',#3118,0.5);
#2836=CYLINDRICAL_SURFACE('',#3121,0.5);
#2837=CYLINDRICAL_SURFACE('',#3122,0.5);
#2838=CYLINDRICAL_SURFACE('',#3124,0.5);
#2839=CYLINDRICAL_SURFACE('',#3146,2.);
#2840=CYLINDRICAL_SURFACE('',#3149,1.);
#2841=CYLINDRICAL_SURFACE('',#3152,1.);
#2842=CYLINDRICAL_SURFACE('',#3156,2.15);
#2843=CYLINDRICAL_SURFACE('',#3161,0.499999999999998);
#2844=CYLINDRICAL_SURFACE('',#3164,0.499999999999998);
#2845=CYLINDRICAL_SURFACE('',#3167,0.750000000000001);
#2846=CYLINDRICAL_SURFACE('',#3168,0.749999999999999);
#2847=CYLINDRICAL_SURFACE('',#3181,2.);
#2848=CYLINDRICAL_SURFACE('',#3217,0.0510955615953784);
#2849=CYLINDRICAL_SURFACE('',#3219,0.0510955615953784);
#2850=CYLINDRICAL_SURFACE('',#3221,2.15);
#2851=CYLINDRICAL_SURFACE('',#3223,2.15);
#2852=CYLINDRICAL_SURFACE('',#3225,3.94890443840462);
#2853=CYLINDRICAL_SURFACE('',#3226,1.99999999999999);
#2854=CYLINDRICAL_SURFACE('',#3228,2.);
#2855=CYLINDRICAL_SURFACE('',#3230,5.44953693229632);
#2856=CYLINDRICAL_SURFACE('',#3232,5.44953693229632);
#2857=CYLINDRICAL_SURFACE('',#3234,2.);
#2858=CYLINDRICAL_SURFACE('',#3236,0.0510955615953712);
#2859=CYLINDRICAL_SURFACE('',#3238,0.0510955615953826);
#2860=CYLINDRICAL_SURFACE('',#3239,3.94890443840462);
#2861=CYLINDRICAL_SURFACE('',#3242,2.15);
#2862=CYLINDRICAL_SURFACE('',#3243,2.);
#2863=CYLINDRICAL_SURFACE('',#3244,2.);
#2864=CYLINDRICAL_SURFACE('',#3254,2.);
#2865=CYLINDRICAL_SURFACE('',#3291,5.44953693229632);
#2866=CYLINDRICAL_SURFACE('',#3292,5.44953693229632);
#2867=CYLINDRICAL_SURFACE('',#3294,2.);
#2868=CYLINDRICAL_SURFACE('',#3297,2.);
#2869=CYLINDRICAL_SURFACE('',#3300,2.);
#2870=CYLINDRICAL_SURFACE('',#3302,2.);
#2871=CYLINDRICAL_SURFACE('',#3305,2.);
#2872=CYLINDRICAL_SURFACE('',#3308,2.);
#2873=CYLINDRICAL_SURFACE('',#3311,2.);
#2874=CYLINDRICAL_SURFACE('',#3314,2.);
#2875=CYLINDRICAL_SURFACE('',#3316,2.);
#2876=CYLINDRICAL_SURFACE('',#3317,2.);
#2877=CYLINDRICAL_SURFACE('',#3319,2.);
#2878=CYLINDRICAL_SURFACE('',#3352,1.5);
#2879=CYLINDRICAL_SURFACE('',#3353,1.5);
#2880=CYLINDRICAL_SURFACE('',#3355,2.);
#2881=CYLINDRICAL_SURFACE('',#3357,2.);
#2882=CYLINDRICAL_SURFACE('',#3359,1.5);
#2883=CYLINDRICAL_SURFACE('',#3360,1.5);
#2884=CYLINDRICAL_SURFACE('',#3361,21.9977709400483);
#2885=CYLINDRICAL_SURFACE('',#3364,2.23013214102805);
#2886=CYLINDRICAL_SURFACE('',#3365,2.09231338989635);
#2887=CYLINDRICAL_SURFACE('',#3366,40.0031778910245);
#2888=CYLINDRICAL_SURFACE('',#3367,5.00078445776243);
#2889=CYLINDRICAL_SURFACE('',#3368,5.00516496681444);
#2890=CYLINDRICAL_SURFACE('',#3370,5.00516496681444);
#2891=CYLINDRICAL_SURFACE('',#3372,51.5728722707927);
#2892=CYLINDRICAL_SURFACE('',#3373,50.0025213821348);
#2893=CYLINDRICAL_SURFACE('',#3374,5.00535285222774);
#2894=CYLINDRICAL_SURFACE('',#3376,5.00949755979764);
#2895=CYLINDRICAL_SURFACE('',#3378,4.99440696365622);
#2896=CYLINDRICAL_SURFACE('',#3379,2.);
#2897=CYLINDRICAL_SURFACE('',#3381,2.);
#2898=CYLINDRICAL_SURFACE('',#3386,2.23013214102805);
#2899=CYLINDRICAL_SURFACE('',#3387,2.09231338989635);
#2900=CYLINDRICAL_SURFACE('',#3388,40.0031778910245);
#2901=CYLINDRICAL_SURFACE('',#3389,5.00078445776243);
#2902=CYLINDRICAL_SURFACE('',#3390,5.00516496681444);
#2903=CYLINDRICAL_SURFACE('',#3392,5.00516496681444);
#2904=CYLINDRICAL_SURFACE('',#3394,51.5728722707927);
#2905=CYLINDRICAL_SURFACE('',#3395,50.0025213821348);
#2906=CYLINDRICAL_SURFACE('',#3396,5.00535285222774);
#2907=CYLINDRICAL_SURFACE('',#3398,5.00949755979764);
#2908=CYLINDRICAL_SURFACE('',#3400,4.99440696365622);
#2909=ADVANCED_FACE('',(#115),#2832,.T.);
#2910=ADVANCED_FACE('',(#116),#2833,.T.);
#2911=ADVANCED_FACE('',(#117),#2834,.T.);
#2912=ADVANCED_FACE('',(#118),#40,.F.);
#2913=ADVANCED_FACE('',(#119),#41,.T.);
#2914=ADVANCED_FACE('',(#120),#42,.F.);
#2915=ADVANCED_FACE('',(#121,#17,#18),#43,.T.);
#2916=ADVANCED_FACE('',(#122),#16,.T.);
#2917=ADVANCED_FACE('',(#123),#2835,.T.);
#2918=ADVANCED_FACE('',(#124),#2836,.T.);
#2919=ADVANCED_FACE('',(#125),#2837,.T.);
#2920=ADVANCED_FACE('',(#126),#2838,.T.);
#2921=ADVANCED_FACE('',(#127),#44,.F.);
#2922=ADVANCED_FACE('',(#128),#45,.F.);
#2923=ADVANCED_FACE('',(#129),#46,.F.);
#2924=ADVANCED_FACE('',(#130),#47,.F.);
#2925=ADVANCED_FACE('',(#131),#48,.F.);
#2926=ADVANCED_FACE('',(#132),#49,.F.);
#2927=ADVANCED_FACE('',(#133),#50,.F.);
#2928=ADVANCED_FACE('',(#134,#19,#20,#21),#51,.F.);
#2929=ADVANCED_FACE('',(#135),#2839,.T.);
#2930=ADVANCED_FACE('',(#136),#2840,.F.);
#2931=ADVANCED_FACE('',(#137),#2841,.F.);
#2932=ADVANCED_FACE('',(#138),#52,.T.);
#2933=ADVANCED_FACE('',(#139),#2842,.F.);
#2934=ADVANCED_FACE('',(#140),#53,.F.);
#2935=ADVANCED_FACE('',(#141),#54,.F.);
#2936=ADVANCED_FACE('',(#142),#2843,.F.);
#2937=ADVANCED_FACE('',(#143),#55,.F.);
#2938=ADVANCED_FACE('',(#144),#2844,.F.);
#2939=ADVANCED_FACE('',(#145),#56,.F.);
#2940=ADVANCED_FACE('',(#146),#2845,.F.);
#2941=ADVANCED_FACE('',(#147),#2846,.F.);
#2942=ADVANCED_FACE('',(#148),#57,.F.);
#2943=ADVANCED_FACE('',(#149),#58,.F.);
#2944=ADVANCED_FACE('',(#150),#59,.T.);
#2945=ADVANCED_FACE('',(#151),#60,.T.);
#2946=ADVANCED_FACE('',(#152),#61,.F.);
#2947=ADVANCED_FACE('',(#153),#62,.T.);
#2948=ADVANCED_FACE('',(#154),#63,.F.);
#2949=ADVANCED_FACE('',(#155),#64,.F.);
#2950=ADVANCED_FACE('',(#156),#65,.F.);
#2951=ADVANCED_FACE('',(#157),#2847,.T.);
#2952=ADVANCED_FACE('',(#158),#66,.F.);
#2953=ADVANCED_FACE('',(#159),#67,.F.);
#2954=ADVANCED_FACE('',(#160),#68,.F.);
#2955=ADVANCED_FACE('',(#161),#69,.F.);
#2956=ADVANCED_FACE('',(#162),#70,.F.);
#2957=ADVANCED_FACE('',(#163),#71,.F.);
#2958=ADVANCED_FACE('',(#164),#72,.F.);
#2959=ADVANCED_FACE('',(#165,#22),#73,.T.);
#2960=ADVANCED_FACE('',(#166),#74,.F.);
#2961=ADVANCED_FACE('',(#167),#75,.F.);
#2962=ADVANCED_FACE('',(#168),#76,.F.);
#2963=ADVANCED_FACE('',(#169),#77,.F.);
#2964=ADVANCED_FACE('',(#170),#2848,.F.);
#2965=ADVANCED_FACE('',(#171),#78,.F.);
#2966=ADVANCED_FACE('',(#172),#2849,.F.);
#2967=ADVANCED_FACE('',(#173),#79,.F.);
#2968=ADVANCED_FACE('',(#174),#2850,.F.);
#2969=ADVANCED_FACE('',(#175),#80,.F.);
#2970=ADVANCED_FACE('',(#176),#2851,.F.);
#2971=ADVANCED_FACE('',(#177),#81,.F.);
#2972=ADVANCED_FACE('',(#178),#2852,.T.);
#2973=ADVANCED_FACE('',(#179),#2853,.T.);
#2974=ADVANCED_FACE('',(#180),#2854,.F.);
#2975=ADVANCED_FACE('',(#181),#2855,.T.);
#2976=ADVANCED_FACE('',(#182),#2856,.T.);
#2977=ADVANCED_FACE('',(#183),#82,.F.);
#2978=ADVANCED_FACE('',(#184),#2857,.T.);
#2979=ADVANCED_FACE('',(#185),#83,.T.);
#2980=ADVANCED_FACE('',(#186),#2858,.F.);
#2981=ADVANCED_FACE('',(#187),#84,.F.);
#2982=ADVANCED_FACE('',(#188),#2859,.F.);
#2983=ADVANCED_FACE('',(#189),#2860,.T.);
#2984=ADVANCED_FACE('',(#190),#85,.F.);
#2985=ADVANCED_FACE('',(#191,#23),#86,.F.);
#2986=ADVANCED_FACE('',(#192),#2861,.F.);
#2987=ADVANCED_FACE('',(#193),#2862,.T.);
#2988=ADVANCED_FACE('',(#194),#2863,.T.);
#2989=ADVANCED_FACE('',(#195),#87,.F.);
#2990=ADVANCED_FACE('',(#196),#88,.F.);
#2991=ADVANCED_FACE('',(#197),#2864,.T.);
#2992=ADVANCED_FACE('',(#198),#89,.T.);
#2993=ADVANCED_FACE('',(#199),#90,.T.);
#2994=ADVANCED_FACE('',(#200,#24,#25,#26,#27,#28,#29,#30),#91,.T.);
#2995=ADVANCED_FACE('',(#201),#2865,.T.);
#2996=ADVANCED_FACE('',(#202),#2866,.T.);
#2997=ADVANCED_FACE('',(#203),#92,.F.);
#2998=ADVANCED_FACE('',(#204),#2867,.F.);
#2999=ADVANCED_FACE('',(#205),#93,.T.);
#3000=ADVANCED_FACE('',(#206),#2868,.T.);
#3001=ADVANCED_FACE('',(#207),#94,.T.);
#3002=ADVANCED_FACE('',(#208),#2869,.F.);
#3003=ADVANCED_FACE('',(#209),#2870,.F.);
#3004=ADVANCED_FACE('',(#210),#95,.T.);
#3005=ADVANCED_FACE('',(#211),#2871,.F.);
#3006=ADVANCED_FACE('',(#212),#96,.F.);
#3007=ADVANCED_FACE('',(#213),#2872,.F.);
#3008=ADVANCED_FACE('',(#214),#97,.F.);
#3009=ADVANCED_FACE('',(#215),#2873,.F.);
#3010=ADVANCED_FACE('',(#216),#98,.F.);
#3011=ADVANCED_FACE('',(#217),#2874,.T.);
#3012=ADVANCED_FACE('',(#218),#2875,.F.);
#3013=ADVANCED_FACE('',(#219),#2876,.T.);
#3014=ADVANCED_FACE('',(#220),#2877,.T.);
#3015=ADVANCED_FACE('',(#221,#31,#32,#33,#34,#35,#36),#99,.F.);
#3016=ADVANCED_FACE('',(#222),#2878,.F.);
#3017=ADVANCED_FACE('',(#223),#2879,.F.);
#3018=ADVANCED_FACE('',(#224,#37,#38,#39),#100,.T.);
#3019=ADVANCED_FACE('',(#225),#2880,.T.);
#3020=ADVANCED_FACE('',(#226),#101,.F.);
#3021=ADVANCED_FACE('',(#227),#2881,.T.);
#3022=ADVANCED_FACE('',(#228),#102,.F.);
#3023=ADVANCED_FACE('',(#229),#2882,.F.);
#3024=ADVANCED_FACE('',(#230),#2883,.F.);
#3025=ADVANCED_FACE('',(#231),#2884,.F.);
#3026=ADVANCED_FACE('',(#232),#103,.F.);
#3027=ADVANCED_FACE('',(#233),#2885,.F.);
#3028=ADVANCED_FACE('',(#234),#2886,.F.);
#3029=ADVANCED_FACE('',(#235),#2887,.F.);
#3030=ADVANCED_FACE('',(#236),#2888,.T.);
#3031=ADVANCED_FACE('',(#237),#2889,.T.);
#3032=ADVANCED_FACE('',(#238),#104,.F.);
#3033=ADVANCED_FACE('',(#239),#2890,.T.);
#3034=ADVANCED_FACE('',(#240),#105,.F.);
#3035=ADVANCED_FACE('',(#241),#2891,.F.);
#3036=ADVANCED_FACE('',(#242),#2892,.F.);
#3037=ADVANCED_FACE('',(#243),#2893,.T.);
#3038=ADVANCED_FACE('',(#244),#106,.F.);
#3039=ADVANCED_FACE('',(#245),#2894,.T.);
#3040=ADVANCED_FACE('',(#246),#107,.F.);
#3041=ADVANCED_FACE('',(#247),#2895,.T.);
#3042=ADVANCED_FACE('',(#248),#2896,.T.);
#3043=ADVANCED_FACE('',(#249),#108,.T.);
#3044=ADVANCED_FACE('',(#250),#2897,.T.);
#3045=ADVANCED_FACE('',(#251),#15,.T.);
#3046=ADVANCED_FACE('',(#252),#109,.T.);
#3047=ADVANCED_FACE('',(#253),#110,.T.);
#3048=ADVANCED_FACE('',(#254),#2898,.F.);
#3049=ADVANCED_FACE('',(#255),#2899,.F.);
#3050=ADVANCED_FACE('',(#256),#2900,.F.);
#3051=ADVANCED_FACE('',(#257),#2901,.T.);
#3052=ADVANCED_FACE('',(#258),#2902,.T.);
#3053=ADVANCED_FACE('',(#259),#111,.T.);
#3054=ADVANCED_FACE('',(#260),#2903,.T.);
#3055=ADVANCED_FACE('',(#261),#112,.T.);
#3056=ADVANCED_FACE('',(#262),#2904,.F.);
#3057=ADVANCED_FACE('',(#263),#2905,.F.);
#3058=ADVANCED_FACE('',(#264),#2906,.T.);
#3059=ADVANCED_FACE('',(#265),#113,.T.);
#3060=ADVANCED_FACE('',(#266),#2907,.T.);
#3061=ADVANCED_FACE('',(#267),#114,.T.);
#3062=ADVANCED_FACE('',(#268),#2908,.T.);
#3063=CLOSED_SHELL('',(#2909,#2910,#2911,#2912,#2913,#2914,#2915,#2916,
#2917,#2918,#2919,#2920,#2921,#2922,#2923,#2924,#2925,#2926,#2927,#2928,
#2929,#2930,#2931,#2932,#2933,#2934,#2935,#2936,#2937,#2938,#2939,#2940,
#2941,#2942,#2943,#2944,#2945,#2946,#2947,#2948,#2949,#2950,#2951,#2952,
#2953,#2954,#2955,#2956,#2957,#2958,#2959,#2960,#2961,#2962,#2963,#2964,
#2965,#2966,#2967,#2968,#2969,#2970,#2971,#2972,#2973,#2974,#2975,#2976,
#2977,#2978,#2979,#2980,#2981,#2982,#2983,#2984,#2985,#2986,#2987,#2988,
#2989,#2990,#2991,#2992,#2993,#2994,#2995,#2996,#2997,#2998,#2999,#3000,
#3001,#3002,#3003,#3004,#3005,#3006,#3007,#3008,#3009,#3010,#3011,#3012,
#3013,#3014,#3015,#3016,#3017,#3018,#3019,#3020,#3021,#3022,#3023,#3024,
#3025,#3026,#3027,#3028,#3029,#3030,#3031,#3032,#3033,#3034,#3035,#3036,
#3037,#3038,#3039,#3040,#3041,#3042,#3043,#3044,#3045,#3046,#3047,#3048,
#3049,#3050,#3051,#3052,#3053,#3054,#3055,#3056,#3057,#3058,#3059,#3060,
#3061,#3062));
#3064=DERIVED_UNIT_ELEMENT(#3067,1.);
#3065=DERIVED_UNIT_ELEMENT(#5229,-3.);
#3066=DIMENSIONAL_EXPONENTS(0.,1.,0.,0.,0.,0.,0.);
#3067=(
CONVERSION_BASED_UNIT('gram',#3069)
MASS_UNIT()
NAMED_UNIT(#3066)
);
#3068=(
MASS_UNIT()
NAMED_UNIT(*)
SI_UNIT(.KILO.,.GRAM.)
);
#3069=MASS_MEASURE_WITH_UNIT(MASS_MEASURE(0.001),#3068);
#3070=DERIVED_UNIT((#3064,#3065));
#3071=MEASURE_REPRESENTATION_ITEM('density measure',
POSITIVE_RATIO_MEASURE(1.06),#3070);
#3072=PROPERTY_DEFINITION_REPRESENTATION(#3077,#3074);
#3073=PROPERTY_DEFINITION_REPRESENTATION(#3078,#3075);
#3074=REPRESENTATION('material name',(#3076),#5226);
#3075=REPRESENTATION('density',(#3071),#5226);
#3076=DESCRIPTIVE_REPRESENTATION_ITEM('ABS \X2\58516599\X0\',
'ABS \X2\58516599\X0\');
#3077=PROPERTY_DEFINITION('material property','material name',#5236);
#3078=PROPERTY_DEFINITION('material property','density of part',#5236);
#3079=DATE_TIME_ROLE('creation_date');
#3080=APPLIED_DATE_AND_TIME_ASSIGNMENT(#3081,#3079,(#5236));
#3081=DATE_AND_TIME(#3082,#3083);
#3082=CALENDAR_DATE(2026,8,4);
#3083=LOCAL_TIME(0,0,0.,#3084);
#3084=COORDINATED_UNIVERSAL_TIME_OFFSET(0,0,.BEHIND.);
#3085=AXIS2_PLACEMENT_3D('',#4322,#3401,#3402);
#3086=AXIS2_PLACEMENT_3D('',#4323,#3403,#3404);
#3087=AXIS2_PLACEMENT_3D('',#4328,#3406,#3407);
#3088=AXIS2_PLACEMENT_3D('',#4331,#3409,#3410);
#3089=AXIS2_PLACEMENT_3D('',#4332,#3411,#3412);
#3090=AXIS2_PLACEMENT_3D('',#4337,#3415,#3416);
#3091=AXIS2_PLACEMENT_3D('',#4338,#3417,#3418);
#3092=AXIS2_PLACEMENT_3D('',#4342,#3420,#3421);
#3093=AXIS2_PLACEMENT_3D('',#4344,#3423,#3424);
#3094=AXIS2_PLACEMENT_3D('',#4350,#3428,#3429);
#3095=AXIS2_PLACEMENT_3D('',#4366,#3437,#3438);
#3096=AXIS2_PLACEMENT_3D('',#4370,#3440,#3441);
#3097=AXIS2_PLACEMENT_3D('',#4373,#3443,#3444);
#3098=AXIS2_PLACEMENT_3D('',#4374,#3445,#3446);
#3099=AXIS2_PLACEMENT_3D('',#4378,#3449,#3450);
#3100=AXIS2_PLACEMENT_3D('',#4382,#3452,#3453);
#3101=AXIS2_PLACEMENT_3D('',#4388,#3456,#3457);
#3102=AXIS2_PLACEMENT_3D('',#4392,#3459,#3460);
#3103=AXIS2_PLACEMENT_3D('',#4396,#3462,#3463);
#3104=AXIS2_PLACEMENT_3D('',#4400,#3465,#3466);
#3105=AXIS2_PLACEMENT_3D('',#4404,#3468,#3469);
#3106=AXIS2_PLACEMENT_3D('',#4406,#3470,#3471);
#3107=AXIS2_PLACEMENT_3D('',#4410,#3473,#3474);
#3108=AXIS2_PLACEMENT_3D('',#4412,#3475,#3476);
#3109=AXIS2_PLACEMENT_3D('',#4416,#3478,#3479);
#3110=AXIS2_PLACEMENT_3D('',#4426,#3484,#3485);
#3111=AXIS2_PLACEMENT_3D('',#4430,#3487,#3488);
#3112=AXIS2_PLACEMENT_3D('',#4439,#3493,#3494);
#3113=AXIS2_PLACEMENT_3D('',#4441,#3495,#3496);
#3114=AXIS2_PLACEMENT_3D('',#4442,#3497,#3498);
#3115=AXIS2_PLACEMENT_3D('',#4445,#3499,#3500);
#3116=AXIS2_PLACEMENT_3D('',#4446,#3501,#3502);
#3117=AXIS2_PLACEMENT_3D('',#4447,#3503,#3504);
#3118=AXIS2_PLACEMENT_3D('',#4448,#3505,#3506);
#3119=AXIS2_PLACEMENT_3D('',#4453,#3508,#3509);
#3120=AXIS2_PLACEMENT_3D('',#4455,#3511,#3512);
#3121=AXIS2_PLACEMENT_3D('',#4456,#3513,#3514);
#3122=AXIS2_PLACEMENT_3D('',#4458,#3516,#3517);
#3123=AXIS2_PLACEMENT_3D('',#4460,#3518,#3519);
#3124=AXIS2_PLACEMENT_3D('',#4462,#3521,#3522);
#3125=AXIS2_PLACEMENT_3D('',#4465,#3525,#3526);
#3126=AXIS2_PLACEMENT_3D('',#4467,#3528,#3529);
#3127=AXIS2_PLACEMENT_3D('',#4471,#3532,#3533);
#3128=AXIS2_PLACEMENT_3D('',#4477,#3537,#3538);
#3129=AXIS2_PLACEMENT_3D('',#4479,#3540,#3541);
#3130=AXIS2_PLACEMENT_3D('',#4481,#3543,#3544);
#3131=AXIS2_PLACEMENT_3D('',#4482,#3545,#3546);
#3132=AXIS2_PLACEMENT_3D('',#4486,#3549,#3550);
#3133=AXIS2_PLACEMENT_3D('',#4488,#3551,#3552);
#3134=AXIS2_PLACEMENT_3D('',#4492,#3554,#3555);
#3135=AXIS2_PLACEMENT_3D('',#4496,#3557,#3558);
#3136=AXIS2_PLACEMENT_3D('',#4500,#3560,#3561);
#3137=AXIS2_PLACEMENT_3D('',#4504,#3563,#3564);
#3138=AXIS2_PLACEMENT_3D('',#4508,#3566,#3567);
#3139=AXIS2_PLACEMENT_3D('',#4512,#3569,#3570);
#3140=AXIS2_PLACEMENT_3D('',#4515,#3572,#3573);
#3141=AXIS2_PLACEMENT_3D('',#4518,#3574,#3575);
#3142=AXIS2_PLACEMENT_3D('',#4520,#3576,#3577);
#3143=AXIS2_PLACEMENT_3D('',#4521,#3578,#3579);
#3144=AXIS2_PLACEMENT_3D('',#4523,#3580,#3581);
#3145=AXIS2_PLACEMENT_3D('',#4525,#3582,#3583);
#3146=AXIS2_PLACEMENT_3D('',#4526,#3584,#3585);
#3147=AXIS2_PLACEMENT_3D('',#4530,#3587,#3588);
#3148=AXIS2_PLACEMENT_3D('',#4533,#3590,#3591);
#3149=AXIS2_PLACEMENT_3D('',#4534,#3592,#3593);
#3150=AXIS2_PLACEMENT_3D('',#4536,#3594,#3595);
#3151=AXIS2_PLACEMENT_3D('',#4539,#3597,#3598);
#3152=AXIS2_PLACEMENT_3D('',#4540,#3599,#3600);
#3153=AXIS2_PLACEMENT_3D('',#4542,#3601,#3602);
#3154=AXIS2_PLACEMENT_3D('',#4545,#3604,#3605);
#3155=AXIS2_PLACEMENT_3D('',#4546,#3606,#3607);
#3156=AXIS2_PLACEMENT_3D('',#4547,#3608,#3609);
#3157=AXIS2_PLACEMENT_3D('',#4550,#3610,#3611);
#3158=AXIS2_PLACEMENT_3D('',#4554,#3613,#3614);
#3159=AXIS2_PLACEMENT_3D('',#4556,#3616,#3617);
#3160=AXIS2_PLACEMENT_3D('',#4571,#3626,#3627);
#3161=AXIS2_PLACEMENT_3D('',#4575,#3630,#3631);
#3162=AXIS2_PLACEMENT_3D('',#4578,#3633,#3634);
#3163=AXIS2_PLACEMENT_3D('',#4579,#3635,#3636);
#3164=AXIS2_PLACEMENT_3D('',#4585,#3640,#3641);
#3165=AXIS2_PLACEMENT_3D('',#4587,#3642,#3643);
#3166=AXIS2_PLACEMENT_3D('',#4589,#3645,#3646);
#3167=AXIS2_PLACEMENT_3D('',#4593,#3649,#3650);
#3168=AXIS2_PLACEMENT_3D('',#4595,#3652,#3653);
#3169=AXIS2_PLACEMENT_3D('',#4600,#3656,#3657);
#3170=AXIS2_PLACEMENT_3D('',#4602,#3659,#3660);
#3171=AXIS2_PLACEMENT_3D('',#4608,#3664,#3665);
#3172=AXIS2_PLACEMENT_3D('',#4609,#3666,#3667);
#3173=AXIS2_PLACEMENT_3D('',#4610,#3668,#3669);
#3174=AXIS2_PLACEMENT_3D('',#4619,#3674,#3675);
#3175=AXIS2_PLACEMENT_3D('',#4623,#3678,#3679);
#3176=AXIS2_PLACEMENT_3D('',#4625,#3680,#3681);
#3177=AXIS2_PLACEMENT_3D('',#4626,#3682,#3683);
#3178=AXIS2_PLACEMENT_3D('',#4630,#3686,#3687);
#3179=AXIS2_PLACEMENT_3D('',#4634,#3690,#3691);
#3180=AXIS2_PLACEMENT_3D('',#4638,#3694,#3695);
#3181=AXIS2_PLACEMENT_3D('',#4644,#3700,#3701);
#3182=AXIS2_PLACEMENT_3D('',#4647,#3703,#3704);
#3183=AXIS2_PLACEMENT_3D('',#4648,#3705,#3706);
#3184=AXIS2_PLACEMENT_3D('',#4652,#3709,#3710);
#3185=AXIS2_PLACEMENT_3D('',#4658,#3714,#3715);
#3186=AXIS2_PLACEMENT_3D('',#4660,#3717,#3718);
#3187=AXIS2_PLACEMENT_3D('',#4662,#3720,#3721);
#3188=AXIS2_PLACEMENT_3D('',#4671,#3726,#3727);
#3189=AXIS2_PLACEMENT_3D('',#4680,#3732,#3733);
#3190=AXIS2_PLACEMENT_3D('',#4682,#3734,#3735);
#3191=AXIS2_PLACEMENT_3D('',#4684,#3737,#3738);
#3192=AXIS2_PLACEMENT_3D('',#4687,#3740,#3741);
#3193=AXIS2_PLACEMENT_3D('',#4691,#3743,#3744);
#3194=AXIS2_PLACEMENT_3D('',#4693,#3745,#3746);
#3195=AXIS2_PLACEMENT_3D('',#4697,#3748,#3749);
#3196=AXIS2_PLACEMENT_3D('',#4699,#3750,#3751);
#3197=AXIS2_PLACEMENT_3D('',#4703,#3753,#3754);
#3198=AXIS2_PLACEMENT_3D('',#4711,#3758,#3759);
#3199=AXIS2_PLACEMENT_3D('',#4715,#3761,#3762);
#3200=AXIS2_PLACEMENT_3D('',#4719,#3764,#3765);
#3201=AXIS2_PLACEMENT_3D('',#4722,#3767,#3768);
#3202=AXIS2_PLACEMENT_3D('',#4725,#3769,#3770);
#3203=AXIS2_PLACEMENT_3D('',#4729,#3772,#3773);
#3204=AXIS2_PLACEMENT_3D('',#4733,#3775,#3776);
#3205=AXIS2_PLACEMENT_3D('',#4737,#3778,#3779);
#3206=AXIS2_PLACEMENT_3D('',#4741,#3781,#3782);
#3207=AXIS2_PLACEMENT_3D('',#4744,#3784,#3785);
#3208=AXIS2_PLACEMENT_3D('',#4748,#3787,#3788);
#3209=AXIS2_PLACEMENT_3D('',#4750,#3789,#3790);
#3210=AXIS2_PLACEMENT_3D('',#4753,#3792,#3793);
#3211=AXIS2_PLACEMENT_3D('',#4754,#3794,#3795);
#3212=AXIS2_PLACEMENT_3D('',#4760,#3799,#3800);
#3213=AXIS2_PLACEMENT_3D('',#4766,#3804,#3805);
#3214=AXIS2_PLACEMENT_3D('',#4768,#3806,#3807);
#3215=AXIS2_PLACEMENT_3D('',#4770,#3809,#3810);
#3216=AXIS2_PLACEMENT_3D('',#4773,#3812,#3813);
#3217=AXIS2_PLACEMENT_3D('',#4774,#3814,#3815);
#3218=AXIS2_PLACEMENT_3D('',#4777,#3818,#3819);
#3219=AXIS2_PLACEMENT_3D('',#4779,#3821,#3822);
#3220=AXIS2_PLACEMENT_3D('',#4781,#3824,#3825);
#3221=AXIS2_PLACEMENT_3D('',#4783,#3827,#3828);
#3222=AXIS2_PLACEMENT_3D('',#4785,#3830,#3831);
#3223=AXIS2_PLACEMENT_3D('',#4787,#3833,#3834);
#3224=AXIS2_PLACEMENT_3D('',#4789,#3836,#3837);
#3225=AXIS2_PLACEMENT_3D('',#4791,#3839,#3840);
#3226=AXIS2_PLACEMENT_3D('',#4793,#3842,#3843);
#3227=AXIS2_PLACEMENT_3D('',#4797,#3845,#3846);
#3228=AXIS2_PLACEMENT_3D('',#4799,#3848,#3849);
#3229=AXIS2_PLACEMENT_3D('',#4803,#3852,#3853);
#3230=AXIS2_PLACEMENT_3D('',#4804,#3854,#3855);
#3231=AXIS2_PLACEMENT_3D('',#4806,#3856,#3857);
#3232=AXIS2_PLACEMENT_3D('',#4808,#3859,#3860);
#3233=AXIS2_PLACEMENT_3D('',#4810,#3862,#3863);
#3234=AXIS2_PLACEMENT_3D('',#4813,#3866,#3867);
#3235=AXIS2_PLACEMENT_3D('',#4815,#3869,#3870);
#3236=AXIS2_PLACEMENT_3D('',#4820,#3874,#3875);
#3237=AXIS2_PLACEMENT_3D('',#4822,#3877,#3878);
#3238=AXIS2_PLACEMENT_3D('',#4824,#3880,#3881);
#3239=AXIS2_PLACEMENT_3D('',#4826,#3883,#3884);
#3240=AXIS2_PLACEMENT_3D('',#4828,#3886,#3887);
#3241=AXIS2_PLACEMENT_3D('',#4830,#3889,#3890);
#3242=AXIS2_PLACEMENT_3D('',#4832,#3892,#3893);
#3243=AXIS2_PLACEMENT_3D('',#4833,#3894,#3895);
#3244=AXIS2_PLACEMENT_3D('',#4834,#3896,#3897);
#3245=AXIS2_PLACEMENT_3D('',#4837,#3899,#3900);
#3246=AXIS2_PLACEMENT_3D('',#4838,#3901,#3902);
#3247=AXIS2_PLACEMENT_3D('',#4842,#3904,#3905);
#3248=AXIS2_PLACEMENT_3D('',#4846,#3907,#3908);
#3249=AXIS2_PLACEMENT_3D('',#4850,#3910,#3911);
#3250=AXIS2_PLACEMENT_3D('',#4854,#3913,#3914);
#3251=AXIS2_PLACEMENT_3D('',#4858,#3916,#3917);
#3252=AXIS2_PLACEMENT_3D('',#4861,#3919,#3920);
#3253=AXIS2_PLACEMENT_3D('',#4862,#3921,#3922);
#3254=AXIS2_PLACEMENT_3D('',#4866,#3925,#3926);
#3255=AXIS2_PLACEMENT_3D('',#4870,#3928,#3929);
#3256=AXIS2_PLACEMENT_3D('',#4872,#3931,#3932);
#3257=AXIS2_PLACEMENT_3D('',#4881,#3938,#3939);
#3258=AXIS2_PLACEMENT_3D('',#4883,#3941,#3942);
#3259=AXIS2_PLACEMENT_3D('',#4885,#3943,#3944);
#3260=AXIS2_PLACEMENT_3D('',#4889,#3946,#3947);
#3261=AXIS2_PLACEMENT_3D('',#4893,#3949,#3950);
#3262=AXIS2_PLACEMENT_3D('',#4897,#3952,#3953);
#3263=AXIS2_PLACEMENT_3D('',#4901,#3955,#3956);
#3264=AXIS2_PLACEMENT_3D('',#4903,#3957,#3958);
#3265=AXIS2_PLACEMENT_3D('',#4905,#3959,#3960);
#3266=AXIS2_PLACEMENT_3D('',#4907,#3961,#3962);
#3267=AXIS2_PLACEMENT_3D('',#4911,#3964,#3965);
#3268=AXIS2_PLACEMENT_3D('',#4915,#3967,#3968);
#3269=AXIS2_PLACEMENT_3D('',#4917,#3969,#3970);
#3270=AXIS2_PLACEMENT_3D('',#4919,#3971,#3972);
#3271=AXIS2_PLACEMENT_3D('',#4921,#3973,#3974);
#3272=AXIS2_PLACEMENT_3D('',#4923,#3975,#3976);
#3273=AXIS2_PLACEMENT_3D('',#4925,#3977,#3978);
#3274=AXIS2_PLACEMENT_3D('',#4929,#3980,#3981);
#3275=AXIS2_PLACEMENT_3D('',#4933,#3983,#3984);
#3276=AXIS2_PLACEMENT_3D('',#4935,#3985,#3986);
#3277=AXIS2_PLACEMENT_3D('',#4937,#3987,#3988);
#3278=AXIS2_PLACEMENT_3D('',#4939,#3989,#3990);
#3279=AXIS2_PLACEMENT_3D('',#4943,#3992,#3993);
#3280=AXIS2_PLACEMENT_3D('',#4945,#3994,#3995);
#3281=AXIS2_PLACEMENT_3D('',#4949,#3997,#3998);
#3282=AXIS2_PLACEMENT_3D('',#4953,#4000,#4001);
#3283=AXIS2_PLACEMENT_3D('',#4956,#4003,#4004);
#3284=AXIS2_PLACEMENT_3D('',#4958,#4005,#4006);
#3285=AXIS2_PLACEMENT_3D('',#4960,#4007,#4008);
#3286=AXIS2_PLACEMENT_3D('',#4962,#4009,#4010);
#3287=AXIS2_PLACEMENT_3D('',#4964,#4011,#4012);
#3288=AXIS2_PLACEMENT_3D('',#4966,#4013,#4014);
#3289=AXIS2_PLACEMENT_3D('',#4968,#4015,#4016);
#3290=AXIS2_PLACEMENT_3D('',#4970,#4017,#4018);
#3291=AXIS2_PLACEMENT_3D('',#4971,#4019,#4020);
#3292=AXIS2_PLACEMENT_3D('',#4973,#4022,#4023);
#3293=AXIS2_PLACEMENT_3D('',#4975,#4025,#4026);
#3294=AXIS2_PLACEMENT_3D('',#4976,#4027,#4028);
#3295=AXIS2_PLACEMENT_3D('',#4979,#4029,#4030);
#3296=AXIS2_PLACEMENT_3D('',#4982,#4033,#4034);
#3297=AXIS2_PLACEMENT_3D('',#4986,#4037,#4038);
#3298=AXIS2_PLACEMENT_3D('',#4989,#4039,#4040);
#3299=AXIS2_PLACEMENT_3D('',#4992,#4043,#4044);
#3300=AXIS2_PLACEMENT_3D('',#4996,#4047,#4048);
#3301=AXIS2_PLACEMENT_3D('',#4998,#4049,#4050);
#3302=AXIS2_PLACEMENT_3D('',#5000,#4052,#4053);
#3303=AXIS2_PLACEMENT_3D('',#5004,#4055,#4056);
#3304=AXIS2_PLACEMENT_3D('',#5006,#4058,#4059);
#3305=AXIS2_PLACEMENT_3D('',#5008,#4061,#4062);
#3306=AXIS2_PLACEMENT_3D('',#5011,#4063,#4064);
#3307=AXIS2_PLACEMENT_3D('',#5014,#4067,#4068);
#3308=AXIS2_PLACEMENT_3D('',#5018,#4071,#4072);
#3309=AXIS2_PLACEMENT_3D('',#5022,#4074,#4075);
#3310=AXIS2_PLACEMENT_3D('',#5024,#4077,#4078);
#3311=AXIS2_PLACEMENT_3D('',#5028,#4081,#4082);
#3312=AXIS2_PLACEMENT_3D('',#5032,#4084,#4085);
#3313=AXIS2_PLACEMENT_3D('',#5034,#4087,#4088);
#3314=AXIS2_PLACEMENT_3D('',#5036,#4090,#4091);
#3315=AXIS2_PLACEMENT_3D('',#5038,#4092,#4093);
#3316=AXIS2_PLACEMENT_3D('',#5040,#4095,#4096);
#3317=AXIS2_PLACEMENT_3D('',#5042,#4098,#4099);
#3318=AXIS2_PLACEMENT_3D('',#5044,#4100,#4101);
#3319=AXIS2_PLACEMENT_3D('',#5046,#4103,#4104);
#3320=AXIS2_PLACEMENT_3D('',#5047,#4105,#4106);
#3321=AXIS2_PLACEMENT_3D('',#5048,#4107,#4108);
#3322=AXIS2_PLACEMENT_3D('',#5052,#4111,#4112);
#3323=AXIS2_PLACEMENT_3D('',#5056,#4114,#4115);
#3324=AXIS2_PLACEMENT_3D('',#5058,#4116,#4117);
#3325=AXIS2_PLACEMENT_3D('',#5060,#4118,#4119);
#3326=AXIS2_PLACEMENT_3D('',#5062,#4120,#4121);
#3327=AXIS2_PLACEMENT_3D('',#5066,#4123,#4124);
#3328=AXIS2_PLACEMENT_3D('',#5070,#4126,#4127);
#3329=AXIS2_PLACEMENT_3D('',#5072,#4128,#4129);
#3330=AXIS2_PLACEMENT_3D('',#5074,#4130,#4131);
#3331=AXIS2_PLACEMENT_3D('',#5076,#4132,#4133);
#3332=AXIS2_PLACEMENT_3D('',#5078,#4134,#4135);
#3333=AXIS2_PLACEMENT_3D('',#5080,#4136,#4137);
#3334=AXIS2_PLACEMENT_3D('',#5084,#4139,#4140);
#3335=AXIS2_PLACEMENT_3D('',#5088,#4142,#4143);
#3336=AXIS2_PLACEMENT_3D('',#5090,#4144,#4145);
#3337=AXIS2_PLACEMENT_3D('',#5092,#4146,#4147);
#3338=AXIS2_PLACEMENT_3D('',#5094,#4148,#4149);
#3339=AXIS2_PLACEMENT_3D('',#5098,#4151,#4152);
#3340=AXIS2_PLACEMENT_3D('',#5103,#4155,#4156);
#3341=AXIS2_PLACEMENT_3D('',#5107,#4158,#4159);
#3342=AXIS2_PLACEMENT_3D('',#5111,#4161,#4162);
#3343=AXIS2_PLACEMENT_3D('',#5113,#4163,#4164);
#3344=AXIS2_PLACEMENT_3D('',#5117,#4166,#4167);
#3345=AXIS2_PLACEMENT_3D('',#5120,#4169,#4170);
#3346=AXIS2_PLACEMENT_3D('',#5122,#4171,#4172);
#3347=AXIS2_PLACEMENT_3D('',#5124,#4173,#4174);
#3348=AXIS2_PLACEMENT_3D('',#5126,#4175,#4176);
#3349=AXIS2_PLACEMENT_3D('',#5128,#4177,#4178);
#3350=AXIS2_PLACEMENT_3D('',#5130,#4179,#4180);
#3351=AXIS2_PLACEMENT_3D('',#5132,#4181,#4182);
#3352=AXIS2_PLACEMENT_3D('',#5133,#4183,#4184);
#3353=AXIS2_PLACEMENT_3D('',#5135,#4186,#4187);
#3354=AXIS2_PLACEMENT_3D('',#5137,#4189,#4190);
#3355=AXIS2_PLACEMENT_3D('',#5138,#4191,#4192);
#3356=AXIS2_PLACEMENT_3D('',#5141,#4195,#4196);
#3357=AXIS2_PLACEMENT_3D('',#5143,#4198,#4199);
#3358=AXIS2_PLACEMENT_3D('',#5145,#4201,#4202);
#3359=AXIS2_PLACEMENT_3D('',#5147,#4204,#4205);
#3360=AXIS2_PLACEMENT_3D('',#5148,#4206,#4207);
#3361=AXIS2_PLACEMENT_3D('',#5150,#4209,#4210);
#3362=AXIS2_PLACEMENT_3D('',#5154,#4213,#4214);
#3363=AXIS2_PLACEMENT_3D('',#5155,#4215,#4216);
#3364=AXIS2_PLACEMENT_3D('',#5156,#4217,#4218);
#3365=AXIS2_PLACEMENT_3D('',#5158,#4220,#4221);
#3366=AXIS2_PLACEMENT_3D('',#5160,#4223,#4224);
#3367=AXIS2_PLACEMENT_3D('',#5163,#4227,#4228);
#3368=AXIS2_PLACEMENT_3D('',#5165,#4230,#4231);
#3369=AXIS2_PLACEMENT_3D('',#5167,#4233,#4234);
#3370=AXIS2_PLACEMENT_3D('',#5169,#4236,#4237);
#3371=AXIS2_PLACEMENT_3D('',#5171,#4239,#4240);
#3372=AXIS2_PLACEMENT_3D('',#5172,#4241,#4242);
#3373=AXIS2_PLACEMENT_3D('',#5175,#4245,#4246);
#3374=AXIS2_PLACEMENT_3D('',#5177,#4248,#4249);
#3375=AXIS2_PLACEMENT_3D('',#5179,#4251,#4252);
#3376=AXIS2_PLACEMENT_3D('',#5181,#4254,#4255);
#3377=AXIS2_PLACEMENT_3D('',#5183,#4257,#4258);
#3378=AXIS2_PLACEMENT_3D('',#5185,#4260,#4261);
#3379=AXIS2_PLACEMENT_3D('',#5186,#4262,#4263);
#3380=AXIS2_PLACEMENT_3D('',#5188,#4265,#4266);
#3381=AXIS2_PLACEMENT_3D('',#5190,#4268,#4269);
#3382=AXIS2_PLACEMENT_3D('',#5192,#4271,#4272);
#3383=AXIS2_PLACEMENT_3D('',#5193,#4273,#4274);
#3384=AXIS2_PLACEMENT_3D('',#5194,#4275,#4276);
#3385=AXIS2_PLACEMENT_3D('',#5195,#4277,#4278);
#3386=AXIS2_PLACEMENT_3D('',#5196,#4279,#4280);
#3387=AXIS2_PLACEMENT_3D('',#5198,#4282,#4283);
#3388=AXIS2_PLACEMENT_3D('',#5200,#4285,#4286);
#3389=AXIS2_PLACEMENT_3D('',#5203,#4289,#4290);
#3390=AXIS2_PLACEMENT_3D('',#5205,#4292,#4293);
#3391=AXIS2_PLACEMENT_3D('',#5207,#4295,#4296);
#3392=AXIS2_PLACEMENT_3D('',#5209,#4298,#4299);
#3393=AXIS2_PLACEMENT_3D('',#5210,#4300,#4301);
#3394=AXIS2_PLACEMENT_3D('',#5211,#4302,#4303);
#3395=AXIS2_PLACEMENT_3D('',#5213,#4305,#4306);
#3396=AXIS2_PLACEMENT_3D('',#5215,#4308,#4309);
#3397=AXIS2_PLACEMENT_3D('',#5217,#4311,#4312);
#3398=AXIS2_PLACEMENT_3D('',#5219,#4314,#4315);
#3399=AXIS2_PLACEMENT_3D('',#5221,#4317,#4318);
#3400=AXIS2_PLACEMENT_3D('',#5223,#4320,#4321);
#3401=DIRECTION('axis',(0.,0.,1.));
#3402=DIRECTION('refdir',(1.,0.,0.));
#3403=DIRECTION('center_axis',(0.,0.,1.));
#3404=DIRECTION('ref_axis',(-0.707106781186522,-0.707106781186573,0.));
#3405=DIRECTION('',(0.,0.,1.));
#3406=DIRECTION('center_axis',(0.,0.,-1.));
#3407=DIRECTION('ref_axis',(-0.707106781186522,-0.707106781186573,0.));
#3408=DIRECTION('',(0.,0.,-1.));
#3409=DIRECTION('center_axis',(0.,0.707106781186542,0.707106781186553));
#3410=DIRECTION('ref_axis',(0.,0.707106781186553,-0.707106781186542));
#3411=DIRECTION('center_axis',(0.,1.,0.));
#3412=DIRECTION('ref_axis',(-0.707106781186528,0.,0.707106781186567));
#3413=DIRECTION('',(0.,1.,0.));
#3414=DIRECTION('',(0.,-1.,0.));
#3415=DIRECTION('center_axis',(0.,0.707106781186542,0.707106781186553));
#3416=DIRECTION('ref_axis',(0.,-0.707106781186552,0.707106781186542));
#3417=DIRECTION('center_axis',(0.,0.,1.));
#3418=DIRECTION('ref_axis',(-0.707106781186522,-0.707106781186573,0.));
#3419=DIRECTION('',(0.,0.,-1.));
#3420=DIRECTION('center_axis',(0.,0.,1.));
#3421=DIRECTION('ref_axis',(-0.707106781186522,-0.707106781186573,0.));
#3422=DIRECTION('',(0.,0.,1.));
#3423=DIRECTION('center_axis',(0.,1.,0.));
#3424=DIRECTION('ref_axis',(1.,0.,0.));
#3425=DIRECTION('',(1.,0.,0.));
#3426=DIRECTION('',(0.,0.,-1.));
#3427=DIRECTION('',(1.,0.,0.));
#3428=DIRECTION('center_axis',(0.,0.,1.));
#3429=DIRECTION('ref_axis',(1.,0.,0.));
#3430=DIRECTION('',(-1.,0.,0.));
#3431=DIRECTION('',(0.,1.,0.));
#3432=DIRECTION('',(1.,0.,0.));
#3433=DIRECTION('',(0.,-1.,0.));
#3434=DIRECTION('',(-1.,0.,0.));
#3435=DIRECTION('',(0.,-1.,0.));
#3436=DIRECTION('',(1.,0.,0.));
#3437=DIRECTION('center_axis',(0.,0.,1.));
#3438=DIRECTION('ref_axis',(1.,0.,0.));
#3439=DIRECTION('',(-1.,0.,0.));
#3440=DIRECTION('center_axis',(0.,0.,-1.));
#3441=DIRECTION('ref_axis',(0.707106781186554,0.707106781186541,0.));
#3442=DIRECTION('',(0.,-1.,0.));
#3443=DIRECTION('center_axis',(0.,0.,-1.));
#3444=DIRECTION('ref_axis',(0.707106781186554,-0.707106781186541,0.));
#3445=DIRECTION('center_axis',(0.,1.,0.));
#3446=DIRECTION('ref_axis',(-1.,0.,0.));
#3447=DIRECTION('',(-1.,0.,0.));
#3448=DIRECTION('',(0.,0.,1.));
#3449=DIRECTION('center_axis',(0.,0.,-1.));
#3450=DIRECTION('ref_axis',(-1.,0.,0.));
#3451=DIRECTION('',(0.,1.,0.));
#3452=DIRECTION('center_axis',(0.,0.,1.));
#3453=DIRECTION('ref_axis',(-1.,0.,0.));
#3454=DIRECTION('',(0.,1.,0.));
#3455=DIRECTION('',(-1.,0.,0.));
#3456=DIRECTION('center_axis',(0.,0.,1.));
#3457=DIRECTION('ref_axis',(-4.55426535487015E-10,1.,0.));
#3458=DIRECTION('',(0.,1.,0.));
#3459=DIRECTION('center_axis',(0.,0.,1.));
#3460=DIRECTION('ref_axis',(1.,-5.03576592864841E-10,0.));
#3461=DIRECTION('',(1.,0.,0.));
#3462=DIRECTION('center_axis',(0.,0.,1.));
#3463=DIRECTION('ref_axis',(0.513344729618397,-0.858182491416025,0.));
#3464=DIRECTION('',(1.,0.,0.));
#3465=DIRECTION('center_axis',(0.,0.,1.));
#3466=DIRECTION('ref_axis',(-9.02224031918646E-12,-1.,0.));
#3467=DIRECTION('',(1.,0.,0.));
#3468=DIRECTION('center_axis',(0.,0.,-1.));
#3469=DIRECTION('ref_axis',(0.685659694942666,-0.72792223673352,0.));
#3470=DIRECTION('center_axis',(0.,0.,1.));
#3471=DIRECTION('ref_axis',(0.68565969494268,-0.727922236733507,0.));
#3472=DIRECTION('',(5.19654364852952E-16,-1.,0.));
#3473=DIRECTION('center_axis',(0.,0.,1.));
#3474=DIRECTION('ref_axis',(-1.,1.347158645047E-9,0.));
#3475=DIRECTION('center_axis',(0.,0.,-1.));
#3476=DIRECTION('ref_axis',(-7.12539206126439E-12,1.,0.));
#3477=DIRECTION('',(-1.,0.,0.));
#3478=DIRECTION('center_axis',(0.,0.,1.));
#3479=DIRECTION('ref_axis',(-1.,-1.8854168872146E-11,0.));
#3480=DIRECTION('',(-1.,0.,0.));
#3481=DIRECTION('',(0.,-1.,0.));
#3482=DIRECTION('',(1.,0.,0.));
#3483=DIRECTION('',(0.,-1.,0.));
#3484=DIRECTION('center_axis',(0.,0.,1.));
#3485=DIRECTION('ref_axis',(-1.,0.,0.));
#3486=DIRECTION('',(0.,-1.,0.));
#3487=DIRECTION('center_axis',(0.,0.,1.));
#3488=DIRECTION('ref_axis',(0.707106781186573,-0.707106781186523,0.));
#3489=DIRECTION('',(-1.,0.,0.));
#3490=DIRECTION('',(0.,-1.,0.));
#3491=DIRECTION('',(1.,0.,0.));
#3492=DIRECTION('',(0.,1.,0.));
#3493=DIRECTION('center_axis',(0.,0.,1.));
#3494=DIRECTION('ref_axis',(-1.,0.,0.));
#3495=DIRECTION('center_axis',(0.,0.,1.));
#3496=DIRECTION('ref_axis',(-1.,0.,0.));
#3497=DIRECTION('center_axis',(0.408248290463862,-0.408248290463806,-0.816496580927755));
#3498=DIRECTION('ref_axis',(0.577350269189702,-0.577350269189588,0.577350269189587));
#3499=DIRECTION('center_axis',(0.,0.,1.));
#3500=DIRECTION('ref_axis',(1.,0.,0.));
#3501=DIRECTION('center_axis',(0.,-1.,0.));
#3502=DIRECTION('ref_axis',(0.,0.,1.));
#3503=DIRECTION('center_axis',(1.,0.,7.105427357601E-14));
#3504=DIRECTION('ref_axis',(0.,-1.,0.));
#3505=DIRECTION('center_axis',(0.,0.,-1.));
#3506=DIRECTION('ref_axis',(0.707106781186573,-0.707106781186523,0.));
#3507=DIRECTION('',(0.,0.,1.));
#3508=DIRECTION('center_axis',(0.,0.,-1.));
#3509=DIRECTION('ref_axis',(0.707106781186573,-0.707106781186523,0.));
#3510=DIRECTION('',(0.,0.,-1.));
#3511=DIRECTION('center_axis',(0.,0.707106781186542,0.707106781186553));
#3512=DIRECTION('ref_axis',(0.,-0.707106781186553,0.707106781186542));
#3513=DIRECTION('center_axis',(0.,-1.,0.));
#3514=DIRECTION('ref_axis',(0.707106781186578,0.,0.707106781186517));
#3515=DIRECTION('',(0.,1.,0.));
#3516=DIRECTION('center_axis',(-1.,0.,0.));
#3517=DIRECTION('ref_axis',(0.,-0.707106781186553,0.707106781186542));
#3518=DIRECTION('center_axis',(-1.,0.,0.));
#3519=DIRECTION('ref_axis',(0.,-0.707106781186553,0.707106781186542));
#3520=DIRECTION('',(1.,0.,0.));
#3521=DIRECTION('center_axis',(0.,0.,1.));
#3522=DIRECTION('ref_axis',(0.707106781186573,-0.707106781186523,0.));
#3523=DIRECTION('',(0.,0.,1.));
#3524=DIRECTION('',(0.,0.,-1.));
#3525=DIRECTION('center_axis',(0.,1.,0.));
#3526=DIRECTION('ref_axis',(-1.,0.,0.));
#3527=DIRECTION('',(0.,0.,1.));
#3528=DIRECTION('center_axis',(0.,1.,0.));
#3529=DIRECTION('ref_axis',(1.,0.,0.));
#3530=DIRECTION('',(1.,0.,0.));
#3531=DIRECTION('',(0.,0.,1.));
#3532=DIRECTION('center_axis',(0.,-1.,0.));
#3533=DIRECTION('ref_axis',(-1.,0.,0.));
#3534=DIRECTION('',(-1.,0.,0.));
#3535=DIRECTION('',(0.,0.,1.));
#3536=DIRECTION('',(0.,0.,-1.));
#3537=DIRECTION('center_axis',(-1.,0.,0.));
#3538=DIRECTION('ref_axis',(0.,-1.,0.));
#3539=DIRECTION('',(0.,0.,1.));
#3540=DIRECTION('center_axis',(0.,-1.,0.));
#3541=DIRECTION('ref_axis',(1.,0.,0.));
#3542=DIRECTION('',(0.,0.,1.));
#3543=DIRECTION('center_axis',(1.,0.,0.));
#3544=DIRECTION('ref_axis',(0.,1.,0.));
#3545=DIRECTION('center_axis',(1.,0.,0.));
#3546=DIRECTION('ref_axis',(0.,1.,0.));
#3547=DIRECTION('',(0.,1.,0.));
#3548=DIRECTION('',(0.,0.,1.));
#3549=DIRECTION('center_axis',(0.,0.,-1.));
#3550=DIRECTION('ref_axis',(1.,0.,0.));
#3551=DIRECTION('center_axis',(0.,0.,-1.));
#3552=DIRECTION('ref_axis',(-1.,0.,0.));
#3553=DIRECTION('',(0.830539397654137,0.556959880910917,0.));
#3554=DIRECTION('center_axis',(0.,0.,-1.));
#3555=DIRECTION('ref_axis',(-0.981408205796756,0.191932106732542,0.));
#3556=DIRECTION('',(-0.559526589884,0.828812400494094,0.));
#3557=DIRECTION('center_axis',(0.,0.,-1.));
#3558=DIRECTION('ref_axis',(-0.191932106732541,-0.981408205796756,0.));
#3559=DIRECTION('',(-0.830539397654137,-0.556959880910917,0.));
#3560=DIRECTION('center_axis',(0.,0.,1.));
#3561=DIRECTION('ref_axis',(-0.291084697593211,0.956697286934101,0.));
#3562=DIRECTION('',(-1.,2.1892778100414E-16,0.));
#3563=DIRECTION('center_axis',(0.,0.,-1.));
#3564=DIRECTION('ref_axis',(0.38268343236509,-0.923879532511287,0.));
#3565=DIRECTION('',(0.707106781186547,0.707106781186547,0.));
#3566=DIRECTION('center_axis',(0.,0.,1.));
#3567=DIRECTION('ref_axis',(-0.382683432365088,0.923879532511287,0.));
#3568=DIRECTION('',(1.,0.,0.));
#3569=DIRECTION('center_axis',(0.,0.,-1.));
#3570=DIRECTION('ref_axis',(0.707106781186551,-0.707106781186544,0.));
#3571=DIRECTION('',(0.,-1.,0.));
#3572=DIRECTION('center_axis',(0.,0.,-1.));
#3573=DIRECTION('ref_axis',(0.707106781186554,0.707106781186541,0.));
#3574=DIRECTION('center_axis',(0.,0.,-1.));
#3575=DIRECTION('ref_axis',(-1.,0.,0.));
#3576=DIRECTION('center_axis',(0.,0.,-1.));
#3577=DIRECTION('ref_axis',(-1.,0.,0.));
#3578=DIRECTION('center_axis',(0.,0.,-1.));
#3579=DIRECTION('ref_axis',(1.,0.,0.));
#3580=DIRECTION('center_axis',(0.,0.,-1.));
#3581=DIRECTION('ref_axis',(-1.,0.,0.));
#3582=DIRECTION('center_axis',(0.,0.,-1.));
#3583=DIRECTION('ref_axis',(1.,0.,0.));
#3584=DIRECTION('center_axis',(0.,0.,-1.));
#3585=DIRECTION('ref_axis',(0.707106781186554,-0.707106781186541,0.));
#3586=DIRECTION('',(0.,0.,-1.));
#3587=DIRECTION('center_axis',(0.,-0.707106781186549,-0.707106781186546));
#3588=DIRECTION('ref_axis',(0.,0.707106781186546,-0.707106781186549));
#3589=DIRECTION('',(0.,0.,1.));
#3590=DIRECTION('center_axis',(0.,0.,-1.));
#3591=DIRECTION('ref_axis',(0.707106781186554,-0.707106781186541,0.));
#3592=DIRECTION('center_axis',(0.,-1.,0.));
#3593=DIRECTION('ref_axis',(1.,0.,0.));
#3594=DIRECTION('center_axis',(0.,-1.,0.));
#3595=DIRECTION('ref_axis',(1.,0.,0.));
#3596=DIRECTION('',(0.,-1.,0.));
#3597=DIRECTION('center_axis',(0.,1.,0.));
#3598=DIRECTION('ref_axis',(1.,0.,0.));
#3599=DIRECTION('center_axis',(0.,-1.,0.));
#3600=DIRECTION('ref_axis',(1.,0.,0.));
#3601=DIRECTION('center_axis',(0.,-1.,0.));
#3602=DIRECTION('ref_axis',(1.,0.,0.));
#3603=DIRECTION('',(0.,-1.,0.));
#3604=DIRECTION('center_axis',(0.,-1.,0.));
#3605=DIRECTION('ref_axis',(1.,0.,0.));
#3606=DIRECTION('center_axis',(0.,1.,0.));
#3607=DIRECTION('ref_axis',(0.,0.,1.));
#3608=DIRECTION('center_axis',(0.,0.,1.));
#3609=DIRECTION('ref_axis',(-3.11482106257626E-11,1.,0.));
#3610=DIRECTION('center_axis',(0.,0.,1.));
#3611=DIRECTION('ref_axis',(-3.11482106257626E-11,1.,0.));
#3612=DIRECTION('',(0.,0.,1.));
#3613=DIRECTION('center_axis',(0.,0.,-1.));
#3614=DIRECTION('ref_axis',(-3.11482106257626E-11,1.,0.));
#3615=DIRECTION('',(0.,0.,1.));
#3616=DIRECTION('center_axis',(0.,1.,0.));
#3617=DIRECTION('ref_axis',(-1.,0.,0.));
#3618=DIRECTION('',(-1.,0.,0.));
#3619=DIRECTION('',(0.,0.,1.));
#3620=DIRECTION('',(1.,0.,5.55111512312579E-16));
#3621=DIRECTION('',(0.,0.,-1.));
#3622=DIRECTION('',(-1.,0.,0.));
#3623=DIRECTION('',(1.97372982155583E-16,0.,1.));
#3624=DIRECTION('',(0.,0.,1.));
#3625=DIRECTION('',(1.,0.,0.));
#3626=DIRECTION('center_axis',(-1.,0.,0.));
#3627=DIRECTION('ref_axis',(0.,-1.,0.));
#3628=DIRECTION('',(0.,0.,1.));
#3629=DIRECTION('',(0.,-1.,0.));
#3630=DIRECTION('center_axis',(0.,0.,1.));
#3631=DIRECTION('ref_axis',(-1.,0.,0.));
#3632=DIRECTION('',(0.,0.,1.));
#3633=DIRECTION('center_axis',(0.,0.,1.));
#3634=DIRECTION('ref_axis',(0.,-1.,0.));
#3635=DIRECTION('center_axis',(-1.,0.,0.));
#3636=DIRECTION('ref_axis',(0.,-1.,0.));
#3637=DIRECTION('',(0.,0.,1.));
#3638=DIRECTION('',(0.,0.,1.));
#3639=DIRECTION('',(0.,-1.,0.));
#3640=DIRECTION('center_axis',(0.,0.,1.));
#3641=DIRECTION('ref_axis',(1.,-1.22464679914735E-16,0.));
#3642=DIRECTION('center_axis',(0.,0.,-1.));
#3643=DIRECTION('ref_axis',(-1.,0.,0.));
#3644=DIRECTION('',(0.,0.,1.));
#3645=DIRECTION('center_axis',(1.,0.,0.));
#3646=DIRECTION('ref_axis',(0.,1.,0.));
#3647=DIRECTION('',(0.,-1.,0.));
#3648=DIRECTION('',(0.,0.,1.));
#3649=DIRECTION('center_axis',(0.,0.,1.));
#3650=DIRECTION('ref_axis',(-1.,0.,0.));
#3651=DIRECTION('',(0.,0.,1.));
#3652=DIRECTION('center_axis',(0.,0.,1.));
#3653=DIRECTION('ref_axis',(-1.,0.,0.));
#3654=DIRECTION('',(0.,0.,1.));
#3655=DIRECTION('',(0.,0.,1.));
#3656=DIRECTION('center_axis',(0.,0.,-1.));
#3657=DIRECTION('ref_axis',(-1.,0.,0.));
#3658=DIRECTION('',(0.,0.,-1.));
#3659=DIRECTION('center_axis',(1.,0.,0.));
#3660=DIRECTION('ref_axis',(0.,0.,1.));
#3661=DIRECTION('',(0.,-1.,0.));
#3662=DIRECTION('',(0.,0.,1.));
#3663=DIRECTION('',(0.,-1.,0.));
#3664=DIRECTION('center_axis',(0.,0.,-1.));
#3665=DIRECTION('ref_axis',(-1.,0.,0.));
#3666=DIRECTION('center_axis',(0.,0.,-1.));
#3667=DIRECTION('ref_axis',(1.,0.,0.));
#3668=DIRECTION('center_axis',(0.,1.,0.));
#3669=DIRECTION('ref_axis',(-1.,0.,0.));
#3670=DIRECTION('',(1.,0.,-5.55111512312578E-16));
#3671=DIRECTION('',(1.48029736616687E-15,0.,-1.));
#3672=DIRECTION('',(-1.,0.,0.));
#3673=DIRECTION('',(0.,0.,1.));
#3674=DIRECTION('center_axis',(1.,0.,0.));
#3675=DIRECTION('ref_axis',(0.,1.,0.));
#3676=DIRECTION('',(0.,0.,1.));
#3677=DIRECTION('',(0.,-1.,0.));
#3678=DIRECTION('center_axis',(0.,0.,-1.));
#3679=DIRECTION('ref_axis',(-1.,0.,0.));
#3680=DIRECTION('center_axis',(0.,0.,-1.));
#3681=DIRECTION('ref_axis',(1.,0.,0.));
#3682=DIRECTION('center_axis',(0.,1.,0.));
#3683=DIRECTION('ref_axis',(-1.,0.,0.));
#3684=DIRECTION('',(1.,0.,0.));
#3685=DIRECTION('',(1.97372982155583E-16,0.,1.));
#3686=DIRECTION('center_axis',(5.55111512312579E-16,0.,-1.));
#3687=DIRECTION('ref_axis',(1.,0.,5.55111512312579E-16));
#3688=DIRECTION('',(0.,-1.,0.));
#3689=DIRECTION('',(1.,0.,5.55111512312579E-16));
#3690=DIRECTION('center_axis',(1.,0.,0.));
#3691=DIRECTION('ref_axis',(0.,0.,1.));
#3692=DIRECTION('',(0.,-1.,0.));
#3693=DIRECTION('',(0.,0.,1.));
#3694=DIRECTION('center_axis',(0.,0.,1.));
#3695=DIRECTION('ref_axis',(-1.,0.,0.));
#3696=DIRECTION('',(0.,1.,0.));
#3697=DIRECTION('',(0.,-1.,0.));
#3698=DIRECTION('',(-1.,0.,0.));
#3699=DIRECTION('',(1.,-4.56765985622249E-15,0.));
#3700=DIRECTION('center_axis',(0.,0.,1.));
#3701=DIRECTION('ref_axis',(0.707106781186554,0.707106781186541,0.));
#3702=DIRECTION('',(0.,0.,-1.));
#3703=DIRECTION('center_axis',(0.,-0.707106781186549,0.707106781186546));
#3704=DIRECTION('ref_axis',(0.,-0.707106781186546,-0.707106781186549));
#3705=DIRECTION('center_axis',(-1.,0.,-1.48029736616687E-15));
#3706=DIRECTION('ref_axis',(1.48029736616687E-15,0.,-1.));
#3707=DIRECTION('',(0.,-1.,0.));
#3708=DIRECTION('',(1.48029736616687E-15,0.,-1.));
#3709=DIRECTION('center_axis',(-1.,0.,1.97372982155583E-16));
#3710=DIRECTION('ref_axis',(-1.97372982155583E-16,0.,-1.));
#3711=DIRECTION('',(0.,-1.,0.));
#3712=DIRECTION('',(-1.97372982155583E-16,0.,-1.));
#3713=DIRECTION('',(0.,-1.,0.));
#3714=DIRECTION('center_axis',(-5.55111512312578E-16,0.,-1.));
#3715=DIRECTION('ref_axis',(1.,0.,-5.55111512312578E-16));
#3716=DIRECTION('',(1.,0.,-5.55111512312578E-16));
#3717=DIRECTION('center_axis',(0.,0.,-1.));
#3718=DIRECTION('ref_axis',(1.,0.,0.));
#3719=DIRECTION('',(1.,0.,0.));
#3720=DIRECTION('center_axis',(1.,0.,0.));
#3721=DIRECTION('ref_axis',(0.,0.,-1.));
#3722=DIRECTION('',(0.,0.,-1.));
#3723=DIRECTION('',(0.,1.,0.));
#3724=DIRECTION('',(0.,0.,-1.));
#3725=DIRECTION('',(0.,-1.,0.));
#3726=DIRECTION('center_axis',(-1.,0.,0.));
#3727=DIRECTION('ref_axis',(0.,0.,1.));
#3728=DIRECTION('',(0.,0.,1.));
#3729=DIRECTION('',(0.,1.,0.));
#3730=DIRECTION('',(0.,0.,-1.));
#3731=DIRECTION('',(0.,-1.,0.));
#3732=DIRECTION('center_axis',(0.,0.,-1.));
#3733=DIRECTION('ref_axis',(-1.,0.,0.));
#3734=DIRECTION('center_axis',(0.,0.,1.));
#3735=DIRECTION('ref_axis',(1.,-3.49760156203457E-12,0.));
#3736=DIRECTION('',(1.,0.,0.));
#3737=DIRECTION('center_axis',(0.,0.,-1.));
#3738=DIRECTION('ref_axis',(-1.,0.,0.));
#3739=DIRECTION('',(-1.,0.,0.));
#3740=DIRECTION('center_axis',(0.,0.,1.));
#3741=DIRECTION('ref_axis',(-8.54027594830434E-12,-1.,0.));
#3742=DIRECTION('',(1.,0.,0.));
#3743=DIRECTION('center_axis',(0.,0.,-1.));
#3744=DIRECTION('ref_axis',(-0.382683432365088,0.923879532511287,0.));
#3745=DIRECTION('center_axis',(0.,0.,1.));
#3746=DIRECTION('ref_axis',(1.,0.,0.));
#3747=DIRECTION('',(4.05257045616098E-16,-1.,0.));
#3748=DIRECTION('center_axis',(0.,0.,1.));
#3749=DIRECTION('ref_axis',(0.664212608698785,0.747543718083133,0.));
#3750=DIRECTION('center_axis',(0.,0.,-1.));
#3751=DIRECTION('ref_axis',(-0.38268343236509,-0.923879532511287,0.));
#3752=DIRECTION('',(-1.,0.,0.));
#3753=DIRECTION('center_axis',(0.,0.,1.));
#3754=DIRECTION('ref_axis',(-1.,0.,0.));
#3755=DIRECTION('',(0.,-1.,0.));
#3756=DIRECTION('',(1.,0.,0.));
#3757=DIRECTION('',(0.,1.,0.));
#3758=DIRECTION('center_axis',(0.,0.,1.));
#3759=DIRECTION('ref_axis',(0.,1.,0.));
#3760=DIRECTION('',(-1.,0.,0.));
#3761=DIRECTION('center_axis',(0.,0.,1.));
#3762=DIRECTION('ref_axis',(0.707106781186554,0.707106781186541,0.));
#3763=DIRECTION('',(0.,1.,0.));
#3764=DIRECTION('center_axis',(0.,0.,1.));
#3765=DIRECTION('ref_axis',(0.707106781186551,-0.707106781186544,0.));
#3766=DIRECTION('',(1.,0.,0.));
#3767=DIRECTION('center_axis',(0.,0.,1.));
#3768=DIRECTION('ref_axis',(1.,-3.49760156203457E-12,0.));
#3769=DIRECTION('center_axis',(0.,0.,1.));
#3770=DIRECTION('ref_axis',(0.685659694942666,-0.72792223673352,0.));
#3771=DIRECTION('',(-1.,0.,0.));
#3772=DIRECTION('center_axis',(0.,0.,-1.));
#3773=DIRECTION('ref_axis',(-9.02224031918646E-12,-1.,0.));
#3774=DIRECTION('',(-1.,0.,0.));
#3775=DIRECTION('center_axis',(0.,0.,-1.));
#3776=DIRECTION('ref_axis',(0.513344729618397,-0.858182491416025,0.));
#3777=DIRECTION('',(-1.,0.,0.));
#3778=DIRECTION('center_axis',(0.,0.,-1.));
#3779=DIRECTION('ref_axis',(1.,-5.03576592864841E-10,0.));
#3780=DIRECTION('',(0.,-1.,0.));
#3781=DIRECTION('center_axis',(0.,0.,-1.));
#3782=DIRECTION('ref_axis',(-4.55426535487015E-10,1.,0.));
#3783=DIRECTION('',(1.,0.,0.));
#3784=DIRECTION('center_axis',(0.,0.,-1.));
#3785=DIRECTION('ref_axis',(-1.,-1.8854168872146E-11,0.));
#3786=DIRECTION('',(1.,0.,0.));
#3787=DIRECTION('center_axis',(0.,0.,1.));
#3788=DIRECTION('ref_axis',(-7.12539206126439E-12,1.,0.));
#3789=DIRECTION('center_axis',(0.,0.,-1.));
#3790=DIRECTION('ref_axis',(-1.,1.347158645047E-9,0.));
#3791=DIRECTION('',(-5.19654364852952E-16,1.,0.));
#3792=DIRECTION('center_axis',(0.,0.,-1.));
#3793=DIRECTION('ref_axis',(0.68565969494268,-0.727922236733507,0.));
#3794=DIRECTION('center_axis',(-1.,0.,0.));
#3795=DIRECTION('ref_axis',(0.,0.,-1.));
#3796=DIRECTION('',(0.,0.,-1.));
#3797=DIRECTION('',(0.,0.,-1.));
#3798=DIRECTION('',(0.,1.,0.));
#3799=DIRECTION('center_axis',(1.,0.,0.));
#3800=DIRECTION('ref_axis',(0.,0.,1.));
#3801=DIRECTION('',(0.,0.,1.));
#3802=DIRECTION('',(0.,-1.,0.));
#3803=DIRECTION('',(0.,0.,-1.));
#3804=DIRECTION('center_axis',(0.,0.,-1.));
#3805=DIRECTION('ref_axis',(-1.,0.,0.));
#3806=DIRECTION('center_axis',(0.,0.,1.));
#3807=DIRECTION('ref_axis',(-1.,0.,0.));
#3808=DIRECTION('',(1.,0.,0.));
#3809=DIRECTION('center_axis',(0.,0.,-1.));
#3810=DIRECTION('ref_axis',(-1.,0.,0.));
#3811=DIRECTION('',(1.,0.,0.));
#3812=DIRECTION('center_axis',(0.,0.,1.));
#3813=DIRECTION('ref_axis',(0.,1.,0.));
#3814=DIRECTION('center_axis',(0.,0.,1.));
#3815=DIRECTION('ref_axis',(-4.55426535487015E-10,1.,0.));
#3816=DIRECTION('',(0.,0.,1.));
#3817=DIRECTION('',(0.,0.,1.));
#3818=DIRECTION('center_axis',(1.,0.,0.));
#3819=DIRECTION('ref_axis',(0.,1.,0.));
#3820=DIRECTION('',(0.,0.,1.));
#3821=DIRECTION('center_axis',(0.,0.,1.));
#3822=DIRECTION('ref_axis',(1.,-5.03576592864841E-10,0.));
#3823=DIRECTION('',(0.,0.,1.));
#3824=DIRECTION('center_axis',(0.,-1.,0.));
#3825=DIRECTION('ref_axis',(1.,0.,0.));
#3826=DIRECTION('',(0.,0.,-1.));
#3827=DIRECTION('center_axis',(0.,0.,1.));
#3828=DIRECTION('ref_axis',(0.513344729618397,-0.858182491416025,0.));
#3829=DIRECTION('',(0.,0.,1.));
#3830=DIRECTION('center_axis',(0.,-1.,0.));
#3831=DIRECTION('ref_axis',(1.,0.,0.));
#3832=DIRECTION('',(0.,0.,1.));
#3833=DIRECTION('center_axis',(0.,0.,1.));
#3834=DIRECTION('ref_axis',(-9.02224031918646E-12,-1.,0.));
#3835=DIRECTION('',(0.,0.,1.));
#3836=DIRECTION('center_axis',(0.,-1.,0.));
#3837=DIRECTION('ref_axis',(1.,0.,0.));
#3838=DIRECTION('',(0.,0.,1.));
#3839=DIRECTION('center_axis',(0.,0.,1.));
#3840=DIRECTION('ref_axis',(0.685659694942666,-0.72792223673352,0.));
#3841=DIRECTION('',(0.,0.,1.));
#3842=DIRECTION('center_axis',(0.,0.,1.));
#3843=DIRECTION('ref_axis',(1.,0.,0.));
#3844=DIRECTION('',(0.,0.,1.));
#3845=DIRECTION('center_axis',(0.,0.,1.));
#3846=DIRECTION('ref_axis',(1.,0.,0.));
#3847=DIRECTION('',(0.,0.,-1.));
#3848=DIRECTION('center_axis',(0.,0.,1.));
#3849=DIRECTION('ref_axis',(-0.382683432365088,0.923879532511287,0.));
#3850=DIRECTION('',(0.,0.,-1.));
#3851=DIRECTION('',(0.,0.,-1.));
#3852=DIRECTION('center_axis',(0.,0.,1.));
#3853=DIRECTION('ref_axis',(-0.382683432365088,0.923879532511287,0.));
#3854=DIRECTION('center_axis',(0.,0.,1.));
#3855=DIRECTION('ref_axis',(-8.54027594830434E-12,-1.,0.));
#3856=DIRECTION('center_axis',(0.,0.,1.));
#3857=DIRECTION('ref_axis',(-8.54027594830434E-12,-1.,0.));
#3858=DIRECTION('',(0.,0.,-1.));
#3859=DIRECTION('center_axis',(0.,0.,1.));
#3860=DIRECTION('ref_axis',(1.,-3.49760156203457E-12,0.));
#3861=DIRECTION('',(0.,0.,1.));
#3862=DIRECTION('center_axis',(0.,1.,0.));
#3863=DIRECTION('ref_axis',(-1.,0.,0.));
#3864=DIRECTION('',(1.,0.,0.));
#3865=DIRECTION('',(0.,0.,-1.));
#3866=DIRECTION('center_axis',(0.,0.,-1.));
#3867=DIRECTION('ref_axis',(0.707106781186551,-0.707106781186544,0.));
#3868=DIRECTION('',(0.,0.,1.));
#3869=DIRECTION('center_axis',(1.,0.,0.));
#3870=DIRECTION('ref_axis',(0.,0.,-1.));
#3871=DIRECTION('',(0.,0.,-1.));
#3872=DIRECTION('',(0.,-1.,0.));
#3873=DIRECTION('',(0.,1.,0.));
#3874=DIRECTION('center_axis',(0.,0.,1.));
#3875=DIRECTION('ref_axis',(0.68565969494268,-0.727922236733507,0.));
#3876=DIRECTION('',(0.,0.,1.));
#3877=DIRECTION('center_axis',(-1.,-5.19654364852952E-16,0.));
#3878=DIRECTION('ref_axis',(5.19654364852952E-16,-1.,0.));
#3879=DIRECTION('',(0.,0.,1.));
#3880=DIRECTION('center_axis',(0.,0.,1.));
#3881=DIRECTION('ref_axis',(-1.,1.347158645047E-9,0.));
#3882=DIRECTION('',(0.,0.,1.));
#3883=DIRECTION('center_axis',(0.,0.,1.));
#3884=DIRECTION('ref_axis',(-7.12539206126439E-12,1.,0.));
#3885=DIRECTION('',(0.,0.,1.));
#3886=DIRECTION('center_axis',(0.,1.,0.));
#3887=DIRECTION('ref_axis',(-1.,0.,0.));
#3888=DIRECTION('',(0.,0.,-1.));
#3889=DIRECTION('center_axis',(0.,1.,0.));
#3890=DIRECTION('ref_axis',(-1.,0.,0.));
#3891=DIRECTION('',(1.,0.,0.));
#3892=DIRECTION('center_axis',(0.,0.,1.));
#3893=DIRECTION('ref_axis',(-1.,-1.8854168872146E-11,0.));
#3894=DIRECTION('center_axis',(0.,-1.,0.));
#3895=DIRECTION('ref_axis',(0.707106781186553,0.,0.707106781186543));
#3896=DIRECTION('center_axis',(0.,0.,1.));
#3897=DIRECTION('ref_axis',(0.707106781186554,0.707106781186541,0.));
#3898=DIRECTION('',(0.,0.,1.));
#3899=DIRECTION('center_axis',(0.,0.,-1.));
#3900=DIRECTION('ref_axis',(0.707106781186554,0.707106781186541,0.));
#3901=DIRECTION('center_axis',(0.,0.,-1.));
#3902=DIRECTION('ref_axis',(1.,0.,0.));
#3903=DIRECTION('',(-1.,0.,0.));
#3904=DIRECTION('center_axis',(0.,0.,1.));
#3905=DIRECTION('ref_axis',(-0.38268343236509,-0.923879532511287,0.));
#3906=DIRECTION('',(-0.707106781186547,0.707106781186547,0.));
#3907=DIRECTION('center_axis',(0.,0.,-1.));
#3908=DIRECTION('ref_axis',(0.38268343236509,0.923879532511287,0.));
#3909=DIRECTION('',(-1.,-2.1892778100414E-16,0.));
#3910=DIRECTION('center_axis',(0.,0.,1.));
#3911=DIRECTION('ref_axis',(-0.29108469759321,-0.956697286934101,0.));
#3912=DIRECTION('',(-0.830539397654137,0.556959880910917,0.));
#3913=DIRECTION('center_axis',(0.,0.,-1.));
#3914=DIRECTION('ref_axis',(-0.191932106732551,0.981408205796754,0.));
#3915=DIRECTION('',(-0.559526589884,-0.828812400494094,0.));
#3916=DIRECTION('center_axis',(0.,0.,-1.));
#3917=DIRECTION('ref_axis',(-0.981408205796755,-0.191932106732549,0.));
#3918=DIRECTION('',(0.830539397654137,-0.556959880910917,0.));
#3919=DIRECTION('center_axis',(0.,0.,-1.));
#3920=DIRECTION('ref_axis',(-1.,0.,0.));
#3921=DIRECTION('center_axis',(-0.707106781186548,0.707106781186548,0.));
#3922=DIRECTION('ref_axis',(-0.707106781186548,-0.707106781186548,0.));
#3923=DIRECTION('',(-0.707106781186547,-0.707106781186547,0.));
#3924=DIRECTION('',(0.,0.,1.));
#3925=DIRECTION('center_axis',(0.,0.,1.));
#3926=DIRECTION('ref_axis',(0.664212608698785,0.747543718083133,0.));
#3927=DIRECTION('',(0.,0.,1.));
#3928=DIRECTION('center_axis',(0.,0.,1.));
#3929=DIRECTION('ref_axis',(0.664212608698785,0.747543718083133,0.));
#3930=DIRECTION('',(0.,0.,1.));
#3931=DIRECTION('center_axis',(0.707106781186548,0.707106781186548,0.));
#3932=DIRECTION('ref_axis',(-0.707106781186548,0.707106781186548,0.));
#3933=DIRECTION('',(0.707106781186548,-0.707106781186548,0.));
#3934=DIRECTION('',(0.,0.,-1.));
#3935=DIRECTION('',(-0.707106781186548,0.707106781186548,0.));
#3936=DIRECTION('',(0.,0.,-1.));
#3937=DIRECTION('',(0.,0.,1.));
#3938=DIRECTION('center_axis',(-1.,-4.05257045616099E-16,0.));
#3939=DIRECTION('ref_axis',(-4.05257045616098E-16,1.,0.));
#3940=DIRECTION('',(4.05257045616098E-16,-1.,0.));
#3941=DIRECTION('center_axis',(0.,0.,-1.));
#3942=DIRECTION('ref_axis',(-1.,0.,0.));
#3943=DIRECTION('center_axis',(0.,0.,1.));
#3944=DIRECTION('ref_axis',(0.38268343236509,-0.923879532511287,0.));
#3945=DIRECTION('',(1.,0.,0.));
#3946=DIRECTION('center_axis',(0.,0.,-1.));
#3947=DIRECTION('ref_axis',(-0.38268370770273,0.923879418462654,0.));
#3948=DIRECTION('',(0.707106359717786,0.707107202655058,0.));
#3949=DIRECTION('center_axis',(0.,0.,-1.));
#3950=DIRECTION('ref_axis',(-0.923879646559837,0.382683157027417,0.));
#3951=DIRECTION('',(0.,1.,0.));
#3952=DIRECTION('center_axis',(0.,0.,1.));
#3953=DIRECTION('ref_axis',(-1.,0.,0.));
#3954=DIRECTION('',(0.98975815389769,-0.142754323202614,0.));
#3955=DIRECTION('center_axis',(0.,0.,1.));
#3956=DIRECTION('ref_axis',(-1.,0.,0.));
#3957=DIRECTION('center_axis',(0.,0.,1.));
#3958=DIRECTION('ref_axis',(-1.,0.,0.));
#3959=DIRECTION('center_axis',(0.,0.,-1.));
#3960=DIRECTION('ref_axis',(1.,0.,0.));
#3961=DIRECTION('center_axis',(0.,0.,1.));
#3962=DIRECTION('ref_axis',(-1.,0.,0.));
#3963=DIRECTION('',(0.989760392230218,-0.142738803316701,0.));
#3964=DIRECTION('center_axis',(0.,0.,1.));
#3965=DIRECTION('ref_axis',(-1.,0.,0.));
#3966=DIRECTION('',(0.,-1.,0.));
#3967=DIRECTION('center_axis',(0.,0.,1.));
#3968=DIRECTION('ref_axis',(-1.,0.,0.));
#3969=DIRECTION('center_axis',(0.,0.,-1.));
#3970=DIRECTION('ref_axis',(1.,0.,0.));
#3971=DIRECTION('center_axis',(0.,0.,-1.));
#3972=DIRECTION('ref_axis',(-0.794248395583233,0.607593191299458,0.));
#3973=DIRECTION('center_axis',(0.,0.,1.));
#3974=DIRECTION('ref_axis',(-0.794248395583233,-0.607593191299458,0.));
#3975=DIRECTION('center_axis',(0.,0.,1.));
#3976=DIRECTION('ref_axis',(1.,0.,0.));
#3977=DIRECTION('center_axis',(0.,0.,-1.));
#3978=DIRECTION('ref_axis',(-1.,0.,0.));
#3979=DIRECTION('',(0.,1.,0.));
#3980=DIRECTION('center_axis',(0.,0.,-1.));
#3981=DIRECTION('ref_axis',(-1.,0.,0.));
#3982=DIRECTION('',(0.989760392230218,0.142738803316701,0.));
#3983=DIRECTION('center_axis',(0.,0.,-1.));
#3984=DIRECTION('ref_axis',(-1.,0.,0.));
#3985=DIRECTION('center_axis',(0.,0.,1.));
#3986=DIRECTION('ref_axis',(1.,0.,0.));
#3987=DIRECTION('center_axis',(0.,0.,-1.));
#3988=DIRECTION('ref_axis',(-1.,0.,0.));
#3989=DIRECTION('center_axis',(0.,0.,-1.));
#3990=DIRECTION('ref_axis',(-1.,0.,0.));
#3991=DIRECTION('',(0.98975815389769,0.142754323202614,0.));
#3992=DIRECTION('center_axis',(0.,0.,-1.));
#3993=DIRECTION('ref_axis',(-1.,0.,0.));
#3994=DIRECTION('center_axis',(0.,0.,1.));
#3995=DIRECTION('ref_axis',(0.999955398360347,0.00944464345540276,0.));
#3996=DIRECTION('',(0.,-1.,0.));
#3997=DIRECTION('center_axis',(0.,0.,-1.));
#3998=DIRECTION('ref_axis',(-0.923879646559837,-0.382683157027417,0.));
#3999=DIRECTION('',(0.707106359717786,-0.707107202655058,0.));
#4000=DIRECTION('center_axis',(0.,0.,-1.));
#4001=DIRECTION('ref_axis',(-0.38268370770273,-0.923879418462654,0.));
#4002=DIRECTION('',(1.,0.,0.));
#4003=DIRECTION('center_axis',(0.,0.,1.));
#4004=DIRECTION('ref_axis',(0.382683432365095,0.923879532511285,0.));
#4005=DIRECTION('center_axis',(0.,0.,-1.));
#4006=DIRECTION('ref_axis',(0.,-1.,0.));
#4007=DIRECTION('center_axis',(0.,0.,-1.));
#4008=DIRECTION('ref_axis',(1.,0.,0.));
#4009=DIRECTION('center_axis',(0.,0.,-1.));
#4010=DIRECTION('ref_axis',(1.,0.,0.));
#4011=DIRECTION('center_axis',(0.,0.,1.));
#4012=DIRECTION('ref_axis',(1.,0.,0.));
#4013=DIRECTION('center_axis',(0.,0.,1.));
#4014=DIRECTION('ref_axis',(1.,0.,0.));
#4015=DIRECTION('center_axis',(0.,0.,1.));
#4016=DIRECTION('ref_axis',(-1.,0.,0.));
#4017=DIRECTION('center_axis',(0.,0.,1.));
#4018=DIRECTION('ref_axis',(-1.,0.,0.));
#4019=DIRECTION('center_axis',(0.,0.,1.));
#4020=DIRECTION('ref_axis',(-1.,0.,0.));
#4021=DIRECTION('',(0.,0.,1.));
#4022=DIRECTION('center_axis',(0.,0.,1.));
#4023=DIRECTION('ref_axis',(0.,1.,0.));
#4024=DIRECTION('',(0.,0.,-1.));
#4025=DIRECTION('center_axis',(0.,0.,-1.));
#4026=DIRECTION('ref_axis',(-1.,0.,0.));
#4027=DIRECTION('center_axis',(0.,0.,1.));
#4028=DIRECTION('ref_axis',(-0.29108469759321,-0.956697286934101,0.));
#4029=DIRECTION('center_axis',(0.,0.,1.));
#4030=DIRECTION('ref_axis',(-0.29108469759321,-0.956697286934101,0.));
#4031=DIRECTION('',(0.,0.,1.));
#4032=DIRECTION('',(0.,0.,-1.));
#4033=DIRECTION('center_axis',(0.556959880910917,0.830539397654137,0.));
#4034=DIRECTION('ref_axis',(-0.830539397654137,0.556959880910917,0.));
#4035=DIRECTION('',(0.830539397654137,-0.556959880910917,0.));
#4036=DIRECTION('',(0.,0.,-1.));
#4037=DIRECTION('center_axis',(0.,0.,1.));
#4038=DIRECTION('ref_axis',(0.999955398360347,0.00944464345540276,0.));
#4039=DIRECTION('center_axis',(0.,0.,-1.));
#4040=DIRECTION('ref_axis',(0.999955398360347,0.00944464345540276,0.));
#4041=DIRECTION('',(0.,0.,-1.));
#4042=DIRECTION('',(0.,0.,1.));
#4043=DIRECTION('center_axis',(1.,0.,0.));
#4044=DIRECTION('ref_axis',(0.,1.,0.));
#4045=DIRECTION('',(0.,1.,0.));
#4046=DIRECTION('',(0.,0.,1.));
#4047=DIRECTION('center_axis',(0.,0.,1.));
#4048=DIRECTION('ref_axis',(-0.923879646559837,-0.382683157027417,0.));
#4049=DIRECTION('center_axis',(0.,0.,1.));
#4050=DIRECTION('ref_axis',(-0.923879646559837,-0.382683157027417,0.));
#4051=DIRECTION('',(0.,0.,-1.));
#4052=DIRECTION('center_axis',(0.,0.,1.));
#4053=DIRECTION('ref_axis',(-0.38268370770273,-0.923879418462654,0.));
#4054=DIRECTION('',(0.,0.,1.));
#4055=DIRECTION('center_axis',(0.,0.,1.));
#4056=DIRECTION('ref_axis',(-0.38268370770273,-0.923879418462654,0.));
#4057=DIRECTION('',(0.,0.,-1.));
#4058=DIRECTION('center_axis',(0.707107202655058,0.707106359717786,0.));
#4059=DIRECTION('ref_axis',(-0.707106359717786,0.707107202655058,0.));
#4060=DIRECTION('',(-0.707106359717786,0.707107202655058,0.));
#4061=DIRECTION('center_axis',(0.,0.,1.));
#4062=DIRECTION('ref_axis',(-0.291084697593211,0.956697286934101,0.));
#4063=DIRECTION('center_axis',(0.,0.,1.));
#4064=DIRECTION('ref_axis',(-0.291084697593211,0.956697286934101,0.));
#4065=DIRECTION('',(0.,0.,1.));
#4066=DIRECTION('',(0.,0.,-1.));
#4067=DIRECTION('center_axis',(2.1892778100414E-16,1.,0.));
#4068=DIRECTION('ref_axis',(-1.,2.1892778100414E-16,0.));
#4069=DIRECTION('',(1.,-2.1892778100414E-16,0.));
#4070=DIRECTION('',(0.,0.,-1.));
#4071=DIRECTION('center_axis',(0.,0.,1.));
#4072=DIRECTION('ref_axis',(-0.38268370770273,0.923879418462654,0.));
#4073=DIRECTION('',(0.,0.,1.));
#4074=DIRECTION('center_axis',(0.,0.,1.));
#4075=DIRECTION('ref_axis',(-0.38268370770273,0.923879418462654,0.));
#4076=DIRECTION('',(0.,0.,-1.));
#4077=DIRECTION('center_axis',(0.,1.,0.));
#4078=DIRECTION('ref_axis',(-1.,0.,0.));
#4079=DIRECTION('',(0.,0.,-1.));
#4080=DIRECTION('',(-1.,0.,0.));
#4081=DIRECTION('center_axis',(0.,0.,1.));
#4082=DIRECTION('ref_axis',(-0.923879646559837,0.382683157027417,0.));
#4083=DIRECTION('',(0.,0.,1.));
#4084=DIRECTION('center_axis',(0.,0.,1.));
#4085=DIRECTION('ref_axis',(-0.923879646559837,0.382683157027417,0.));
#4086=DIRECTION('',(0.,0.,-1.));
#4087=DIRECTION('center_axis',(-0.707107202655058,0.707106359717786,0.));
#4088=DIRECTION('ref_axis',(-0.707106359717786,-0.707107202655058,0.));
#4089=DIRECTION('',(-0.707106359717786,-0.707107202655058,0.));
#4090=DIRECTION('center_axis',(0.,0.,1.));
#4091=DIRECTION('ref_axis',(0.382683432365095,0.923879532511285,0.));
#4092=DIRECTION('center_axis',(0.,0.,-1.));
#4093=DIRECTION('ref_axis',(0.382683432365095,0.923879532511285,0.));
#4094=DIRECTION('',(0.,0.,1.));
#4095=DIRECTION('center_axis',(0.,0.,1.));
#4096=DIRECTION('ref_axis',(-0.38268343236509,-0.923879532511287,0.));
#4097=DIRECTION('',(0.,0.,-1.));
#4098=DIRECTION('center_axis',(0.,0.,-1.));
#4099=DIRECTION('ref_axis',(0.38268343236509,0.923879532511287,0.));
#4100=DIRECTION('center_axis',(0.,0.,-1.));
#4101=DIRECTION('ref_axis',(0.38268343236509,0.923879532511287,0.));
#4102=DIRECTION('',(0.,0.,1.));
#4103=DIRECTION('center_axis',(0.,0.,1.));
#4104=DIRECTION('ref_axis',(0.38268343236509,-0.923879532511287,0.));
#4105=DIRECTION('center_axis',(0.,0.,-1.));
#4106=DIRECTION('ref_axis',(0.38268343236509,-0.923879532511287,0.));
#4107=DIRECTION('center_axis',(0.,0.,-1.));
#4108=DIRECTION('ref_axis',(-1.,0.,0.));
#4109=DIRECTION('',(1.,2.1892778100414E-16,0.));
#4110=DIRECTION('',(-1.,0.,0.));
#4111=DIRECTION('center_axis',(0.,0.,1.));
#4112=DIRECTION('ref_axis',(-1.,0.,0.));
#4113=DIRECTION('',(-0.98975815389769,-0.142754323202614,0.));
#4114=DIRECTION('center_axis',(0.,0.,1.));
#4115=DIRECTION('ref_axis',(-1.,0.,0.));
#4116=DIRECTION('center_axis',(0.,0.,1.));
#4117=DIRECTION('ref_axis',(-1.,0.,0.));
#4118=DIRECTION('center_axis',(0.,0.,-1.));
#4119=DIRECTION('ref_axis',(1.,0.,0.));
#4120=DIRECTION('center_axis',(0.,0.,1.));
#4121=DIRECTION('ref_axis',(-1.,0.,0.));
#4122=DIRECTION('',(-0.989760392230218,-0.142738803316701,0.));
#4123=DIRECTION('center_axis',(0.,0.,1.));
#4124=DIRECTION('ref_axis',(-1.,0.,0.));
#4125=DIRECTION('',(0.,-1.,0.));
#4126=DIRECTION('center_axis',(0.,0.,1.));
#4127=DIRECTION('ref_axis',(-1.,0.,0.));
#4128=DIRECTION('center_axis',(0.,0.,-1.));
#4129=DIRECTION('ref_axis',(1.,0.,0.));
#4130=DIRECTION('center_axis',(0.,0.,-1.));
#4131=DIRECTION('ref_axis',(-0.794248395583233,-0.607593191299458,0.));
#4132=DIRECTION('center_axis',(0.,0.,1.));
#4133=DIRECTION('ref_axis',(-0.794248395583233,0.607593191299458,0.));
#4134=DIRECTION('center_axis',(0.,0.,1.));
#4135=DIRECTION('ref_axis',(1.,0.,0.));
#4136=DIRECTION('center_axis',(0.,0.,-1.));
#4137=DIRECTION('ref_axis',(-1.,0.,0.));
#4138=DIRECTION('',(0.,1.,0.));
#4139=DIRECTION('center_axis',(0.,0.,-1.));
#4140=DIRECTION('ref_axis',(-1.,0.,0.));
#4141=DIRECTION('',(-0.989760392230218,0.142738803316701,0.));
#4142=DIRECTION('center_axis',(0.,0.,-1.));
#4143=DIRECTION('ref_axis',(-1.,0.,0.));
#4144=DIRECTION('center_axis',(0.,0.,1.));
#4145=DIRECTION('ref_axis',(1.,0.,0.));
#4146=DIRECTION('center_axis',(0.,0.,-1.));
#4147=DIRECTION('ref_axis',(-1.,0.,0.));
#4148=DIRECTION('center_axis',(0.,0.,-1.));
#4149=DIRECTION('ref_axis',(-1.,0.,0.));
#4150=DIRECTION('',(-0.98975815389769,0.142754323202614,0.));
#4151=DIRECTION('center_axis',(0.,0.,-1.));
#4152=DIRECTION('ref_axis',(-1.,0.,0.));
#4153=DIRECTION('',(0.,-1.,0.));
#4154=DIRECTION('',(0.830539397654137,0.556959880910917,0.));
#4155=DIRECTION('center_axis',(0.,0.,-1.));
#4156=DIRECTION('ref_axis',(-0.191932106732541,-0.981408205796756,0.));
#4157=DIRECTION('',(0.559526589884,-0.828812400494094,0.));
#4158=DIRECTION('center_axis',(0.,0.,-1.));
#4159=DIRECTION('ref_axis',(-0.981408205796756,0.191932106732542,0.));
#4160=DIRECTION('',(-0.830539397654137,-0.556959880910917,0.));
#4161=DIRECTION('center_axis',(0.,0.,1.));
#4162=DIRECTION('ref_axis',(1.,0.,0.));
#4163=DIRECTION('center_axis',(0.,0.,1.));
#4164=DIRECTION('ref_axis',(1.,0.,0.));
#4165=DIRECTION('',(-0.830539397654137,0.556959880910917,0.));
#4166=DIRECTION('center_axis',(0.,0.,-1.));
#4167=DIRECTION('ref_axis',(-0.981408205796755,-0.191932106732549,0.));
#4168=DIRECTION('',(0.559526589884,0.828812400494094,0.));
#4169=DIRECTION('center_axis',(0.,0.,-1.));
#4170=DIRECTION('ref_axis',(-0.191932106732551,0.981408205796754,0.));
#4171=DIRECTION('center_axis',(0.,0.,-1.));
#4172=DIRECTION('ref_axis',(1.,0.,0.));
#4173=DIRECTION('center_axis',(0.,0.,-1.));
#4174=DIRECTION('ref_axis',(1.,0.,0.));
#4175=DIRECTION('center_axis',(0.,0.,1.));
#4176=DIRECTION('ref_axis',(1.,0.,0.));
#4177=DIRECTION('center_axis',(0.,0.,1.));
#4178=DIRECTION('ref_axis',(1.,0.,0.));
#4179=DIRECTION('center_axis',(0.,0.,-1.));
#4180=DIRECTION('ref_axis',(-1.,0.,0.));
#4181=DIRECTION('center_axis',(0.,0.,-1.));
#4182=DIRECTION('ref_axis',(-1.,0.,0.));
#4183=DIRECTION('center_axis',(0.,0.,1.));
#4184=DIRECTION('ref_axis',(-1.,0.,0.));
#4185=DIRECTION('',(0.,0.,1.));
#4186=DIRECTION('center_axis',(0.,0.,1.));
#4187=DIRECTION('ref_axis',(-1.,0.,0.));
#4188=DIRECTION('',(0.,0.,1.));
#4189=DIRECTION('center_axis',(0.,1.,0.));
#4190=DIRECTION('ref_axis',(-1.,0.,0.));
#4191=DIRECTION('center_axis',(0.,0.,1.));
#4192=DIRECTION('ref_axis',(-0.191932106732541,-0.981408205796756,0.));
#4193=DIRECTION('',(0.,0.,-1.));
#4194=DIRECTION('',(0.,0.,1.));
#4195=DIRECTION('center_axis',(0.828812400494094,0.559526589884,0.));
#4196=DIRECTION('ref_axis',(-0.559526589884,0.828812400494094,0.));
#4197=DIRECTION('',(0.,0.,1.));
#4198=DIRECTION('center_axis',(0.,0.,1.));
#4199=DIRECTION('ref_axis',(-0.981408205796756,0.191932106732542,0.));
#4200=DIRECTION('',(0.,0.,-1.));
#4201=DIRECTION('center_axis',(0.556959880910917,-0.830539397654137,0.));
#4202=DIRECTION('ref_axis',(0.830539397654137,0.556959880910917,0.));
#4203=DIRECTION('',(0.,0.,1.));
#4204=DIRECTION('center_axis',(0.,0.,1.));
#4205=DIRECTION('ref_axis',(-1.,1.08578587161541E-11,0.));
#4206=DIRECTION('center_axis',(0.,0.,1.));
#4207=DIRECTION('ref_axis',(1.,0.,0.));
#4208=DIRECTION('',(0.,0.,-1.));
#4209=DIRECTION('center_axis',(0.,0.,1.));
#4210=DIRECTION('ref_axis',(1.,0.,0.));
#4211=DIRECTION('',(0.,0.,1.));
#4212=DIRECTION('',(0.,0.,-1.));
#4213=DIRECTION('center_axis',(0.,0.,1.));
#4214=DIRECTION('ref_axis',(0.,-1.,0.));
#4215=DIRECTION('center_axis',(-0.556959880910917,0.830539397654137,0.));
#4216=DIRECTION('ref_axis',(-0.830539397654137,-0.556959880910917,0.));
#4217=DIRECTION('center_axis',(0.,0.,-1.));
#4218=DIRECTION('ref_axis',(1.,0.,0.));
#4219=DIRECTION('',(0.,0.,-1.));
#4220=DIRECTION('center_axis',(0.,0.,-1.));
#4221=DIRECTION('ref_axis',(1.,0.,0.));
#4222=DIRECTION('',(0.,0.,-1.));
#4223=DIRECTION('center_axis',(0.,0.,-1.));
#4224=DIRECTION('ref_axis',(1.,0.,0.));
#4225=DIRECTION('',(0.,0.,1.));
#4226=DIRECTION('',(0.,0.,1.));
#4227=DIRECTION('center_axis',(0.,0.,-1.));
#4228=DIRECTION('ref_axis',(-1.,0.,0.));
#4229=DIRECTION('',(0.,0.,1.));
#4230=DIRECTION('center_axis',(0.,0.,-1.));
#4231=DIRECTION('ref_axis',(-1.,0.,0.));
#4232=DIRECTION('',(0.,0.,1.));
#4233=DIRECTION('center_axis',(0.142754323202614,0.98975815389769,0.));
#4234=DIRECTION('ref_axis',(-0.98975815389769,0.142754323202614,0.));
#4235=DIRECTION('',(0.,0.,1.));
#4236=DIRECTION('center_axis',(0.,0.,-1.));
#4237=DIRECTION('ref_axis',(-1.,0.,0.));
#4238=DIRECTION('',(0.,0.,1.));
#4239=DIRECTION('center_axis',(-1.,0.,0.));
#4240=DIRECTION('ref_axis',(0.,-1.,0.));
#4241=DIRECTION('center_axis',(0.,0.,-1.));
#4242=DIRECTION('ref_axis',(-0.794248395583233,0.607593191299458,0.));
#4243=DIRECTION('',(0.,0.,1.));
#4244=DIRECTION('',(0.,0.,1.));
#4245=DIRECTION('center_axis',(0.,0.,-1.));
#4246=DIRECTION('ref_axis',(1.,0.,0.));
#4247=DIRECTION('',(0.,0.,1.));
#4248=DIRECTION('center_axis',(0.,0.,-1.));
#4249=DIRECTION('ref_axis',(-1.,0.,0.));
#4250=DIRECTION('',(0.,0.,1.));
#4251=DIRECTION('center_axis',(1.,0.,0.));
#4252=DIRECTION('ref_axis',(0.,1.,0.));
#4253=DIRECTION('',(0.,0.,1.));
#4254=DIRECTION('center_axis',(0.,0.,-1.));
#4255=DIRECTION('ref_axis',(-1.,0.,0.));
#4256=DIRECTION('',(0.,0.,1.));
#4257=DIRECTION('center_axis',(0.142738803316701,0.989760392230219,0.));
#4258=DIRECTION('ref_axis',(-0.989760392230218,0.142738803316701,0.));
#4259=DIRECTION('',(0.,0.,1.));
#4260=DIRECTION('center_axis',(0.,0.,-1.));
#4261=DIRECTION('ref_axis',(-1.,0.,0.));
#4262=DIRECTION('center_axis',(0.,0.,1.));
#4263=DIRECTION('ref_axis',(-0.191932106732551,0.981408205796754,0.));
#4264=DIRECTION('',(0.,0.,1.));
#4265=DIRECTION('center_axis',(-0.828812400494094,0.559526589884,0.));
#4266=DIRECTION('ref_axis',(-0.559526589884,-0.828812400494094,0.));
#4267=DIRECTION('',(0.,0.,-1.));
#4268=DIRECTION('center_axis',(0.,0.,1.));
#4269=DIRECTION('ref_axis',(-0.981408205796755,-0.191932106732549,0.));
#4270=DIRECTION('',(0.,0.,1.));
#4271=DIRECTION('center_axis',(0.,0.,1.));
#4272=DIRECTION('ref_axis',(1.,0.,0.));
#4273=DIRECTION('center_axis',(0.,-1.,0.));
#4274=DIRECTION('ref_axis',(-1.,0.,0.));
#4275=DIRECTION('center_axis',(-0.556959880910917,-0.830539397654137,0.));
#4276=DIRECTION('ref_axis',(0.830539397654137,-0.556959880910917,0.));
#4277=DIRECTION('center_axis',(-2.1892778100414E-16,1.,0.));
#4278=DIRECTION('ref_axis',(-1.,-2.1892778100414E-16,0.));
#4279=DIRECTION('center_axis',(0.,0.,1.));
#4280=DIRECTION('ref_axis',(1.,0.,0.));
#4281=DIRECTION('',(0.,0.,-1.));
#4282=DIRECTION('center_axis',(0.,0.,1.));
#4283=DIRECTION('ref_axis',(1.,0.,0.));
#4284=DIRECTION('',(0.,0.,-1.));
#4285=DIRECTION('center_axis',(0.,0.,1.));
#4286=DIRECTION('ref_axis',(1.,0.,0.));
#4287=DIRECTION('',(0.,0.,1.));
#4288=DIRECTION('',(0.,0.,1.));
#4289=DIRECTION('center_axis',(0.,0.,1.));
#4290=DIRECTION('ref_axis',(-1.,0.,0.));
#4291=DIRECTION('',(0.,0.,1.));
#4292=DIRECTION('center_axis',(0.,0.,1.));
#4293=DIRECTION('ref_axis',(-1.,0.,0.));
#4294=DIRECTION('',(0.,0.,1.));
#4295=DIRECTION('center_axis',(-0.142754323202614,0.98975815389769,0.));
#4296=DIRECTION('ref_axis',(-0.98975815389769,-0.142754323202614,0.));
#4297=DIRECTION('',(0.,0.,1.));
#4298=DIRECTION('center_axis',(0.,0.,1.));
#4299=DIRECTION('ref_axis',(-1.,0.,0.));
#4300=DIRECTION('center_axis',(0.,1.,0.));
#4301=DIRECTION('ref_axis',(-1.,0.,0.));
#4302=DIRECTION('center_axis',(0.,0.,1.));
#4303=DIRECTION('ref_axis',(-0.794248395583233,-0.607593191299458,0.));
#4304=DIRECTION('',(0.,0.,1.));
#4305=DIRECTION('center_axis',(0.,0.,1.));
#4306=DIRECTION('ref_axis',(1.,0.,0.));
#4307=DIRECTION('',(0.,0.,1.));
#4308=DIRECTION('center_axis',(0.,0.,1.));
#4309=DIRECTION('ref_axis',(-1.,0.,0.));
#4310=DIRECTION('',(0.,0.,1.));
#4311=DIRECTION('center_axis',(-1.,0.,0.));
#4312=DIRECTION('ref_axis',(0.,-1.,0.));
#4313=DIRECTION('',(0.,0.,1.));
#4314=DIRECTION('center_axis',(0.,0.,1.));
#4315=DIRECTION('ref_axis',(-1.,0.,0.));
#4316=DIRECTION('',(0.,0.,1.));
#4317=DIRECTION('center_axis',(-0.142738803316701,0.989760392230219,0.));
#4318=DIRECTION('ref_axis',(-0.989760392230218,-0.142738803316701,0.));
#4319=DIRECTION('',(0.,0.,1.));
#4320=DIRECTION('center_axis',(0.,0.,1.));
#4321=DIRECTION('ref_axis',(-1.,0.,0.));
#4322=CARTESIAN_POINT('',(0.,0.,0.));
#4323=CARTESIAN_POINT('Origin',(185.7442237854,107.765913009644,4.));
#4324=CARTESIAN_POINT('',(185.7442237854,107.265913009644,4.));
#4325=CARTESIAN_POINT('',(185.7442237854,107.265913009644,8.));
#4326=CARTESIAN_POINT('',(185.7442237854,107.265913009644,4.));
#4327=CARTESIAN_POINT('',(185.2442237854,107.765913009644,8.));
#4328=CARTESIAN_POINT('Origin',(185.7442237854,107.765913009644,8.));
#4329=CARTESIAN_POINT('',(185.2442237854,107.765913009644,3.5));
#4330=CARTESIAN_POINT('',(185.2442237854,107.765913009644,4.));
#4331=CARTESIAN_POINT('Origin',(185.7442237854,107.765913009644,3.5));
#4332=CARTESIAN_POINT('Origin',(185.7442237854,100.540355905665,3.5));
#4333=CARTESIAN_POINT('',(185.7442237854,106.317008571239,4.));
#4334=CARTESIAN_POINT('',(185.7442237854,100.540355905665,4.));
#4335=CARTESIAN_POINT('',(185.2442237854,106.817008571239,3.5));
#4336=CARTESIAN_POINT('',(185.2442237854,100.540355905665,3.5));
#4337=CARTESIAN_POINT('Origin',(185.7442237854,106.817008571239,3.5));
#4338=CARTESIAN_POINT('Origin',(185.7442237854,106.817008571239,0.));
#4339=CARTESIAN_POINT('',(185.2442237854,106.817008571239,0.));
#4340=CARTESIAN_POINT('',(185.2442237854,106.817008571239,0.));
#4341=CARTESIAN_POINT('',(185.7442237854,106.317008571239,0.));
#4342=CARTESIAN_POINT('Origin',(185.7442237854,106.817008571239,0.));
#4343=CARTESIAN_POINT('',(185.7442237854,106.317008571239,0.));
#4344=CARTESIAN_POINT('Origin',(185.2442237854,107.265913009644,8.));
#4345=CARTESIAN_POINT('',(191.52917487788,107.265913009644,4.));
#4346=CARTESIAN_POINT('',(208.263253125159,107.265913009644,4.));
#4347=CARTESIAN_POINT('',(191.52917487788,107.265913009644,8.));
#4348=CARTESIAN_POINT('',(191.52917487788,107.265913009644,0.375000000000001));
#4349=CARTESIAN_POINT('',(161.996188571064,107.265913009644,8.));
#4350=CARTESIAN_POINT('Origin',(153.282147361771,94.7637032400915,4.));
#4351=CARTESIAN_POINT('',(188.5442237854,106.317008571239,4.));
#4352=CARTESIAN_POINT('',(170.913185573586,106.317008571239,4.));
#4353=CARTESIAN_POINT('',(188.5442237854,83.2103979089441,4.));
#4354=CARTESIAN_POINT('',(188.5442237854,88.9870505745178,4.));
#4355=CARTESIAN_POINT('',(176.0442237854,83.2103979089441,4.));
#4356=CARTESIAN_POINT('',(164.663185573586,83.2103979089441,4.));
#4357=CARTESIAN_POINT('',(176.0442237854,106.817008571239,4.));
#4358=CARTESIAN_POINT('',(176.0442237854,100.540355905665,4.));
#4359=CARTESIAN_POINT('',(176.7442237854,106.817008571239,4.));
#4360=CARTESIAN_POINT('',(165.263185573586,106.817008571239,4.));
#4361=CARTESIAN_POINT('',(176.7442237854,107.265913009644,4.));
#4362=CARTESIAN_POINT('',(176.7442237854,101.540355905665,4.));
#4363=CARTESIAN_POINT('',(115.035119845662,107.265913009644,4.));
#4364=CARTESIAN_POINT('',(208.263253125159,107.265913009644,4.));
#4365=CARTESIAN_POINT('',(115.035119845662,82.2614934705394,4.));
#4366=CARTESIAN_POINT('Origin',(96.9354878823054,94.7637032400915,4.));
#4367=CARTESIAN_POINT('',(191.52917487788,82.2614934705394,4.));
#4368=CARTESIAN_POINT('',(99.3880989529462,82.2614934705394,4.));
#4369=CARTESIAN_POINT('',(191.486280040355,82.2630504444523,4.));
#4370=CARTESIAN_POINT('Origin',(191.43518447876,80.2637032400915,4.));
#4371=CARTESIAN_POINT('',(191.486280040355,107.264356035731,4.));
#4372=CARTESIAN_POINT('',(191.486280040355,86.7625983553026,4.));
#4373=CARTESIAN_POINT('Origin',(191.43518447876,109.263703240091,4.));
#4374=CARTESIAN_POINT('Origin',(188.5442237854,106.317008571239,0.));
#4375=CARTESIAN_POINT('',(188.5442237854,106.317008571239,0.));
#4376=CARTESIAN_POINT('',(156.23970413208,106.317008571239,0.));
#4377=CARTESIAN_POINT('',(188.5442237854,106.317008571239,4.));
#4378=CARTESIAN_POINT('Origin',(123.93518447876,119.016232591362,0.));
#4379=CARTESIAN_POINT('',(185.2442237854,108.317008571239,0.));
#4380=CARTESIAN_POINT('',(185.2442237854,112.666620581301,0.));
#4381=CARTESIAN_POINT('',(185.2442237854,109.317008571239,0.));
#4382=CARTESIAN_POINT('Origin',(185.2442237854,108.817008571239,0.));
#4383=CARTESIAN_POINT('',(185.2442237854,110.817008571239,0.));
#4384=CARTESIAN_POINT('',(185.2442237854,114.166620581301,0.));
#4385=CARTESIAN_POINT('',(191.435184478736,110.817008571239,0.));
#4386=CARTESIAN_POINT('',(183.581629657643,110.817008571239,0.));
#4387=CARTESIAN_POINT('',(191.486280040355,110.765913009667,0.));
#4388=CARTESIAN_POINT('Origin',(191.43518447876,110.765913009644,0.));
#4389=CARTESIAN_POINT('',(191.486280040355,78.7614934705137,0.));
#4390=CARTESIAN_POINT('',(191.486280040355,86.7631953424013,0.));
#4391=CARTESIAN_POINT('',(191.435184478736,78.7103979089441,0.));
#4392=CARTESIAN_POINT('Origin',(191.43518447876,78.7614934705394,0.));
#4393=CARTESIAN_POINT('',(179.810334821862,78.7103979089441,0.));
#4394=CARTESIAN_POINT('',(177.769204829206,78.7103979089441,0.));
#4395=CARTESIAN_POINT('',(179.021348129876,78.5603979089224,2.22044604925031E-15));
#4396=CARTESIAN_POINT('Origin',(179.021348129904,80.7103979089223,2.22044604925031E-15));
#4397=CARTESIAN_POINT('',(169.567099440878,78.5603979089224,2.22044604925031E-15));
#4398=CARTESIAN_POINT('',(179.021348129876,78.5603979089224,2.22044604925031E-15));
#4399=CARTESIAN_POINT('',(168.778112748939,78.7103979089441,0.));
#4400=CARTESIAN_POINT('Origin',(169.567099440897,80.7103979089223,2.22044604925031E-15));
#4401=CARTESIAN_POINT('',(162.76360397414,78.7103979089441,0.));
#4402=CARTESIAN_POINT('',(169.245839405345,78.7103979089441,0.));
#4403=CARTESIAN_POINT('',(160.055999361517,77.6359888219899,0.));
#4404=CARTESIAN_POINT('Origin',(162.763603974111,74.7614934705394,0.));
#4405=CARTESIAN_POINT('',(159.969869632745,77.673182417487,0.));
#4406=CARTESIAN_POINT('Origin',(160.020965194341,77.6731824174735,0.));
#4407=CARTESIAN_POINT('',(159.969869632745,111.856612011173,0.));
#4408=CARTESIAN_POINT('',(159.969869632745,103.310754612731,0.));
#4409=CARTESIAN_POINT('',(160.045282792234,111.901549866499,0.));
#4410=CARTESIAN_POINT('Origin',(160.020965194341,111.856612011104,0.));
#4411=CARTESIAN_POINT('',(162.76360397414,110.817008571239,0.));
#4412=CARTESIAN_POINT('Origin',(162.763603974111,114.765913009644,0.));
#4413=CARTESIAN_POINT('',(167.455237093494,110.817008571239,0.));
#4414=CARTESIAN_POINT('',(171.591655965022,110.817008571239,0.));
#4415=CARTESIAN_POINT('',(168.244223785418,110.967008571239,2.22044604925031E-15));
#4416=CARTESIAN_POINT('Origin',(168.244223785397,108.817008571239,2.22044604925031E-15));
#4417=CARTESIAN_POINT('',(172.334456984452,110.967008571239,2.22044604925031E-15));
#4418=CARTESIAN_POINT('',(168.244223785418,110.967008571239,2.22044604925031E-15));
#4419=CARTESIAN_POINT('',(172.334456984452,110.817008571239,2.22044604925031E-15));
#4420=CARTESIAN_POINT('',(172.334456984452,115.891072800503,0.));
#4421=CARTESIAN_POINT('',(177.2442237854,110.817008571239,0.));
#4422=CARTESIAN_POINT('',(150.034820731606,110.817008571239,0.));
#4423=CARTESIAN_POINT('',(177.2442237854,109.317008571239,0.));
#4424=CARTESIAN_POINT('',(177.2442237854,114.916620581301,0.));
#4425=CARTESIAN_POINT('',(177.2442237854,108.317008571239,0.));
#4426=CARTESIAN_POINT('Origin',(177.2442237854,108.817008571239,0.));
#4427=CARTESIAN_POINT('',(177.2442237854,106.817008571239,0.));
#4428=CARTESIAN_POINT('',(177.2442237854,113.666620581301,0.));
#4429=CARTESIAN_POINT('',(176.7442237854,106.317008571239,0.));
#4430=CARTESIAN_POINT('Origin',(176.7442237854,106.817008571239,0.));
#4431=CARTESIAN_POINT('',(176.0442237854,106.317008571239,0.));
#4432=CARTESIAN_POINT('',(150.58970413208,106.317008571239,0.));
#4433=CARTESIAN_POINT('',(176.0442237854,83.2103979089441,0.));
#4434=CARTESIAN_POINT('',(176.0442237854,112.666620581301,0.));
#4435=CARTESIAN_POINT('',(188.5442237854,83.2103979089441,0.));
#4436=CARTESIAN_POINT('',(149.98970413208,83.2103979089441,0.));
#4437=CARTESIAN_POINT('',(188.5442237854,101.113315250153,0.));
#4438=CARTESIAN_POINT('',(185.9942237854,80.7103979089223,0.));
#4439=CARTESIAN_POINT('Origin',(185.2442237854,80.7103979089223,0.));
#4440=CARTESIAN_POINT('',(179.9942237854,80.7103979089223,0.));
#4441=CARTESIAN_POINT('Origin',(179.2442237854,80.7103979089223,0.));
#4442=CARTESIAN_POINT('Origin',(176.7442237854,106.817008571239,3.5));
#4443=CARTESIAN_POINT('',(177.2442237854,106.817008571239,3.5));
#4444=CARTESIAN_POINT('',(176.7442237854,106.317008571239,3.5));
#4445=CARTESIAN_POINT('Origin',(176.7442237854,106.817008571239,3.5));
#4446=CARTESIAN_POINT('Origin',(176.7442237854,106.817008571239,3.5));
#4447=CARTESIAN_POINT('Origin',(176.7442237854,106.817008571239,3.5));
#4448=CARTESIAN_POINT('Origin',(176.7442237854,107.765913009644,4.));
#4449=CARTESIAN_POINT('',(177.2442237854,107.765913009644,3.5));
#4450=CARTESIAN_POINT('',(177.2442237854,107.765913009644,8.));
#4451=CARTESIAN_POINT('',(177.2442237854,107.765913009644,4.));
#4452=CARTESIAN_POINT('',(176.7442237854,107.265913009644,8.));
#4453=CARTESIAN_POINT('Origin',(176.7442237854,107.765913009644,8.));
#4454=CARTESIAN_POINT('',(176.7442237854,107.265913009644,4.));
#4455=CARTESIAN_POINT('Origin',(176.7442237854,107.765913009644,3.5));
#4456=CARTESIAN_POINT('Origin',(176.7442237854,101.540355905665,3.5));
#4457=CARTESIAN_POINT('',(177.2442237854,101.540355905665,3.5));
#4458=CARTESIAN_POINT('Origin',(165.263185573586,106.817008571239,3.5));
#4459=CARTESIAN_POINT('',(176.0442237854,106.317008571239,3.5));
#4460=CARTESIAN_POINT('Origin',(176.0442237854,106.817008571239,3.5));
#4461=CARTESIAN_POINT('',(165.263185573586,106.317008571239,3.5));
#4462=CARTESIAN_POINT('Origin',(176.7442237854,106.817008571239,0.));
#4463=CARTESIAN_POINT('',(177.2442237854,106.817008571239,0.));
#4464=CARTESIAN_POINT('',(176.7442237854,106.317008571239,0.));
#4465=CARTESIAN_POINT('Origin',(177.2442237854,106.317008571239,0.));
#4466=CARTESIAN_POINT('',(176.0442237854,106.317008571239,4.));
#4467=CARTESIAN_POINT('Origin',(115.035119845662,107.265913009644,8.));
#4468=CARTESIAN_POINT('',(115.035119845662,107.265913009644,8.));
#4469=CARTESIAN_POINT('',(126.891636601195,107.265913009644,8.));
#4470=CARTESIAN_POINT('',(115.035119845662,107.265913009644,0.));
#4471=CARTESIAN_POINT('Origin',(191.52917487788,82.2614934705394,8.));
#4472=CARTESIAN_POINT('',(191.52917487788,82.2614934705394,8.));
#4473=CARTESIAN_POINT('',(115.035119845662,82.2614934705394,8.));
#4474=CARTESIAN_POINT('',(165.138664117304,82.2614934705394,8.));
#4475=CARTESIAN_POINT('',(191.52917487788,82.2614934705394,0.375000000000001));
#4476=CARTESIAN_POINT('',(115.035119845662,82.2614934705394,0.));
#4477=CARTESIAN_POINT('Origin',(176.0442237854,106.317008571239,0.));
#4478=CARTESIAN_POINT('',(176.0442237854,83.2103979089441,4.));
#4479=CARTESIAN_POINT('Origin',(176.0442237854,83.2103979089441,0.));
#4480=CARTESIAN_POINT('',(188.5442237854,83.2103979089441,4.));
#4481=CARTESIAN_POINT('Origin',(188.5442237854,83.2103979089441,0.));
#4482=CARTESIAN_POINT('Origin',(185.2442237854,106.317008571239,0.));
#4483=CARTESIAN_POINT('',(185.2442237854,108.317008571239,8.));
#4484=CARTESIAN_POINT('',(185.2442237854,101.939366373969,8.));
#4485=CARTESIAN_POINT('',(185.2442237854,108.317008571239,0.));
#4486=CARTESIAN_POINT('Origin',(138.748153356728,69.5943466015639,8.));
#4487=CARTESIAN_POINT('',(107.904166678112,75.6956668491764,8.));
#4488=CARTESIAN_POINT('Origin',(96.9354878823054,94.7637032400915,8.));
#4489=CARTESIAN_POINT('',(87.7273477516601,62.1650881696117,8.));
#4490=CARTESIAN_POINT('',(77.4545886203701,55.2761739067238,8.));
#4491=CARTESIAN_POINT('',(87.1836427124937,59.3849561945354,8.));
#4492=CARTESIAN_POINT('Origin',(88.8412675134819,60.5040093743034,8.));
#4493=CARTESIAN_POINT('',(87.7287554874935,58.577494608695,8.));
#4494=CARTESIAN_POINT('',(89.9574585249797,55.2761739067238,8.));
#4495=CARTESIAN_POINT('',(90.5003000503036,58.0354689931548,8.));
#4496=CARTESIAN_POINT('Origin',(89.3863802884817,59.696547788463,8.));
#4497=CARTESIAN_POINT('',(111.319700619727,71.9969630469401,8.));
#4498=CARTESIAN_POINT('',(113.066692190936,73.1684959329193,8.));
#4499=CARTESIAN_POINT('',(112.433620381549,72.3358842516318,8.));
#4500=CARTESIAN_POINT('Origin',(112.433620381549,70.3358842516318,8.));
#4501=CARTESIAN_POINT('',(157.147142037543,72.3358842516318,8.));
#4502=CARTESIAN_POINT('',(191.43518447876,72.3358842516318,8.));
#4503=CARTESIAN_POINT('',(158.020965194341,72.847281815515,8.));
#4504=CARTESIAN_POINT('Origin',(156.606751631968,74.2614953778881,8.));
#4505=CARTESIAN_POINT('',(161.349390411738,76.1757070329125,8.));
#4506=CARTESIAN_POINT('',(152.133829649508,66.9601462706824,8.));
#4507=CARTESIAN_POINT('',(162.763603974111,76.7614934705394,8.));
#4508=CARTESIAN_POINT('Origin',(162.763603974111,74.7614934705394,8.));
#4509=CARTESIAN_POINT('',(191.43518447876,76.7614934705394,8.));
#4510=CARTESIAN_POINT('',(150.341665103047,76.7614934705394,8.));
#4511=CARTESIAN_POINT('',(193.43518447876,78.7614934705394,8.));
#4512=CARTESIAN_POINT('Origin',(191.43518447876,78.7614934705394,8.));
#4513=CARTESIAN_POINT('',(193.43518447876,80.2637032400915,8.));
#4514=CARTESIAN_POINT('',(193.43518447876,82.2637032400915,8.));
#4515=CARTESIAN_POINT('Origin',(191.43518447876,80.2637032400915,8.));
#4516=CARTESIAN_POINT('',(178.666098785406,81.1881755605355,8.));
#4517=CARTESIAN_POINT('',(179.9942237854,80.7103979089223,8.));
#4518=CARTESIAN_POINT('Origin',(179.2442237854,80.7103979089223,8.));
#4519=CARTESIAN_POINT('',(178.666098785395,80.2326202573217,8.));
#4520=CARTESIAN_POINT('Origin',(179.2442237854,80.7103979089223,8.));
#4521=CARTESIAN_POINT('Origin',(177.2442237854,80.7103979089441,8.));
#4522=CARTESIAN_POINT('',(185.9942237854,80.7103979089223,8.));
#4523=CARTESIAN_POINT('Origin',(185.2442237854,80.7103979089223,8.));
#4524=CARTESIAN_POINT('',(169.7442237854,80.7103979089441,8.));
#4525=CARTESIAN_POINT('Origin',(171.2442237854,80.7103979089441,8.));
#4526=CARTESIAN_POINT('Origin',(191.43518447876,109.263703240091,0.375));
#4527=CARTESIAN_POINT('',(191.486280040355,107.264356035731,3.99934720436078));
#4528=CARTESIAN_POINT('',(191.486280040355,107.264356035731,0.375));
#4529=CARTESIAN_POINT('',(193.43518447876,109.263703240091,2.));
#4530=CARTESIAN_POINT('Origin',(191.43518447876,109.263703240091,2.));
#4531=CARTESIAN_POINT('',(193.43518447876,109.263703240091,8.));
#4532=CARTESIAN_POINT('',(193.43518447876,109.263703240091,0.375));
#4533=CARTESIAN_POINT('Origin',(191.43518447876,109.263703240091,8.));
#4534=CARTESIAN_POINT('Origin',(183.734456984452,112.765913009644,3.625));
#4535=CARTESIAN_POINT('',(182.734456984452,112.765913009644,3.625));
#4536=CARTESIAN_POINT('Origin',(183.734456984452,112.765913009644,3.625));
#4537=CARTESIAN_POINT('',(182.734456984452,110.817008571239,3.625));
#4538=CARTESIAN_POINT('',(182.734456984452,112.765913009644,3.625));
#4539=CARTESIAN_POINT('Origin',(183.734456984452,110.817008571239,3.625));
#4540=CARTESIAN_POINT('Origin',(164.734456984452,112.765913009644,3.625));
#4541=CARTESIAN_POINT('',(163.734456984452,112.765913009644,3.625));
#4542=CARTESIAN_POINT('Origin',(164.734456984452,112.765913009644,3.625));
#4543=CARTESIAN_POINT('',(163.734456984452,107.765913009644,3.625));
#4544=CARTESIAN_POINT('',(163.734456984452,112.765913009644,3.625));
#4545=CARTESIAN_POINT('Origin',(164.734456984452,107.765913009644,3.625));
#4546=CARTESIAN_POINT('Origin',(164.734456984452,107.765913009644,3.625));
#4547=CARTESIAN_POINT('Origin',(180.344223785403,108.817008571239,-12.));
#4548=CARTESIAN_POINT('',(181.133210477306,110.817008571239,4.));
#4549=CARTESIAN_POINT('',(180.344223785336,110.967008571239,4.));
#4550=CARTESIAN_POINT('Origin',(180.344223785403,108.817008571239,4.));
#4551=CARTESIAN_POINT('',(180.344223785336,110.967008571239,-11.22));
#4552=CARTESIAN_POINT('',(180.344223785336,110.967008571239,-12.));
#4553=CARTESIAN_POINT('',(181.133210477306,110.817008571239,-11.22));
#4554=CARTESIAN_POINT('Origin',(180.344223785403,108.817008571239,-11.22));
#4555=CARTESIAN_POINT('',(181.133210477306,110.817008571239,0.));
#4556=CARTESIAN_POINT('Origin',(180.344223785336,110.967008571239,-12.));
#4557=CARTESIAN_POINT('',(177.234456984452,110.967008571239,4.));
#4558=CARTESIAN_POINT('',(166.802843410554,110.967008571239,4.));
#4559=CARTESIAN_POINT('',(177.234456984452,110.967008571239,3.25));
#4560=CARTESIAN_POINT('',(177.234456984452,110.967008571239,1.625));
#4561=CARTESIAN_POINT('',(176.134456984452,110.967008571239,3.25));
#4562=CARTESIAN_POINT('',(178.239340384894,110.967008571239,3.25));
#4563=CARTESIAN_POINT('',(176.134456984452,110.967008571239,-8.));
#4564=CARTESIAN_POINT('',(176.134456984452,110.967008571239,-10.));
#4565=CARTESIAN_POINT('',(172.334456984452,110.967008571239,-8.));
#4566=CARTESIAN_POINT('',(176.339340384894,110.967008571239,-8.));
#4567=CARTESIAN_POINT('',(172.334456984452,110.967008571239,-4.375));
#4568=CARTESIAN_POINT('',(168.244223785418,110.967008571239,-11.22));
#4569=CARTESIAN_POINT('',(168.244223785418,110.967008571239,-12.));
#4570=CARTESIAN_POINT('',(178.036149310943,110.967008571239,-11.22));
#4571=CARTESIAN_POINT('Origin',(177.2442237854,108.317008571239,0.));
#4572=CARTESIAN_POINT('',(177.2442237854,108.317008571239,8.));
#4573=CARTESIAN_POINT('',(177.2442237854,108.317008571239,4.));
#4574=CARTESIAN_POINT('',(177.2442237854,101.466019039542,8.));
#4575=CARTESIAN_POINT('Origin',(177.2442237854,108.817008571239,0.));
#4576=CARTESIAN_POINT('',(177.2442237854,109.317008571239,8.));
#4577=CARTESIAN_POINT('',(177.2442237854,109.317008571239,4.));
#4578=CARTESIAN_POINT('Origin',(177.2442237854,108.817008571239,8.));
#4579=CARTESIAN_POINT('Origin',(177.2442237854,110.817008571239,0.));
#4580=CARTESIAN_POINT('',(177.2442237854,110.817008571239,4.));
#4581=CARTESIAN_POINT('',(177.2442237854,110.817008571239,0.));
#4582=CARTESIAN_POINT('',(177.2442237854,110.817008571239,8.));
#4583=CARTESIAN_POINT('',(177.2442237854,110.817008571239,4.));
#4584=CARTESIAN_POINT('',(177.2442237854,102.966019039542,8.));
#4585=CARTESIAN_POINT('Origin',(185.2442237854,108.817008571239,0.));
#4586=CARTESIAN_POINT('',(185.2442237854,109.317008571239,8.));
#4587=CARTESIAN_POINT('Origin',(185.2442237854,108.817008571239,8.));
#4588=CARTESIAN_POINT('',(185.2442237854,109.317008571239,0.));
#4589=CARTESIAN_POINT('Origin',(185.2442237854,109.317008571239,0.));
#4590=CARTESIAN_POINT('',(185.2442237854,110.817008571239,8.));
#4591=CARTESIAN_POINT('',(185.2442237854,114.625034224929,8.));
#4592=CARTESIAN_POINT('',(185.2442237854,110.817008571239,0.));
#4593=CARTESIAN_POINT('Origin',(185.2442237854,80.7103979089223,0.));
#4594=CARTESIAN_POINT('',(185.9942237854,80.7103979089223,0.));
#4595=CARTESIAN_POINT('Origin',(179.2442237854,80.7103979089223,0.));
#4596=CARTESIAN_POINT('',(179.9942237854,80.7103979089223,0.));
#4597=CARTESIAN_POINT('',(178.666098785406,81.1881755605355,4.));
#4598=CARTESIAN_POINT('',(178.666098785406,81.1881755605355,0.));
#4599=CARTESIAN_POINT('',(178.666098785395,80.2326202573217,4.));
#4600=CARTESIAN_POINT('Origin',(179.2442237854,80.7103979089223,4.));
#4601=CARTESIAN_POINT('',(178.666098785395,80.2326202573217,0.));
#4602=CARTESIAN_POINT('Origin',(176.134456984452,112.765913009644,-8.));
#4603=CARTESIAN_POINT('',(176.134456984452,112.765913009644,3.25));
#4604=CARTESIAN_POINT('',(176.134456984452,112.765913009644,3.25));
#4605=CARTESIAN_POINT('',(176.134456984452,112.765913009644,-8.));
#4606=CARTESIAN_POINT('',(176.134456984452,112.765913009644,-4.));
#4607=CARTESIAN_POINT('',(176.134456984452,112.765913009644,-8.));
#4608=CARTESIAN_POINT('Origin',(175.72807483655,94.7648972142889,4.));
#4609=CARTESIAN_POINT('Origin',(177.2442237854,80.7103979089441,4.));
#4610=CARTESIAN_POINT('Origin',(172.334456984452,110.967008571239,0.));
#4611=CARTESIAN_POINT('',(171.234456984452,110.967008571239,3.15));
#4612=CARTESIAN_POINT('',(172.334456984452,110.967008571239,3.15));
#4613=CARTESIAN_POINT('',(171.834456984452,110.967008571239,3.15));
#4614=CARTESIAN_POINT('',(171.234456984452,110.967008571239,4.));
#4615=CARTESIAN_POINT('',(171.234456984452,110.967008571239,2.));
#4616=CARTESIAN_POINT('',(172.334456984452,110.967008571239,4.));
#4617=CARTESIAN_POINT('',(174.734456984452,110.967008571239,4.));
#4618=CARTESIAN_POINT('',(172.334456984452,110.967008571239,0.));
#4619=CARTESIAN_POINT('Origin',(191.486280040355,78.7614934705137,0.));
#4620=CARTESIAN_POINT('',(191.486280040355,82.2630504444523,3.99934720436078));
#4621=CARTESIAN_POINT('',(191.486280040355,82.2630504444523,0.375));
#4622=CARTESIAN_POINT('',(191.486280040355,106.764967915727,3.99934720436078));
#4623=CARTESIAN_POINT('Origin',(175.72807483655,94.7648972142889,4.));
#4624=CARTESIAN_POINT('',(169.7442237854,80.7103979089441,4.));
#4625=CARTESIAN_POINT('Origin',(171.2442237854,80.7103979089441,4.));
#4626=CARTESIAN_POINT('Origin',(176.134456984452,110.817008571239,0.));
#4627=CARTESIAN_POINT('',(172.334456984452,110.817008571239,4.));
#4628=CARTESIAN_POINT('',(177.189340384926,110.817008571239,4.));
#4629=CARTESIAN_POINT('',(172.334456984452,110.817008571239,1.625));
#4630=CARTESIAN_POINT('Origin',(176.134456984452,112.765913009644,3.25));
#4631=CARTESIAN_POINT('',(177.234456984452,112.765913009644,3.25));
#4632=CARTESIAN_POINT('',(177.234456984452,112.765913009644,3.25));
#4633=CARTESIAN_POINT('',(193.950853505802,112.765913009644,3.25000000000001));
#4634=CARTESIAN_POINT('Origin',(177.234456984452,112.765913009644,3.25));
#4635=CARTESIAN_POINT('',(177.234456984452,112.765913009644,4.));
#4636=CARTESIAN_POINT('',(177.234456984452,112.765913009644,4.));
#4637=CARTESIAN_POINT('',(177.234456984452,112.765913009644,1.625));
#4638=CARTESIAN_POINT('Origin',(177.134456984452,112.765913009644,4.));
#4639=CARTESIAN_POINT('',(172.334456984452,111.791460790441,4.));
#4640=CARTESIAN_POINT('',(171.234456984452,112.765913009644,4.));
#4641=CARTESIAN_POINT('',(171.234456984452,112.765913009644,4.));
#4642=CARTESIAN_POINT('',(194.450853505802,112.765913009644,4.));
#4643=CARTESIAN_POINT('',(177.2442237854,110.817008571239,4.));
#4644=CARTESIAN_POINT('Origin',(191.43518447876,80.2637032400915,0.375));
#4645=CARTESIAN_POINT('',(193.43518447876,80.2637032400915,2.));
#4646=CARTESIAN_POINT('',(193.43518447876,80.2637032400915,0.375));
#4647=CARTESIAN_POINT('Origin',(191.43518447876,80.2637032400915,2.));
#4648=CARTESIAN_POINT('Origin',(171.234456984452,112.765913009644,4.));
#4649=CARTESIAN_POINT('',(171.234456984452,112.765913009644,3.15));
#4650=CARTESIAN_POINT('',(171.234456984452,112.765913009644,3.15));
#4651=CARTESIAN_POINT('',(171.234456984452,112.765913009644,1.99999999999997));
#4652=CARTESIAN_POINT('Origin',(172.334456984452,112.765913009644,3.25));
#4653=CARTESIAN_POINT('',(172.334456984452,112.765913009644,-8.));
#4654=CARTESIAN_POINT('',(172.334456984452,112.765913009644,-8.));
#4655=CARTESIAN_POINT('',(172.334456984452,112.765913009644,3.15));
#4656=CARTESIAN_POINT('',(172.334456984452,112.765913009644,1.625));
#4657=CARTESIAN_POINT('',(172.334456984452,112.765913009644,3.15));
#4658=CARTESIAN_POINT('Origin',(171.334456984452,112.765913009644,3.15));
#4659=CARTESIAN_POINT('',(191.550853505802,112.765913009644,3.14999999999999));
#4660=CARTESIAN_POINT('Origin',(172.334456984452,112.765913009644,-8.));
#4661=CARTESIAN_POINT('',(192.050853505802,112.765913009644,-8.));
#4662=CARTESIAN_POINT('Origin',(179.344223785424,76.7608609766406,2.22044604925031E-15));
#4663=CARTESIAN_POINT('',(179.344223785424,76.7614934705394,2.22044604925031E-15));
#4664=CARTESIAN_POINT('',(179.344223785424,76.7614934705394,-11.22));
#4665=CARTESIAN_POINT('',(179.344223785424,76.7614934705394,-2.805));
#4666=CARTESIAN_POINT('',(179.344223785424,76.7608609766406,-11.22));
#4667=CARTESIAN_POINT('',(179.344223785424,85.7628790954647,-11.22));
#4668=CARTESIAN_POINT('',(179.344223785424,76.7608609766406,2.22044604925031E-15));
#4669=CARTESIAN_POINT('',(179.344223785424,76.7608609766406,-12.));
#4670=CARTESIAN_POINT('',(179.344223785424,85.7622821083672,2.22044604925031E-15));
#4671=CARTESIAN_POINT('Origin',(169.244223785331,76.7608609766406,-11.22));
#4672=CARTESIAN_POINT('',(169.244223785331,76.7614934705394,-11.22));
#4673=CARTESIAN_POINT('',(169.244223785331,76.7614934705394,2.22044604925031E-15));
#4674=CARTESIAN_POINT('',(169.244223785331,76.7614934705394,-8.415));
#4675=CARTESIAN_POINT('',(169.244223785331,76.7608609766406,2.22044604925031E-15));
#4676=CARTESIAN_POINT('',(169.244223785331,85.7622821083672,2.22044604925031E-15));
#4677=CARTESIAN_POINT('',(169.244223785331,76.7608609766406,-11.22));
#4678=CARTESIAN_POINT('',(169.244223785331,76.7608609766406,-12.));
#4679=CARTESIAN_POINT('',(169.244223785331,85.7628790954647,-11.22));
#4680=CARTESIAN_POINT('Origin',(174.2942237854,94.7637032400939,2.22044604925031E-15));
#4681=CARTESIAN_POINT('',(179.427249068765,76.7614934705394,0.));
#4682=CARTESIAN_POINT('Origin',(179.344223785424,82.2103979089369,2.22044604925031E-15));
#4683=CARTESIAN_POINT('',(161.935176849365,76.7614934705394,0.));
#4684=CARTESIAN_POINT('Origin',(175.72807483655,94.7648972142889,-11.22));
#4685=CARTESIAN_POINT('',(175.011149310964,76.7614934705394,-11.22));
#4686=CARTESIAN_POINT('',(169.161198502036,76.7614934705394,-11.22));
#4687=CARTESIAN_POINT('Origin',(169.244223785377,82.2103979089369,-11.22));
#4688=CARTESIAN_POINT('',(162.763603974111,76.7614934705394,-11.22));
#4689=CARTESIAN_POINT('',(193.747662431852,76.7614934705394,-11.22));
#4690=CARTESIAN_POINT('',(161.392284584226,76.2173379440065,-11.22));
#4691=CARTESIAN_POINT('Origin',(162.763603974111,74.7614934705394,-11.22));
#4692=CARTESIAN_POINT('',(158.020965194341,77.6731824174735,-11.22));
#4693=CARTESIAN_POINT('Origin',(160.020965194341,77.6731824174735,-11.22));
#4694=CARTESIAN_POINT('',(158.020965194341,111.856612011104,-11.22));
#4695=CARTESIAN_POINT('',(158.020965194341,83.8060895149019,-11.22));
#4696=CARTESIAN_POINT('',(161.349390411738,113.35169944727,-11.22));
#4697=CARTESIAN_POINT('Origin',(160.020965194341,111.856612011104,-11.22));
#4698=CARTESIAN_POINT('',(162.763603974111,112.765913009644,-11.22));
#4699=CARTESIAN_POINT('Origin',(162.763603974111,114.765913009644,-11.22));
#4700=CARTESIAN_POINT('',(169.161198501725,112.765913009644,-11.22));
#4701=CARTESIAN_POINT('',(193.747662431852,112.765913009644,-11.22));
#4702=CARTESIAN_POINT('',(169.244223785331,112.766545503547,-11.22));
#4703=CARTESIAN_POINT('Origin',(169.244223785377,107.317008571251,-11.22));
#4704=CARTESIAN_POINT('',(169.244223785331,112.765913009644,-11.22));
#4705=CARTESIAN_POINT('',(169.244223785331,103.765721358918,-11.22));
#4706=CARTESIAN_POINT('',(179.344223785424,112.765913009644,-11.22));
#4707=CARTESIAN_POINT('',(175.011149310964,112.765913009644,-11.22));
#4708=CARTESIAN_POINT('',(179.344223785424,112.766545503547,-11.22));
#4709=CARTESIAN_POINT('',(179.344223785424,103.765721358918,-11.22));
#4710=CARTESIAN_POINT('',(179.427249069076,112.765913009644,-11.22));
#4711=CARTESIAN_POINT('Origin',(179.344223785424,107.317008571251,-11.22));
#4712=CARTESIAN_POINT('',(191.43518447876,112.765913009644,-11.22));
#4713=CARTESIAN_POINT('',(193.747662431852,112.765913009644,-11.22));
#4714=CARTESIAN_POINT('',(193.43518447876,110.765913009644,-11.22));
#4715=CARTESIAN_POINT('Origin',(191.43518447876,110.765913009644,-11.22));
#4716=CARTESIAN_POINT('',(193.43518447876,78.7614934705394,-11.22));
#4717=CARTESIAN_POINT('',(193.43518447876,94.7643002271902,-11.22));
#4718=CARTESIAN_POINT('',(191.43518447876,76.7614934705394,-11.22));
#4719=CARTESIAN_POINT('Origin',(191.43518447876,78.7614934705394,-11.22));
#4720=CARTESIAN_POINT('',(179.427249068765,76.7614934705394,-11.22));
#4721=CARTESIAN_POINT('',(193.747662431852,76.7614934705394,-11.22));
#4722=CARTESIAN_POINT('Origin',(179.344223785424,82.2103979089369,-11.22));
#4723=CARTESIAN_POINT('',(162.76360397414,78.7103979089441,-11.22));
#4724=CARTESIAN_POINT('',(160.055999361517,77.6359888219899,-11.22));
#4725=CARTESIAN_POINT('Origin',(162.763603974111,74.7614934705394,-11.22));
#4726=CARTESIAN_POINT('',(168.778112748939,78.7103979089441,-11.22));
#4727=CARTESIAN_POINT('',(169.245839405345,78.7103979089441,-11.22));
#4728=CARTESIAN_POINT('',(169.567099440878,78.5603979089224,-11.22));
#4729=CARTESIAN_POINT('Origin',(169.567099440897,80.7103979089223,-11.22));
#4730=CARTESIAN_POINT('',(179.021348129876,78.5603979089224,-11.22));
#4731=CARTESIAN_POINT('',(172.647587138714,78.5603979089224,-11.22));
#4732=CARTESIAN_POINT('',(179.810334821862,78.7103979089441,-11.22));
#4733=CARTESIAN_POINT('Origin',(179.021348129904,80.7103979089223,-11.22));
#4734=CARTESIAN_POINT('',(191.435184478736,78.7103979089441,-11.22));
#4735=CARTESIAN_POINT('',(177.769204829206,78.7103979089441,-11.22));
#4736=CARTESIAN_POINT('',(191.486280040355,78.7614934705137,-11.22));
#4737=CARTESIAN_POINT('Origin',(191.43518447876,78.7614934705394,-11.22));
#4738=CARTESIAN_POINT('',(191.486280040355,110.765913009667,-11.22));
#4739=CARTESIAN_POINT('',(191.486280040355,86.7631953424013,-11.22));
#4740=CARTESIAN_POINT('',(191.435184478736,110.817008571239,-11.22));
#4741=CARTESIAN_POINT('Origin',(191.43518447876,110.765913009644,-11.22));
#4742=CARTESIAN_POINT('',(183.581629657643,110.817008571239,-11.22));
#4743=CARTESIAN_POINT('',(167.455237093494,110.817008571239,-11.22));
#4744=CARTESIAN_POINT('Origin',(168.244223785397,108.817008571239,-11.22));
#4745=CARTESIAN_POINT('',(162.76360397414,110.817008571239,-11.22));
#4746=CARTESIAN_POINT('',(171.591655965022,110.817008571239,-11.22));
#4747=CARTESIAN_POINT('',(160.045282792234,111.901549866499,-11.22));
#4748=CARTESIAN_POINT('Origin',(162.763603974111,114.765913009644,-11.22));
#4749=CARTESIAN_POINT('',(159.969869632745,111.856612011173,-11.22));
#4750=CARTESIAN_POINT('Origin',(160.020965194341,111.856612011104,-11.22));
#4751=CARTESIAN_POINT('',(159.969869632745,77.673182417487,-11.22));
#4752=CARTESIAN_POINT('',(159.969869632745,103.310754612731,-11.22));
#4753=CARTESIAN_POINT('Origin',(160.020965194341,77.6731824174735,-11.22));
#4754=CARTESIAN_POINT('Origin',(169.244223785331,112.766545503547,2.22044604925031E-15));
#4755=CARTESIAN_POINT('',(169.244223785331,112.765913009644,2.22044604925031E-15));
#4756=CARTESIAN_POINT('',(169.244223785331,112.765913009644,-2.805));
#4757=CARTESIAN_POINT('',(169.244223785331,112.766545503547,2.22044604925031E-15));
#4758=CARTESIAN_POINT('',(169.244223785331,112.766545503547,-12.));
#4759=CARTESIAN_POINT('',(169.244223785331,103.765124371821,2.22044604925031E-15));
#4760=CARTESIAN_POINT('Origin',(179.344223785424,112.766545503547,-11.22));
#4761=CARTESIAN_POINT('',(179.344223785424,112.765913009644,2.22044604925031E-15));
#4762=CARTESIAN_POINT('',(179.344223785424,112.765913009644,-8.415));
#4763=CARTESIAN_POINT('',(179.344223785424,112.766545503547,2.22044604925031E-15));
#4764=CARTESIAN_POINT('',(179.344223785424,103.765124371821,2.22044604925031E-15));
#4765=CARTESIAN_POINT('',(179.344223785424,112.766545503547,-12.));
#4766=CARTESIAN_POINT('Origin',(174.2942237854,94.7637032400939,2.22044604925031E-15));
#4767=CARTESIAN_POINT('',(169.161198501725,112.765913009644,0.));
#4768=CARTESIAN_POINT('Origin',(169.244223785377,107.317008571251,2.22044604925031E-15));
#4769=CARTESIAN_POINT('',(161.935176849365,112.765913009644,0.));
#4770=CARTESIAN_POINT('Origin',(174.2942237854,94.7637032400939,2.22044604925031E-15));
#4771=CARTESIAN_POINT('',(179.427249069076,112.765913009644,0.));
#4772=CARTESIAN_POINT('',(161.935176849365,112.765913009644,0.));
#4773=CARTESIAN_POINT('Origin',(179.344223785424,107.317008571251,2.22044604925031E-15));
#4774=CARTESIAN_POINT('Origin',(191.43518447876,110.765913009644,-14.5));
#4775=CARTESIAN_POINT('',(191.486280040355,110.765913009667,-14.5));
#4776=CARTESIAN_POINT('',(191.435184478736,110.817008571239,-14.5));
#4777=CARTESIAN_POINT('Origin',(191.486280040355,78.7614934705137,-14.5));
#4778=CARTESIAN_POINT('',(191.486280040355,78.7614934705137,-14.5));
#4779=CARTESIAN_POINT('Origin',(191.43518447876,78.7614934705394,-14.5));
#4780=CARTESIAN_POINT('',(191.435184478736,78.7103979089441,-14.5));
#4781=CARTESIAN_POINT('Origin',(179.810334821862,78.7103979089441,-14.5));
#4782=CARTESIAN_POINT('',(179.810334821862,78.7103979089441,-12.));
#4783=CARTESIAN_POINT('Origin',(179.021348129904,80.7103979089223,-12.));
#4784=CARTESIAN_POINT('',(179.021348129876,78.5603979089224,-12.));
#4785=CARTESIAN_POINT('Origin',(169.567099440878,78.5603979089224,-12.));
#4786=CARTESIAN_POINT('',(169.567099440878,78.5603979089224,-12.));
#4787=CARTESIAN_POINT('Origin',(169.567099440897,80.7103979089223,-12.));
#4788=CARTESIAN_POINT('',(168.778112748939,78.7103979089441,-12.));
#4789=CARTESIAN_POINT('Origin',(162.76360397414,78.7103979089441,-14.5));
#4790=CARTESIAN_POINT('',(162.76360397414,78.7103979089441,-14.5));
#4791=CARTESIAN_POINT('Origin',(162.763603974111,74.7614934705394,-14.5));
#4792=CARTESIAN_POINT('',(160.055999361517,77.6359888219899,-14.5));
#4793=CARTESIAN_POINT('Origin',(160.020965194341,77.6731824174735,0.));
#4794=CARTESIAN_POINT('',(161.392284584226,76.2173379440065,0.));
#4795=CARTESIAN_POINT('',(161.392284584226,76.2173379440065,0.));
#4796=CARTESIAN_POINT('',(158.020965194341,77.6731824174735,0.));
#4797=CARTESIAN_POINT('Origin',(160.020965194341,77.6731824174735,0.));
#4798=CARTESIAN_POINT('',(158.020965194341,77.6731824174735,0.));
#4799=CARTESIAN_POINT('Origin',(162.763603974111,74.7614934705394,0.));
#4800=CARTESIAN_POINT('',(162.763603974111,76.7614934705394,0.));
#4801=CARTESIAN_POINT('',(161.349390411738,76.1757070329125,0.));
#4802=CARTESIAN_POINT('',(161.349390411738,76.1757070329125,0.));
#4803=CARTESIAN_POINT('Origin',(162.763603974111,74.7614934705394,0.));
#4804=CARTESIAN_POINT('Origin',(169.244223785377,82.2103979089369,-12.));
#4805=CARTESIAN_POINT('',(169.161198502036,76.7614934705394,0.));
#4806=CARTESIAN_POINT('Origin',(169.244223785377,82.2103979089369,2.22044604925031E-15));
#4807=CARTESIAN_POINT('',(169.161198502036,76.7614934705394,-12.));
#4808=CARTESIAN_POINT('Origin',(179.344223785424,82.2103979089369,-12.));
#4809=CARTESIAN_POINT('',(179.427249068765,76.7614934705394,-12.));
#4810=CARTESIAN_POINT('Origin',(211.767250027153,76.7614934705394,0.));
#4811=CARTESIAN_POINT('',(161.935176849365,76.7614934705394,0.));
#4812=CARTESIAN_POINT('',(191.43518447876,76.7614934705394,-1.625));
#4813=CARTESIAN_POINT('Origin',(191.43518447876,78.7614934705394,-1.625));
#4814=CARTESIAN_POINT('',(193.43518447876,78.7614934705394,-1.625));
#4815=CARTESIAN_POINT('Origin',(193.43518447876,94.7637032400915,-3.25));
#4816=CARTESIAN_POINT('',(193.43518447876,110.765913009644,8.));
#4817=CARTESIAN_POINT('',(193.43518447876,110.765913009644,-1.625));
#4818=CARTESIAN_POINT('',(193.43518447876,112.765913009644,8.));
#4819=CARTESIAN_POINT('',(193.43518447876,106.764967915727,2.));
#4820=CARTESIAN_POINT('Origin',(160.020965194341,77.6731824174735,-14.5));
#4821=CARTESIAN_POINT('',(159.969869632745,77.673182417487,-14.5));
#4822=CARTESIAN_POINT('Origin',(159.969869632745,111.856612011173,-14.5));
#4823=CARTESIAN_POINT('',(159.969869632745,111.856612011173,-14.5));
#4824=CARTESIAN_POINT('Origin',(160.020965194341,111.856612011104,-14.5));
#4825=CARTESIAN_POINT('',(160.045282792234,111.901549866499,-14.5));
#4826=CARTESIAN_POINT('Origin',(162.763603974111,114.765913009644,-14.5));
#4827=CARTESIAN_POINT('',(162.76360397414,110.817008571239,-14.5));
#4828=CARTESIAN_POINT('Origin',(167.455237093494,110.817008571239,-14.5));
#4829=CARTESIAN_POINT('',(167.455237093494,110.817008571239,-12.));
#4830=CARTESIAN_POINT('Origin',(191.435184478736,110.817008571239,-14.5));
#4831=CARTESIAN_POINT('',(161.996188571064,110.817008571239,8.));
#4832=CARTESIAN_POINT('Origin',(168.244223785397,108.817008571239,-12.));
#4833=CARTESIAN_POINT('Origin',(191.43518447876,106.764967915727,2.));
#4834=CARTESIAN_POINT('Origin',(191.43518447876,110.765913009644,-1.625));
#4835=CARTESIAN_POINT('',(191.43518447876,112.765913009644,8.));
#4836=CARTESIAN_POINT('',(191.43518447876,112.765913009644,-1.625));
#4837=CARTESIAN_POINT('Origin',(191.43518447876,110.765913009644,8.));
#4838=CARTESIAN_POINT('Origin',(138.748153356728,69.5943466015639,8.));
#4839=CARTESIAN_POINT('',(162.763603974111,112.765913009644,8.));
#4840=CARTESIAN_POINT('',(150.341665103047,112.765913009644,8.));
#4841=CARTESIAN_POINT('',(161.349390411738,113.35169944727,8.));
#4842=CARTESIAN_POINT('Origin',(162.763603974111,114.765913009644,8.));
#4843=CARTESIAN_POINT('',(158.095354068085,116.605735790924,8.));
#4844=CARTESIAN_POINT('',(152.133829649508,122.567260209501,8.));
#4845=CARTESIAN_POINT('',(156.681140505711,117.191522228551,8.));
#4846=CARTESIAN_POINT('Origin',(156.681140505711,115.191522228551,8.));
#4847=CARTESIAN_POINT('',(112.433620381549,117.191522228551,8.));
#4848=CARTESIAN_POINT('',(191.43518447876,117.191522228551,8.));
#4849=CARTESIAN_POINT('',(111.319700619727,117.530443433243,8.));
#4850=CARTESIAN_POINT('Origin',(112.433620381549,119.191522228551,8.));
#4851=CARTESIAN_POINT('',(90.5003000503036,131.491937487028,8.));
#4852=CARTESIAN_POINT('',(113.066692190936,116.358910547264,8.));
#4853=CARTESIAN_POINT('',(87.7287554874935,130.949911871488,8.));
#4854=CARTESIAN_POINT('Origin',(89.3863802884817,129.83085869172,8.));
#4855=CARTESIAN_POINT('',(87.1836427124937,130.142450285648,8.));
#4856=CARTESIAN_POINT('',(89.9574585249797,134.251232573459,8.));
#4857=CARTESIAN_POINT('',(87.7273477516601,127.362318310571,8.));
#4858=CARTESIAN_POINT('Origin',(88.8412675134819,129.02339710588,8.));
#4859=CARTESIAN_POINT('',(107.904166678112,113.831739631007,8.));
#4860=CARTESIAN_POINT('',(77.4545886203701,134.251232573459,8.));
#4861=CARTESIAN_POINT('Origin',(96.9354878823054,94.7637032400915,8.));
#4862=CARTESIAN_POINT('Origin',(161.935176849365,76.7614934705394,0.));
#4863=CARTESIAN_POINT('',(158.020965194341,72.847281815515,0.));
#4864=CARTESIAN_POINT('',(162.99886353692,77.8251801580938,0.));
#4865=CARTESIAN_POINT('',(158.020965194341,72.847281815515,0.));
#4866=CARTESIAN_POINT('Origin',(160.020965194341,111.856612011104,0.));
#4867=CARTESIAN_POINT('',(158.020965194341,111.856612011104,0.));
#4868=CARTESIAN_POINT('',(158.020965194341,111.856612011104,0.));
#4869=CARTESIAN_POINT('',(161.349390411738,113.35169944727,0.));
#4870=CARTESIAN_POINT('Origin',(160.020965194341,111.856612011104,0.));
#4871=CARTESIAN_POINT('',(161.349390411738,113.35169944727,0.));
#4872=CARTESIAN_POINT('Origin',(161.935176849365,112.765913009644,0.));
#4873=CARTESIAN_POINT('',(158.020965194341,116.680124664668,0.));
#4874=CARTESIAN_POINT('',(150.872598861284,123.828490997725,0.));
#4875=CARTESIAN_POINT('',(158.020965194341,116.680124664668,4.));
#4876=CARTESIAN_POINT('',(158.020965194341,116.680124664668,0.));
#4877=CARTESIAN_POINT('',(158.095354068085,116.605735790924,4.));
#4878=CARTESIAN_POINT('',(157.435178756714,117.265911102295,4.));
#4879=CARTESIAN_POINT('',(158.095354068085,116.605735790924,2.));
#4880=CARTESIAN_POINT('',(161.349390411738,113.35169944727,0.));
#4881=CARTESIAN_POINT('Origin',(158.020965194341,72.847281815515,0.));
#4882=CARTESIAN_POINT('',(158.020965194341,95.9317572034386,0.));
#4883=CARTESIAN_POINT('Origin',(123.93518447876,119.016232591362,0.));
#4884=CARTESIAN_POINT('',(156.606751631968,72.2614953778881,0.));
#4885=CARTESIAN_POINT('Origin',(156.606751631968,74.2614953778881,0.));
#4886=CARTESIAN_POINT('',(127.263612301818,72.2614953778881,0.));
#4887=CARTESIAN_POINT('',(126.43518447876,72.2614953778881,0.));
#4888=CARTESIAN_POINT('',(125.849397896508,71.6757080973236,0.));
#4889=CARTESIAN_POINT('Origin',(127.263612301818,70.2614953778881,0.));
#4890=CARTESIAN_POINT('',(119.020977702844,64.8472797635408,0.));
#4891=CARTESIAN_POINT('',(118.435192108154,64.2614934705394,0.));
#4892=CARTESIAN_POINT('',(118.435192108154,63.4330670441052,0.));
#4893=CARTESIAN_POINT('Origin',(120.435192108154,63.4330670441052,0.));
#4894=CARTESIAN_POINT('',(118.435192108154,51.1905528147139,0.));
#4895=CARTESIAN_POINT('',(118.435192108154,51.0473058484691,0.));
#4896=CARTESIAN_POINT('',(112.902715588807,46.2865559273469,0.));
#4897=CARTESIAN_POINT('Origin',(113.430563270523,51.2638095043644,0.));
#4898=CARTESIAN_POINT('',(112.530402383826,46.3402552269052,0.));
#4899=CARTESIAN_POINT('',(110.437073783922,46.6421791932227,0.));
#4900=CARTESIAN_POINT('',(111.688231029384,46.5716932753572,0.));
#4901=CARTESIAN_POINT('Origin',(113.430563270523,51.2638095043644,0.));
#4902=CARTESIAN_POINT('',(108.220208081058,47.6690672704855,0.));
#4903=CARTESIAN_POINT('Origin',(111.359559338129,51.5616652304253,0.));
#4904=CARTESIAN_POINT('',(66.8704446794906,53.6450133440604,0.));
#4905=CARTESIAN_POINT('Origin',(82.6655697617234,16.8922139266342,0.));
#4906=CARTESIAN_POINT('',(64.2255819575312,53.3073503601815,0.));
#4907=CARTESIAN_POINT('Origin',(64.9384731433594,58.2506172026437,0.));
#4908=CARTESIAN_POINT('',(60.6322240131487,53.8255683217166,0.));
#4909=CARTESIAN_POINT('',(60.6322240131487,53.8255683217166,0.));
#4910=CARTESIAN_POINT('',(56.4351844787598,58.5622514238383,0.));
#4911=CARTESIAN_POINT('Origin',(61.4403953913318,58.7694458308286,0.));
#4912=CARTESIAN_POINT('',(56.4351844787598,61.0227625688052,0.));
#4913=CARTESIAN_POINT('',(56.4351844787598,61.2068650983471,0.));
#4914=CARTESIAN_POINT('',(57.4082618687252,63.9651714685299,0.));
#4915=CARTESIAN_POINT('Origin',(61.4404836356222,60.9995779701108,0.));
#4916=CARTESIAN_POINT('',(68.0166361436917,94.7605171926212,0.));
#4917=CARTESIAN_POINT('Origin',(18.0141147615569,94.7605171926752,0.));
#4918=CARTESIAN_POINT('',(68.0166694057705,94.7637032400915,0.));
#4919=CARTESIAN_POINT('Origin',(16.4465908120275,95.3004975160181,0.));
#4920=CARTESIAN_POINT('',(68.0166361436917,94.7668892875618,0.));
#4921=CARTESIAN_POINT('Origin',(16.4465908120275,94.2269089641649,0.));
#4922=CARTESIAN_POINT('',(57.4082618687252,125.562235011653,0.));
#4923=CARTESIAN_POINT('Origin',(18.0141147615569,94.7668892875078,0.));
#4924=CARTESIAN_POINT('',(56.4351844787598,128.504643911378,0.));
#4925=CARTESIAN_POINT('Origin',(61.4404836356222,128.527828510072,0.));
#4926=CARTESIAN_POINT('',(56.4351844787598,130.965155056345,0.));
#4927=CARTESIAN_POINT('',(56.4351844787598,128.320541381836,0.));
#4928=CARTESIAN_POINT('',(60.6322240131487,135.701838158466,0.));
#4929=CARTESIAN_POINT('Origin',(61.4403953913318,130.757960649354,0.));
#4930=CARTESIAN_POINT('',(64.2255819575312,136.220056120002,0.));
#4931=CARTESIAN_POINT('',(60.6322240131487,135.701838158466,0.));
#4932=CARTESIAN_POINT('',(66.8704446794906,135.882393136123,0.));
#4933=CARTESIAN_POINT('Origin',(64.9384731433594,131.276789277539,0.));
#4934=CARTESIAN_POINT('',(108.220208081058,141.858339209698,0.));
#4935=CARTESIAN_POINT('Origin',(82.6655697617234,172.635192553549,0.));
#4936=CARTESIAN_POINT('',(111.688231029384,142.955713204826,0.));
#4937=CARTESIAN_POINT('Origin',(111.359559338129,137.965741249758,0.));
#4938=CARTESIAN_POINT('',(112.530402383826,143.187151253278,0.));
#4939=CARTESIAN_POINT('Origin',(113.430563270523,138.263596975819,0.));
#4940=CARTESIAN_POINT('',(112.902715588807,143.240850552836,0.));
#4941=CARTESIAN_POINT('',(110.437073783922,142.88522728696,0.));
#4942=CARTESIAN_POINT('',(118.434835302994,138.358136756095,0.));
#4943=CARTESIAN_POINT('Origin',(113.430563270523,138.263596975819,0.));
#4944=CARTESIAN_POINT('',(118.435192108154,138.32035986726,0.));
#4945=CARTESIAN_POINT('Origin',(116.435192108154,138.32035986726,0.));
#4946=CARTESIAN_POINT('',(118.435192108154,126.094339436078,0.));
#4947=CARTESIAN_POINT('',(118.435192108154,138.480100631714,0.));
#4948=CARTESIAN_POINT('',(119.020977702844,124.680126716642,0.));
#4949=CARTESIAN_POINT('Origin',(120.435192108154,126.094339436078,0.));
#4950=CARTESIAN_POINT('',(125.849397896508,117.851698382859,0.));
#4951=CARTESIAN_POINT('',(118.435192108154,125.265913009644,0.));
#4952=CARTESIAN_POINT('',(127.263612301818,117.265911102295,0.));
#4953=CARTESIAN_POINT('Origin',(127.263612301818,119.265911102295,0.));
#4954=CARTESIAN_POINT('',(156.606751631968,117.265911102295,0.));
#4955=CARTESIAN_POINT('',(126.43518447876,117.265911102295,0.));
#4956=CARTESIAN_POINT('Origin',(156.606751631968,115.265911102295,0.));
#4957=CARTESIAN_POINT('',(72.9377169422571,94.7637032400915,0.));
#4958=CARTESIAN_POINT('Origin',(96.9354878823054,94.7637032400915,0.));
#4959=CARTESIAN_POINT('',(59.2102632503038,58.7694458308286,0.));
#4960=CARTESIAN_POINT('Origin',(61.4403953913318,58.7694458308286,0.));
#4961=CARTESIAN_POINT('',(111.338249880627,51.2638095043644,0.));
#4962=CARTESIAN_POINT('Origin',(113.430563270523,51.2638095043644,0.));
#4963=CARTESIAN_POINT('',(59.2102632503038,130.757960649354,0.));
#4964=CARTESIAN_POINT('Origin',(61.4403953913318,130.757960649354,0.));
#4965=CARTESIAN_POINT('',(111.338249880627,138.263596975819,0.));
#4966=CARTESIAN_POINT('Origin',(113.430563270523,138.263596975819,0.));
#4967=CARTESIAN_POINT('',(69.5166361436917,119.016889287562,0.));
#4968=CARTESIAN_POINT('Origin',(68.0166361436917,119.016889287562,0.));
#4969=CARTESIAN_POINT('',(69.5166361436917,70.5168892875618,0.));
#4970=CARTESIAN_POINT('Origin',(68.0166361436917,70.5168892875618,0.));
#4971=CARTESIAN_POINT('Origin',(169.244223785377,107.317008571251,-12.));
#4972=CARTESIAN_POINT('',(169.161198501725,112.765913009644,-12.));
#4973=CARTESIAN_POINT('Origin',(179.344223785424,107.317008571251,-12.));
#4974=CARTESIAN_POINT('',(179.427249069076,112.765913009644,-12.));
#4975=CARTESIAN_POINT('Origin',(174.2942237854,94.7637032400939,2.22044604925031E-15));
#4976=CARTESIAN_POINT('Origin',(112.433620381549,119.191522228551,4.));
#4977=CARTESIAN_POINT('',(111.319700619727,117.530443433243,4.));
#4978=CARTESIAN_POINT('',(112.433620381549,117.191522228551,4.));
#4979=CARTESIAN_POINT('Origin',(112.433620381549,119.191522228551,4.));
#4980=CARTESIAN_POINT('',(111.319700619727,117.530443433243,4.));
#4981=CARTESIAN_POINT('',(112.433620381549,117.191522228551,4.));
#4982=CARTESIAN_POINT('Origin',(111.825100421121,117.191522228551,4.));
#4983=CARTESIAN_POINT('',(90.5003000503036,131.491937487028,4.));
#4984=CARTESIAN_POINT('',(115.579807685872,114.673614809664,4.));
#4985=CARTESIAN_POINT('',(90.5003000503036,131.491937487028,4.));
#4986=CARTESIAN_POINT('Origin',(116.435192108154,138.32035986726,0.));
#4987=CARTESIAN_POINT('',(118.434835302994,138.358136756095,4.));
#4988=CARTESIAN_POINT('',(118.435192108154,138.32035986726,4.));
#4989=CARTESIAN_POINT('Origin',(116.435192108154,138.32035986726,4.));
#4990=CARTESIAN_POINT('',(118.435192108154,138.32035986726,0.));
#4991=CARTESIAN_POINT('',(118.434835302994,138.358136756095,0.));
#4992=CARTESIAN_POINT('Origin',(118.435192108154,125.265913009644,0.));
#4993=CARTESIAN_POINT('',(118.435192108154,126.094339436078,4.));
#4994=CARTESIAN_POINT('',(118.435192108154,138.480100631714,4.));
#4995=CARTESIAN_POINT('',(118.435192108154,126.094339436078,0.));
#4996=CARTESIAN_POINT('Origin',(120.435192108154,126.094339436078,0.));
#4997=CARTESIAN_POINT('',(119.020977702844,124.680126716642,4.));
#4998=CARTESIAN_POINT('Origin',(120.435192108154,126.094339436078,4.));
#4999=CARTESIAN_POINT('',(119.020977702844,124.680126716642,0.));
#5000=CARTESIAN_POINT('Origin',(127.263612301818,119.265911102295,0.));
#5001=CARTESIAN_POINT('',(125.849397896508,117.851698382859,4.));
#5002=CARTESIAN_POINT('',(125.849397896508,117.851698382859,0.));
#5003=CARTESIAN_POINT('',(127.263612301818,117.265911102295,4.));
#5004=CARTESIAN_POINT('Origin',(127.263612301818,119.265911102295,4.));
#5005=CARTESIAN_POINT('',(127.263612301818,117.265911102295,0.));
#5006=CARTESIAN_POINT('Origin',(126.43518447876,117.265911102295,0.));
#5007=CARTESIAN_POINT('',(118.435192108154,125.265913009644,4.));
#5008=CARTESIAN_POINT('Origin',(112.433620381549,70.3358842516318,4.));
#5009=CARTESIAN_POINT('',(112.433620381549,72.3358842516318,4.));
#5010=CARTESIAN_POINT('',(111.319700619727,71.9969630469401,4.));
#5011=CARTESIAN_POINT('Origin',(112.433620381549,70.3358842516318,4.));
#5012=CARTESIAN_POINT('',(112.433620381549,72.3358842516318,4.));
#5013=CARTESIAN_POINT('',(111.319700619727,71.9969630469401,4.));
#5014=CARTESIAN_POINT('Origin',(191.43518447876,72.3358842516318,4.));
#5015=CARTESIAN_POINT('',(157.147142037543,72.3358842516318,4.));
#5016=CARTESIAN_POINT('',(157.68518447876,72.3358842516318,4.));
#5017=CARTESIAN_POINT('',(157.147142037543,72.3358842516318,0.));
#5018=CARTESIAN_POINT('Origin',(127.263612301818,70.2614953778881,0.));
#5019=CARTESIAN_POINT('',(127.263612301818,72.2614953778881,4.));
#5020=CARTESIAN_POINT('',(127.263612301818,72.2614953778881,0.));
#5021=CARTESIAN_POINT('',(125.849397896508,71.6757080973236,4.));
#5022=CARTESIAN_POINT('Origin',(127.263612301818,70.2614953778881,4.));
#5023=CARTESIAN_POINT('',(125.849397896508,71.6757080973236,0.));
#5024=CARTESIAN_POINT('Origin',(157.435178756714,72.2614953778881,0.));
#5025=CARTESIAN_POINT('',(156.606751631968,72.2614953778881,4.));
#5026=CARTESIAN_POINT('',(156.606751631968,72.2614953778881,0.));
#5027=CARTESIAN_POINT('',(126.43518447876,72.2614953778881,4.));
#5028=CARTESIAN_POINT('Origin',(120.435192108154,63.4330670441052,0.));
#5029=CARTESIAN_POINT('',(119.020977702844,64.8472797635408,4.));
#5030=CARTESIAN_POINT('',(119.020977702844,64.8472797635408,0.));
#5031=CARTESIAN_POINT('',(118.435192108154,63.4330670441052,4.));
#5032=CARTESIAN_POINT('Origin',(120.435192108154,63.4330670441052,4.));
#5033=CARTESIAN_POINT('',(118.435192108154,63.4330670441052,0.));
#5034=CARTESIAN_POINT('Origin',(126.43518447876,72.2614953778881,0.));
#5035=CARTESIAN_POINT('',(118.435192108154,64.2614934705394,4.));
#5036=CARTESIAN_POINT('Origin',(156.606751631968,115.265911102295,0.));
#5037=CARTESIAN_POINT('',(156.606751631968,117.265911102295,4.));
#5038=CARTESIAN_POINT('Origin',(156.606751631968,115.265911102295,4.));
#5039=CARTESIAN_POINT('',(156.606751631968,117.265911102295,0.));
#5040=CARTESIAN_POINT('Origin',(162.763603974111,114.765913009644,0.));
#5041=CARTESIAN_POINT('',(162.763603974111,112.765913009644,0.));
#5042=CARTESIAN_POINT('Origin',(156.681140505711,115.191522228551,2.));
#5043=CARTESIAN_POINT('',(156.681140505711,117.191522228551,4.));
#5044=CARTESIAN_POINT('Origin',(156.681140505711,115.191522228551,4.));
#5045=CARTESIAN_POINT('',(156.681140505711,117.191522228551,2.));
#5046=CARTESIAN_POINT('Origin',(156.606751631968,74.2614953778881,0.));
#5047=CARTESIAN_POINT('Origin',(156.606751631968,74.2614953778881,4.));
#5048=CARTESIAN_POINT('Origin',(123.93518447876,119.016232591362,4.));
#5049=CARTESIAN_POINT('',(157.68518447876,117.191522228551,4.));
#5050=CARTESIAN_POINT('',(126.43518447876,117.265911102295,4.));
#5051=CARTESIAN_POINT('',(112.902715588807,143.240850552836,4.));
#5052=CARTESIAN_POINT('Origin',(113.430563270523,138.263596975819,4.));
#5053=CARTESIAN_POINT('',(112.530402383826,143.187151253278,4.));
#5054=CARTESIAN_POINT('',(110.437073783922,142.88522728696,4.));
#5055=CARTESIAN_POINT('',(111.688231029384,142.955713204826,4.));
#5056=CARTESIAN_POINT('Origin',(113.430563270523,138.263596975819,4.));
#5057=CARTESIAN_POINT('',(108.220208081058,141.858339209698,4.));
#5058=CARTESIAN_POINT('Origin',(111.359559338129,137.965741249758,4.));
#5059=CARTESIAN_POINT('',(66.8704446794906,135.882393136123,4.));
#5060=CARTESIAN_POINT('Origin',(82.6655697617234,172.635192553549,4.));
#5061=CARTESIAN_POINT('',(64.2255819575312,136.220056120002,4.));
#5062=CARTESIAN_POINT('Origin',(64.9384731433594,131.276789277539,4.));
#5063=CARTESIAN_POINT('',(60.6322240131487,135.701838158466,4.));
#5064=CARTESIAN_POINT('',(60.6322240131487,135.701838158466,4.));
#5065=CARTESIAN_POINT('',(56.4351844787598,130.965155056345,4.));
#5066=CARTESIAN_POINT('Origin',(61.4403953913318,130.757960649354,4.));
#5067=CARTESIAN_POINT('',(56.4351844787598,128.504643911378,4.));
#5068=CARTESIAN_POINT('',(56.4351844787598,128.320541381836,4.));
#5069=CARTESIAN_POINT('',(57.4082618687252,125.562235011653,4.));
#5070=CARTESIAN_POINT('Origin',(61.4404836356222,128.527828510072,4.));
#5071=CARTESIAN_POINT('',(68.0166361436917,94.7668892875618,4.));
#5072=CARTESIAN_POINT('Origin',(18.0141147615569,94.7668892875078,4.));
#5073=CARTESIAN_POINT('',(68.0166694057705,94.7637032400915,4.));
#5074=CARTESIAN_POINT('Origin',(16.4465908120275,94.2269089641649,4.));
#5075=CARTESIAN_POINT('',(68.0166361436917,94.7605171926212,4.));
#5076=CARTESIAN_POINT('Origin',(16.4465908120275,95.3004975160181,4.));
#5077=CARTESIAN_POINT('',(57.4082618687252,63.9651714685299,4.));
#5078=CARTESIAN_POINT('Origin',(18.0141147615569,94.7605171926752,4.));
#5079=CARTESIAN_POINT('',(56.4351844787598,61.0227625688052,4.));
#5080=CARTESIAN_POINT('Origin',(61.4404836356222,60.9995779701108,4.));
#5081=CARTESIAN_POINT('',(56.4351844787598,58.5622514238383,4.));
#5082=CARTESIAN_POINT('',(56.4351844787598,61.2068650983471,4.));
#5083=CARTESIAN_POINT('',(60.6322240131487,53.8255683217166,4.));
#5084=CARTESIAN_POINT('Origin',(61.4403953913318,58.7694458308286,4.));
#5085=CARTESIAN_POINT('',(64.2255819575312,53.3073503601815,4.));
#5086=CARTESIAN_POINT('',(60.6322240131487,53.8255683217166,4.));
#5087=CARTESIAN_POINT('',(66.8704446794906,53.6450133440604,4.));
#5088=CARTESIAN_POINT('Origin',(64.9384731433594,58.2506172026437,4.));
#5089=CARTESIAN_POINT('',(108.220208081058,47.6690672704855,4.));
#5090=CARTESIAN_POINT('Origin',(82.6655697617234,16.8922139266342,4.));
#5091=CARTESIAN_POINT('',(111.688231029384,46.5716932753572,4.));
#5092=CARTESIAN_POINT('Origin',(111.359559338129,51.5616652304253,4.));
#5093=CARTESIAN_POINT('',(112.530402383826,46.3402552269052,4.));
#5094=CARTESIAN_POINT('Origin',(113.430563270523,51.2638095043644,4.));
#5095=CARTESIAN_POINT('',(112.902715588807,46.2865559273469,4.));
#5096=CARTESIAN_POINT('',(110.437073783922,46.6421791932227,4.));
#5097=CARTESIAN_POINT('',(118.435192108154,51.1905528147139,4.));
#5098=CARTESIAN_POINT('Origin',(113.430563270523,51.2638095043644,4.));
#5099=CARTESIAN_POINT('',(118.435192108154,51.0473058484691,4.));
#5100=CARTESIAN_POINT('',(90.5003000503036,58.0354689931548,4.));
#5101=CARTESIAN_POINT('',(115.579807685872,74.8537916705187,4.));
#5102=CARTESIAN_POINT('',(87.7287554874935,58.577494608695,4.));
#5103=CARTESIAN_POINT('Origin',(89.3863802884817,59.696547788463,4.));
#5104=CARTESIAN_POINT('',(87.1836427124938,59.3849561945354,4.));
#5105=CARTESIAN_POINT('',(91.1870496462868,53.4548120853169,4.));
#5106=CARTESIAN_POINT('',(87.7273477516601,62.1650881696117,4.));
#5107=CARTESIAN_POINT('Origin',(88.8412675134819,60.5040093743034,4.));
#5108=CARTESIAN_POINT('',(107.904166678112,75.6956668491764,4.));
#5109=CARTESIAN_POINT('',(101.312594035942,71.2753569587993,4.));
#5110=CARTESIAN_POINT('',(74.9377169422571,94.7637032400915,4.));
#5111=CARTESIAN_POINT('Origin',(96.9354878823054,94.7637032400915,4.));
#5112=CARTESIAN_POINT('',(107.904166678112,113.831739631007,4.));
#5113=CARTESIAN_POINT('Origin',(96.9354878823054,94.7637032400915,4.));
#5114=CARTESIAN_POINT('',(87.7273477516601,127.362318310571,4.));
#5115=CARTESIAN_POINT('',(101.312594035942,118.252049521384,4.));
#5116=CARTESIAN_POINT('',(87.1836427124938,130.142450285648,4.));
#5117=CARTESIAN_POINT('Origin',(88.8412675134819,129.02339710588,4.));
#5118=CARTESIAN_POINT('',(87.7287554874936,130.949911871488,4.));
#5119=CARTESIAN_POINT('',(91.1870496462868,136.072594394866,4.));
#5120=CARTESIAN_POINT('Origin',(89.3863802884817,129.83085869172,4.));
#5121=CARTESIAN_POINT('',(111.338249880627,138.263596975819,4.));
#5122=CARTESIAN_POINT('Origin',(113.430563270523,138.263596975819,4.));
#5123=CARTESIAN_POINT('',(59.2102632503038,130.757960649354,4.));
#5124=CARTESIAN_POINT('Origin',(61.4403953913318,130.757960649354,4.));
#5125=CARTESIAN_POINT('',(59.2102632503038,58.7694458308286,4.));
#5126=CARTESIAN_POINT('Origin',(61.4403953913318,58.7694458308286,4.));
#5127=CARTESIAN_POINT('',(111.338249880627,51.2638095043644,4.));
#5128=CARTESIAN_POINT('Origin',(113.430563270523,51.2638095043644,4.));
#5129=CARTESIAN_POINT('',(69.5166361436917,119.016889287562,4.));
#5130=CARTESIAN_POINT('Origin',(68.0166361436917,119.016889287562,4.));
#5131=CARTESIAN_POINT('',(69.5166361436917,70.5168892875618,4.));
#5132=CARTESIAN_POINT('Origin',(68.0166361436917,70.5168892875618,4.));
#5133=CARTESIAN_POINT('Origin',(68.0166361436917,70.5168892875618,0.));
#5134=CARTESIAN_POINT('',(69.5166361436917,70.5168892875618,0.));
#5135=CARTESIAN_POINT('Origin',(68.0166361436917,119.016889287562,0.));
#5136=CARTESIAN_POINT('',(69.5166361436917,119.016889287562,0.));
#5137=CARTESIAN_POINT('Origin',(211.767250027153,112.765913009644,0.));
#5138=CARTESIAN_POINT('Origin',(89.3863802884817,59.696547788463,4.));
#5139=CARTESIAN_POINT('',(87.7287554874935,58.577494608695,4.));
#5140=CARTESIAN_POINT('',(90.5003000503036,58.0354689931548,4.));
#5141=CARTESIAN_POINT('Origin',(88.8443520791971,56.9249899630363,4.));
#5142=CARTESIAN_POINT('',(87.1836427124938,59.3849561945354,4.));
#5143=CARTESIAN_POINT('Origin',(88.8412675134819,60.5040093743034,4.));
#5144=CARTESIAN_POINT('',(87.7273477516601,62.1650881696117,4.));
#5145=CARTESIAN_POINT('Origin',(86.0611222346958,61.0477170152506,4.));
#5146=CARTESIAN_POINT('',(107.904166678112,75.6956668491764,4.));
#5147=CARTESIAN_POINT('Origin',(177.2442237854,80.7103979089441,8.));
#5148=CARTESIAN_POINT('Origin',(171.2442237854,80.7103979089441,8.));
#5149=CARTESIAN_POINT('',(169.7442237854,80.7103979089441,8.));
#5150=CARTESIAN_POINT('Origin',(96.9354878823054,94.7637032400915,0.));
#5151=CARTESIAN_POINT('',(107.904166678112,113.831739631007,4.));
#5152=CARTESIAN_POINT('',(74.9377169422571,94.7637032400915,2.));
#5153=CARTESIAN_POINT('',(74.9377169422571,94.7637032400915,0.));
#5154=CARTESIAN_POINT('Origin',(96.9354878823054,94.7637032400915,2.));
#5155=CARTESIAN_POINT('Origin',(111.825100421121,72.3358842516318,4.));
#5156=CARTESIAN_POINT('Origin',(61.4403953913318,58.7694458308286,0.));
#5157=CARTESIAN_POINT('',(59.2102632503038,58.7694458308286,0.));
#5158=CARTESIAN_POINT('Origin',(113.430563270523,51.2638095043644,0.));
#5159=CARTESIAN_POINT('',(111.338249880627,51.2638095043644,0.));
#5160=CARTESIAN_POINT('Origin',(82.6655697617234,16.8922139266342,0.));
#5161=CARTESIAN_POINT('',(108.220208081058,47.6690672704855,0.));
#5162=CARTESIAN_POINT('',(66.8704446794906,53.6450133440604,0.));
#5163=CARTESIAN_POINT('Origin',(111.359559338129,51.5616652304253,0.));
#5164=CARTESIAN_POINT('',(111.688231029384,46.5716932753572,0.));
#5165=CARTESIAN_POINT('Origin',(113.430563270523,51.2638095043644,0.));
#5166=CARTESIAN_POINT('',(112.530402383826,46.3402552269052,0.));
#5167=CARTESIAN_POINT('Origin',(112.902715588807,46.2865559273468,0.));
#5168=CARTESIAN_POINT('',(112.902715588807,46.2865559273469,0.));
#5169=CARTESIAN_POINT('Origin',(113.430563270523,51.2638095043644,0.));
#5170=CARTESIAN_POINT('',(118.435192108154,51.1905528147139,0.));
#5171=CARTESIAN_POINT('Origin',(118.435192108154,64.2614934705394,0.));
#5172=CARTESIAN_POINT('Origin',(16.4465908120275,95.3004975160181,0.));
#5173=CARTESIAN_POINT('',(68.0166361436917,94.7605171926212,0.));
#5174=CARTESIAN_POINT('',(68.0166694057705,94.7637032400915,0.));
#5175=CARTESIAN_POINT('Origin',(18.0141147615569,94.7605171926752,0.));
#5176=CARTESIAN_POINT('',(57.4082618687252,63.9651714685299,0.));
#5177=CARTESIAN_POINT('Origin',(61.4404836356222,60.9995779701108,0.));
#5178=CARTESIAN_POINT('',(56.4351844787598,61.0227625688052,0.));
#5179=CARTESIAN_POINT('Origin',(56.4351844787598,58.5622514238383,0.));
#5180=CARTESIAN_POINT('',(56.4351844787598,58.5622514238383,0.));
#5181=CARTESIAN_POINT('Origin',(61.4403953913318,58.7694458308286,0.));
#5182=CARTESIAN_POINT('',(60.6322240131487,53.8255683217166,0.));
#5183=CARTESIAN_POINT('Origin',(64.2255819575312,53.3073503601815,0.));
#5184=CARTESIAN_POINT('',(64.2255819575312,53.3073503601815,0.));
#5185=CARTESIAN_POINT('Origin',(64.9384731433594,58.2506172026437,0.));
#5186=CARTESIAN_POINT('Origin',(89.3863802884817,129.83085869172,4.));
#5187=CARTESIAN_POINT('',(87.7287554874935,130.949911871488,4.));
#5188=CARTESIAN_POINT('Origin',(88.8443520791971,132.602416517147,4.));
#5189=CARTESIAN_POINT('',(87.1836427124937,130.142450285648,4.));
#5190=CARTESIAN_POINT('Origin',(88.8412675134819,129.02339710588,4.));
#5191=CARTESIAN_POINT('',(87.7273477516601,127.362318310571,4.));
#5192=CARTESIAN_POINT('Origin',(96.9354878823054,94.7637032400915,2.));
#5193=CARTESIAN_POINT('Origin',(72.9377169422571,94.7637032400915,2.));
#5194=CARTESIAN_POINT('Origin',(86.0611222346958,128.479689464932,4.));
#5195=CARTESIAN_POINT('Origin',(191.43518447876,117.191522228551,4.));
#5196=CARTESIAN_POINT('Origin',(61.4403953913318,130.757960649354,0.));
#5197=CARTESIAN_POINT('',(59.2102632503038,130.757960649354,0.));
#5198=CARTESIAN_POINT('Origin',(113.430563270523,138.263596975819,0.));
#5199=CARTESIAN_POINT('',(111.338249880627,138.263596975819,0.));
#5200=CARTESIAN_POINT('Origin',(82.6655697617234,172.635192553549,0.));
#5201=CARTESIAN_POINT('',(66.8704446794906,135.882393136123,0.));
#5202=CARTESIAN_POINT('',(108.220208081058,141.858339209698,0.));
#5203=CARTESIAN_POINT('Origin',(111.359559338129,137.965741249758,0.));
#5204=CARTESIAN_POINT('',(111.688231029384,142.955713204826,0.));
#5205=CARTESIAN_POINT('Origin',(113.430563270523,138.263596975819,0.));
#5206=CARTESIAN_POINT('',(112.530402383826,143.187151253278,0.));
#5207=CARTESIAN_POINT('Origin',(112.902715588807,143.240850552836,0.));
#5208=CARTESIAN_POINT('',(112.902715588807,143.240850552836,0.));
#5209=CARTESIAN_POINT('Origin',(113.430563270523,138.263596975819,0.));
#5210=CARTESIAN_POINT('Origin',(157.435178756714,117.265911102295,0.));
#5211=CARTESIAN_POINT('Origin',(16.4465908120275,94.2269089641649,0.));
#5212=CARTESIAN_POINT('',(68.0166361436917,94.7668892875618,0.));
#5213=CARTESIAN_POINT('Origin',(18.0141147615569,94.7668892875078,0.));
#5214=CARTESIAN_POINT('',(57.4082618687252,125.562235011653,0.));
#5215=CARTESIAN_POINT('Origin',(61.4404836356222,128.527828510072,0.));
#5216=CARTESIAN_POINT('',(56.4351844787598,128.504643911378,0.));
#5217=CARTESIAN_POINT('Origin',(56.4351844787598,130.965155056345,0.));
#5218=CARTESIAN_POINT('',(56.4351844787598,130.965155056345,0.));
#5219=CARTESIAN_POINT('Origin',(61.4403953913318,130.757960649354,0.));
#5220=CARTESIAN_POINT('',(60.6322240131487,135.701838158466,0.));
#5221=CARTESIAN_POINT('Origin',(64.2255819575312,136.220056120002,0.));
#5222=CARTESIAN_POINT('',(64.2255819575312,136.220056120002,0.));
#5223=CARTESIAN_POINT('Origin',(64.9384731433594,131.276789277539,0.));
#5224=UNCERTAINTY_MEASURE_WITH_UNIT(LENGTH_MEASURE(0.01),#5228,
'DISTANCE_ACCURACY_VALUE',
'Maximum model space distance between geometric entities at asserted c
onnectivities');
#5225=UNCERTAINTY_MEASURE_WITH_UNIT(LENGTH_MEASURE(0.01),#5228,
'DISTANCE_ACCURACY_VALUE',
'Maximum model space distance between geometric entities at asserted c
onnectivities');
#5226=(
GEOMETRIC_REPRESENTATION_CONTEXT(3)
GLOBAL_UNCERTAINTY_ASSIGNED_CONTEXT((#5224))
GLOBAL_UNIT_ASSIGNED_CONTEXT((#5228,#5230,#5231))
REPRESENTATION_CONTEXT('','3D')
);
#5227=(
GEOMETRIC_REPRESENTATION_CONTEXT(3)
GLOBAL_UNCERTAINTY_ASSIGNED_CONTEXT((#5225))
GLOBAL_UNIT_ASSIGNED_CONTEXT((#5228,#5230,#5231))
REPRESENTATION_CONTEXT('','3D')
);
#5228=(
LENGTH_UNIT()
NAMED_UNIT(*)
SI_UNIT(.MILLI.,.METRE.)
);
#5229=(
LENGTH_UNIT()
NAMED_UNIT(*)
SI_UNIT(.CENTI.,.METRE.)
);
#5230=(
NAMED_UNIT(*)
PLANE_ANGLE_UNIT()
SI_UNIT($,.RADIAN.)
);
#5231=(
NAMED_UNIT(*)
SI_UNIT($,.STERADIAN.)
SOLID_ANGLE_UNIT()
);
#5232=SHAPE_DEFINITION_REPRESENTATION(#5233,#5234);
#5233=PRODUCT_DEFINITION_SHAPE('',$,#5236);
#5234=SHAPE_REPRESENTATION('',(#3085),#5226);
#5235=PRODUCT_DEFINITION_CONTEXT('part definition',#5240,'design');
#5236=PRODUCT_DEFINITION('001_2dof_head - G1_head_mount.stl',
'001_2dof_head - G1_head_mount.stl',#5237,#5235);
#5237=PRODUCT_DEFINITION_FORMATION('',$,#5242);
#5238=PRODUCT_RELATED_PRODUCT_CATEGORY(
'001_2dof_head - G1_head_mount.stl','001_2dof_head - G1_head_mount.stl',
(#5242));
#5239=APPLICATION_PROTOCOL_DEFINITION('international standard',
'automotive_design',2009,#5240);
#5240=APPLICATION_CONTEXT(
'Core Data for Automotive Mechanical Design Process');
#5241=PRODUCT_CONTEXT('part definition',#5240,'mechanical');
#5242=PRODUCT('001_2dof_head - G1_head_mount.stl',
'001_2dof_head - G1_head_mount.stl',$,(#5241));
#5243=PRESENTATION_STYLE_ASSIGNMENT((#5245));
#5244=PRESENTATION_STYLE_ASSIGNMENT((#5246));
#5245=SURFACE_STYLE_USAGE(.BOTH.,#5251);
#5246=SURFACE_STYLE_USAGE(.BOTH.,#5252);
#5247=SURFACE_STYLE_RENDERING_WITH_PROPERTIES($,#5259,(#5249));
#5248=SURFACE_STYLE_RENDERING_WITH_PROPERTIES($,#5260,(#5250));
#5249=SURFACE_STYLE_TRANSPARENT(0.);
#5250=SURFACE_STYLE_TRANSPARENT(0.);
#5251=SURFACE_SIDE_STYLE('',(#5253,#5247));
#5252=SURFACE_SIDE_STYLE('',(#5254,#5248));
#5253=SURFACE_STYLE_FILL_AREA(#5255);
#5254=SURFACE_STYLE_FILL_AREA(#5256);
#5255=FILL_AREA_STYLE('',(#5257));
#5256=FILL_AREA_STYLE('',(#5258));
#5257=FILL_AREA_STYLE_COLOUR('',#5259);
#5258=FILL_AREA_STYLE_COLOUR('',#5260);
#5259=COLOUR_RGB('',0.,0.490196078431373,0.658823529411765);
#5260=COLOUR_RGB('',0.,0.,0.);
ENDSEC;
END-ISO-10303-21;
