ISO-10303-21;
HEADER;
/* Generated by software containing ST-Developer
 * from STEP Tools, Inc. (www.steptools.com) 
 */

FILE_DESCRIPTION(
/* description */ (''),
/* implementation_level */ '2;1');

FILE_NAME(
/* name */ '',
/* time_stamp */ '2026-05-30T14:50:27+08:00',
/* author */ ('xzc'),
/* organization */ (''),
/* preprocessor_version */ 'ST-DEVELOPER v20',
/* originating_system */ 'Autodesk Inventor 2025',
/* authorisation */ '');

FILE_SCHEMA (('AUTOMOTIVE_DESIGN { 1 0 10303 214 3 1 1 }'));
ENDSEC;

DATA;
#10=MECHANICAL_DESIGN_GEOMETRIC_PRESENTATION_REPRESENTATION('',(#145,#146,
#147,#148,#149,#150,#151,#152,#153,#154,#155,#156,#157,#158,#159,#160,#161,
#162,#163,#164,#165,#166,#167,#168,#169,#170,#171,#172,#173,#174,#175,#176,
#177,#178,#179,#180,#181,#182,#183,#184,#185,#186),#2315);
#11=SHAPE_REPRESENTATION_RELATIONSHIP('SRR','None',#2322,#12);
#12=ADVANCED_BREP_SHAPE_REPRESENTATION('',(#13),#2314);
#13=MANIFOLD_SOLID_BREP('\X2\5B9E4F53\X0\1',#1332);
#14=B_SPLINE_CURVE_WITH_KNOTS('',3,(#1956,#1957,#1958,#1959,#1960,#1961,
#1962,#1963,#1964,#1965),.UNSPECIFIED.,.F.,.F.,(4,2,2,2,4),(-0.0764678711351243,
-0.0570325050696837,-0.037597139004243,-0.0187985695021215,0.),
 .UNSPECIFIED.);
#15=B_SPLINE_CURVE_WITH_KNOTS('',3,(#2003,#2004,#2005,#2006,#2007,#2008,
#2009,#2010,#2011,#2012),.UNSPECIFIED.,.F.,.F.,(4,2,2,2,4),(0.0758256111516628,
0.0949777931911127,0.114129975230563,0.132953906050119,0.151777836869676),
 .UNSPECIFIED.);
#16=B_SPLINE_CURVE_WITH_KNOTS('',3,(#2021,#2022,#2023,#2024),
 .UNSPECIFIED.,.F.,.F.,(4,4),(0.0752594075203668,0.0765157250674772),
 .UNSPECIFIED.);
#17=B_SPLINE_CURVE_WITH_KNOTS('',3,(#2029,#2030,#2031,#2032,#2033,#2034,
#2035,#2036,#2037,#2038),.UNSPECIFIED.,.F.,.F.,(4,2,2,2,4),(0.304916021712069,
0.323724686781488,0.342533351850907,0.361797980100827,0.379819232256777),
 .UNSPECIFIED.);
#18=B_SPLINE_CURVE_WITH_KNOTS('',3,(#2068,#2069,#2070,#2071,#2072,#2073,
#2074,#2075,#2076,#2077),.UNSPECIFIED.,.F.,.F.,(4,2,2,2,4),(0.151725409340665,
0.170549916099153,0.18937442285764,0.208512102598235,0.22764978233883),
 .UNSPECIFIED.);
#19=B_SPLINE_CURVE_WITH_KNOTS('',3,(#2078,#2079,#2080,#2081,#2082,#2083,
#2084,#2085,#2086,#2087),.UNSPECIFIED.,.F.,.F.,(4,2,2,2,4),(0.228665166113219,
0.24791267948407,0.26716019285492,0.28596978298652,0.30477937311812),
 .UNSPECIFIED.);
#20=CYLINDRICAL_SURFACE('',#1363,5.);
#21=CYLINDRICAL_SURFACE('',#1370,5.);
#22=CYLINDRICAL_SURFACE('',#1372,1.5);
#23=CYLINDRICAL_SURFACE('',#1374,0.5);
#24=CYLINDRICAL_SURFACE('',#1381,0.5);
#25=CYLINDRICAL_SURFACE('',#1384,0.5);
#26=CYLINDRICAL_SURFACE('',#1395,22.4998156416931);
#27=CYLINDRICAL_SURFACE('',#1398,0.5);
#28=CYLINDRICAL_SURFACE('',#1399,0.5);
#29=CYLINDRICAL_SURFACE('',#1417,0.1);
#30=CYLINDRICAL_SURFACE('',#1424,11.5003315465025);
#31=CYLINDRICAL_SURFACE('',#1429,0.1);
#32=CYLINDRICAL_SURFACE('',#1432,0.1);
#33=CYLINDRICAL_SURFACE('',#1435,0.1);
#34=CYLINDRICAL_SURFACE('',#1441,2.);
#35=CYLINDRICAL_SURFACE('',#1449,2.);
#36=CYLINDRICAL_SURFACE('',#1451,2.);
#37=CYLINDRICAL_SURFACE('',#1452,2.);
#38=CYLINDRICAL_SURFACE('',#1455,1.50001717472469);
#39=CYLINDRICAL_SURFACE('',#1457,4.38218614696924);
#40=CYLINDRICAL_SURFACE('',#1458,4.38218614696924);
#41=CYLINDRICAL_SURFACE('',#1459,4.38218614696924);
#42=CYLINDRICAL_SURFACE('',#1466,4.38218614696924);
#43=CYLINDRICAL_SURFACE('',#1467,2.);
#44=CYLINDRICAL_SURFACE('',#1475,2.);
#45=CYLINDRICAL_SURFACE('',#1477,2.);
#46=CYLINDRICAL_SURFACE('',#1478,2.);
#47=CYLINDRICAL_SURFACE('',#1479,1.50001717472469);
#48=CYLINDRICAL_SURFACE('',#1483,1.75011429409263);
#49=CYLINDRICAL_SURFACE('',#1485,1.7502249591754);
#50=CYLINDRICAL_SURFACE('',#1487,1.74986403401978);
#51=CYLINDRICAL_SURFACE('',#1489,1.75015842019911);
#52=CYLINDRICAL_SURFACE('',#1493,18.7893612959515);
#53=FACE_BOUND('',#260,.T.);
#54=FACE_BOUND('',#264,.T.);
#55=FACE_BOUND('',#279,.T.);
#56=FACE_BOUND('',#282,.T.);
#57=FACE_BOUND('',#290,.T.);
#58=FACE_BOUND('',#293,.T.);
#59=FACE_BOUND('',#300,.T.);
#60=FACE_BOUND('',#307,.T.);
#61=FACE_BOUND('',#309,.T.);
#62=FACE_BOUND('',#313,.T.);
#63=FACE_BOUND('',#322,.T.);
#64=FACE_BOUND('',#328,.T.);
#65=FACE_BOUND('',#329,.T.);
#66=FACE_BOUND('',#330,.T.);
#67=FACE_BOUND('',#331,.T.);
#68=FACE_BOUND('',#332,.T.);
#69=FACE_BOUND('',#335,.T.);
#70=CIRCLE('',#1362,1.5);
#71=CIRCLE('',#1364,5.);
#72=CIRCLE('',#1365,5.);
#73=CIRCLE('',#1368,11.5003315465025);
#74=CIRCLE('',#1369,5.);
#75=CIRCLE('',#1371,5.);
#76=CIRCLE('',#1373,1.5);
#77=CIRCLE('',#1375,0.500000000000002);
#78=CIRCLE('',#1377,0.500000000000002);
#79=CIRCLE('',#1378,0.500000000000002);
#80=CIRCLE('',#1379,0.500000000000002);
#81=CIRCLE('',#1383,22.4998156416931);
#82=CIRCLE('',#1386,22.4998156416931);
#83=CIRCLE('',#1387,22.4998156416931);
#84=CIRCLE('',#1388,18.7893612959515);
#85=CIRCLE('',#1389,2.);
#86=CIRCLE('',#1390,2.);
#87=CIRCLE('',#1391,18.7893612959515);
#88=CIRCLE('',#1392,2.);
#89=CIRCLE('',#1393,2.);
#90=CIRCLE('',#1394,18.7893612959515);
#91=CIRCLE('',#1396,22.4998156416931);
#92=CIRCLE('',#1401,4.38218614696924);
#93=CIRCLE('',#1402,11.5003315465025);
#94=CIRCLE('',#1403,4.38218614696924);
#95=CIRCLE('',#1404,0.1);
#96=CIRCLE('',#1405,2.);
#97=CIRCLE('',#1406,2.);
#98=CIRCLE('',#1407,2.);
#99=CIRCLE('',#1408,2.);
#100=CIRCLE('',#1409,2.);
#101=CIRCLE('',#1410,2.);
#102=CIRCLE('',#1411,2.);
#103=CIRCLE('',#1412,2.);
#104=CIRCLE('',#1413,0.1);
#105=CIRCLE('',#1414,4.38218614696924);
#106=CIRCLE('',#1415,11.5003315465025);
#107=CIRCLE('',#1416,4.38218614696924);
#108=CIRCLE('',#1418,0.1);
#109=CIRCLE('',#1419,0.1);
#110=CIRCLE('',#1421,11.5003315465025);
#111=CIRCLE('',#1422,4.38218614696924);
#112=CIRCLE('',#1423,1.75015842019911);
#113=CIRCLE('',#1425,11.5003315465025);
#114=CIRCLE('',#1426,11.5003315465025);
#115=CIRCLE('',#1427,11.5003315465025);
#116=CIRCLE('',#1428,11.5003315465025);
#117=CIRCLE('',#1430,0.1);
#118=CIRCLE('',#1433,0.1);
#119=CIRCLE('',#1436,0.1);
#120=CIRCLE('',#1437,0.1);
#121=CIRCLE('',#1439,4.38218614696924);
#122=CIRCLE('',#1440,1.75011429409263);
#123=CIRCLE('',#1442,2.);
#124=CIRCLE('',#1444,1.50001717472477);
#125=CIRCLE('',#1446,2.);
#126=CIRCLE('',#1447,2.);
#127=CIRCLE('',#1448,2.);
#128=CIRCLE('',#1454,1.50001717472477);
#129=CIRCLE('',#1460,4.38218614696924);
#130=CIRCLE('',#1462,1.7502249591754);
#131=CIRCLE('',#1464,4.38218614696924);
#132=CIRCLE('',#1465,1.74986403401978);
#133=CIRCLE('',#1468,2.);
#134=CIRCLE('',#1470,1.50001717472477);
#135=CIRCLE('',#1472,2.);
#136=CIRCLE('',#1473,2.);
#137=CIRCLE('',#1474,2.);
#138=CIRCLE('',#1480,1.50001717472477);
#139=CIRCLE('',#1484,1.75011429409263);
#140=CIRCLE('',#1486,1.7502249591754);
#141=CIRCLE('',#1488,1.74986403401978);
#142=CIRCLE('',#1490,1.75015842019911);
#143=CIRCLE('',#1492,18.7893612959515);
#144=CIRCLE('',#1494,18.7893612959515);
#145=STYLED_ITEM('',(#2332),#1272);
#146=STYLED_ITEM('',(#2333),#1279);
#147=STYLED_ITEM('',(#2334),#1284);
#148=STYLED_ITEM('',(#2334),#1285);
#149=STYLED_ITEM('',(#2333),#1289);
#150=STYLED_ITEM('',(#2335),#1291);
#151=STYLED_ITEM('',(#2333),#1292);
#152=STYLED_ITEM('',(#2333),#1294);
#153=STYLED_ITEM('',(#2333),#1296);
#154=STYLED_ITEM('',(#2335),#1298);
#155=STYLED_ITEM('',(#2336),#1299);
#156=STYLED_ITEM('',(#2336),#1300);
#157=STYLED_ITEM('',(#2336),#1301);
#158=STYLED_ITEM('',(#2336),#1302);
#159=STYLED_ITEM('',(#2336),#1303);
#160=STYLED_ITEM('',(#2336),#1304);
#161=STYLED_ITEM('',(#2336),#1305);
#162=STYLED_ITEM('',(#2336),#1306);
#163=STYLED_ITEM('',(#2336),#1307);
#164=STYLED_ITEM('',(#2336),#1308);
#165=STYLED_ITEM('',(#2335),#1309);
#166=STYLED_ITEM('',(#2335),#1310);
#167=STYLED_ITEM('',(#2335),#1311);
#168=STYLED_ITEM('',(#2335),#1312);
#169=STYLED_ITEM('',(#2332),#1315);
#170=STYLED_ITEM('',(#2332),#1316);
#171=STYLED_ITEM('',(#2332),#1317);
#172=STYLED_ITEM('',(#2332),#1318);
#173=STYLED_ITEM('',(#2332),#1319);
#174=STYLED_ITEM('',(#2332),#1320);
#175=STYLED_ITEM('',(#2332),#1321);
#176=STYLED_ITEM('',(#2332),#1322);
#177=STYLED_ITEM('',(#2332),#1323);
#178=STYLED_ITEM('',(#2332),#1324);
#179=STYLED_ITEM('',(#2333),#1325);
#180=STYLED_ITEM('',(#2333),#1326);
#181=STYLED_ITEM('',(#2333),#1327);
#182=STYLED_ITEM('',(#2333),#1328);
#183=STYLED_ITEM('',(#2333),#1329);
#184=STYLED_ITEM('',(#2334),#1330);
#185=STYLED_ITEM('',(#2334),#1331);
#186=STYLED_ITEM('',(#2331),#13);
#187=FACE_OUTER_BOUND('',#253,.T.);
#188=FACE_OUTER_BOUND('',#254,.T.);
#189=FACE_OUTER_BOUND('',#255,.T.);
#190=FACE_OUTER_BOUND('',#256,.T.);
#191=FACE_OUTER_BOUND('',#257,.T.);
#192=FACE_OUTER_BOUND('',#258,.T.);
#193=FACE_OUTER_BOUND('',#259,.T.);
#194=FACE_OUTER_BOUND('',#261,.T.);
#195=FACE_OUTER_BOUND('',#262,.T.);
#196=FACE_OUTER_BOUND('',#263,.T.);
#197=FACE_OUTER_BOUND('',#265,.T.);
#198=FACE_OUTER_BOUND('',#266,.T.);
#199=FACE_OUTER_BOUND('',#267,.T.);
#200=FACE_OUTER_BOUND('',#268,.T.);
#201=FACE_OUTER_BOUND('',#269,.T.);
#202=FACE_OUTER_BOUND('',#270,.T.);
#203=FACE_OUTER_BOUND('',#271,.T.);
#204=FACE_OUTER_BOUND('',#272,.T.);
#205=FACE_OUTER_BOUND('',#273,.T.);
#206=FACE_OUTER_BOUND('',#274,.T.);
#207=FACE_OUTER_BOUND('',#275,.T.);
#208=FACE_OUTER_BOUND('',#276,.T.);
#209=FACE_OUTER_BOUND('',#277,.T.);
#210=FACE_OUTER_BOUND('',#278,.T.);
#211=FACE_OUTER_BOUND('',#280,.T.);
#212=FACE_OUTER_BOUND('',#281,.T.);
#213=FACE_OUTER_BOUND('',#283,.T.);
#214=FACE_OUTER_BOUND('',#284,.T.);
#215=FACE_OUTER_BOUND('',#285,.T.);
#216=FACE_OUTER_BOUND('',#286,.T.);
#217=FACE_OUTER_BOUND('',#287,.T.);
#218=FACE_OUTER_BOUND('',#288,.T.);
#219=FACE_OUTER_BOUND('',#289,.T.);
#220=FACE_OUTER_BOUND('',#291,.T.);
#221=FACE_OUTER_BOUND('',#292,.T.);
#222=FACE_OUTER_BOUND('',#294,.T.);
#223=FACE_OUTER_BOUND('',#295,.T.);
#224=FACE_OUTER_BOUND('',#296,.T.);
#225=FACE_OUTER_BOUND('',#297,.T.);
#226=FACE_OUTER_BOUND('',#298,.T.);
#227=FACE_OUTER_BOUND('',#299,.T.);
#228=FACE_OUTER_BOUND('',#301,.T.);
#229=FACE_OUTER_BOUND('',#302,.T.);
#230=FACE_OUTER_BOUND('',#303,.T.);
#231=FACE_OUTER_BOUND('',#304,.T.);
#232=FACE_OUTER_BOUND('',#305,.T.);
#233=FACE_OUTER_BOUND('',#306,.T.);
#234=FACE_OUTER_BOUND('',#308,.T.);
#235=FACE_OUTER_BOUND('',#310,.T.);
#236=FACE_OUTER_BOUND('',#311,.T.);
#237=FACE_OUTER_BOUND('',#312,.T.);
#238=FACE_OUTER_BOUND('',#314,.T.);
#239=FACE_OUTER_BOUND('',#315,.T.);
#240=FACE_OUTER_BOUND('',#316,.T.);
#241=FACE_OUTER_BOUND('',#317,.T.);
#242=FACE_OUTER_BOUND('',#318,.T.);
#243=FACE_OUTER_BOUND('',#319,.T.);
#244=FACE_OUTER_BOUND('',#320,.T.);
#245=FACE_OUTER_BOUND('',#321,.T.);
#246=FACE_OUTER_BOUND('',#323,.T.);
#247=FACE_OUTER_BOUND('',#324,.T.);
#248=FACE_OUTER_BOUND('',#325,.T.);
#249=FACE_OUTER_BOUND('',#326,.T.);
#250=FACE_OUTER_BOUND('',#327,.T.);
#251=FACE_OUTER_BOUND('',#333,.T.);
#252=FACE_OUTER_BOUND('',#334,.T.);
#253=EDGE_LOOP('',(#859,#860,#861,#862));
#254=EDGE_LOOP('',(#863,#864,#865,#866));
#255=EDGE_LOOP('',(#867,#868,#869,#870));
#256=EDGE_LOOP('',(#871,#872,#873,#874));
#257=EDGE_LOOP('',(#875,#876,#877,#878));
#258=EDGE_LOOP('',(#879,#880,#881,#882));
#259=EDGE_LOOP('',(#883,#884,#885,#886,#887,#888));
#260=EDGE_LOOP('',(#889));
#261=EDGE_LOOP('',(#890,#891,#892,#893));
#262=EDGE_LOOP('',(#894,#895,#896,#897));
#263=EDGE_LOOP('',(#898,#899,#900,#901));
#264=EDGE_LOOP('',(#902,#903,#904,#905,#906,#907));
#265=EDGE_LOOP('',(#908,#909,#910,#911));
#266=EDGE_LOOP('',(#912,#913,#914,#915));
#267=EDGE_LOOP('',(#916,#917,#918,#919));
#268=EDGE_LOOP('',(#920,#921,#922,#923,#924,#925,#926,#927,#928,#929,#930,
#931));
#269=EDGE_LOOP('',(#932,#933,#934,#935,#936));
#270=EDGE_LOOP('',(#937,#938,#939,#940));
#271=EDGE_LOOP('',(#941,#942,#943,#944));
#272=EDGE_LOOP('',(#945,#946,#947,#948,#949,#950));
#273=EDGE_LOOP('',(#951,#952,#953,#954,#955,#956,#957,#958,#959,#960,#961,
#962,#963,#964));
#274=EDGE_LOOP('',(#965,#966,#967,#968,#969,#970,#971,#972,#973,#974,#975,
#976));
#275=EDGE_LOOP('',(#977,#978,#979,#980));
#276=EDGE_LOOP('',(#981,#982,#983,#984));
#277=EDGE_LOOP('',(#985,#986,#987,#988));
#278=EDGE_LOOP('',(#989,#990,#991,#992,#993,#994,#995,#996,#997,#998,#999,
#1000,#1001,#1002,#1003,#1004,#1005,#1006,#1007,#1008,#1009,#1010,#1011,
#1012,#1013,#1014,#1015,#1016,#1017,#1018,#1019,#1020,#1021,#1022));
#279=EDGE_LOOP('',(#1023));
#280=EDGE_LOOP('',(#1024,#1025,#1026,#1027));
#281=EDGE_LOOP('',(#1028,#1029,#1030,#1031));
#282=EDGE_LOOP('',(#1032));
#283=EDGE_LOOP('',(#1033,#1034,#1035,#1036,#1037,#1038,#1039,#1040,#1041,
#1042,#1043,#1044,#1045,#1046,#1047,#1048));
#284=EDGE_LOOP('',(#1049,#1050,#1051,#1052));
#285=EDGE_LOOP('',(#1053,#1054,#1055,#1056,#1057,#1058));
#286=EDGE_LOOP('',(#1059,#1060,#1061,#1062));
#287=EDGE_LOOP('',(#1063,#1064,#1065,#1066,#1067,#1068));
#288=EDGE_LOOP('',(#1069,#1070,#1071,#1072));
#289=EDGE_LOOP('',(#1073,#1074,#1075,#1076));
#290=EDGE_LOOP('',(#1077));
#291=EDGE_LOOP('',(#1078,#1079,#1080,#1081));
#292=EDGE_LOOP('',(#1082,#1083,#1084,#1085));
#293=EDGE_LOOP('',(#1086));
#294=EDGE_LOOP('',(#1087,#1088,#1089,#1090,#1091,#1092,#1093,#1094));
#295=EDGE_LOOP('',(#1095,#1096,#1097,#1098,#1099));
#296=EDGE_LOOP('',(#1100,#1101,#1102,#1103));
#297=EDGE_LOOP('',(#1104,#1105,#1106,#1107,#1108));
#298=EDGE_LOOP('',(#1109,#1110,#1111,#1112));
#299=EDGE_LOOP('',(#1113,#1114,#1115,#1116));
#300=EDGE_LOOP('',(#1117));
#301=EDGE_LOOP('',(#1118,#1119,#1120,#1121));
#302=EDGE_LOOP('',(#1122,#1123,#1124,#1125));
#303=EDGE_LOOP('',(#1126,#1127,#1128,#1129));
#304=EDGE_LOOP('',(#1130,#1131,#1132,#1133));
#305=EDGE_LOOP('',(#1134,#1135,#1136,#1137,#1138));
#306=EDGE_LOOP('',(#1139,#1140));
#307=EDGE_LOOP('',(#1141));
#308=EDGE_LOOP('',(#1142,#1143));
#309=EDGE_LOOP('',(#1144));
#310=EDGE_LOOP('',(#1145,#1146,#1147,#1148,#1149));
#311=EDGE_LOOP('',(#1150,#1151,#1152,#1153,#1154));
#312=EDGE_LOOP('',(#1155,#1156,#1157,#1158));
#313=EDGE_LOOP('',(#1159));
#314=EDGE_LOOP('',(#1160,#1161,#1162,#1163,#1164,#1165,#1166,#1167));
#315=EDGE_LOOP('',(#1168,#1169,#1170,#1171));
#316=EDGE_LOOP('',(#1172,#1173,#1174,#1175));
#317=EDGE_LOOP('',(#1176,#1177,#1178,#1179));
#318=EDGE_LOOP('',(#1180,#1181,#1182,#1183,#1184));
#319=EDGE_LOOP('',(#1185,#1186,#1187,#1188));
#320=EDGE_LOOP('',(#1189,#1190,#1191,#1192));
#321=EDGE_LOOP('',(#1193,#1194,#1195,#1196));
#322=EDGE_LOOP('',(#1197));
#323=EDGE_LOOP('',(#1198,#1199,#1200,#1201));
#324=EDGE_LOOP('',(#1202,#1203,#1204,#1205));
#325=EDGE_LOOP('',(#1206,#1207,#1208,#1209));
#326=EDGE_LOOP('',(#1210,#1211,#1212,#1213));
#327=EDGE_LOOP('',(#1214));
#328=EDGE_LOOP('',(#1215,#1216,#1217,#1218,#1219,#1220,#1221,#1222));
#329=EDGE_LOOP('',(#1223));
#330=EDGE_LOOP('',(#1224));
#331=EDGE_LOOP('',(#1225));
#332=EDGE_LOOP('',(#1226));
#333=EDGE_LOOP('',(#1227,#1228,#1229,#1230));
#334=EDGE_LOOP('',(#1231));
#335=EDGE_LOOP('',(#1232));
#336=LINE('',#1890,#442);
#337=LINE('',#1892,#443);
#338=LINE('',#1894,#444);
#339=LINE('',#1895,#445);
#340=LINE('',#1898,#446);
#341=LINE('',#1900,#447);
#342=LINE('',#1901,#448);
#343=LINE('',#1904,#449);
#344=LINE('',#1906,#450);
#345=LINE('',#1907,#451);
#346=LINE('',#1910,#452);
#347=LINE('',#1912,#453);
#348=LINE('',#1913,#454);
#349=LINE('',#1916,#455);
#350=LINE('',#1918,#456);
#351=LINE('',#1919,#457);
#352=LINE('',#1921,#458);
#353=LINE('',#1922,#459);
#354=LINE('',#1931,#460);
#355=LINE('',#1934,#461);
#356=LINE('',#1937,#462);
#357=LINE('',#1939,#463);
#358=LINE('',#1940,#464);
#359=LINE('',#1948,#465);
#360=LINE('',#1951,#466);
#361=LINE('',#1967,#467);
#362=LINE('',#1970,#468);
#363=LINE('',#1973,#469);
#364=LINE('',#1977,#470);
#365=LINE('',#1981,#471);
#366=LINE('',#1985,#472);
#367=LINE('',#1987,#473);
#368=LINE('',#1989,#474);
#369=LINE('',#1991,#475);
#370=LINE('',#1992,#476);
#371=LINE('',#1995,#477);
#372=LINE('',#1997,#478);
#373=LINE('',#1998,#479);
#374=LINE('',#2001,#480);
#375=LINE('',#2013,#481);
#376=LINE('',#2016,#482);
#377=LINE('',#2025,#483);
#378=LINE('',#2027,#484);
#379=LINE('',#2039,#485);
#380=LINE('',#2045,#486);
#381=LINE('',#2051,#487);
#382=LINE('',#2059,#488);
#383=LINE('',#2066,#489);
#384=LINE('',#2067,#490);
#385=LINE('',#2099,#491);
#386=LINE('',#2104,#492);
#387=LINE('',#2108,#493);
#388=LINE('',#2112,#494);
#389=LINE('',#2117,#495);
#390=LINE('',#2121,#496);
#391=LINE('',#2125,#497);
#392=LINE('',#2130,#498);
#393=LINE('',#2141,#499);
#394=LINE('',#2144,#500);
#395=LINE('',#2150,#501);
#396=LINE('',#2155,#502);
#397=LINE('',#2158,#503);
#398=LINE('',#2159,#504);
#399=LINE('',#2163,#505);
#400=LINE('',#2166,#506);
#401=LINE('',#2168,#507);
#402=LINE('',#2171,#508);
#403=LINE('',#2175,#509);
#404=LINE('',#2177,#510);
#405=LINE('',#2178,#511);
#406=LINE('',#2181,#512);
#407=LINE('',#2185,#513);
#408=LINE('',#2187,#514);
#409=LINE('',#2189,#515);
#410=LINE('',#2190,#516);
#411=LINE('',#2202,#517);
#412=LINE('',#2203,#518);
#413=LINE('',#2206,#519);
#414=LINE('',#2207,#520);
#415=LINE('',#2212,#521);
#416=LINE('',#2216,#522);
#417=LINE('',#2220,#523);
#418=LINE('',#2223,#524);
#419=LINE('',#2225,#525);
#420=LINE('',#2227,#526);
#421=LINE('',#2229,#527);
#422=LINE('',#2230,#528);
#423=LINE('',#2235,#529);
#424=LINE('',#2251,#530);
#425=LINE('',#2254,#531);
#426=LINE('',#2257,#532);
#427=LINE('',#2258,#533);
#428=LINE('',#2263,#534);
#429=LINE('',#2267,#535);
#430=LINE('',#2271,#536);
#431=LINE('',#2274,#537);
#432=LINE('',#2276,#538);
#433=LINE('',#2278,#539);
#434=LINE('',#2280,#540);
#435=LINE('',#2281,#541);
#436=LINE('',#2285,#542);
#437=LINE('',#2291,#543);
#438=LINE('',#2295,#544);
#439=LINE('',#2299,#545);
#440=LINE('',#2303,#546);
#441=LINE('',#2310,#547);
#442=VECTOR('',#1500,10.);
#443=VECTOR('',#1501,10.);
#444=VECTOR('',#1502,10.);
#445=VECTOR('',#1503,10.);
#446=VECTOR('',#1506,10.);
#447=VECTOR('',#1507,10.);
#448=VECTOR('',#1508,10.);
#449=VECTOR('',#1511,10.);
#450=VECTOR('',#1512,10.);
#451=VECTOR('',#1513,10.);
#452=VECTOR('',#1516,10.);
#453=VECTOR('',#1517,10.);
#454=VECTOR('',#1518,10.);
#455=VECTOR('',#1521,10.);
#456=VECTOR('',#1522,10.);
#457=VECTOR('',#1523,10.);
#458=VECTOR('',#1526,10.);
#459=VECTOR('',#1527,10.);
#460=VECTOR('',#1536,5.);
#461=VECTOR('',#1539,10.);
#462=VECTOR('',#1542,10.);
#463=VECTOR('',#1543,5.);
#464=VECTOR('',#1544,10.);
#465=VECTOR('',#1555,10.);
#466=VECTOR('',#1558,1.5);
#467=VECTOR('',#1563,10.);
#468=VECTOR('',#1566,10.);
#469=VECTOR('',#1569,10.);
#470=VECTOR('',#1572,10.);
#471=VECTOR('',#1575,10.);
#472=VECTOR('',#1578,10.);
#473=VECTOR('',#1579,10.);
#474=VECTOR('',#1580,10.);
#475=VECTOR('',#1581,10.);
#476=VECTOR('',#1582,10.);
#477=VECTOR('',#1585,10.);
#478=VECTOR('',#1586,10.);
#479=VECTOR('',#1587,10.);
#480=VECTOR('',#1590,10.);
#481=VECTOR('',#1591,10.);
#482=VECTOR('',#1594,10.);
#483=VECTOR('',#1599,10.);
#484=VECTOR('',#1600,10.);
#485=VECTOR('',#1601,10.);
#486=VECTOR('',#1608,10.);
#487=VECTOR('',#1613,10.);
#488=VECTOR('',#1620,10.);
#489=VECTOR('',#1629,22.4998156416931);
#490=VECTOR('',#1630,10.);
#491=VECTOR('',#1645,10.);
#492=VECTOR('',#1650,10.);
#493=VECTOR('',#1653,10.);
#494=VECTOR('',#1656,10.);
#495=VECTOR('',#1661,10.);
#496=VECTOR('',#1664,10.);
#497=VECTOR('',#1667,10.);
#498=VECTOR('',#1672,10.);
#499=VECTOR('',#1683,10.);
#500=VECTOR('',#1686,10.);
#501=VECTOR('',#1693,10.);
#502=VECTOR('',#1698,10.);
#503=VECTOR('',#1701,10.);
#504=VECTOR('',#1702,10.);
#505=VECTOR('',#1705,10.);
#506=VECTOR('',#1708,10.);
#507=VECTOR('',#1709,10.);
#508=VECTOR('',#1712,10.);
#509=VECTOR('',#1717,10.);
#510=VECTOR('',#1720,10.);
#511=VECTOR('',#1721,10.);
#512=VECTOR('',#1724,10.);
#513=VECTOR('',#1729,10.);
#514=VECTOR('',#1730,10.);
#515=VECTOR('',#1731,10.);
#516=VECTOR('',#1732,10.);
#517=VECTOR('',#1749,10.);
#518=VECTOR('',#1750,10.);
#519=VECTOR('',#1753,10.);
#520=VECTOR('',#1754,10.);
#521=VECTOR('',#1759,10.);
#522=VECTOR('',#1762,10.);
#523=VECTOR('',#1765,10.);
#524=VECTOR('',#1770,10.);
#525=VECTOR('',#1773,10.);
#526=VECTOR('',#1776,10.);
#527=VECTOR('',#1779,10.);
#528=VECTOR('',#1780,10.);
#529=VECTOR('',#1787,1.50001717472469);
#530=VECTOR('',#1812,10.);
#531=VECTOR('',#1815,10.);
#532=VECTOR('',#1818,10.);
#533=VECTOR('',#1819,10.);
#534=VECTOR('',#1824,10.);
#535=VECTOR('',#1827,10.);
#536=VECTOR('',#1830,10.);
#537=VECTOR('',#1835,10.);
#538=VECTOR('',#1838,10.);
#539=VECTOR('',#1841,10.);
#540=VECTOR('',#1844,10.);
#541=VECTOR('',#1845,10.);
#542=VECTOR('',#1850,1.50001717472469);
#543=VECTOR('',#1859,1.75011429409263);
#544=VECTOR('',#1864,1.7502249591754);
#545=VECTOR('',#1869,1.74986403401978);
#546=VECTOR('',#1874,1.75015842019911);
#547=VECTOR('',#1883,18.7893612959515);
#548=VERTEX_POINT('',#1888);
#549=VERTEX_POINT('',#1889);
#550=VERTEX_POINT('',#1891);
#551=VERTEX_POINT('',#1893);
#552=VERTEX_POINT('',#1897);
#553=VERTEX_POINT('',#1899);
#554=VERTEX_POINT('',#1903);
#555=VERTEX_POINT('',#1905);
#556=VERTEX_POINT('',#1909);
#557=VERTEX_POINT('',#1911);
#558=VERTEX_POINT('',#1915);
#559=VERTEX_POINT('',#1917);
#560=VERTEX_POINT('',#1924);
#561=VERTEX_POINT('',#1927);
#562=VERTEX_POINT('',#1928);
#563=VERTEX_POINT('',#1930);
#564=VERTEX_POINT('',#1932);
#565=VERTEX_POINT('',#1936);
#566=VERTEX_POINT('',#1938);
#567=VERTEX_POINT('',#1942);
#568=VERTEX_POINT('',#1946);
#569=VERTEX_POINT('',#1950);
#570=VERTEX_POINT('',#1954);
#571=VERTEX_POINT('',#1955);
#572=VERTEX_POINT('',#1966);
#573=VERTEX_POINT('',#1968);
#574=VERTEX_POINT('',#1972);
#575=VERTEX_POINT('',#1974);
#576=VERTEX_POINT('',#1976);
#577=VERTEX_POINT('',#1978);
#578=VERTEX_POINT('',#1980);
#579=VERTEX_POINT('',#1982);
#580=VERTEX_POINT('',#1984);
#581=VERTEX_POINT('',#1986);
#582=VERTEX_POINT('',#1988);
#583=VERTEX_POINT('',#1990);
#584=VERTEX_POINT('',#1994);
#585=VERTEX_POINT('',#1996);
#586=VERTEX_POINT('',#2000);
#587=VERTEX_POINT('',#2002);
#588=VERTEX_POINT('',#2015);
#589=VERTEX_POINT('',#2019);
#590=VERTEX_POINT('',#2020);
#591=VERTEX_POINT('',#2026);
#592=VERTEX_POINT('',#2028);
#593=VERTEX_POINT('',#2041);
#594=VERTEX_POINT('',#2043);
#595=VERTEX_POINT('',#2046);
#596=VERTEX_POINT('',#2048);
#597=VERTEX_POINT('',#2050);
#598=VERTEX_POINT('',#2052);
#599=VERTEX_POINT('',#2054);
#600=VERTEX_POINT('',#2056);
#601=VERTEX_POINT('',#2058);
#602=VERTEX_POINT('',#2060);
#603=VERTEX_POINT('',#2064);
#604=VERTEX_POINT('',#2092);
#605=VERTEX_POINT('',#2094);
#606=VERTEX_POINT('',#2096);
#607=VERTEX_POINT('',#2098);
#608=VERTEX_POINT('',#2101);
#609=VERTEX_POINT('',#2103);
#610=VERTEX_POINT('',#2105);
#611=VERTEX_POINT('',#2107);
#612=VERTEX_POINT('',#2109);
#613=VERTEX_POINT('',#2111);
#614=VERTEX_POINT('',#2114);
#615=VERTEX_POINT('',#2116);
#616=VERTEX_POINT('',#2118);
#617=VERTEX_POINT('',#2120);
#618=VERTEX_POINT('',#2122);
#619=VERTEX_POINT('',#2124);
#620=VERTEX_POINT('',#2127);
#621=VERTEX_POINT('',#2129);
#622=VERTEX_POINT('',#2131);
#623=VERTEX_POINT('',#2133);
#624=VERTEX_POINT('',#2137);
#625=VERTEX_POINT('',#2138);
#626=VERTEX_POINT('',#2140);
#627=VERTEX_POINT('',#2142);
#628=VERTEX_POINT('',#2146);
#629=VERTEX_POINT('',#2148);
#630=VERTEX_POINT('',#2151);
#631=VERTEX_POINT('',#2154);
#632=VERTEX_POINT('',#2156);
#633=VERTEX_POINT('',#2160);
#634=VERTEX_POINT('',#2162);
#635=VERTEX_POINT('',#2164);
#636=VERTEX_POINT('',#2167);
#637=VERTEX_POINT('',#2169);
#638=VERTEX_POINT('',#2173);
#639=VERTEX_POINT('',#2180);
#640=VERTEX_POINT('',#2184);
#641=VERTEX_POINT('',#2186);
#642=VERTEX_POINT('',#2188);
#643=VERTEX_POINT('',#2196);
#644=VERTEX_POINT('',#2199);
#645=VERTEX_POINT('',#2200);
#646=VERTEX_POINT('',#2205);
#647=VERTEX_POINT('',#2208);
#648=VERTEX_POINT('',#2211);
#649=VERTEX_POINT('',#2213);
#650=VERTEX_POINT('',#2215);
#651=VERTEX_POINT('',#2217);
#652=VERTEX_POINT('',#2219);
#653=VERTEX_POINT('',#2232);
#654=VERTEX_POINT('',#2242);
#655=VERTEX_POINT('',#2246);
#656=VERTEX_POINT('',#2250);
#657=VERTEX_POINT('',#2252);
#658=VERTEX_POINT('',#2256);
#659=VERTEX_POINT('',#2259);
#660=VERTEX_POINT('',#2262);
#661=VERTEX_POINT('',#2264);
#662=VERTEX_POINT('',#2266);
#663=VERTEX_POINT('',#2268);
#664=VERTEX_POINT('',#2270);
#665=VERTEX_POINT('',#2283);
#666=VERTEX_POINT('',#2289);
#667=VERTEX_POINT('',#2293);
#668=VERTEX_POINT('',#2297);
#669=VERTEX_POINT('',#2301);
#670=VERTEX_POINT('',#2305);
#671=VERTEX_POINT('',#2308);
#672=EDGE_CURVE('',#548,#549,#336,.T.);
#673=EDGE_CURVE('',#548,#550,#337,.T.);
#674=EDGE_CURVE('',#550,#551,#338,.T.);
#675=EDGE_CURVE('',#549,#551,#339,.T.);
#676=EDGE_CURVE('',#552,#548,#340,.T.);
#677=EDGE_CURVE('',#552,#553,#341,.T.);
#678=EDGE_CURVE('',#553,#550,#342,.T.);
#679=EDGE_CURVE('',#554,#552,#343,.T.);
#680=EDGE_CURVE('',#554,#555,#344,.T.);
#681=EDGE_CURVE('',#555,#553,#345,.T.);
#682=EDGE_CURVE('',#556,#554,#346,.T.);
#683=EDGE_CURVE('',#556,#557,#347,.T.);
#684=EDGE_CURVE('',#557,#555,#348,.T.);
#685=EDGE_CURVE('',#558,#556,#349,.T.);
#686=EDGE_CURVE('',#558,#559,#350,.T.);
#687=EDGE_CURVE('',#559,#557,#351,.T.);
#688=EDGE_CURVE('',#549,#558,#352,.T.);
#689=EDGE_CURVE('',#551,#559,#353,.T.);
#690=EDGE_CURVE('',#560,#560,#70,.T.);
#691=EDGE_CURVE('',#561,#562,#71,.T.);
#692=EDGE_CURVE('',#562,#563,#354,.T.);
#693=EDGE_CURVE('',#563,#564,#72,.T.);
#694=EDGE_CURVE('',#564,#561,#355,.T.);
#695=EDGE_CURVE('',#565,#562,#356,.T.);
#696=EDGE_CURVE('',#566,#565,#357,.T.);
#697=EDGE_CURVE('',#566,#563,#358,.T.);
#698=EDGE_CURVE('',#567,#561,#73,.T.);
#699=EDGE_CURVE('',#565,#567,#74,.T.);
#700=EDGE_CURVE('',#568,#566,#75,.T.);
#701=EDGE_CURVE('',#567,#568,#359,.T.);
#702=EDGE_CURVE('',#560,#569,#360,.T.);
#703=EDGE_CURVE('',#569,#569,#76,.T.);
#704=EDGE_CURVE('',#570,#571,#14,.T.);
#705=EDGE_CURVE('',#571,#572,#361,.T.);
#706=EDGE_CURVE('',#572,#573,#77,.T.);
#707=EDGE_CURVE('',#573,#570,#362,.T.);
#708=EDGE_CURVE('',#572,#574,#363,.T.);
#709=EDGE_CURVE('',#575,#574,#78,.T.);
#710=EDGE_CURVE('',#575,#576,#364,.T.);
#711=EDGE_CURVE('',#577,#576,#79,.T.);
#712=EDGE_CURVE('',#577,#578,#365,.T.);
#713=EDGE_CURVE('',#579,#578,#80,.T.);
#714=EDGE_CURVE('',#580,#579,#366,.T.);
#715=EDGE_CURVE('',#581,#580,#367,.T.);
#716=EDGE_CURVE('',#582,#581,#368,.T.);
#717=EDGE_CURVE('',#583,#582,#369,.T.);
#718=EDGE_CURVE('',#573,#583,#370,.T.);
#719=EDGE_CURVE('',#584,#571,#371,.T.);
#720=EDGE_CURVE('',#585,#584,#372,.T.);
#721=EDGE_CURVE('',#574,#585,#373,.T.);
#722=EDGE_CURVE('',#576,#586,#374,.T.);
#723=EDGE_CURVE('',#586,#587,#15,.T.);
#724=EDGE_CURVE('',#587,#577,#375,.T.);
#725=EDGE_CURVE('',#588,#575,#376,.T.);
#726=EDGE_CURVE('',#586,#588,#81,.T.);
#727=EDGE_CURVE('',#589,#590,#16,.T.);
#728=EDGE_CURVE('',#590,#579,#377,.T.);
#729=EDGE_CURVE('',#578,#591,#378,.T.);
#730=EDGE_CURVE('',#591,#592,#17,.T.);
#731=EDGE_CURVE('',#592,#589,#379,.T.);
#732=EDGE_CURVE('',#592,#593,#82,.T.);
#733=EDGE_CURVE('',#593,#594,#83,.T.);
#734=EDGE_CURVE('',#570,#594,#380,.T.);
#735=EDGE_CURVE('',#595,#570,#84,.T.);
#736=EDGE_CURVE('',#596,#595,#85,.F.);
#737=EDGE_CURVE('',#596,#597,#381,.T.);
#738=EDGE_CURVE('',#597,#598,#86,.T.);
#739=EDGE_CURVE('',#599,#598,#87,.T.);
#740=EDGE_CURVE('',#600,#599,#88,.F.);
#741=EDGE_CURVE('',#600,#601,#382,.T.);
#742=EDGE_CURVE('',#601,#602,#89,.T.);
#743=EDGE_CURVE('',#590,#602,#90,.T.);
#744=EDGE_CURVE('',#603,#603,#91,.T.);
#745=EDGE_CURVE('',#603,#593,#383,.T.);
#746=EDGE_CURVE('',#591,#587,#384,.T.);
#747=EDGE_CURVE('',#585,#588,#18,.T.);
#748=EDGE_CURVE('',#594,#584,#19,.T.);
#749=EDGE_CURVE('',#568,#604,#92,.T.);
#750=EDGE_CURVE('',#604,#605,#93,.T.);
#751=EDGE_CURVE('',#605,#606,#94,.T.);
#752=EDGE_CURVE('',#606,#607,#385,.T.);
#753=EDGE_CURVE('',#580,#607,#95,.T.);
#754=EDGE_CURVE('',#602,#608,#96,.T.);
#755=EDGE_CURVE('',#608,#609,#386,.T.);
#756=EDGE_CURVE('',#610,#609,#97,.F.);
#757=EDGE_CURVE('',#610,#611,#387,.T.);
#758=EDGE_CURVE('',#612,#611,#98,.F.);
#759=EDGE_CURVE('',#612,#613,#388,.T.);
#760=EDGE_CURVE('',#599,#613,#99,.F.);
#761=EDGE_CURVE('',#598,#614,#100,.T.);
#762=EDGE_CURVE('',#614,#615,#389,.T.);
#763=EDGE_CURVE('',#616,#615,#101,.F.);
#764=EDGE_CURVE('',#616,#617,#390,.T.);
#765=EDGE_CURVE('',#618,#617,#102,.F.);
#766=EDGE_CURVE('',#618,#619,#391,.T.);
#767=EDGE_CURVE('',#595,#619,#103,.F.);
#768=EDGE_CURVE('',#620,#583,#104,.T.);
#769=EDGE_CURVE('',#620,#621,#392,.T.);
#770=EDGE_CURVE('',#621,#622,#105,.T.);
#771=EDGE_CURVE('',#622,#623,#106,.T.);
#772=EDGE_CURVE('',#623,#564,#107,.T.);
#773=EDGE_CURVE('',#624,#625,#108,.T.);
#774=EDGE_CURVE('',#625,#626,#393,.T.);
#775=EDGE_CURVE('',#626,#627,#109,.T.);
#776=EDGE_CURVE('',#627,#624,#394,.T.);
#777=EDGE_CURVE('',#628,#626,#110,.T.);
#778=EDGE_CURVE('',#629,#628,#111,.T.);
#779=EDGE_CURVE('',#627,#629,#395,.T.);
#780=EDGE_CURVE('',#630,#630,#112,.T.);
#781=EDGE_CURVE('',#561,#631,#396,.T.);
#782=EDGE_CURVE('',#631,#632,#113,.T.);
#783=EDGE_CURVE('',#632,#623,#397,.T.);
#784=EDGE_CURVE('',#622,#628,#398,.T.);
#785=EDGE_CURVE('',#633,#625,#114,.T.);
#786=EDGE_CURVE('',#634,#633,#399,.T.);
#787=EDGE_CURVE('',#634,#635,#115,.T.);
#788=EDGE_CURVE('',#635,#605,#400,.T.);
#789=EDGE_CURVE('',#604,#636,#401,.T.);
#790=EDGE_CURVE('',#636,#637,#116,.T.);
#791=EDGE_CURVE('',#637,#567,#402,.T.);
#792=EDGE_CURVE('',#582,#638,#117,.T.);
#793=EDGE_CURVE('',#638,#620,#403,.T.);
#794=EDGE_CURVE('',#629,#621,#404,.T.);
#795=EDGE_CURVE('',#624,#638,#405,.T.);
#796=EDGE_CURVE('',#607,#639,#406,.T.);
#797=EDGE_CURVE('',#639,#581,#118,.T.);
#798=EDGE_CURVE('',#606,#640,#407,.T.);
#799=EDGE_CURVE('',#640,#641,#408,.T.);
#800=EDGE_CURVE('',#642,#641,#409,.T.);
#801=EDGE_CURVE('',#639,#642,#410,.T.);
#802=EDGE_CURVE('',#633,#642,#119,.T.);
#803=EDGE_CURVE('',#641,#634,#120,.T.);
#804=EDGE_CURVE('',#635,#640,#121,.T.);
#805=EDGE_CURVE('',#643,#643,#122,.T.);
#806=EDGE_CURVE('',#644,#645,#123,.T.);
#807=EDGE_CURVE('',#645,#618,#411,.T.);
#808=EDGE_CURVE('',#617,#644,#412,.T.);
#809=EDGE_CURVE('',#646,#645,#413,.T.);
#810=EDGE_CURVE('',#619,#646,#414,.T.);
#811=EDGE_CURVE('',#647,#647,#124,.T.);
#812=EDGE_CURVE('',#644,#648,#415,.T.);
#813=EDGE_CURVE('',#649,#648,#125,.T.);
#814=EDGE_CURVE('',#649,#650,#416,.T.);
#815=EDGE_CURVE('',#651,#650,#126,.T.);
#816=EDGE_CURVE('',#651,#652,#417,.T.);
#817=EDGE_CURVE('',#646,#652,#127,.T.);
#818=EDGE_CURVE('',#652,#596,#418,.T.);
#819=EDGE_CURVE('',#597,#651,#419,.T.);
#820=EDGE_CURVE('',#650,#614,#420,.T.);
#821=EDGE_CURVE('',#648,#616,#421,.T.);
#822=EDGE_CURVE('',#615,#649,#422,.T.);
#823=EDGE_CURVE('',#653,#653,#128,.T.);
#824=EDGE_CURVE('',#653,#647,#423,.T.);
#825=EDGE_CURVE('',#637,#636,#129,.T.);
#826=EDGE_CURVE('',#654,#654,#130,.T.);
#827=EDGE_CURVE('',#632,#631,#131,.T.);
#828=EDGE_CURVE('',#655,#655,#132,.T.);
#829=EDGE_CURVE('',#601,#656,#424,.T.);
#830=EDGE_CURVE('',#656,#657,#133,.T.);
#831=EDGE_CURVE('',#657,#608,#425,.T.);
#832=EDGE_CURVE('',#658,#657,#426,.T.);
#833=EDGE_CURVE('',#609,#658,#427,.T.);
#834=EDGE_CURVE('',#659,#659,#134,.T.);
#835=EDGE_CURVE('',#656,#660,#428,.T.);
#836=EDGE_CURVE('',#661,#660,#135,.T.);
#837=EDGE_CURVE('',#661,#662,#429,.T.);
#838=EDGE_CURVE('',#663,#662,#136,.T.);
#839=EDGE_CURVE('',#663,#664,#430,.T.);
#840=EDGE_CURVE('',#658,#664,#137,.T.);
#841=EDGE_CURVE('',#664,#610,#431,.T.);
#842=EDGE_CURVE('',#611,#663,#432,.T.);
#843=EDGE_CURVE('',#662,#612,#433,.T.);
#844=EDGE_CURVE('',#613,#661,#434,.T.);
#845=EDGE_CURVE('',#660,#600,#435,.T.);
#846=EDGE_CURVE('',#665,#665,#138,.T.);
#847=EDGE_CURVE('',#665,#659,#436,.T.);
#848=EDGE_CURVE('',#666,#666,#139,.T.);
#849=EDGE_CURVE('',#666,#643,#437,.T.);
#850=EDGE_CURVE('',#667,#667,#140,.T.);
#851=EDGE_CURVE('',#667,#654,#438,.T.);
#852=EDGE_CURVE('',#668,#668,#141,.T.);
#853=EDGE_CURVE('',#668,#655,#439,.T.);
#854=EDGE_CURVE('',#669,#669,#142,.T.);
#855=EDGE_CURVE('',#669,#630,#440,.T.);
#856=EDGE_CURVE('',#670,#670,#143,.T.);
#857=EDGE_CURVE('',#671,#671,#144,.T.);
#858=EDGE_CURVE('',#671,#670,#441,.T.);
#859=ORIENTED_EDGE('',*,*,#672,.F.);
#860=ORIENTED_EDGE('',*,*,#673,.T.);
#861=ORIENTED_EDGE('',*,*,#674,.T.);
#862=ORIENTED_EDGE('',*,*,#675,.F.);
#863=ORIENTED_EDGE('',*,*,#676,.F.);
#864=ORIENTED_EDGE('',*,*,#677,.T.);
#865=ORIENTED_EDGE('',*,*,#678,.T.);
#866=ORIENTED_EDGE('',*,*,#673,.F.);
#867=ORIENTED_EDGE('',*,*,#679,.F.);
#868=ORIENTED_EDGE('',*,*,#680,.T.);
#869=ORIENTED_EDGE('',*,*,#681,.T.);
#870=ORIENTED_EDGE('',*,*,#677,.F.);
#871=ORIENTED_EDGE('',*,*,#682,.F.);
#872=ORIENTED_EDGE('',*,*,#683,.T.);
#873=ORIENTED_EDGE('',*,*,#684,.T.);
#874=ORIENTED_EDGE('',*,*,#680,.F.);
#875=ORIENTED_EDGE('',*,*,#685,.F.);
#876=ORIENTED_EDGE('',*,*,#686,.T.);
#877=ORIENTED_EDGE('',*,*,#687,.T.);
#878=ORIENTED_EDGE('',*,*,#683,.F.);
#879=ORIENTED_EDGE('',*,*,#688,.F.);
#880=ORIENTED_EDGE('',*,*,#675,.T.);
#881=ORIENTED_EDGE('',*,*,#689,.T.);
#882=ORIENTED_EDGE('',*,*,#686,.F.);
#883=ORIENTED_EDGE('',*,*,#689,.F.);
#884=ORIENTED_EDGE('',*,*,#674,.F.);
#885=ORIENTED_EDGE('',*,*,#678,.F.);
#886=ORIENTED_EDGE('',*,*,#681,.F.);
#887=ORIENTED_EDGE('',*,*,#684,.F.);
#888=ORIENTED_EDGE('',*,*,#687,.F.);
#889=ORIENTED_EDGE('',*,*,#690,.F.);
#890=ORIENTED_EDGE('',*,*,#691,.T.);
#891=ORIENTED_EDGE('',*,*,#692,.T.);
#892=ORIENTED_EDGE('',*,*,#693,.T.);
#893=ORIENTED_EDGE('',*,*,#694,.T.);
#894=ORIENTED_EDGE('',*,*,#692,.F.);
#895=ORIENTED_EDGE('',*,*,#695,.F.);
#896=ORIENTED_EDGE('',*,*,#696,.F.);
#897=ORIENTED_EDGE('',*,*,#697,.T.);
#898=ORIENTED_EDGE('',*,*,#691,.F.);
#899=ORIENTED_EDGE('',*,*,#698,.F.);
#900=ORIENTED_EDGE('',*,*,#699,.F.);
#901=ORIENTED_EDGE('',*,*,#695,.T.);
#902=ORIENTED_EDGE('',*,*,#672,.T.);
#903=ORIENTED_EDGE('',*,*,#688,.T.);
#904=ORIENTED_EDGE('',*,*,#685,.T.);
#905=ORIENTED_EDGE('',*,*,#682,.T.);
#906=ORIENTED_EDGE('',*,*,#679,.T.);
#907=ORIENTED_EDGE('',*,*,#676,.T.);
#908=ORIENTED_EDGE('',*,*,#700,.T.);
#909=ORIENTED_EDGE('',*,*,#696,.T.);
#910=ORIENTED_EDGE('',*,*,#699,.T.);
#911=ORIENTED_EDGE('',*,*,#701,.T.);
#912=ORIENTED_EDGE('',*,*,#690,.T.);
#913=ORIENTED_EDGE('',*,*,#702,.T.);
#914=ORIENTED_EDGE('',*,*,#703,.T.);
#915=ORIENTED_EDGE('',*,*,#702,.F.);
#916=ORIENTED_EDGE('',*,*,#704,.T.);
#917=ORIENTED_EDGE('',*,*,#705,.T.);
#918=ORIENTED_EDGE('',*,*,#706,.T.);
#919=ORIENTED_EDGE('',*,*,#707,.T.);
#920=ORIENTED_EDGE('',*,*,#706,.F.);
#921=ORIENTED_EDGE('',*,*,#708,.T.);
#922=ORIENTED_EDGE('',*,*,#709,.F.);
#923=ORIENTED_EDGE('',*,*,#710,.T.);
#924=ORIENTED_EDGE('',*,*,#711,.F.);
#925=ORIENTED_EDGE('',*,*,#712,.T.);
#926=ORIENTED_EDGE('',*,*,#713,.F.);
#927=ORIENTED_EDGE('',*,*,#714,.F.);
#928=ORIENTED_EDGE('',*,*,#715,.F.);
#929=ORIENTED_EDGE('',*,*,#716,.F.);
#930=ORIENTED_EDGE('',*,*,#717,.F.);
#931=ORIENTED_EDGE('',*,*,#718,.F.);
#932=ORIENTED_EDGE('',*,*,#719,.F.);
#933=ORIENTED_EDGE('',*,*,#720,.F.);
#934=ORIENTED_EDGE('',*,*,#721,.F.);
#935=ORIENTED_EDGE('',*,*,#708,.F.);
#936=ORIENTED_EDGE('',*,*,#705,.F.);
#937=ORIENTED_EDGE('',*,*,#711,.T.);
#938=ORIENTED_EDGE('',*,*,#722,.T.);
#939=ORIENTED_EDGE('',*,*,#723,.T.);
#940=ORIENTED_EDGE('',*,*,#724,.T.);
#941=ORIENTED_EDGE('',*,*,#722,.F.);
#942=ORIENTED_EDGE('',*,*,#710,.F.);
#943=ORIENTED_EDGE('',*,*,#725,.F.);
#944=ORIENTED_EDGE('',*,*,#726,.F.);
#945=ORIENTED_EDGE('',*,*,#727,.T.);
#946=ORIENTED_EDGE('',*,*,#728,.T.);
#947=ORIENTED_EDGE('',*,*,#713,.T.);
#948=ORIENTED_EDGE('',*,*,#729,.T.);
#949=ORIENTED_EDGE('',*,*,#730,.T.);
#950=ORIENTED_EDGE('',*,*,#731,.T.);
#951=ORIENTED_EDGE('',*,*,#731,.F.);
#952=ORIENTED_EDGE('',*,*,#732,.T.);
#953=ORIENTED_EDGE('',*,*,#733,.T.);
#954=ORIENTED_EDGE('',*,*,#734,.F.);
#955=ORIENTED_EDGE('',*,*,#735,.F.);
#956=ORIENTED_EDGE('',*,*,#736,.F.);
#957=ORIENTED_EDGE('',*,*,#737,.T.);
#958=ORIENTED_EDGE('',*,*,#738,.T.);
#959=ORIENTED_EDGE('',*,*,#739,.F.);
#960=ORIENTED_EDGE('',*,*,#740,.F.);
#961=ORIENTED_EDGE('',*,*,#741,.T.);
#962=ORIENTED_EDGE('',*,*,#742,.T.);
#963=ORIENTED_EDGE('',*,*,#743,.F.);
#964=ORIENTED_EDGE('',*,*,#727,.F.);
#965=ORIENTED_EDGE('',*,*,#744,.F.);
#966=ORIENTED_EDGE('',*,*,#745,.T.);
#967=ORIENTED_EDGE('',*,*,#732,.F.);
#968=ORIENTED_EDGE('',*,*,#730,.F.);
#969=ORIENTED_EDGE('',*,*,#746,.T.);
#970=ORIENTED_EDGE('',*,*,#723,.F.);
#971=ORIENTED_EDGE('',*,*,#726,.T.);
#972=ORIENTED_EDGE('',*,*,#747,.F.);
#973=ORIENTED_EDGE('',*,*,#720,.T.);
#974=ORIENTED_EDGE('',*,*,#748,.F.);
#975=ORIENTED_EDGE('',*,*,#733,.F.);
#976=ORIENTED_EDGE('',*,*,#745,.F.);
#977=ORIENTED_EDGE('',*,*,#724,.F.);
#978=ORIENTED_EDGE('',*,*,#746,.F.);
#979=ORIENTED_EDGE('',*,*,#729,.F.);
#980=ORIENTED_EDGE('',*,*,#712,.F.);
#981=ORIENTED_EDGE('',*,*,#748,.T.);
#982=ORIENTED_EDGE('',*,*,#719,.T.);
#983=ORIENTED_EDGE('',*,*,#704,.F.);
#984=ORIENTED_EDGE('',*,*,#734,.T.);
#985=ORIENTED_EDGE('',*,*,#747,.T.);
#986=ORIENTED_EDGE('',*,*,#725,.T.);
#987=ORIENTED_EDGE('',*,*,#709,.T.);
#988=ORIENTED_EDGE('',*,*,#721,.T.);
#989=ORIENTED_EDGE('',*,*,#693,.F.);
#990=ORIENTED_EDGE('',*,*,#697,.F.);
#991=ORIENTED_EDGE('',*,*,#700,.F.);
#992=ORIENTED_EDGE('',*,*,#749,.T.);
#993=ORIENTED_EDGE('',*,*,#750,.T.);
#994=ORIENTED_EDGE('',*,*,#751,.T.);
#995=ORIENTED_EDGE('',*,*,#752,.T.);
#996=ORIENTED_EDGE('',*,*,#753,.F.);
#997=ORIENTED_EDGE('',*,*,#714,.T.);
#998=ORIENTED_EDGE('',*,*,#728,.F.);
#999=ORIENTED_EDGE('',*,*,#743,.T.);
#1000=ORIENTED_EDGE('',*,*,#754,.T.);
#1001=ORIENTED_EDGE('',*,*,#755,.T.);
#1002=ORIENTED_EDGE('',*,*,#756,.F.);
#1003=ORIENTED_EDGE('',*,*,#757,.T.);
#1004=ORIENTED_EDGE('',*,*,#758,.F.);
#1005=ORIENTED_EDGE('',*,*,#759,.T.);
#1006=ORIENTED_EDGE('',*,*,#760,.F.);
#1007=ORIENTED_EDGE('',*,*,#739,.T.);
#1008=ORIENTED_EDGE('',*,*,#761,.T.);
#1009=ORIENTED_EDGE('',*,*,#762,.T.);
#1010=ORIENTED_EDGE('',*,*,#763,.F.);
#1011=ORIENTED_EDGE('',*,*,#764,.T.);
#1012=ORIENTED_EDGE('',*,*,#765,.F.);
#1013=ORIENTED_EDGE('',*,*,#766,.T.);
#1014=ORIENTED_EDGE('',*,*,#767,.F.);
#1015=ORIENTED_EDGE('',*,*,#735,.T.);
#1016=ORIENTED_EDGE('',*,*,#707,.F.);
#1017=ORIENTED_EDGE('',*,*,#718,.T.);
#1018=ORIENTED_EDGE('',*,*,#768,.F.);
#1019=ORIENTED_EDGE('',*,*,#769,.T.);
#1020=ORIENTED_EDGE('',*,*,#770,.T.);
#1021=ORIENTED_EDGE('',*,*,#771,.T.);
#1022=ORIENTED_EDGE('',*,*,#772,.T.);
#1023=ORIENTED_EDGE('',*,*,#703,.F.);
#1024=ORIENTED_EDGE('',*,*,#773,.T.);
#1025=ORIENTED_EDGE('',*,*,#774,.T.);
#1026=ORIENTED_EDGE('',*,*,#775,.T.);
#1027=ORIENTED_EDGE('',*,*,#776,.T.);
#1028=ORIENTED_EDGE('',*,*,#775,.F.);
#1029=ORIENTED_EDGE('',*,*,#777,.F.);
#1030=ORIENTED_EDGE('',*,*,#778,.F.);
#1031=ORIENTED_EDGE('',*,*,#779,.F.);
#1032=ORIENTED_EDGE('',*,*,#780,.F.);
#1033=ORIENTED_EDGE('',*,*,#698,.T.);
#1034=ORIENTED_EDGE('',*,*,#781,.T.);
#1035=ORIENTED_EDGE('',*,*,#782,.T.);
#1036=ORIENTED_EDGE('',*,*,#783,.T.);
#1037=ORIENTED_EDGE('',*,*,#771,.F.);
#1038=ORIENTED_EDGE('',*,*,#784,.T.);
#1039=ORIENTED_EDGE('',*,*,#777,.T.);
#1040=ORIENTED_EDGE('',*,*,#774,.F.);
#1041=ORIENTED_EDGE('',*,*,#785,.F.);
#1042=ORIENTED_EDGE('',*,*,#786,.F.);
#1043=ORIENTED_EDGE('',*,*,#787,.T.);
#1044=ORIENTED_EDGE('',*,*,#788,.T.);
#1045=ORIENTED_EDGE('',*,*,#750,.F.);
#1046=ORIENTED_EDGE('',*,*,#789,.T.);
#1047=ORIENTED_EDGE('',*,*,#790,.T.);
#1048=ORIENTED_EDGE('',*,*,#791,.T.);
#1049=ORIENTED_EDGE('',*,*,#792,.T.);
#1050=ORIENTED_EDGE('',*,*,#793,.T.);
#1051=ORIENTED_EDGE('',*,*,#768,.T.);
#1052=ORIENTED_EDGE('',*,*,#717,.T.);
#1053=ORIENTED_EDGE('',*,*,#776,.F.);
#1054=ORIENTED_EDGE('',*,*,#779,.T.);
#1055=ORIENTED_EDGE('',*,*,#794,.T.);
#1056=ORIENTED_EDGE('',*,*,#769,.F.);
#1057=ORIENTED_EDGE('',*,*,#793,.F.);
#1058=ORIENTED_EDGE('',*,*,#795,.F.);
#1059=ORIENTED_EDGE('',*,*,#753,.T.);
#1060=ORIENTED_EDGE('',*,*,#796,.T.);
#1061=ORIENTED_EDGE('',*,*,#797,.T.);
#1062=ORIENTED_EDGE('',*,*,#715,.T.);
#1063=ORIENTED_EDGE('',*,*,#796,.F.);
#1064=ORIENTED_EDGE('',*,*,#752,.F.);
#1065=ORIENTED_EDGE('',*,*,#798,.T.);
#1066=ORIENTED_EDGE('',*,*,#799,.T.);
#1067=ORIENTED_EDGE('',*,*,#800,.F.);
#1068=ORIENTED_EDGE('',*,*,#801,.F.);
#1069=ORIENTED_EDGE('',*,*,#802,.T.);
#1070=ORIENTED_EDGE('',*,*,#800,.T.);
#1071=ORIENTED_EDGE('',*,*,#803,.T.);
#1072=ORIENTED_EDGE('',*,*,#786,.T.);
#1073=ORIENTED_EDGE('',*,*,#803,.F.);
#1074=ORIENTED_EDGE('',*,*,#799,.F.);
#1075=ORIENTED_EDGE('',*,*,#804,.F.);
#1076=ORIENTED_EDGE('',*,*,#787,.F.);
#1077=ORIENTED_EDGE('',*,*,#805,.F.);
#1078=ORIENTED_EDGE('',*,*,#806,.T.);
#1079=ORIENTED_EDGE('',*,*,#807,.T.);
#1080=ORIENTED_EDGE('',*,*,#765,.T.);
#1081=ORIENTED_EDGE('',*,*,#808,.T.);
#1082=ORIENTED_EDGE('',*,*,#807,.F.);
#1083=ORIENTED_EDGE('',*,*,#809,.F.);
#1084=ORIENTED_EDGE('',*,*,#810,.F.);
#1085=ORIENTED_EDGE('',*,*,#766,.F.);
#1086=ORIENTED_EDGE('',*,*,#811,.T.);
#1087=ORIENTED_EDGE('',*,*,#806,.F.);
#1088=ORIENTED_EDGE('',*,*,#812,.T.);
#1089=ORIENTED_EDGE('',*,*,#813,.F.);
#1090=ORIENTED_EDGE('',*,*,#814,.T.);
#1091=ORIENTED_EDGE('',*,*,#815,.F.);
#1092=ORIENTED_EDGE('',*,*,#816,.T.);
#1093=ORIENTED_EDGE('',*,*,#817,.F.);
#1094=ORIENTED_EDGE('',*,*,#809,.T.);
#1095=ORIENTED_EDGE('',*,*,#767,.T.);
#1096=ORIENTED_EDGE('',*,*,#810,.T.);
#1097=ORIENTED_EDGE('',*,*,#817,.T.);
#1098=ORIENTED_EDGE('',*,*,#818,.T.);
#1099=ORIENTED_EDGE('',*,*,#736,.T.);
#1100=ORIENTED_EDGE('',*,*,#818,.F.);
#1101=ORIENTED_EDGE('',*,*,#816,.F.);
#1102=ORIENTED_EDGE('',*,*,#819,.F.);
#1103=ORIENTED_EDGE('',*,*,#737,.F.);
#1104=ORIENTED_EDGE('',*,*,#738,.F.);
#1105=ORIENTED_EDGE('',*,*,#819,.T.);
#1106=ORIENTED_EDGE('',*,*,#815,.T.);
#1107=ORIENTED_EDGE('',*,*,#820,.T.);
#1108=ORIENTED_EDGE('',*,*,#761,.F.);
#1109=ORIENTED_EDGE('',*,*,#813,.T.);
#1110=ORIENTED_EDGE('',*,*,#821,.T.);
#1111=ORIENTED_EDGE('',*,*,#763,.T.);
#1112=ORIENTED_EDGE('',*,*,#822,.T.);
#1113=ORIENTED_EDGE('',*,*,#820,.F.);
#1114=ORIENTED_EDGE('',*,*,#814,.F.);
#1115=ORIENTED_EDGE('',*,*,#822,.F.);
#1116=ORIENTED_EDGE('',*,*,#762,.F.);
#1117=ORIENTED_EDGE('',*,*,#823,.T.);
#1118=ORIENTED_EDGE('',*,*,#823,.F.);
#1119=ORIENTED_EDGE('',*,*,#824,.T.);
#1120=ORIENTED_EDGE('',*,*,#811,.F.);
#1121=ORIENTED_EDGE('',*,*,#824,.F.);
#1122=ORIENTED_EDGE('',*,*,#808,.F.);
#1123=ORIENTED_EDGE('',*,*,#764,.F.);
#1124=ORIENTED_EDGE('',*,*,#821,.F.);
#1125=ORIENTED_EDGE('',*,*,#812,.F.);
#1126=ORIENTED_EDGE('',*,*,#794,.F.);
#1127=ORIENTED_EDGE('',*,*,#778,.T.);
#1128=ORIENTED_EDGE('',*,*,#784,.F.);
#1129=ORIENTED_EDGE('',*,*,#770,.F.);
#1130=ORIENTED_EDGE('',*,*,#798,.F.);
#1131=ORIENTED_EDGE('',*,*,#751,.F.);
#1132=ORIENTED_EDGE('',*,*,#788,.F.);
#1133=ORIENTED_EDGE('',*,*,#804,.T.);
#1134=ORIENTED_EDGE('',*,*,#791,.F.);
#1135=ORIENTED_EDGE('',*,*,#825,.T.);
#1136=ORIENTED_EDGE('',*,*,#789,.F.);
#1137=ORIENTED_EDGE('',*,*,#749,.F.);
#1138=ORIENTED_EDGE('',*,*,#701,.F.);
#1139=ORIENTED_EDGE('',*,*,#790,.F.);
#1140=ORIENTED_EDGE('',*,*,#825,.F.);
#1141=ORIENTED_EDGE('',*,*,#826,.F.);
#1142=ORIENTED_EDGE('',*,*,#782,.F.);
#1143=ORIENTED_EDGE('',*,*,#827,.F.);
#1144=ORIENTED_EDGE('',*,*,#828,.F.);
#1145=ORIENTED_EDGE('',*,*,#694,.F.);
#1146=ORIENTED_EDGE('',*,*,#772,.F.);
#1147=ORIENTED_EDGE('',*,*,#783,.F.);
#1148=ORIENTED_EDGE('',*,*,#827,.T.);
#1149=ORIENTED_EDGE('',*,*,#781,.F.);
#1150=ORIENTED_EDGE('',*,*,#742,.F.);
#1151=ORIENTED_EDGE('',*,*,#829,.T.);
#1152=ORIENTED_EDGE('',*,*,#830,.T.);
#1153=ORIENTED_EDGE('',*,*,#831,.T.);
#1154=ORIENTED_EDGE('',*,*,#754,.F.);
#1155=ORIENTED_EDGE('',*,*,#831,.F.);
#1156=ORIENTED_EDGE('',*,*,#832,.F.);
#1157=ORIENTED_EDGE('',*,*,#833,.F.);
#1158=ORIENTED_EDGE('',*,*,#755,.F.);
#1159=ORIENTED_EDGE('',*,*,#834,.T.);
#1160=ORIENTED_EDGE('',*,*,#830,.F.);
#1161=ORIENTED_EDGE('',*,*,#835,.T.);
#1162=ORIENTED_EDGE('',*,*,#836,.F.);
#1163=ORIENTED_EDGE('',*,*,#837,.T.);
#1164=ORIENTED_EDGE('',*,*,#838,.F.);
#1165=ORIENTED_EDGE('',*,*,#839,.T.);
#1166=ORIENTED_EDGE('',*,*,#840,.F.);
#1167=ORIENTED_EDGE('',*,*,#832,.T.);
#1168=ORIENTED_EDGE('',*,*,#840,.T.);
#1169=ORIENTED_EDGE('',*,*,#841,.T.);
#1170=ORIENTED_EDGE('',*,*,#756,.T.);
#1171=ORIENTED_EDGE('',*,*,#833,.T.);
#1172=ORIENTED_EDGE('',*,*,#841,.F.);
#1173=ORIENTED_EDGE('',*,*,#839,.F.);
#1174=ORIENTED_EDGE('',*,*,#842,.F.);
#1175=ORIENTED_EDGE('',*,*,#757,.F.);
#1176=ORIENTED_EDGE('',*,*,#838,.T.);
#1177=ORIENTED_EDGE('',*,*,#843,.T.);
#1178=ORIENTED_EDGE('',*,*,#758,.T.);
#1179=ORIENTED_EDGE('',*,*,#842,.T.);
#1180=ORIENTED_EDGE('',*,*,#760,.T.);
#1181=ORIENTED_EDGE('',*,*,#844,.T.);
#1182=ORIENTED_EDGE('',*,*,#836,.T.);
#1183=ORIENTED_EDGE('',*,*,#845,.T.);
#1184=ORIENTED_EDGE('',*,*,#740,.T.);
#1185=ORIENTED_EDGE('',*,*,#846,.F.);
#1186=ORIENTED_EDGE('',*,*,#847,.T.);
#1187=ORIENTED_EDGE('',*,*,#834,.F.);
#1188=ORIENTED_EDGE('',*,*,#847,.F.);
#1189=ORIENTED_EDGE('',*,*,#829,.F.);
#1190=ORIENTED_EDGE('',*,*,#741,.F.);
#1191=ORIENTED_EDGE('',*,*,#845,.F.);
#1192=ORIENTED_EDGE('',*,*,#835,.F.);
#1193=ORIENTED_EDGE('',*,*,#843,.F.);
#1194=ORIENTED_EDGE('',*,*,#837,.F.);
#1195=ORIENTED_EDGE('',*,*,#844,.F.);
#1196=ORIENTED_EDGE('',*,*,#759,.F.);
#1197=ORIENTED_EDGE('',*,*,#846,.T.);
#1198=ORIENTED_EDGE('',*,*,#848,.F.);
#1199=ORIENTED_EDGE('',*,*,#849,.T.);
#1200=ORIENTED_EDGE('',*,*,#805,.T.);
#1201=ORIENTED_EDGE('',*,*,#849,.F.);
#1202=ORIENTED_EDGE('',*,*,#850,.F.);
#1203=ORIENTED_EDGE('',*,*,#851,.T.);
#1204=ORIENTED_EDGE('',*,*,#826,.T.);
#1205=ORIENTED_EDGE('',*,*,#851,.F.);
#1206=ORIENTED_EDGE('',*,*,#852,.F.);
#1207=ORIENTED_EDGE('',*,*,#853,.T.);
#1208=ORIENTED_EDGE('',*,*,#828,.T.);
#1209=ORIENTED_EDGE('',*,*,#853,.F.);
#1210=ORIENTED_EDGE('',*,*,#854,.F.);
#1211=ORIENTED_EDGE('',*,*,#855,.T.);
#1212=ORIENTED_EDGE('',*,*,#780,.T.);
#1213=ORIENTED_EDGE('',*,*,#855,.F.);
#1214=ORIENTED_EDGE('',*,*,#856,.F.);
#1215=ORIENTED_EDGE('',*,*,#773,.F.);
#1216=ORIENTED_EDGE('',*,*,#795,.T.);
#1217=ORIENTED_EDGE('',*,*,#792,.F.);
#1218=ORIENTED_EDGE('',*,*,#716,.T.);
#1219=ORIENTED_EDGE('',*,*,#797,.F.);
#1220=ORIENTED_EDGE('',*,*,#801,.T.);
#1221=ORIENTED_EDGE('',*,*,#802,.F.);
#1222=ORIENTED_EDGE('',*,*,#785,.T.);
#1223=ORIENTED_EDGE('',*,*,#854,.T.);
#1224=ORIENTED_EDGE('',*,*,#852,.T.);
#1225=ORIENTED_EDGE('',*,*,#850,.T.);
#1226=ORIENTED_EDGE('',*,*,#848,.T.);
#1227=ORIENTED_EDGE('',*,*,#857,.F.);
#1228=ORIENTED_EDGE('',*,*,#858,.T.);
#1229=ORIENTED_EDGE('',*,*,#856,.T.);
#1230=ORIENTED_EDGE('',*,*,#858,.F.);
#1231=ORIENTED_EDGE('',*,*,#744,.T.);
#1232=ORIENTED_EDGE('',*,*,#857,.T.);
#1233=PLANE('',#1355);
#1234=PLANE('',#1356);
#1235=PLANE('',#1357);
#1236=PLANE('',#1358);
#1237=PLANE('',#1359);
#1238=PLANE('',#1360);
#1239=PLANE('',#1361);
#1240=PLANE('',#1366);
#1241=PLANE('',#1367);
#1242=PLANE('',#1376);
#1243=PLANE('',#1380);
#1244=PLANE('',#1382);
#1245=PLANE('',#1385);
#1246=PLANE('',#1397);
#1247=PLANE('',#1400);
#1248=PLANE('',#1420);
#1249=PLANE('',#1431);
#1250=PLANE('',#1434);
#1251=PLANE('',#1438);
#1252=PLANE('',#1443);
#1253=PLANE('',#1445);
#1254=PLANE('',#1450);
#1255=PLANE('',#1453);
#1256=PLANE('',#1456);
#1257=PLANE('',#1461);
#1258=PLANE('',#1463);
#1259=PLANE('',#1469);
#1260=PLANE('',#1471);
#1261=PLANE('',#1476);
#1262=PLANE('',#1481);
#1263=PLANE('',#1482);
#1264=PLANE('',#1491);
#1265=PLANE('',#1495);
#1266=ADVANCED_FACE('',(#187),#1233,.F.);
#1267=ADVANCED_FACE('',(#188),#1234,.F.);
#1268=ADVANCED_FACE('',(#189),#1235,.F.);
#1269=ADVANCED_FACE('',(#190),#1236,.F.);
#1270=ADVANCED_FACE('',(#191),#1237,.F.);
#1271=ADVANCED_FACE('',(#192),#1238,.F.);
#1272=ADVANCED_FACE('',(#193,#53),#1239,.T.);
#1273=ADVANCED_FACE('',(#194),#20,.T.);
#1274=ADVANCED_FACE('',(#195),#1240,.T.);
#1275=ADVANCED_FACE('',(#196,#54),#1241,.F.);
#1276=ADVANCED_FACE('',(#197),#21,.T.);
#1277=ADVANCED_FACE('',(#198),#22,.F.);
#1278=ADVANCED_FACE('',(#199),#23,.T.);
#1279=ADVANCED_FACE('',(#200),#1242,.T.);
#1280=ADVANCED_FACE('',(#201),#1243,.F.);
#1281=ADVANCED_FACE('',(#202),#24,.F.);
#1282=ADVANCED_FACE('',(#203),#1244,.F.);
#1283=ADVANCED_FACE('',(#204),#25,.T.);
#1284=ADVANCED_FACE('',(#205),#1245,.F.);
#1285=ADVANCED_FACE('',(#206),#26,.T.);
#1286=ADVANCED_FACE('',(#207),#1246,.F.);
#1287=ADVANCED_FACE('',(#208),#27,.T.);
#1288=ADVANCED_FACE('',(#209),#28,.F.);
#1289=ADVANCED_FACE('',(#210,#55),#1247,.F.);
#1290=ADVANCED_FACE('',(#211),#29,.T.);
#1291=ADVANCED_FACE('',(#212,#56),#1248,.T.);
#1292=ADVANCED_FACE('',(#213),#30,.F.);
#1293=ADVANCED_FACE('',(#214),#31,.F.);
#1294=ADVANCED_FACE('',(#215),#1249,.T.);
#1295=ADVANCED_FACE('',(#216),#32,.F.);
#1296=ADVANCED_FACE('',(#217),#1250,.T.);
#1297=ADVANCED_FACE('',(#218),#33,.T.);
#1298=ADVANCED_FACE('',(#219,#57),#1251,.T.);
#1299=ADVANCED_FACE('',(#220),#34,.T.);
#1300=ADVANCED_FACE('',(#221,#58),#1252,.T.);
#1301=ADVANCED_FACE('',(#222),#1253,.T.);
#1302=ADVANCED_FACE('',(#223),#35,.T.);
#1303=ADVANCED_FACE('',(#224),#1254,.T.);
#1304=ADVANCED_FACE('',(#225),#36,.T.);
#1305=ADVANCED_FACE('',(#226),#37,.T.);
#1306=ADVANCED_FACE('',(#227,#59),#1255,.T.);
#1307=ADVANCED_FACE('',(#228),#38,.F.);
#1308=ADVANCED_FACE('',(#229),#1256,.T.);
#1309=ADVANCED_FACE('',(#230),#39,.F.);
#1310=ADVANCED_FACE('',(#231),#40,.F.);
#1311=ADVANCED_FACE('',(#232),#41,.F.);
#1312=ADVANCED_FACE('',(#233,#60),#1257,.T.);
#1313=ADVANCED_FACE('',(#234,#61),#1258,.T.);
#1314=ADVANCED_FACE('',(#235),#42,.F.);
#1315=ADVANCED_FACE('',(#236),#43,.T.);
#1316=ADVANCED_FACE('',(#237,#62),#1259,.T.);
#1317=ADVANCED_FACE('',(#238),#1260,.T.);
#1318=ADVANCED_FACE('',(#239),#44,.T.);
#1319=ADVANCED_FACE('',(#240),#1261,.T.);
#1320=ADVANCED_FACE('',(#241),#45,.T.);
#1321=ADVANCED_FACE('',(#242),#46,.T.);
#1322=ADVANCED_FACE('',(#243),#47,.F.);
#1323=ADVANCED_FACE('',(#244),#1262,.T.);
#1324=ADVANCED_FACE('',(#245,#63),#1263,.T.);
#1325=ADVANCED_FACE('',(#246),#48,.F.);
#1326=ADVANCED_FACE('',(#247),#49,.F.);
#1327=ADVANCED_FACE('',(#248),#50,.F.);
#1328=ADVANCED_FACE('',(#249),#51,.F.);
#1329=ADVANCED_FACE('',(#250,#64,#65,#66,#67,#68),#1264,.T.);
#1330=ADVANCED_FACE('',(#251),#52,.F.);
#1331=ADVANCED_FACE('',(#252,#69),#1265,.T.);
#1332=CLOSED_SHELL('',(#1266,#1267,#1268,#1269,#1270,#1271,#1272,#1273,
#1274,#1275,#1276,#1277,#1278,#1279,#1280,#1281,#1282,#1283,#1284,#1285,
#1286,#1287,#1288,#1289,#1290,#1291,#1292,#1293,#1294,#1295,#1296,#1297,
#1298,#1299,#1300,#1301,#1302,#1303,#1304,#1305,#1306,#1307,#1308,#1309,
#1310,#1311,#1312,#1313,#1314,#1315,#1316,#1317,#1318,#1319,#1320,#1321,
#1322,#1323,#1324,#1325,#1326,#1327,#1328,#1329,#1330,#1331));
#1333=DERIVED_UNIT_ELEMENT(#1336,1.);
#1334=DERIVED_UNIT_ELEMENT(#2317,-3.);
#1335=DIMENSIONAL_EXPONENTS(0.,1.,0.,0.,0.,0.,0.);
#1336=(
CONVERSION_BASED_UNIT('gram',#1338)
MASS_UNIT()
NAMED_UNIT(#1335)
);
#1337=(
MASS_UNIT()
NAMED_UNIT(*)
SI_UNIT(.KILO.,.GRAM.)
);
#1338=MASS_MEASURE_WITH_UNIT(MASS_MEASURE(0.001),#1337);
#1339=DERIVED_UNIT((#1333,#1334));
#1340=MEASURE_REPRESENTATION_ITEM('density measure',
POSITIVE_RATIO_MEASURE(1.06),#1339);
#1341=PROPERTY_DEFINITION_REPRESENTATION(#1346,#1343);
#1342=PROPERTY_DEFINITION_REPRESENTATION(#1347,#1344);
#1343=REPRESENTATION('material name',(#1345),#2314);
#1344=REPRESENTATION('density',(#1340),#2314);
#1345=DESCRIPTIVE_REPRESENTATION_ITEM('ABS \X2\58516599\X0\',
'ABS \X2\58516599\X0\');
#1346=PROPERTY_DEFINITION('material property','material name',#2324);
#1347=PROPERTY_DEFINITION('material property','density of part',#2324);
#1348=DATE_TIME_ROLE('creation_date');
#1349=APPLIED_DATE_AND_TIME_ASSIGNMENT(#1350,#1348,(#2324));
#1350=DATE_AND_TIME(#1351,#1352);
#1351=CALENDAR_DATE(2026,30,3);
#1352=LOCAL_TIME(0,0,0.,#1353);
#1353=COORDINATED_UNIVERSAL_TIME_OFFSET(0,0,.BEHIND.);
#1354=AXIS2_PLACEMENT_3D('',#1886,#1496,#1497);
#1355=AXIS2_PLACEMENT_3D('',#1887,#1498,#1499);
#1356=AXIS2_PLACEMENT_3D('',#1896,#1504,#1505);
#1357=AXIS2_PLACEMENT_3D('',#1902,#1509,#1510);
#1358=AXIS2_PLACEMENT_3D('',#1908,#1514,#1515);
#1359=AXIS2_PLACEMENT_3D('',#1914,#1519,#1520);
#1360=AXIS2_PLACEMENT_3D('',#1920,#1524,#1525);
#1361=AXIS2_PLACEMENT_3D('',#1923,#1528,#1529);
#1362=AXIS2_PLACEMENT_3D('',#1925,#1530,#1531);
#1363=AXIS2_PLACEMENT_3D('',#1926,#1532,#1533);
#1364=AXIS2_PLACEMENT_3D('',#1929,#1534,#1535);
#1365=AXIS2_PLACEMENT_3D('',#1933,#1537,#1538);
#1366=AXIS2_PLACEMENT_3D('',#1935,#1540,#1541);
#1367=AXIS2_PLACEMENT_3D('',#1941,#1545,#1546);
#1368=AXIS2_PLACEMENT_3D('',#1943,#1547,#1548);
#1369=AXIS2_PLACEMENT_3D('',#1944,#1549,#1550);
#1370=AXIS2_PLACEMENT_3D('',#1945,#1551,#1552);
#1371=AXIS2_PLACEMENT_3D('',#1947,#1553,#1554);
#1372=AXIS2_PLACEMENT_3D('',#1949,#1556,#1557);
#1373=AXIS2_PLACEMENT_3D('',#1952,#1559,#1560);
#1374=AXIS2_PLACEMENT_3D('',#1953,#1561,#1562);
#1375=AXIS2_PLACEMENT_3D('',#1969,#1564,#1565);
#1376=AXIS2_PLACEMENT_3D('',#1971,#1567,#1568);
#1377=AXIS2_PLACEMENT_3D('',#1975,#1570,#1571);
#1378=AXIS2_PLACEMENT_3D('',#1979,#1573,#1574);
#1379=AXIS2_PLACEMENT_3D('',#1983,#1576,#1577);
#1380=AXIS2_PLACEMENT_3D('',#1993,#1583,#1584);
#1381=AXIS2_PLACEMENT_3D('',#1999,#1588,#1589);
#1382=AXIS2_PLACEMENT_3D('',#2014,#1592,#1593);
#1383=AXIS2_PLACEMENT_3D('',#2017,#1595,#1596);
#1384=AXIS2_PLACEMENT_3D('',#2018,#1597,#1598);
#1385=AXIS2_PLACEMENT_3D('',#2040,#1602,#1603);
#1386=AXIS2_PLACEMENT_3D('',#2042,#1604,#1605);
#1387=AXIS2_PLACEMENT_3D('',#2044,#1606,#1607);
#1388=AXIS2_PLACEMENT_3D('',#2047,#1609,#1610);
#1389=AXIS2_PLACEMENT_3D('',#2049,#1611,#1612);
#1390=AXIS2_PLACEMENT_3D('',#2053,#1614,#1615);
#1391=AXIS2_PLACEMENT_3D('',#2055,#1616,#1617);
#1392=AXIS2_PLACEMENT_3D('',#2057,#1618,#1619);
#1393=AXIS2_PLACEMENT_3D('',#2061,#1621,#1622);
#1394=AXIS2_PLACEMENT_3D('',#2062,#1623,#1624);
#1395=AXIS2_PLACEMENT_3D('',#2063,#1625,#1626);
#1396=AXIS2_PLACEMENT_3D('',#2065,#1627,#1628);
#1397=AXIS2_PLACEMENT_3D('',#2088,#1631,#1632);
#1398=AXIS2_PLACEMENT_3D('',#2089,#1633,#1634);
#1399=AXIS2_PLACEMENT_3D('',#2090,#1635,#1636);
#1400=AXIS2_PLACEMENT_3D('',#2091,#1637,#1638);
#1401=AXIS2_PLACEMENT_3D('',#2093,#1639,#1640);
#1402=AXIS2_PLACEMENT_3D('',#2095,#1641,#1642);
#1403=AXIS2_PLACEMENT_3D('',#2097,#1643,#1644);
#1404=AXIS2_PLACEMENT_3D('',#2100,#1646,#1647);
#1405=AXIS2_PLACEMENT_3D('',#2102,#1648,#1649);
#1406=AXIS2_PLACEMENT_3D('',#2106,#1651,#1652);
#1407=AXIS2_PLACEMENT_3D('',#2110,#1654,#1655);
#1408=AXIS2_PLACEMENT_3D('',#2113,#1657,#1658);
#1409=AXIS2_PLACEMENT_3D('',#2115,#1659,#1660);
#1410=AXIS2_PLACEMENT_3D('',#2119,#1662,#1663);
#1411=AXIS2_PLACEMENT_3D('',#2123,#1665,#1666);
#1412=AXIS2_PLACEMENT_3D('',#2126,#1668,#1669);
#1413=AXIS2_PLACEMENT_3D('',#2128,#1670,#1671);
#1414=AXIS2_PLACEMENT_3D('',#2132,#1673,#1674);
#1415=AXIS2_PLACEMENT_3D('',#2134,#1675,#1676);
#1416=AXIS2_PLACEMENT_3D('',#2135,#1677,#1678);
#1417=AXIS2_PLACEMENT_3D('',#2136,#1679,#1680);
#1418=AXIS2_PLACEMENT_3D('',#2139,#1681,#1682);
#1419=AXIS2_PLACEMENT_3D('',#2143,#1684,#1685);
#1420=AXIS2_PLACEMENT_3D('',#2145,#1687,#1688);
#1421=AXIS2_PLACEMENT_3D('',#2147,#1689,#1690);
#1422=AXIS2_PLACEMENT_3D('',#2149,#1691,#1692);
#1423=AXIS2_PLACEMENT_3D('',#2152,#1694,#1695);
#1424=AXIS2_PLACEMENT_3D('',#2153,#1696,#1697);
#1425=AXIS2_PLACEMENT_3D('',#2157,#1699,#1700);
#1426=AXIS2_PLACEMENT_3D('',#2161,#1703,#1704);
#1427=AXIS2_PLACEMENT_3D('',#2165,#1706,#1707);
#1428=AXIS2_PLACEMENT_3D('',#2170,#1710,#1711);
#1429=AXIS2_PLACEMENT_3D('',#2172,#1713,#1714);
#1430=AXIS2_PLACEMENT_3D('',#2174,#1715,#1716);
#1431=AXIS2_PLACEMENT_3D('',#2176,#1718,#1719);
#1432=AXIS2_PLACEMENT_3D('',#2179,#1722,#1723);
#1433=AXIS2_PLACEMENT_3D('',#2182,#1725,#1726);
#1434=AXIS2_PLACEMENT_3D('',#2183,#1727,#1728);
#1435=AXIS2_PLACEMENT_3D('',#2191,#1733,#1734);
#1436=AXIS2_PLACEMENT_3D('',#2192,#1735,#1736);
#1437=AXIS2_PLACEMENT_3D('',#2193,#1737,#1738);
#1438=AXIS2_PLACEMENT_3D('',#2194,#1739,#1740);
#1439=AXIS2_PLACEMENT_3D('',#2195,#1741,#1742);
#1440=AXIS2_PLACEMENT_3D('',#2197,#1743,#1744);
#1441=AXIS2_PLACEMENT_3D('',#2198,#1745,#1746);
#1442=AXIS2_PLACEMENT_3D('',#2201,#1747,#1748);
#1443=AXIS2_PLACEMENT_3D('',#2204,#1751,#1752);
#1444=AXIS2_PLACEMENT_3D('',#2209,#1755,#1756);
#1445=AXIS2_PLACEMENT_3D('',#2210,#1757,#1758);
#1446=AXIS2_PLACEMENT_3D('',#2214,#1760,#1761);
#1447=AXIS2_PLACEMENT_3D('',#2218,#1763,#1764);
#1448=AXIS2_PLACEMENT_3D('',#2221,#1766,#1767);
#1449=AXIS2_PLACEMENT_3D('',#2222,#1768,#1769);
#1450=AXIS2_PLACEMENT_3D('',#2224,#1771,#1772);
#1451=AXIS2_PLACEMENT_3D('',#2226,#1774,#1775);
#1452=AXIS2_PLACEMENT_3D('',#2228,#1777,#1778);
#1453=AXIS2_PLACEMENT_3D('',#2231,#1781,#1782);
#1454=AXIS2_PLACEMENT_3D('',#2233,#1783,#1784);
#1455=AXIS2_PLACEMENT_3D('',#2234,#1785,#1786);
#1456=AXIS2_PLACEMENT_3D('',#2236,#1788,#1789);
#1457=AXIS2_PLACEMENT_3D('',#2237,#1790,#1791);
#1458=AXIS2_PLACEMENT_3D('',#2238,#1792,#1793);
#1459=AXIS2_PLACEMENT_3D('',#2239,#1794,#1795);
#1460=AXIS2_PLACEMENT_3D('',#2240,#1796,#1797);
#1461=AXIS2_PLACEMENT_3D('',#2241,#1798,#1799);
#1462=AXIS2_PLACEMENT_3D('',#2243,#1800,#1801);
#1463=AXIS2_PLACEMENT_3D('',#2244,#1802,#1803);
#1464=AXIS2_PLACEMENT_3D('',#2245,#1804,#1805);
#1465=AXIS2_PLACEMENT_3D('',#2247,#1806,#1807);
#1466=AXIS2_PLACEMENT_3D('',#2248,#1808,#1809);
#1467=AXIS2_PLACEMENT_3D('',#2249,#1810,#1811);
#1468=AXIS2_PLACEMENT_3D('',#2253,#1813,#1814);
#1469=AXIS2_PLACEMENT_3D('',#2255,#1816,#1817);
#1470=AXIS2_PLACEMENT_3D('',#2260,#1820,#1821);
#1471=AXIS2_PLACEMENT_3D('',#2261,#1822,#1823);
#1472=AXIS2_PLACEMENT_3D('',#2265,#1825,#1826);
#1473=AXIS2_PLACEMENT_3D('',#2269,#1828,#1829);
#1474=AXIS2_PLACEMENT_3D('',#2272,#1831,#1832);
#1475=AXIS2_PLACEMENT_3D('',#2273,#1833,#1834);
#1476=AXIS2_PLACEMENT_3D('',#2275,#1836,#1837);
#1477=AXIS2_PLACEMENT_3D('',#2277,#1839,#1840);
#1478=AXIS2_PLACEMENT_3D('',#2279,#1842,#1843);
#1479=AXIS2_PLACEMENT_3D('',#2282,#1846,#1847);
#1480=AXIS2_PLACEMENT_3D('',#2284,#1848,#1849);
#1481=AXIS2_PLACEMENT_3D('',#2286,#1851,#1852);
#1482=AXIS2_PLACEMENT_3D('',#2287,#1853,#1854);
#1483=AXIS2_PLACEMENT_3D('',#2288,#1855,#1856);
#1484=AXIS2_PLACEMENT_3D('',#2290,#1857,#1858);
#1485=AXIS2_PLACEMENT_3D('',#2292,#1860,#1861);
#1486=AXIS2_PLACEMENT_3D('',#2294,#1862,#1863);
#1487=AXIS2_PLACEMENT_3D('',#2296,#1865,#1866);
#1488=AXIS2_PLACEMENT_3D('',#2298,#1867,#1868);
#1489=AXIS2_PLACEMENT_3D('',#2300,#1870,#1871);
#1490=AXIS2_PLACEMENT_3D('',#2302,#1872,#1873);
#1491=AXIS2_PLACEMENT_3D('',#2304,#1875,#1876);
#1492=AXIS2_PLACEMENT_3D('',#2306,#1877,#1878);
#1493=AXIS2_PLACEMENT_3D('',#2307,#1879,#1880);
#1494=AXIS2_PLACEMENT_3D('',#2309,#1881,#1882);
#1495=AXIS2_PLACEMENT_3D('',#2311,#1884,#1885);
#1496=DIRECTION('axis',(0.,0.,1.));
#1497=DIRECTION('refdir',(1.,0.,0.));
#1498=DIRECTION('center_axis',(0.,-0.500000101830913,0.866025344992326));
#1499=DIRECTION('ref_axis',(0.,-0.866025344992326,-0.500000101830913));
#1500=DIRECTION('',(0.,-0.866025344992326,-0.500000101830913));
#1501=DIRECTION('',(1.,0.,0.));
#1502=DIRECTION('',(0.,-0.866025344992326,-0.500000101830913));
#1503=DIRECTION('',(1.,0.,0.));
#1504=DIRECTION('center_axis',(0.,0.49999989816908,0.86602546257654));
#1505=DIRECTION('ref_axis',(0.,-0.86602546257654,0.49999989816908));
#1506=DIRECTION('',(0.,-0.86602546257654,0.49999989816908));
#1507=DIRECTION('',(1.,0.,0.));
#1508=DIRECTION('',(0.,-0.86602546257654,0.49999989816908));
#1509=DIRECTION('center_axis',(0.,0.999999999999993,1.17584213559441E-7));
#1510=DIRECTION('ref_axis',(0.,-1.17584213559441E-7,0.999999999999993));
#1511=DIRECTION('',(0.,-1.17584213559441E-7,0.999999999999993));
#1512=DIRECTION('',(1.,0.,0.));
#1513=DIRECTION('',(0.,-1.17584213559441E-7,0.999999999999993));
#1514=DIRECTION('center_axis',(0.,0.500000101830913,-0.866025344992326));
#1515=DIRECTION('ref_axis',(0.,0.866025344992326,0.500000101830913));
#1516=DIRECTION('',(0.,0.866025344992326,0.500000101830913));
#1517=DIRECTION('',(1.,0.,0.));
#1518=DIRECTION('',(0.,0.866025344992326,0.500000101830913));
#1519=DIRECTION('center_axis',(0.,-0.49999989816908,-0.86602546257654));
#1520=DIRECTION('ref_axis',(0.,0.86602546257654,-0.49999989816908));
#1521=DIRECTION('',(0.,0.86602546257654,-0.49999989816908));
#1522=DIRECTION('',(1.,0.,0.));
#1523=DIRECTION('',(0.,0.86602546257654,-0.49999989816908));
#1524=DIRECTION('center_axis',(0.,-0.999999999999993,-1.17584214285087E-7));
#1525=DIRECTION('ref_axis',(0.,1.17584214285087E-7,-0.999999999999993));
#1526=DIRECTION('',(0.,1.17584214285087E-7,-0.999999999999993));
#1527=DIRECTION('',(0.,1.17584214285087E-7,-0.999999999999993));
#1528=DIRECTION('center_axis',(-1.,0.,0.));
#1529=DIRECTION('ref_axis',(0.,0.,1.));
#1530=DIRECTION('center_axis',(-1.,0.,0.));
#1531=DIRECTION('ref_axis',(0.,0.,1.));
#1532=DIRECTION('center_axis',(1.,0.,0.));
#1533=DIRECTION('ref_axis',(0.,-0.031876399035248,0.999491818468038));
#1534=DIRECTION('center_axis',(1.,0.,0.));
#1535=DIRECTION('ref_axis',(0.,-0.031876399035248,0.999491818468038));
#1536=DIRECTION('',(1.,0.,0.));
#1537=DIRECTION('center_axis',(-1.,0.,0.));
#1538=DIRECTION('ref_axis',(0.,-0.031876399035248,0.999491818468038));
#1539=DIRECTION('',(-1.,0.,0.));
#1540=DIRECTION('center_axis',(0.,-0.999999999999992,-1.29939978926317E-7));
#1541=DIRECTION('ref_axis',(0.,-1.29939978926317E-7,0.999999999999991));
#1542=DIRECTION('',(0.,-1.29939978926317E-7,0.999999999999991));
#1543=DIRECTION('',(-1.,0.,0.));
#1544=DIRECTION('',(0.,-1.29939978926317E-7,0.999999999999991));
#1545=DIRECTION('center_axis',(1.,0.,0.));
#1546=DIRECTION('ref_axis',(0.,0.,-1.));
#1547=DIRECTION('center_axis',(1.,0.,0.));
#1548=DIRECTION('ref_axis',(0.,1.,0.));
#1549=DIRECTION('center_axis',(1.,0.,0.));
#1550=DIRECTION('ref_axis',(0.,-0.0317604071145186,-0.999495511015392));
#1551=DIRECTION('center_axis',(-1.,0.,0.));
#1552=DIRECTION('ref_axis',(0.,-0.0317604071145186,-0.999495511015392));
#1553=DIRECTION('center_axis',(-1.,0.,0.));
#1554=DIRECTION('ref_axis',(0.,-0.0317604071145186,-0.999495511015392));
#1555=DIRECTION('',(1.,0.,0.));
#1556=DIRECTION('center_axis',(-1.,0.,0.));
#1557=DIRECTION('ref_axis',(0.,0.,1.));
#1558=DIRECTION('',(1.,0.,0.));
#1559=DIRECTION('center_axis',(1.,0.,0.));
#1560=DIRECTION('ref_axis',(0.,0.,1.));
#1561=DIRECTION('center_axis',(0.,1.,-1.93083422490533E-16));
#1562=DIRECTION('ref_axis',(0.707106781186546,0.,-0.707106781186549));
#1563=DIRECTION('',(0.,1.,-1.93083422490533E-16));
#1564=DIRECTION('center_axis',(0.,-0.999999999999993,-1.17584213481109E-7));
#1565=DIRECTION('ref_axis',(0.707106781186544,8.31445947129791E-8,-0.707106781186546));
#1566=DIRECTION('',(0.,-1.,1.93083422490533E-16));
#1567=DIRECTION('center_axis',(0.,0.999999999999993,1.17584213481109E-7));
#1568=DIRECTION('ref_axis',(0.,1.17584213481109E-7,-0.999999999999993));
#1569=DIRECTION('',(-1.,0.,0.));
#1570=DIRECTION('center_axis',(0.,0.999999999999993,1.17584213481109E-7));
#1571=DIRECTION('ref_axis',(-0.70710678118655,-8.31445947129784E-8,0.70710678118654));
#1572=DIRECTION('',(0.,1.17584213481109E-7,-0.999999999999993));
#1573=DIRECTION('center_axis',(0.,0.999999999999993,1.17584213481109E-7));
#1574=DIRECTION('ref_axis',(-0.70710678118655,8.31445947129784E-8,-0.70710678118654));
#1575=DIRECTION('',(1.,0.,0.));
#1576=DIRECTION('center_axis',(0.,-0.999999999999993,-1.17584213481109E-7));
#1577=DIRECTION('ref_axis',(0.707106781186543,-8.31445947129792E-8,0.707106781186547));
#1578=DIRECTION('',(0.,-1.17584213481109E-7,0.999999999999993));
#1579=DIRECTION('',(1.,0.,0.));
#1580=DIRECTION('',(0.,1.17584213481109E-7,-0.999999999999993));
#1581=DIRECTION('',(-1.,0.,0.));
#1582=DIRECTION('',(0.,-1.17584213481109E-7,0.999999999999993));
#1583=DIRECTION('center_axis',(0.,1.93083422490533E-16,1.));
#1584=DIRECTION('ref_axis',(0.,-1.,1.93083422490533E-16));
#1585=DIRECTION('',(0.,1.,-1.93083422490533E-16));
#1586=DIRECTION('',(1.,0.,0.));
#1587=DIRECTION('',(0.,-1.,1.93083422490533E-16));
#1588=DIRECTION('center_axis',(0.,-1.,0.));
#1589=DIRECTION('ref_axis',(-0.707106781186552,0.,-0.707106781186543));
#1590=DIRECTION('',(0.,-1.,0.));
#1591=DIRECTION('',(0.,1.,0.));
#1592=DIRECTION('center_axis',(-1.,0.,0.));
#1593=DIRECTION('ref_axis',(0.,0.,1.));
#1594=DIRECTION('',(0.,1.,-1.93083422490533E-16));
#1595=DIRECTION('center_axis',(-1.,0.,0.));
#1596=DIRECTION('ref_axis',(0.,-1.,0.));
#1597=DIRECTION('center_axis',(0.,-1.,0.));
#1598=DIRECTION('ref_axis',(0.707106781186546,0.,0.707106781186549));
#1599=DIRECTION('',(0.,1.,0.));
#1600=DIRECTION('',(0.,-1.,0.));
#1601=DIRECTION('',(0.,1.,0.));
#1602=DIRECTION('center_axis',(-1.,0.,0.));
#1603=DIRECTION('ref_axis',(0.,0.,1.));
#1604=DIRECTION('center_axis',(1.,0.,0.));
#1605=DIRECTION('ref_axis',(0.,-1.,0.));
#1606=DIRECTION('center_axis',(1.,0.,0.));
#1607=DIRECTION('ref_axis',(0.,-1.,0.));
#1608=DIRECTION('',(0.,-1.,1.93083422490533E-16));
#1609=DIRECTION('center_axis',(1.,0.,0.));
#1610=DIRECTION('ref_axis',(0.,-1.,0.));
#1611=DIRECTION('center_axis',(-1.,0.,0.));
#1612=DIRECTION('ref_axis',(0.,-0.707106781186547,0.707106781186548));
#1613=DIRECTION('',(0.,1.,0.));
#1614=DIRECTION('center_axis',(-1.,0.,0.));
#1615=DIRECTION('ref_axis',(0.,0.707106781186548,0.707106781186547));
#1616=DIRECTION('center_axis',(1.,0.,0.));
#1617=DIRECTION('ref_axis',(0.,-1.,0.));
#1618=DIRECTION('center_axis',(-1.,0.,0.));
#1619=DIRECTION('ref_axis',(0.,0.707106781186547,-0.707106781186548));
#1620=DIRECTION('',(0.,-1.,0.));
#1621=DIRECTION('center_axis',(-1.,0.,0.));
#1622=DIRECTION('ref_axis',(0.,-0.707106781186547,-0.707106781186548));
#1623=DIRECTION('center_axis',(1.,0.,0.));
#1624=DIRECTION('ref_axis',(0.,-1.,0.));
#1625=DIRECTION('center_axis',(-1.,0.,0.));
#1626=DIRECTION('ref_axis',(0.,-1.,0.));
#1627=DIRECTION('center_axis',(-1.,0.,0.));
#1628=DIRECTION('ref_axis',(0.,-1.,0.));
#1629=DIRECTION('',(1.,0.,0.));
#1630=DIRECTION('',(-1.,0.,0.));
#1631=DIRECTION('center_axis',(0.,0.,-1.));
#1632=DIRECTION('ref_axis',(0.,1.,0.));
#1633=DIRECTION('center_axis',(0.,1.,-1.93083422490533E-16));
#1634=DIRECTION('ref_axis',(0.707106781186546,0.,-0.707106781186549));
#1635=DIRECTION('center_axis',(0.,1.,-1.93083422490533E-16));
#1636=DIRECTION('ref_axis',(-0.707106781186553,0.,0.707106781186543));
#1637=DIRECTION('center_axis',(-1.,0.,0.));
#1638=DIRECTION('ref_axis',(0.,0.,1.));
#1639=DIRECTION('center_axis',(-1.,0.,0.));
#1640=DIRECTION('ref_axis',(0.,-1.,-6.12323399573677E-17));
#1641=DIRECTION('center_axis',(-1.,0.,0.));
#1642=DIRECTION('ref_axis',(0.,1.,0.));
#1643=DIRECTION('center_axis',(-1.,0.,0.));
#1644=DIRECTION('ref_axis',(0.,-1.22464679914735E-16,1.));
#1645=DIRECTION('',(0.,-0.999999999999996,-8.80697053459759E-8));
#1646=DIRECTION('center_axis',(1.,0.,0.));
#1647=DIRECTION('ref_axis',(0.,-0.707106708476921,-0.707106853896166));
#1648=DIRECTION('center_axis',(-1.,0.,0.));
#1649=DIRECTION('ref_axis',(0.,-0.707106781186547,-0.707106781186548));
#1650=DIRECTION('',(0.,0.,1.));
#1651=DIRECTION('center_axis',(-1.,0.,0.));
#1652=DIRECTION('ref_axis',(0.,-0.707106781186547,0.707106781186548));
#1653=DIRECTION('',(0.,1.,0.));
#1654=DIRECTION('center_axis',(-1.,0.,0.));
#1655=DIRECTION('ref_axis',(0.,0.707106781186548,0.707106781186547));
#1656=DIRECTION('',(0.,0.,-1.));
#1657=DIRECTION('center_axis',(-1.,0.,0.));
#1658=DIRECTION('ref_axis',(0.,0.707106781186547,-0.707106781186548));
#1659=DIRECTION('center_axis',(-1.,0.,0.));
#1660=DIRECTION('ref_axis',(0.,0.707106781186548,0.707106781186547));
#1661=DIRECTION('',(0.,0.,-1.));
#1662=DIRECTION('center_axis',(-1.,0.,0.));
#1663=DIRECTION('ref_axis',(0.,0.707106781186548,-0.707106781186547));
#1664=DIRECTION('',(0.,-1.,0.));
#1665=DIRECTION('center_axis',(-1.,0.,0.));
#1666=DIRECTION('ref_axis',(0.,-0.707106781186548,-0.707106781186548));
#1667=DIRECTION('',(0.,0.,1.));
#1668=DIRECTION('center_axis',(-1.,0.,0.));
#1669=DIRECTION('ref_axis',(0.,-0.707106781186547,0.707106781186548));
#1670=DIRECTION('center_axis',(1.,0.,0.));
#1671=DIRECTION('ref_axis',(0.,-0.707106822758837,0.707106739614256));
#1672=DIRECTION('',(0.,1.,0.));
#1673=DIRECTION('center_axis',(-1.,0.,0.));
#1674=DIRECTION('ref_axis',(0.,1.,1.83697019872103E-16));
#1675=DIRECTION('center_axis',(-1.,0.,0.));
#1676=DIRECTION('ref_axis',(0.,1.,0.));
#1677=DIRECTION('center_axis',(-1.,0.,0.));
#1678=DIRECTION('ref_axis',(0.,0.,-1.));
#1679=DIRECTION('center_axis',(-1.,0.,0.));
#1680=DIRECTION('ref_axis',(0.,0.440790138333768,-0.897610190421041));
#1681=DIRECTION('center_axis',(1.,0.,0.));
#1682=DIRECTION('ref_axis',(0.,0.440790138333768,-0.897610190421041));
#1683=DIRECTION('',(1.,0.,0.));
#1684=DIRECTION('center_axis',(-1.,0.,0.));
#1685=DIRECTION('ref_axis',(0.,0.440790138333768,-0.897610190421041));
#1686=DIRECTION('',(-1.,0.,0.));
#1687=DIRECTION('center_axis',(1.,0.,0.));
#1688=DIRECTION('ref_axis',(0.,1.,1.83697019872103E-16));
#1689=DIRECTION('center_axis',(1.,0.,0.));
#1690=DIRECTION('ref_axis',(0.,1.,0.));
#1691=DIRECTION('center_axis',(-1.,0.,0.));
#1692=DIRECTION('ref_axis',(0.,1.,1.83697019872103E-16));
#1693=DIRECTION('',(0.,-1.,0.));
#1694=DIRECTION('center_axis',(1.,0.,0.));
#1695=DIRECTION('ref_axis',(0.,1.,0.));
#1696=DIRECTION('center_axis',(-1.,0.,0.));
#1697=DIRECTION('ref_axis',(0.,1.,0.));
#1698=DIRECTION('',(-1.,0.,0.));
#1699=DIRECTION('center_axis',(1.,0.,0.));
#1700=DIRECTION('ref_axis',(0.,1.,0.));
#1701=DIRECTION('',(1.,0.,0.));
#1702=DIRECTION('',(-1.,0.,0.));
#1703=DIRECTION('center_axis',(1.,0.,0.));
#1704=DIRECTION('ref_axis',(0.,1.,0.));
#1705=DIRECTION('',(-1.,0.,0.));
#1706=DIRECTION('center_axis',(1.,0.,0.));
#1707=DIRECTION('ref_axis',(0.,1.,0.));
#1708=DIRECTION('',(1.,0.,0.));
#1709=DIRECTION('',(-1.,0.,0.));
#1710=DIRECTION('center_axis',(1.,0.,0.));
#1711=DIRECTION('ref_axis',(0.,1.,0.));
#1712=DIRECTION('',(1.,0.,0.));
#1713=DIRECTION('center_axis',(1.,0.,0.));
#1714=DIRECTION('ref_axis',(0.,-0.707106822758837,0.707106739614256));
#1715=DIRECTION('center_axis',(-1.,0.,0.));
#1716=DIRECTION('ref_axis',(0.,-0.707106822758837,0.707106739614256));
#1717=DIRECTION('',(1.,0.,0.));
#1718=DIRECTION('center_axis',(0.,0.,-1.));
#1719=DIRECTION('ref_axis',(0.,-1.,0.));
#1720=DIRECTION('',(1.,0.,0.));
#1721=DIRECTION('',(0.,-1.,0.));
#1722=DIRECTION('center_axis',(-1.,0.,0.));
#1723=DIRECTION('ref_axis',(0.,-0.707106708476921,-0.707106853896166));
#1724=DIRECTION('',(-1.,0.,0.));
#1725=DIRECTION('center_axis',(-1.,0.,0.));
#1726=DIRECTION('ref_axis',(0.,-0.707106708476921,-0.707106853896166));
#1727=DIRECTION('center_axis',(0.,-8.80697053459759E-8,0.999999999999996));
#1728=DIRECTION('ref_axis',(0.,0.999999999999996,8.80697053459759E-8));
#1729=DIRECTION('',(-1.,0.,0.));
#1730=DIRECTION('',(0.,0.999999999999996,8.80697053459759E-8));
#1731=DIRECTION('',(1.,0.,0.));
#1732=DIRECTION('',(0.,0.999999999999996,8.80697053459759E-8));
#1733=DIRECTION('center_axis',(-1.,0.,0.));
#1734=DIRECTION('ref_axis',(0.,0.436416434189001,0.899744794911178));
#1735=DIRECTION('center_axis',(1.,0.,0.));
#1736=DIRECTION('ref_axis',(0.,0.436416434189001,0.899744794911178));
#1737=DIRECTION('center_axis',(-1.,0.,0.));
#1738=DIRECTION('ref_axis',(0.,0.436416434189001,0.899744794911178));
#1739=DIRECTION('center_axis',(1.,0.,0.));
#1740=DIRECTION('ref_axis',(0.,-1.22464679914735E-16,1.));
#1741=DIRECTION('center_axis',(-1.,0.,0.));
#1742=DIRECTION('ref_axis',(0.,-1.22464679914735E-16,1.));
#1743=DIRECTION('center_axis',(1.,0.,0.));
#1744=DIRECTION('ref_axis',(0.,1.,0.));
#1745=DIRECTION('center_axis',(1.,0.,0.));
#1746=DIRECTION('ref_axis',(0.,-0.707106781186548,-0.707106781186548));
#1747=DIRECTION('center_axis',(-1.,0.,0.));
#1748=DIRECTION('ref_axis',(0.,-0.707106781186548,-0.707106781186548));
#1749=DIRECTION('',(-1.,0.,0.));
#1750=DIRECTION('',(1.,0.,0.));
#1751=DIRECTION('center_axis',(0.,-1.,0.));
#1752=DIRECTION('ref_axis',(0.,0.,-1.));
#1753=DIRECTION('',(0.,0.,-1.));
#1754=DIRECTION('',(1.,0.,0.));
#1755=DIRECTION('center_axis',(0.,1.,0.));
#1756=DIRECTION('ref_axis',(-1.,0.,0.));
#1757=DIRECTION('center_axis',(1.,0.,0.));
#1758=DIRECTION('ref_axis',(0.,0.,-1.));
#1759=DIRECTION('',(0.,1.,0.));
#1760=DIRECTION('center_axis',(-1.,0.,0.));
#1761=DIRECTION('ref_axis',(0.,0.707106781186548,-0.707106781186547));
#1762=DIRECTION('',(0.,0.,1.));
#1763=DIRECTION('center_axis',(-1.,0.,0.));
#1764=DIRECTION('ref_axis',(0.,0.707106781186548,0.707106781186547));
#1765=DIRECTION('',(0.,-1.,0.));
#1766=DIRECTION('center_axis',(-1.,0.,0.));
#1767=DIRECTION('ref_axis',(0.,-0.707106781186547,0.707106781186548));
#1768=DIRECTION('center_axis',(1.,0.,0.));
#1769=DIRECTION('ref_axis',(0.,-0.707106781186547,0.707106781186548));
#1770=DIRECTION('',(-1.,0.,0.));
#1771=DIRECTION('center_axis',(0.,0.,1.));
#1772=DIRECTION('ref_axis',(0.,-1.,0.));
#1773=DIRECTION('',(1.,0.,0.));
#1774=DIRECTION('center_axis',(1.,0.,0.));
#1775=DIRECTION('ref_axis',(0.,0.707106781186548,0.707106781186547));
#1776=DIRECTION('',(-1.,0.,0.));
#1777=DIRECTION('center_axis',(1.,0.,0.));
#1778=DIRECTION('ref_axis',(0.,0.707106781186548,-0.707106781186547));
#1779=DIRECTION('',(-1.,0.,0.));
#1780=DIRECTION('',(1.,0.,0.));
#1781=DIRECTION('center_axis',(0.,1.,0.));
#1782=DIRECTION('ref_axis',(0.,0.,1.));
#1783=DIRECTION('center_axis',(0.,-1.,0.));
#1784=DIRECTION('ref_axis',(-1.,0.,0.));
#1785=DIRECTION('center_axis',(-3.14980074374702E-7,-0.99999999999995,0.));
#1786=DIRECTION('ref_axis',(-0.99999999999995,3.14980074374702E-7,0.));
#1787=DIRECTION('',(-3.14980074374702E-7,-0.99999999999995,0.));
#1788=DIRECTION('center_axis',(0.,0.,-1.));
#1789=DIRECTION('ref_axis',(0.,1.,0.));
#1790=DIRECTION('center_axis',(-1.,0.,0.));
#1791=DIRECTION('ref_axis',(0.,-0.372896963834249,0.927872757636088));
#1792=DIRECTION('center_axis',(-1.,0.,0.));
#1793=DIRECTION('ref_axis',(0.,-0.360083653392621,-0.932920019379702));
#1794=DIRECTION('center_axis',(-1.,0.,0.));
#1795=DIRECTION('ref_axis',(0.,0.707122330811357,-0.707091231219787));
#1796=DIRECTION('center_axis',(-1.,0.,0.));
#1797=DIRECTION('ref_axis',(0.,-1.,-6.12323399573677E-17));
#1798=DIRECTION('center_axis',(1.,0.,0.));
#1799=DIRECTION('ref_axis',(0.,-1.,-6.12323399573677E-17));
#1800=DIRECTION('center_axis',(1.,0.,0.));
#1801=DIRECTION('ref_axis',(0.,1.,0.));
#1802=DIRECTION('center_axis',(1.,0.,0.));
#1803=DIRECTION('ref_axis',(0.,0.,-1.));
#1804=DIRECTION('center_axis',(-1.,0.,0.));
#1805=DIRECTION('ref_axis',(0.,0.,-1.));
#1806=DIRECTION('center_axis',(1.,0.,0.));
#1807=DIRECTION('ref_axis',(0.,1.,0.));
#1808=DIRECTION('center_axis',(-1.,0.,0.));
#1809=DIRECTION('ref_axis',(0.,0.707071728500232,0.707141832135318));
#1810=DIRECTION('center_axis',(1.,0.,0.));
#1811=DIRECTION('ref_axis',(0.,-0.707106781186547,-0.707106781186548));
#1812=DIRECTION('',(1.,0.,0.));
#1813=DIRECTION('center_axis',(-1.,0.,0.));
#1814=DIRECTION('ref_axis',(0.,-0.707106781186547,-0.707106781186548));
#1815=DIRECTION('',(-1.,0.,0.));
#1816=DIRECTION('center_axis',(0.,-1.,0.));
#1817=DIRECTION('ref_axis',(0.,0.,-1.));
#1818=DIRECTION('',(0.,0.,-1.));
#1819=DIRECTION('',(1.,0.,0.));
#1820=DIRECTION('center_axis',(0.,1.,0.));
#1821=DIRECTION('ref_axis',(-1.,0.,0.));
#1822=DIRECTION('center_axis',(1.,0.,0.));
#1823=DIRECTION('ref_axis',(0.,0.,-1.));
#1824=DIRECTION('',(0.,1.,0.));
#1825=DIRECTION('center_axis',(-1.,0.,0.));
#1826=DIRECTION('ref_axis',(0.,0.707106781186547,-0.707106781186548));
#1827=DIRECTION('',(0.,0.,1.));
#1828=DIRECTION('center_axis',(-1.,0.,0.));
#1829=DIRECTION('ref_axis',(0.,0.707106781186548,0.707106781186547));
#1830=DIRECTION('',(0.,-1.,0.));
#1831=DIRECTION('center_axis',(-1.,0.,0.));
#1832=DIRECTION('ref_axis',(0.,-0.707106781186547,0.707106781186548));
#1833=DIRECTION('center_axis',(1.,0.,0.));
#1834=DIRECTION('ref_axis',(0.,-0.707106781186547,0.707106781186548));
#1835=DIRECTION('',(-1.,0.,0.));
#1836=DIRECTION('center_axis',(0.,0.,1.));
#1837=DIRECTION('ref_axis',(0.,-1.,0.));
#1838=DIRECTION('',(1.,0.,0.));
#1839=DIRECTION('center_axis',(1.,0.,0.));
#1840=DIRECTION('ref_axis',(0.,0.707106781186548,0.707106781186547));
#1841=DIRECTION('',(-1.,0.,0.));
#1842=DIRECTION('center_axis',(1.,0.,0.));
#1843=DIRECTION('ref_axis',(0.,0.707106781186547,-0.707106781186548));
#1844=DIRECTION('',(1.,0.,0.));
#1845=DIRECTION('',(-1.,0.,0.));
#1846=DIRECTION('center_axis',(-3.14980074374702E-7,-0.99999999999995,0.));
#1847=DIRECTION('ref_axis',(-0.99999999999995,3.14980074374702E-7,0.));
#1848=DIRECTION('center_axis',(0.,-1.,0.));
#1849=DIRECTION('ref_axis',(-1.,0.,0.));
#1850=DIRECTION('',(-3.14980074374702E-7,-0.99999999999995,0.));
#1851=DIRECTION('center_axis',(0.,0.,-1.));
#1852=DIRECTION('ref_axis',(0.,1.,0.));
#1853=DIRECTION('center_axis',(0.,1.,0.));
#1854=DIRECTION('ref_axis',(0.,0.,1.));
#1855=DIRECTION('center_axis',(-1.,0.,0.));
#1856=DIRECTION('ref_axis',(0.,1.,0.));
#1857=DIRECTION('center_axis',(1.,0.,0.));
#1858=DIRECTION('ref_axis',(0.,1.,0.));
#1859=DIRECTION('',(1.,0.,0.));
#1860=DIRECTION('center_axis',(-1.,0.,0.));
#1861=DIRECTION('ref_axis',(0.,1.,0.));
#1862=DIRECTION('center_axis',(1.,0.,0.));
#1863=DIRECTION('ref_axis',(0.,1.,0.));
#1864=DIRECTION('',(1.,0.,0.));
#1865=DIRECTION('center_axis',(-1.,0.,0.));
#1866=DIRECTION('ref_axis',(0.,1.,0.));
#1867=DIRECTION('center_axis',(1.,0.,0.));
#1868=DIRECTION('ref_axis',(0.,1.,0.));
#1869=DIRECTION('',(1.,0.,0.));
#1870=DIRECTION('center_axis',(-1.,0.,0.));
#1871=DIRECTION('ref_axis',(0.,1.,0.));
#1872=DIRECTION('center_axis',(1.,0.,0.));
#1873=DIRECTION('ref_axis',(0.,1.,0.));
#1874=DIRECTION('',(1.,0.,0.));
#1875=DIRECTION('center_axis',(-1.,0.,0.));
#1876=DIRECTION('ref_axis',(0.,0.,1.));
#1877=DIRECTION('center_axis',(1.,0.,0.));
#1878=DIRECTION('ref_axis',(0.,1.,0.));
#1879=DIRECTION('center_axis',(-1.,0.,0.));
#1880=DIRECTION('ref_axis',(0.,1.,0.));
#1881=DIRECTION('center_axis',(1.,0.,0.));
#1882=DIRECTION('ref_axis',(0.,1.,0.));
#1883=DIRECTION('',(1.,0.,0.));
#1884=DIRECTION('center_axis',(-1.,0.,0.));
#1885=DIRECTION('ref_axis',(0.,0.,1.));
#1886=CARTESIAN_POINT('',(0.,0.,0.));
#1887=CARTESIAN_POINT('Origin',(-48.8953662872315,8.01341114781509,0.0406234455953813));
#1888=CARTESIAN_POINT('',(-48.8953662872315,8.01341114781509,0.0406234455953813));
#1889=CARTESIAN_POINT('',(-48.8953662872315,5.36341132771639,-1.48935507935529));
#1890=CARTESIAN_POINT('',(-48.8953662872315,7.43785480469722,-0.291674254272642));
#1891=CARTESIAN_POINT('',(-45.8953662872315,8.01341114781509,0.0406234455953813));
#1892=CARTESIAN_POINT('',(-48.8953662872315,8.01341114781509,0.0406234455953813));
#1893=CARTESIAN_POINT('',(-45.8953662872315,5.36341132771639,-1.48935507935529));
#1894=CARTESIAN_POINT('',(-45.8953662872315,5.36341132771639,-1.48935507935529));
#1895=CARTESIAN_POINT('',(-48.8953662872315,5.36341132771639,-1.48935507935529));
#1896=CARTESIAN_POINT('Origin',(-48.8953662872315,10.6634113277164,-1.48935445615895));
#1897=CARTESIAN_POINT('',(-48.8953662872315,10.6634113277164,-1.48935445615895));
#1898=CARTESIAN_POINT('',(-48.8953662872315,10.0289145236491,-1.12302765500648));
#1899=CARTESIAN_POINT('',(-45.8953662872315,10.6634113277164,-1.48935445615895));
#1900=CARTESIAN_POINT('',(-48.8953662872315,10.6634113277164,-1.48935445615895));
#1901=CARTESIAN_POINT('',(-45.8953662872315,8.01341114781509,0.0406234455953813));
#1902=CARTESIAN_POINT('Origin',(-48.8953662872315,10.6634116875189,-4.54931088286395));
#1903=CARTESIAN_POINT('',(-48.8953662872315,10.6634116875189,-4.54931088286395));
#1904=CARTESIAN_POINT('',(-48.8953662872315,10.6634115895657,-3.71626328905251));
#1905=CARTESIAN_POINT('',(-45.8953662872315,10.6634116875189,-4.54931088286395));
#1906=CARTESIAN_POINT('',(-48.8953662872315,10.6634116875189,-4.54931088286395));
#1907=CARTESIAN_POINT('',(-45.8953662872315,10.6634113277164,-1.48935445615895));
#1908=CARTESIAN_POINT('Origin',(-48.8953662872315,8.01341186742023,-6.07928940781461));
#1909=CARTESIAN_POINT('',(-48.8953662872315,8.01341186742023,-6.07928940781461));
#1910=CARTESIAN_POINT('',(-48.8953662872315,8.76285543435171,-5.6465978452073));
#1911=CARTESIAN_POINT('',(-45.8953662872315,8.01341186742023,-6.07928940781461));
#1912=CARTESIAN_POINT('',(-48.8953662872315,8.01341186742023,-6.07928940781461));
#1913=CARTESIAN_POINT('',(-45.8953662872315,10.6634116875189,-4.54931088286395));
#1914=CARTESIAN_POINT('Origin',(-48.8953662872315,5.36341168751896,-4.54931150606028));
#1915=CARTESIAN_POINT('',(-48.8953662872315,5.36341168751896,-4.54931150606028));
#1916=CARTESIAN_POINT('',(-48.8953662872315,6.0539149734023,-4.94797365578498));
#1917=CARTESIAN_POINT('',(-45.8953662872315,5.36341168751896,-4.54931150606028));
#1918=CARTESIAN_POINT('',(-48.8953662872315,5.36341168751896,-4.54931150606028));
#1919=CARTESIAN_POINT('',(-45.8953662872315,8.01341186742023,-6.07928940781461));
#1920=CARTESIAN_POINT('Origin',(-48.8953662872315,5.36341132771639,-1.48935507935529));
#1921=CARTESIAN_POINT('',(-48.8953662872315,5.36341140966443,-2.18628569889634));
#1922=CARTESIAN_POINT('',(-45.8953662872315,5.36341168751896,-4.54931150606028));
#1923=CARTESIAN_POINT('Origin',(-45.8953662872315,8.01341150761766,-3.01933298110962));
#1924=CARTESIAN_POINT('',(-45.8953662872315,8.01341150761766,-4.51933298110962));
#1925=CARTESIAN_POINT('Origin',(-45.8953662872315,8.01341150761766,-3.01933298110962));
#1926=CARTESIAN_POINT('Origin',(-38.7952174224854,10.0134132190489,-2.26266202408984));
#1927=CARTESIAN_POINT('',(-48.8953662872315,9.85403122387267,2.73479706825035));
#1928=CARTESIAN_POINT('',(-48.8953662872315,5.01341321904896,-2.26266267378973));
#1929=CARTESIAN_POINT('Origin',(-48.8953662872315,10.0134132190489,-2.26266202408984));
#1930=CARTESIAN_POINT('',(-38.7952174224854,5.01341321904896,-2.26266267378973));
#1931=CARTESIAN_POINT('',(-38.7952174224854,5.01341321904896,-2.26266267378973));
#1932=CARTESIAN_POINT('',(-38.7952174224854,9.85403122387268,2.73479706825035));
#1933=CARTESIAN_POINT('Origin',(-38.7952174224854,10.0134132190489,-2.26266202408984));
#1934=CARTESIAN_POINT('',(-38.7952174224854,9.85403122387267,2.73479706825035));
#1935=CARTESIAN_POINT('Origin',(-30.8953662872315,5.01341402968814,-8.50122904588632));
#1936=CARTESIAN_POINT('',(-48.8953662872315,5.0134133803161,-3.50375214050925));
#1937=CARTESIAN_POINT('',(-48.8953662872315,5.01341150761766,10.9082744676249));
#1938=CARTESIAN_POINT('',(-38.7952174224854,5.0134133803161,-3.50375214050925));
#1939=CARTESIAN_POINT('',(-38.7952174224854,5.0134133803161,-3.50375214050925));
#1940=CARTESIAN_POINT('',(-38.7952174224854,5.01341366468592,-5.69222272221946));
#1941=CARTESIAN_POINT('Origin',(-48.8953662872315,8.1666739673673,-2.88321598881798));
#1942=CARTESIAN_POINT('',(-48.8953662872315,9.85461134474346,-8.50122904588632));
#1943=CARTESIAN_POINT('Origin',(-48.8953662872315,-0.180396181447,-2.88373408560551));
#1944=CARTESIAN_POINT('Origin',(-48.8953662872315,10.0134133803161,-3.50375149080936));
#1945=CARTESIAN_POINT('Origin',(-38.7952174224854,10.0134133803161,-3.50375149080936));
#1946=CARTESIAN_POINT('',(-38.7952174224854,9.85461134474346,-8.50122904588632));
#1947=CARTESIAN_POINT('Origin',(-38.7952174224854,10.0134133803161,-3.50375149080936));
#1948=CARTESIAN_POINT('',(-38.7952174224854,9.85461134474346,-8.50122904588632));
#1949=CARTESIAN_POINT('Origin',(-30.8953662872315,8.01341150761766,-3.01933298110962));
#1950=CARTESIAN_POINT('',(-38.7952174224854,8.01341150761766,-4.51933298110962));
#1951=CARTESIAN_POINT('',(-30.8953662872315,8.01341150761766,-4.51933298110962));
#1952=CARTESIAN_POINT('Origin',(-38.7952174224854,8.01341150761766,-3.01933298110962));
#1953=CARTESIAN_POINT('Origin',(-39.2952174224854,-8.08842067532784,1.82175969342024));
#1954=CARTESIAN_POINT('',(-38.7952174224854,-18.3710850533216,1.82175969342024));
#1955=CARTESIAN_POINT('',(-39.2952174224854,-18.4931330268478,1.32175969342024));
#1956=CARTESIAN_POINT('Ctrl Pts',(-38.7952174224854,-18.3710850533216,1.82175969342024));
#1957=CARTESIAN_POINT('Ctrl Pts',(-38.7952174224854,-18.3873081919228,1.75903929679532));
#1958=CARTESIAN_POINT('Ctrl Pts',(-38.8077336927072,-18.4042930430682,1.69189797308238));
#1959=CARTESIAN_POINT('Ctrl Pts',(-38.8592353233742,-18.434966468242,1.56794073549325));
#1960=CARTESIAN_POINT('Ctrl Pts',(-38.8982350501795,-18.4486717057287,1.51113491512046));
#1961=CARTESIAN_POINT('Ctrl Pts',(-38.9876198124331,-18.4697019523461,1.42275680072612));
#1962=CARTESIAN_POINT('Ctrl Pts',(-39.0433636104001,-18.4785672229001,1.38477362184683));
#1963=CARTESIAN_POINT('Ctrl Pts',(-39.1658302350353,-18.490274106319,1.33427007560352));
#1964=CARTESIAN_POINT('Ctrl Pts',(-39.2325555241449,-18.4931330268478,1.32175969342024));
#1965=CARTESIAN_POINT('Ctrl Pts',(-39.2952174224854,-18.4931330268478,1.32175969342024));
#1966=CARTESIAN_POINT('',(-39.2952174224854,-15.9964534343422,1.32175969342024));
#1967=CARTESIAN_POINT('',(-39.2952174224854,-8.08842067532784,1.32175969342024));
#1968=CARTESIAN_POINT('',(-38.7952174224854,-15.9964534931343,1.82175969342024));
#1969=CARTESIAN_POINT('Origin',(-39.2952174224854,-15.9964534931343,1.82175969342024));
#1970=CARTESIAN_POINT('',(-38.7952174224854,-8.08842067532784,1.82175969342024));
#1971=CARTESIAN_POINT('Origin',(-44.8162174224854,-15.9964537620544,4.10880267620087));
#1972=CARTESIAN_POINT('',(-51.2952174224854,-15.9964534343422,1.32175969342024));
#1973=CARTESIAN_POINT('',(-41.8057174224854,-15.9964534343422,1.32175969342024));
#1974=CARTESIAN_POINT('',(-51.7952174224854,-15.9964533755501,0.821759693420238));
#1975=CARTESIAN_POINT('Origin',(-51.2952174224854,-15.9964533755501,0.821759693420238));
#1976=CARTESIAN_POINT('',(-51.7952174224854,-15.9964524936685,-6.67824030657976));
#1977=CARTESIAN_POINT('',(-51.7952174224854,-15.9964533483319,0.590281438349978));
#1978=CARTESIAN_POINT('',(-51.2952174224854,-15.9964524348764,-7.17824030657976));
#1979=CARTESIAN_POINT('Origin',(-51.2952174224854,-15.9964524936685,-6.67824030657976));
#1980=CARTESIAN_POINT('',(-39.2952174224854,-15.9964524348764,-7.17824030657976));
#1981=CARTESIAN_POINT('',(-41.8057174224854,-15.9964524348764,-7.17824030657976));
#1982=CARTESIAN_POINT('',(-38.7952174224854,-15.9964523760843,-7.67824030657976));
#1983=CARTESIAN_POINT('Origin',(-39.2952174224854,-15.9964523760843,-7.67824030657976));
#1984=CARTESIAN_POINT('',(-38.7952174224854,-15.9964521189225,-9.86528327760197));
#1985=CARTESIAN_POINT('',(-38.7952174224854,-15.9964537620544,4.10880267620087));
#1986=CARTESIAN_POINT('',(-62.7952174224854,-15.9964521189225,-9.86528327760197));
#1987=CARTESIAN_POINT('',(-44.8162174224854,-15.9964521189225,-9.86528327760197));
#1988=CARTESIAN_POINT('',(-62.7952174224854,-15.996453750296,4.00880266444245));
#1989=CARTESIAN_POINT('',(-62.7952174224854,-15.9964537620544,4.10880267620087));
#1990=CARTESIAN_POINT('',(-38.7952174224854,-15.996453750296,4.00880266444245));
#1991=CARTESIAN_POINT('',(-44.8162174224854,-15.996453750296,4.00880266444245));
#1992=CARTESIAN_POINT('',(-38.7952174224854,-15.9964537620544,4.10880267620087));
#1993=CARTESIAN_POINT('Origin',(-38.7952174224854,-15.9964534343422,1.32175969342024));
#1994=CARTESIAN_POINT('',(-39.2953662872314,-22.2840254647766,1.32175969342024));
#1995=CARTESIAN_POINT('',(-39.2953662872314,-8.08856271270027,1.32175969342024));
#1996=CARTESIAN_POINT('',(-51.2952174224854,-22.2840254647766,1.32175969342024));
#1997=CARTESIAN_POINT('',(-48.7953662872314,-22.2840254647766,1.32175969342024));
#1998=CARTESIAN_POINT('',(-51.2952174224854,-18.1526901350214,1.32175969342024));
#1999=CARTESIAN_POINT('Origin',(-51.2952174224854,-22.4651640361126,-6.67824030657976));
#2000=CARTESIAN_POINT('',(-51.7952174224854,-22.3581601755563,-6.67824030657976));
#2001=CARTESIAN_POINT('',(-51.7952174224854,-22.4651640361126,-6.67824030657976));
#2002=CARTESIAN_POINT('',(-51.2952174224854,-22.2667797034958,-7.17824030657976));
#2003=CARTESIAN_POINT('Ctrl Pts',(-51.7952174224854,-22.3581601755563,-6.67824030657976));
#2004=CARTESIAN_POINT('Ctrl Pts',(-51.7952174224854,-22.3473927921933,-6.74116634675291));
#2005=CARTESIAN_POINT('Ctrl Pts',(-51.7826222925635,-22.3356030043447,-6.80829127697041));
#2006=CARTESIAN_POINT('Ctrl Pts',(-51.7312796050027,-22.3133549983207,-6.93186706915074));
#2007=CARTESIAN_POINT('Ctrl Pts',(-51.6925290297021,-22.3029119151547,-6.98831940169959));
#2008=CARTESIAN_POINT('Ctrl Pts',(-51.6035065546225,-22.2863144554036,-7.07677166386059));
#2009=CARTESIAN_POINT('Ctrl Pts',(-51.5475753078708,-22.2790054899327,-7.11496350232544));
#2010=CARTESIAN_POINT('Ctrl Pts',(-51.4248061695597,-22.2692293965613,-7.16570149176282));
#2011=CARTESIAN_POINT('Ctrl Pts',(-51.3579638585505,-22.2667797034958,-7.17824030657976));
#2012=CARTESIAN_POINT('Ctrl Pts',(-51.2952174224854,-22.2667797034958,-7.17824030657976));
#2013=CARTESIAN_POINT('',(-51.2952174224854,-22.4651640361126,-7.17824030657976));
#2014=CARTESIAN_POINT('Origin',(-51.7952174224854,-20.3089268357005,-2.92824030657976));
#2015=CARTESIAN_POINT('',(-51.7952174224854,-22.3733150624901,0.82175969342024));
#2016=CARTESIAN_POINT('',(-51.7952174224854,-18.1526901350214,0.821759693420238));
#2017=CARTESIAN_POINT('Origin',(-51.7952174224854,-0.180671991058348,-2.88341201841832));
#2018=CARTESIAN_POINT('Origin',(-39.2952174224854,-12.4008945764191,-7.67824030657976));
#2019=CARTESIAN_POINT('',(-38.7953662872314,-18.3508738821757,-7.66604020062119));
#2020=CARTESIAN_POINT('',(-38.7952174224854,-18.3476583287395,-7.67824030657976));
#2021=CARTESIAN_POINT('Ctrl Pts',(-38.7953662872315,-18.3508738821757,-7.66604020062119));
#2022=CARTESIAN_POINT('Ctrl Pts',(-38.7952666202076,-18.3497990796036,-7.67012366310801));
#2023=CARTESIAN_POINT('Ctrl Pts',(-38.7952174224854,-18.3487269880233,-7.67419123145994));
#2024=CARTESIAN_POINT('Ctrl Pts',(-38.7952174224854,-18.3476583287395,-7.67824030657976));
#2025=CARTESIAN_POINT('',(-38.7952174224854,-12.4008945764191,-7.67824030657976));
#2026=CARTESIAN_POINT('',(-39.2952174224854,-22.2667797034958,-7.17824030657976));
#2027=CARTESIAN_POINT('',(-39.2952174224854,-12.4008945764191,-7.17824030657976));
#2028=CARTESIAN_POINT('',(-38.7953662872314,-22.1663075647912,-7.66604020062015));
#2029=CARTESIAN_POINT('Ctrl Pts',(-39.2952174224854,-22.2667797034958,-7.17824030657976));
#2030=CARTESIAN_POINT('Ctrl Pts',(-39.2325218722539,-22.2667797034958,-7.17824030657976));
#2031=CARTESIAN_POINT('Ctrl Pts',(-39.1657287078454,-22.2643563320626,-7.19076107547135));
#2032=CARTESIAN_POINT('Ctrl Pts',(-39.0430590271677,-22.2544168280488,-7.24141142701239));
#2033=CARTESIAN_POINT('Ctrl Pts',(-38.9871807899533,-22.2468860761731,-7.27953397154916));
#2034=CARTESIAN_POINT('Ctrl Pts',(-38.8979678348957,-22.2290746492399,-7.36802237750814));
#2035=CARTESIAN_POINT('Ctrl Pts',(-38.859113517492,-22.2175214333374,-7.424663590112));
#2036=CARTESIAN_POINT('Ctrl Pts',(-38.8094012609714,-22.1924931891151,-7.54441273096729));
#2037=CARTESIAN_POINT('Ctrl Pts',(-38.7968107327987,-22.1791813380064,-7.60685975096247));
#2038=CARTESIAN_POINT('Ctrl Pts',(-38.7953662872315,-22.1663075647912,-7.66604020062015));
#2039=CARTESIAN_POINT('',(-38.7953662872314,-12.4008945764191,-7.66604020062187));
#2040=CARTESIAN_POINT('Origin',(-38.7953662872314,-0.180671991058348,-2.88341201841832));
#2041=CARTESIAN_POINT('',(-38.7953662872314,22.3191436506348,-2.88341201841832));
#2042=CARTESIAN_POINT('Origin',(-38.7953662872314,-0.180671991058348,-2.88341201841832));
#2043=CARTESIAN_POINT('',(-38.7953662872314,-22.183014208929,1.82175969342024));
#2044=CARTESIAN_POINT('Origin',(-38.7953662872314,-0.180671991058348,-2.88341201841832));
#2045=CARTESIAN_POINT('',(-38.7953662872314,-8.08856271270027,1.82175969342024));
#2046=CARTESIAN_POINT('',(-38.7952174224854,-4.91088496007978,15.3007161144086));
#2047=CARTESIAN_POINT('Origin',(-38.7952174224854,-0.180387916313485,-2.88341145962477));
#2048=CARTESIAN_POINT('',(-38.7953662872314,-2.98658730028944,16.7556670188902));
#2049=CARTESIAN_POINT('Origin',(-38.7953662872314,-2.98658730028944,14.7556670188902));
#2050=CARTESIAN_POINT('',(-38.7953662872314,3.01341150761766,16.7556670188902));
#2051=CARTESIAN_POINT('',(-38.7953662872314,2.41636975827966,16.7556670188902));
#2052=CARTESIAN_POINT('',(-38.7952174224854,4.96627090043335,15.1873384123037));
#2053=CARTESIAN_POINT('Origin',(-38.7953662872314,3.01341150761766,14.7556670188902));
#2054=CARTESIAN_POINT('',(-38.7952174224854,5.00793803405707,-20.9422423116626));
#2055=CARTESIAN_POINT('Origin',(-38.7952174224854,-0.180387916313485,-2.88341145962477));
#2056=CARTESIAN_POINT('',(-38.7953662872314,3.0134152173996,-22.7943276949653));
#2057=CARTESIAN_POINT('Origin',(-38.7953662872314,3.0134152173996,-20.7943276949653));
#2058=CARTESIAN_POINT('',(-38.7953662872314,-2.98658359050751,-22.7943276949653));
#2059=CARTESIAN_POINT('',(-38.7953662872314,-2.58362779078293,-22.7943276949653));
#2060=CARTESIAN_POINT('',(-38.7952174224854,-4.96990458520899,-21.0520830673173));
#2061=CARTESIAN_POINT('Origin',(-38.7953662872314,-2.98658359050751,-20.7943276949653));
#2062=CARTESIAN_POINT('Origin',(-38.7952174224854,-0.180387916313485,-2.88341145962477));
#2063=CARTESIAN_POINT('Origin',(-48.7953662872314,-0.180671991058348,-2.88341201841832));
#2064=CARTESIAN_POINT('',(-66.7953662872314,22.3191436506348,-2.88341201841832));
#2065=CARTESIAN_POINT('Origin',(-66.7953662872314,-0.180671991058348,-2.88341201841832));
#2066=CARTESIAN_POINT('',(-48.7953662872314,22.3191436506348,-2.88341201841832));
#2067=CARTESIAN_POINT('',(-48.7953662872314,-22.2667797034958,-7.17824030657976));
#2068=CARTESIAN_POINT('Ctrl Pts',(-51.2952174224854,-22.2840254647766,1.32175969342024));
#2069=CARTESIAN_POINT('Ctrl Pts',(-51.357965778347,-22.2840254647766,1.32175969342024));
#2070=CARTESIAN_POINT('Ctrl Pts',(-51.4248137940354,-22.2864224726476,1.30922037023833));
#2071=CARTESIAN_POINT('Ctrl Pts',(-51.5476016647907,-22.2959877112715,1.2584693529789));
#2072=CARTESIAN_POINT('Ctrl Pts',(-51.6035457688317,-22.3031386401498,1.22026467979722));
#2073=CARTESIAN_POINT('Ctrl Pts',(-51.6925565175766,-22.3193675945489,1.13179866045648));
#2074=CARTESIAN_POINT('Ctrl Pts',(-51.7312947650446,-22.3295722388338,1.07535753892357));
#2075=CARTESIAN_POINT('Ctrl Pts',(-51.7826237951086,-22.3513010170002,0.951799473538523));
#2076=CARTESIAN_POINT('Ctrl Pts',(-51.7952174224854,-22.3628100298069,0.884681052786311));
#2077=CARTESIAN_POINT('Ctrl Pts',(-51.7952174224854,-22.3733150624901,0.82175969342024));
#2078=CARTESIAN_POINT('Ctrl Pts',(-38.7953662872314,-22.183014208929,1.82175969342024));
#2079=CARTESIAN_POINT('Ctrl Pts',(-38.7953662872314,-22.1964310381863,1.75901986438156));
#2080=CARTESIAN_POINT('Ctrl Pts',(-38.8078924302039,-22.2104682052145,1.69193166735151));
#2081=CARTESIAN_POINT('Ctrl Pts',(-38.8592482357766,-22.235801707396,1.56821063803291));
#2082=CARTESIAN_POINT('Ctrl Pts',(-38.8980879376301,-22.2471122867583,1.51158489037751));
#2083=CARTESIAN_POINT('Ctrl Pts',(-38.9872847312367,-22.264552682849,1.42308367001549));
#2084=CARTESIAN_POINT('Ctrl Pts',(-39.0431770137482,-22.2719255294064,1.38494673212381));
#2085=CARTESIAN_POINT('Ctrl Pts',(-39.1658676691687,-22.2816545864581,1.33428138382463));
#2086=CARTESIAN_POINT('Ctrl Pts',(-39.2326676534594,-22.2840254647766,1.32175969342024));
#2087=CARTESIAN_POINT('Ctrl Pts',(-39.2953662872314,-22.2840254647766,1.32175969342024));
#2088=CARTESIAN_POINT('Origin',(-38.7952174224854,-24.6214012365247,-7.17824030657976));
#2089=CARTESIAN_POINT('Origin',(-39.2953662872314,-8.08856271270027,1.82175969342024));
#2090=CARTESIAN_POINT('Origin',(-51.2952174224854,-18.1526901350214,0.821759693420238));
#2091=CARTESIAN_POINT('Origin',(-38.7952174224854,-0.180387916313485,-2.88341145962477));
#2092=CARTESIAN_POINT('',(-38.7952174224854,5.43754012772462,-12.9184945364369));
#2093=CARTESIAN_POINT('Origin',(-38.7952174224854,9.81958474474647,-12.8832752076676));
#2094=CARTESIAN_POINT('',(-38.7952174224854,-5.79848673251717,-12.918408182927));
#2095=CARTESIAN_POINT('Origin',(-38.7952174224854,-0.180396181447,-2.88373408560551));
#2096=CARTESIAN_POINT('',(-38.7952174224854,-13.4495687240483,-9.96528305034725));
#2097=CARTESIAN_POINT('Origin',(-38.7952174224854,-10.1805351803076,-12.8836687542231));
#2098=CARTESIAN_POINT('',(-38.7952174224854,-15.8964521101156,-9.96528326584355));
#2099=CARTESIAN_POINT('',(-38.7952174224854,-15.9964521071641,-9.96528327465052));
#2100=CARTESIAN_POINT('Origin',(-38.7952174224854,-15.8964521189225,-9.86528326584355));
#2101=CARTESIAN_POINT('',(-38.7952174224854,-4.98658359050751,-20.7943276949653));
#2102=CARTESIAN_POINT('Origin',(-38.7952174224854,-2.98658359050751,-20.7943276949653));
#2103=CARTESIAN_POINT('',(-38.7952174224854,-4.98658359050751,-16.7943329811096));
#2104=CARTESIAN_POINT('',(-38.7952174224854,-4.98658359050751,-8.83887222036719));
#2105=CARTESIAN_POINT('',(-38.7952174224854,-2.98658359050751,-14.7943329811096));
#2106=CARTESIAN_POINT('Origin',(-38.7952174224854,-2.98658359050751,-16.7943329811096));
#2107=CARTESIAN_POINT('',(-38.7952174224854,3.0134152173996,-14.7943329811096));
#2108=CARTESIAN_POINT('',(-38.7952174224854,2.41651365054306,-14.7943329811096));
#2109=CARTESIAN_POINT('',(-38.7952174224854,5.0134152173996,-16.7943329811096));
#2110=CARTESIAN_POINT('Origin',(-38.7952174224854,3.0134152173996,-16.7943329811096));
#2111=CARTESIAN_POINT('',(-38.7952174224854,5.0134152173996,-20.7943276949653));
#2112=CARTESIAN_POINT('',(-38.7952174224854,5.0134152173996,-12.838869577295));
#2113=CARTESIAN_POINT('Origin',(-38.7952174224854,3.0134152173996,-20.7943276949653));
#2114=CARTESIAN_POINT('',(-38.7952174224854,5.01341150761766,14.7556670188902));
#2115=CARTESIAN_POINT('Origin',(-38.7952174224854,3.01341150761766,14.7556670188902));
#2116=CARTESIAN_POINT('',(-38.7952174224854,5.01341150761766,10.7556723050345));
#2117=CARTESIAN_POINT('',(-38.7952174224854,5.01341150761766,2.93613042270486));
#2118=CARTESIAN_POINT('',(-38.7952174224854,3.01341150761766,8.75567230503449));
#2119=CARTESIAN_POINT('Origin',(-38.7952174224854,3.01341150761766,10.7556723050345));
#2120=CARTESIAN_POINT('',(-38.7952174224854,-2.98658730028944,8.75567230503449));
#2121=CARTESIAN_POINT('',(-38.7952174224854,-2.58348760830146,8.75567230503449));
#2122=CARTESIAN_POINT('',(-38.7952174224854,-4.98658730028944,10.7556723050345));
#2123=CARTESIAN_POINT('Origin',(-38.7952174224854,-2.98658730028944,10.7556723050345));
#2124=CARTESIAN_POINT('',(-38.7952174224854,-4.98658730028944,14.7556670188902));
#2125=CARTESIAN_POINT('',(-38.7952174224854,-4.98658730028944,6.9361277796327));
#2126=CARTESIAN_POINT('Origin',(-38.7952174224854,-2.98658730028944,14.7556670188902));
#2127=CARTESIAN_POINT('',(-38.7952174224854,-15.896453750296,4.10880267620087));
#2128=CARTESIAN_POINT('Origin',(-38.7952174224854,-15.896453750296,4.00880267620087));
#2129=CARTESIAN_POINT('',(-38.7952174224854,-13.368028656178,4.10880267620087));
#2130=CARTESIAN_POINT('',(-38.7952174224854,-9.29505348205566,4.10880267620087));
#2131=CARTESIAN_POINT('',(-38.7952174224854,-5.79887658715288,7.15072173472568));
#2132=CARTESIAN_POINT('Origin',(-38.7952174224854,-10.1809287268632,7.11645117083092));
#2133=CARTESIAN_POINT('',(-38.7952174224854,5.43714011649761,7.15125030007014));
#2134=CARTESIAN_POINT('Origin',(-38.7952174224854,-0.180396181447,-2.88373408560551));
#2135=CARTESIAN_POINT('Origin',(-38.7952174224854,9.8191911981909,7.11684471738649));
#2136=CARTESIAN_POINT('Origin',(-44.8162174224854,-9.35991764344081,4.20880267620087));
#2137=CARTESIAN_POINT('',(-62.7952174224854,-9.35991764344081,4.10880267620087));
#2138=CARTESIAN_POINT('',(-62.7952174224854,-9.28078609943971,4.14766186541133));
#2139=CARTESIAN_POINT('Origin',(-62.7952174224854,-9.35991764344081,4.20880267620087));
#2140=CARTESIAN_POINT('',(-56.7952174224854,-9.28078609943971,4.14766186541133));
#2141=CARTESIAN_POINT('',(-44.8162174224854,-9.28078609943971,4.14766186541133));
#2142=CARTESIAN_POINT('',(-56.7952174224854,-9.35991764344081,4.10880267620087));
#2143=CARTESIAN_POINT('Origin',(-56.7952174224854,-9.35991764344081,4.20880267620087));
#2144=CARTESIAN_POINT('',(-44.8162174224854,-9.35991764344081,4.10880267620087));
#2145=CARTESIAN_POINT('Origin',(-56.7952174224854,-10.1809287268632,7.11645117083092));
#2146=CARTESIAN_POINT('',(-56.7952174224854,-5.79887658715288,7.15072173472568));
#2147=CARTESIAN_POINT('Origin',(-56.7952174224854,-0.180396181447,-2.88373408560551));
#2148=CARTESIAN_POINT('',(-56.7952174224854,-13.368028656178,4.10880267620087));
#2149=CARTESIAN_POINT('Origin',(-56.7952174224854,-10.1809287268632,7.11645117083092));
#2150=CARTESIAN_POINT('',(-56.7952174224854,-9.74580361610905,4.10880267620087));
#2151=CARTESIAN_POINT('',(-56.7952174224854,-11.9307449156796,7.1164625087882));
#2152=CARTESIAN_POINT('Origin',(-56.7952174224854,-10.1805864954804,7.1164625087882));
#2153=CARTESIAN_POINT('Origin',(-44.8162174224854,-0.180396181447,-2.88373408560551));
#2154=CARTESIAN_POINT('',(-56.7952174224854,9.85403122387267,2.73479706825035));
#2155=CARTESIAN_POINT('',(-38.7952174224854,9.85403122387267,2.73479706825035));
#2156=CARTESIAN_POINT('',(-56.7952174224854,5.43714011649761,7.15125030007014));
#2157=CARTESIAN_POINT('Origin',(-56.7952174224854,-0.180396181447,-2.88373408560551));
#2158=CARTESIAN_POINT('',(-38.7952174224854,5.43714011649761,7.15125030007014));
#2159=CARTESIAN_POINT('',(-38.7952174224854,-5.79887658715288,7.15072173472568));
#2160=CARTESIAN_POINT('',(-62.7952174224854,-9.21191572756608,-10.0033745517771));
#2161=CARTESIAN_POINT('Origin',(-62.7952174224854,-0.180396181447,-2.88373408560551));
#2162=CARTESIAN_POINT('',(-56.7952174224854,-9.21191572756608,-10.0033745517771));
#2163=CARTESIAN_POINT('',(-44.8162174224854,-9.21191572756608,-10.0033745517771));
#2164=CARTESIAN_POINT('',(-56.7952174224854,-5.79848673251717,-12.918408182927));
#2165=CARTESIAN_POINT('Origin',(-56.7952174224854,-0.180396181447,-2.88373408560551));
#2166=CARTESIAN_POINT('',(-38.7952174224854,-5.79848673251717,-12.918408182927));
#2167=CARTESIAN_POINT('',(-56.7952174224854,5.43754012772462,-12.9184945364369));
#2168=CARTESIAN_POINT('',(-38.7952174224854,5.43754012772462,-12.9184945364369));
#2169=CARTESIAN_POINT('',(-56.7952174224854,9.85461134474346,-8.50122904588632));
#2170=CARTESIAN_POINT('Origin',(-56.7952174224854,-0.180396181447,-2.88373408560551));
#2171=CARTESIAN_POINT('',(-38.7952174224854,9.85461134474346,-8.50122904588632));
#2172=CARTESIAN_POINT('Origin',(-44.8162174224854,-15.896453750296,4.00880267620087));
#2173=CARTESIAN_POINT('',(-62.7952174224854,-15.896453750296,4.10880267620087));
#2174=CARTESIAN_POINT('Origin',(-62.7952174224854,-15.896453750296,4.00880267620087));
#2175=CARTESIAN_POINT('',(-44.8162174224854,-15.896453750296,4.10880267620087));
#2176=CARTESIAN_POINT('Origin',(-44.8162174224854,-9.31067850535494,4.10880267620087));
#2177=CARTESIAN_POINT('',(-38.7952174224854,-13.368028656178,4.10880267620087));
#2178=CARTESIAN_POINT('',(-62.7952174224854,-9.29505348205566,4.10880267620087));
#2179=CARTESIAN_POINT('Origin',(-44.8162174224854,-15.8964521189225,-9.86528326584355));
#2180=CARTESIAN_POINT('',(-62.7952174224854,-15.8964521101156,-9.96528326584355));
#2181=CARTESIAN_POINT('',(-44.8162174224854,-15.8964521101156,-9.96528326584355));
#2182=CARTESIAN_POINT('Origin',(-62.7952174224854,-15.8964521189225,-9.86528326584355));
#2183=CARTESIAN_POINT('Origin',(-44.8162174224854,-15.9964521071641,-9.96528327465052));
#2184=CARTESIAN_POINT('',(-56.7952174224854,-13.4495687240483,-9.96528305034725));
#2185=CARTESIAN_POINT('',(-38.7952174224854,-13.4495687240483,-9.96528305034725));
#2186=CARTESIAN_POINT('',(-56.7952174224854,-9.29044842484033,-9.96528268405475));
#2187=CARTESIAN_POINT('',(-56.7952174224854,-13.0884937722466,-9.96528301854748));
#2188=CARTESIAN_POINT('',(-62.7952174224854,-9.29044842484033,-9.96528268405475));
#2189=CARTESIAN_POINT('',(-44.8162174224854,-9.29044842484033,-9.96528268405475));
#2190=CARTESIAN_POINT('',(-62.7952174224854,-15.9964521071641,-9.96528327465052));
#2191=CARTESIAN_POINT('Origin',(-44.8162174224854,-9.29044841603336,-10.0652826840547));
#2192=CARTESIAN_POINT('Origin',(-62.7952174224854,-9.29044841603336,-10.0652826840547));
#2193=CARTESIAN_POINT('Origin',(-56.7952174224854,-9.29044841603336,-10.0652826840547));
#2194=CARTESIAN_POINT('Origin',(-56.7952174224854,-10.1805351803076,-12.8836687542231));
#2195=CARTESIAN_POINT('Origin',(-56.7952174224854,-10.1805351803076,-12.8836687542231));
#2196=CARTESIAN_POINT('',(-56.7952174224854,-11.9305015880082,-12.883469256922));
#2197=CARTESIAN_POINT('Origin',(-56.7952174224854,-10.1803872939156,-12.883469256922));
#2198=CARTESIAN_POINT('Origin',(-38.7953662872314,-2.98658730028944,10.7556723050345));
#2199=CARTESIAN_POINT('',(-30.8953662872314,-2.98658730028944,8.75567230503449));
#2200=CARTESIAN_POINT('',(-30.8953662872314,-4.98658730028944,10.7556723050345));
#2201=CARTESIAN_POINT('Origin',(-30.8953662872314,-2.98658730028944,10.7556723050345));
#2202=CARTESIAN_POINT('',(-38.7953662872314,-4.98658730028944,10.7556723050345));
#2203=CARTESIAN_POINT('',(-38.7953662872314,-2.98658730028944,8.75567230503449));
#2204=CARTESIAN_POINT('Origin',(-38.7953662872314,-4.98658730028944,16.7556670188902));
#2205=CARTESIAN_POINT('',(-30.8953662872314,-4.98658730028944,14.7556670188902));
#2206=CARTESIAN_POINT('',(-30.8953662872314,-4.98658730028944,16.7556670188902));
#2207=CARTESIAN_POINT('',(-38.7953662872314,-4.98658730028944,14.7556670188902));
#2208=CARTESIAN_POINT('',(-32.1692427670082,-4.98658730028944,12.4082916423497));
#2209=CARTESIAN_POINT('Origin',(-33.669259941733,-4.98658730028944,12.4082916423497));
#2210=CARTESIAN_POINT('Origin',(-30.8953662872314,0.0134121036641096,12.7556696619623));
#2211=CARTESIAN_POINT('',(-30.8953662872314,3.01341150761766,8.75567230503449));
#2212=CARTESIAN_POINT('',(-30.8953662872314,-6.70017580486916,8.75567230503449));
#2213=CARTESIAN_POINT('',(-30.8953662872314,5.01341150761766,10.7556723050345));
#2214=CARTESIAN_POINT('Origin',(-30.8953662872314,3.01341150761766,10.7556723050345));
#2215=CARTESIAN_POINT('',(-30.8953662872314,5.01341150761766,14.7556670188902));
#2216=CARTESIAN_POINT('',(-30.8953662872314,5.01341150761766,8.75567230503449));
#2217=CARTESIAN_POINT('',(-30.8953662872314,3.01341150761766,16.7556670188902));
#2218=CARTESIAN_POINT('Origin',(-30.8953662872314,3.01341150761766,14.7556670188902));
#2219=CARTESIAN_POINT('',(-30.8953662872314,-2.98658730028944,16.7556670188902));
#2220=CARTESIAN_POINT('',(-30.8953662872314,5.6311329597503,16.7556670188902));
#2221=CARTESIAN_POINT('Origin',(-30.8953662872314,-2.98658730028944,14.7556670188902));
#2222=CARTESIAN_POINT('Origin',(-38.7953662872314,-2.98658730028944,14.7556670188902));
#2223=CARTESIAN_POINT('',(-38.7953662872314,-2.98658730028944,16.7556670188902));
#2224=CARTESIAN_POINT('Origin',(-38.7953662872314,5.01341150761766,16.7556670188902));
#2225=CARTESIAN_POINT('',(-38.7953662872314,3.01341150761766,16.7556670188902));
#2226=CARTESIAN_POINT('Origin',(-38.7953662872314,3.01341150761766,14.7556670188902));
#2227=CARTESIAN_POINT('',(-38.7953662872314,5.01341150761766,14.7556670188902));
#2228=CARTESIAN_POINT('Origin',(-38.7953662872314,3.01341150761766,10.7556723050345));
#2229=CARTESIAN_POINT('',(-38.7953662872314,3.01341150761766,8.75567230503449));
#2230=CARTESIAN_POINT('',(-38.7953662872314,5.01341150761766,10.7556723050345));
#2231=CARTESIAN_POINT('Origin',(-38.7953662872314,5.01341150761766,8.75567230503449));
#2232=CARTESIAN_POINT('',(-32.1692396172079,5.01341150761766,12.4082916423497));
#2233=CARTESIAN_POINT('Origin',(-33.6692567919326,5.01341150761766,12.4082916423497));
#2234=CARTESIAN_POINT('Origin',(-33.6692567919329,5.01341057080448,12.4082916423497));
#2235=CARTESIAN_POINT('',(-32.1692396172083,5.01341009832896,12.4082916423497));
#2236=CARTESIAN_POINT('Origin',(-38.7953662872314,-4.98658730028944,8.75567230503449));
#2237=CARTESIAN_POINT('Origin',(-38.7952174224854,-10.1809287268632,7.11645117083092));
#2238=CARTESIAN_POINT('Origin',(-38.7952174224854,-10.1805351803076,-12.8836687542231));
#2239=CARTESIAN_POINT('Origin',(-38.7952174224854,9.81958474474647,-12.8832752076676));
#2240=CARTESIAN_POINT('Origin',(-56.7952174224854,9.81958474474647,-12.8832752076676));
#2241=CARTESIAN_POINT('Origin',(-56.7952174224854,9.81958474474647,-12.8832752076676));
#2242=CARTESIAN_POINT('',(-56.7952174224854,8.06922778848791,-12.8836280052476));
#2243=CARTESIAN_POINT('Origin',(-56.7952174224854,9.81945274766331,-12.8836280052476));
#2244=CARTESIAN_POINT('Origin',(-56.7952174224854,9.8191911981909,7.11684471738649));
#2245=CARTESIAN_POINT('Origin',(-56.7952174224854,9.8191911981909,7.11684471738649));
#2246=CARTESIAN_POINT('',(-56.7952174224854,8.06952150955521,7.11663998794124));
#2247=CARTESIAN_POINT('Origin',(-56.7952174224854,9.81938554357498,7.11663998794124));
#2248=CARTESIAN_POINT('Origin',(-38.7952174224854,9.8191911981909,7.11684471738649));
#2249=CARTESIAN_POINT('Origin',(-38.7953662872314,-2.98658359050751,-20.7943276949653));
#2250=CARTESIAN_POINT('',(-30.8953662872314,-2.98658359050751,-22.7943276949653));
#2251=CARTESIAN_POINT('',(-38.7953662872314,-2.98658359050751,-22.7943276949653));
#2252=CARTESIAN_POINT('',(-30.8953662872314,-4.98658359050751,-20.7943276949653));
#2253=CARTESIAN_POINT('Origin',(-30.8953662872314,-2.98658359050751,-20.7943276949653));
#2254=CARTESIAN_POINT('',(-38.7953662872314,-4.98658359050751,-20.7943276949653));
#2255=CARTESIAN_POINT('Origin',(-38.7953662872314,-4.98658359050751,-14.7943329811096));
#2256=CARTESIAN_POINT('',(-30.8953662872314,-4.98658359050751,-16.7943329811096));
#2257=CARTESIAN_POINT('',(-30.8953662872314,-4.98658359050751,-14.7943329811096));
#2258=CARTESIAN_POINT('',(-38.7953662872314,-4.98658359050751,-16.7943329811096));
#2259=CARTESIAN_POINT('',(-32.1692427670082,-4.98658359050751,-19.1417083576501));
#2260=CARTESIAN_POINT('Origin',(-33.669259941733,-4.98658359050751,-19.1417083576501));
#2261=CARTESIAN_POINT('Origin',(-30.8953662872314,0.0134158134460449,-18.7943303380375));
#2262=CARTESIAN_POINT('',(-30.8953662872314,3.0134152173996,-22.7943276949653));
#2263=CARTESIAN_POINT('',(-30.8953662872314,-6.70017209508723,-22.7943276949653));
#2264=CARTESIAN_POINT('',(-30.8953662872314,5.0134152173996,-20.7943276949653));
#2265=CARTESIAN_POINT('Origin',(-30.8953662872314,3.0134152173996,-20.7943276949653));
#2266=CARTESIAN_POINT('',(-30.8953662872314,5.0134152173996,-16.7943329811096));
#2267=CARTESIAN_POINT('',(-30.8953662872314,5.0134152173996,-22.7943276949653));
#2268=CARTESIAN_POINT('',(-30.8953662872314,3.0134152173996,-14.7943329811096));
#2269=CARTESIAN_POINT('Origin',(-30.8953662872314,3.0134152173996,-16.7943329811096));
#2270=CARTESIAN_POINT('',(-30.8953662872314,-2.98658359050751,-14.7943329811096));
#2271=CARTESIAN_POINT('',(-30.8953662872314,5.63113666953224,-14.7943329811096));
#2272=CARTESIAN_POINT('Origin',(-30.8953662872314,-2.98658359050751,-16.7943329811096));
#2273=CARTESIAN_POINT('Origin',(-38.7953662872314,-2.98658359050751,-16.7943329811096));
#2274=CARTESIAN_POINT('',(-38.7953662872314,-2.98658359050751,-14.7943329811096));
#2275=CARTESIAN_POINT('Origin',(-38.7953662872314,5.0134152173996,-14.7943329811096));
#2276=CARTESIAN_POINT('',(-38.7953662872314,3.0134152173996,-14.7943329811096));
#2277=CARTESIAN_POINT('Origin',(-38.7953662872314,3.0134152173996,-16.7943329811096));
#2278=CARTESIAN_POINT('',(-38.7953662872314,5.0134152173996,-16.7943329811096));
#2279=CARTESIAN_POINT('Origin',(-38.7953662872314,3.0134152173996,-20.7943276949653));
#2280=CARTESIAN_POINT('',(-38.7953662872314,5.0134152173996,-20.7943276949653));
#2281=CARTESIAN_POINT('',(-38.7953662872314,3.0134152173996,-22.7943276949653));
#2282=CARTESIAN_POINT('Origin',(-33.6692567919329,5.01341428058642,-19.1417083576501));
#2283=CARTESIAN_POINT('',(-32.1692396172079,5.0134152173996,-19.1417083576501));
#2284=CARTESIAN_POINT('Origin',(-33.6692567919326,5.0134152173996,-19.1417083576501));
#2285=CARTESIAN_POINT('',(-32.1692396172083,5.01341380811089,-19.1417083576501));
#2286=CARTESIAN_POINT('Origin',(-38.7953662872314,-4.98658359050751,-22.7943276949653));
#2287=CARTESIAN_POINT('Origin',(-38.7953662872314,5.0134152173996,-22.7943276949653));
#2288=CARTESIAN_POINT('Origin',(-44.8162174224854,-10.1803872939156,-12.883469256922));
#2289=CARTESIAN_POINT('',(-62.7952174224854,-11.9305015880082,-12.883469256922));
#2290=CARTESIAN_POINT('Origin',(-62.7952174224854,-10.1803872939156,-12.883469256922));
#2291=CARTESIAN_POINT('',(-44.8162174224854,-11.9305015880082,-12.883469256922));
#2292=CARTESIAN_POINT('Origin',(-44.8162174224854,9.81945274766331,-12.8836280052476));
#2293=CARTESIAN_POINT('',(-62.7952174224854,8.0692277884879,-12.8836280052476));
#2294=CARTESIAN_POINT('Origin',(-62.7952174224854,9.81945274766331,-12.8836280052476));
#2295=CARTESIAN_POINT('',(-44.8162174224854,8.06922778848791,-12.8836280052476));
#2296=CARTESIAN_POINT('Origin',(-44.8162174224854,9.81938554357498,7.11663998794124));
#2297=CARTESIAN_POINT('',(-62.7952174224854,8.06952150955521,7.11663998794124));
#2298=CARTESIAN_POINT('Origin',(-62.7952174224854,9.81938554357498,7.11663998794124));
#2299=CARTESIAN_POINT('',(-44.8162174224854,8.06952150955521,7.11663998794124));
#2300=CARTESIAN_POINT('Origin',(-44.8162174224854,-10.1805864954804,7.1164625087882));
#2301=CARTESIAN_POINT('',(-62.7952174224854,-11.9307449156796,7.1164625087882));
#2302=CARTESIAN_POINT('Origin',(-62.7952174224854,-10.1805864954804,7.1164625087882));
#2303=CARTESIAN_POINT('',(-44.8162174224854,-11.9307449156796,7.1164625087882));
#2304=CARTESIAN_POINT('Origin',(-62.7952174224854,-0.180387916313485,-2.88341145962477));
#2305=CARTESIAN_POINT('',(-62.7952174224854,-18.969749212265,-2.88341145962477));
#2306=CARTESIAN_POINT('Origin',(-62.7952174224854,-0.180387916313485,-2.88341145962477));
#2307=CARTESIAN_POINT('Origin',(-48.7953662872314,-0.180387916313485,-2.88341145962477));
#2308=CARTESIAN_POINT('',(-66.7953662872314,-18.969749212265,-2.88341145962477));
#2309=CARTESIAN_POINT('Origin',(-66.7953662872314,-0.180387916313485,-2.88341145962477));
#2310=CARTESIAN_POINT('',(-48.7953662872314,-18.969749212265,-2.88341145962477));
#2311=CARTESIAN_POINT('Origin',(-66.7953662872314,-0.180671991058348,-2.88341201841832));
#2312=UNCERTAINTY_MEASURE_WITH_UNIT(LENGTH_MEASURE(0.01),#2316,
'DISTANCE_ACCURACY_VALUE',
'Maximum model space distance between geometric entities at asserted c
onnectivities');
#2313=UNCERTAINTY_MEASURE_WITH_UNIT(LENGTH_MEASURE(0.01),#2316,
'DISTANCE_ACCURACY_VALUE',
'Maximum model space distance between geometric entities at asserted c
onnectivities');
#2314=(
GEOMETRIC_REPRESENTATION_CONTEXT(3)
GLOBAL_UNCERTAINTY_ASSIGNED_CONTEXT((#2312))
GLOBAL_UNIT_ASSIGNED_CONTEXT((#2316,#2318,#2319))
REPRESENTATION_CONTEXT('','3D')
);
#2315=(
GEOMETRIC_REPRESENTATION_CONTEXT(3)
GLOBAL_UNCERTAINTY_ASSIGNED_CONTEXT((#2313))
GLOBAL_UNIT_ASSIGNED_CONTEXT((#2316,#2318,#2319))
REPRESENTATION_CONTEXT('','3D')
);
#2316=(
LENGTH_UNIT()
NAMED_UNIT(*)
SI_UNIT(.MILLI.,.METRE.)
);
#2317=(
LENGTH_UNIT()
NAMED_UNIT(*)
SI_UNIT(.CENTI.,.METRE.)
);
#2318=(
NAMED_UNIT(*)
PLANE_ANGLE_UNIT()
SI_UNIT($,.RADIAN.)
);
#2319=(
NAMED_UNIT(*)
SI_UNIT($,.STERADIAN.)
SOLID_ANGLE_UNIT()
);
#2320=SHAPE_DEFINITION_REPRESENTATION(#2321,#2322);
#2321=PRODUCT_DEFINITION_SHAPE('',$,#2324);
#2322=SHAPE_REPRESENTATION('',(#1354),#2314);
#2323=PRODUCT_DEFINITION_CONTEXT('part definition',#2328,'design');
#2324=PRODUCT_DEFINITION(
'\X2\5B876811\X0\L6\X2\6CD551705927\X0\ (2)003_3mm - \X2\5207540E69FD\X0\0
01print','\X2\5B876811\X0\L6\X2\6CD55170\X0\',#2325,#2323);
#2325=PRODUCT_DEFINITION_FORMATION('',$,#2330);
#2326=PRODUCT_RELATED_PRODUCT_CATEGORY('\X2\5B876811\X0\L6\X2\6CD55170\X0\',
'\X2\5B876811\X0\L6\X2\6CD55170\X0\',(#2330));
#2327=APPLICATION_PROTOCOL_DEFINITION('international standard',
'automotive_design',2009,#2328);
#2328=APPLICATION_CONTEXT(
'Core Data for Automotive Mechanical Design Process');
#2329=PRODUCT_CONTEXT('part definition',#2328,'mechanical');
#2330=PRODUCT('\X2\5B876811\X0\L6\X2\6CD551705927\X0\ (2)003_3mm - \X2\5207540E69FD\X0\0
01print','\X2\5B876811\X0\L6\X2\6CD55170\X0\',$,(#2329));
#2331=PRESENTATION_STYLE_ASSIGNMENT((#2338));
#2332=PRESENTATION_STYLE_ASSIGNMENT((#2339));
#2333=PRESENTATION_STYLE_ASSIGNMENT((#2340));
#2334=PRESENTATION_STYLE_ASSIGNMENT((#2341));
#2335=PRESENTATION_STYLE_ASSIGNMENT((#2342));
#2336=PRESENTATION_STYLE_ASSIGNMENT((#2343));
#2337=PRESENTATION_STYLE_ASSIGNMENT((#2344));
#2338=SURFACE_STYLE_USAGE(.BOTH.,#2359);
#2339=SURFACE_STYLE_USAGE(.BOTH.,#2360);
#2340=SURFACE_STYLE_USAGE(.BOTH.,#2361);
#2341=SURFACE_STYLE_USAGE(.BOTH.,#2362);
#2342=SURFACE_STYLE_USAGE(.BOTH.,#2363);
#2343=SURFACE_STYLE_USAGE(.BOTH.,#2364);
#2344=SURFACE_STYLE_USAGE(.BOTH.,#2365);
#2345=SURFACE_STYLE_RENDERING_WITH_PROPERTIES($,#2387,(#2352));
#2346=SURFACE_STYLE_RENDERING_WITH_PROPERTIES($,#2388,(#2353));
#2347=SURFACE_STYLE_RENDERING_WITH_PROPERTIES($,#2389,(#2354));
#2348=SURFACE_STYLE_RENDERING_WITH_PROPERTIES($,#2390,(#2355));
#2349=SURFACE_STYLE_RENDERING_WITH_PROPERTIES($,#2391,(#2356));
#2350=SURFACE_STYLE_RENDERING_WITH_PROPERTIES($,#2392,(#2357));
#2351=SURFACE_STYLE_RENDERING_WITH_PROPERTIES($,#2393,(#2358));
#2352=SURFACE_STYLE_TRANSPARENT(0.);
#2353=SURFACE_STYLE_TRANSPARENT(0.);
#2354=SURFACE_STYLE_TRANSPARENT(0.);
#2355=SURFACE_STYLE_TRANSPARENT(0.);
#2356=SURFACE_STYLE_TRANSPARENT(0.);
#2357=SURFACE_STYLE_TRANSPARENT(0.);
#2358=SURFACE_STYLE_TRANSPARENT(0.);
#2359=SURFACE_SIDE_STYLE('',(#2366,#2345));
#2360=SURFACE_SIDE_STYLE('',(#2367,#2346));
#2361=SURFACE_SIDE_STYLE('',(#2368,#2347));
#2362=SURFACE_SIDE_STYLE('',(#2369,#2348));
#2363=SURFACE_SIDE_STYLE('',(#2370,#2349));
#2364=SURFACE_SIDE_STYLE('',(#2371,#2350));
#2365=SURFACE_SIDE_STYLE('',(#2372,#2351));
#2366=SURFACE_STYLE_FILL_AREA(#2373);
#2367=SURFACE_STYLE_FILL_AREA(#2374);
#2368=SURFACE_STYLE_FILL_AREA(#2375);
#2369=SURFACE_STYLE_FILL_AREA(#2376);
#2370=SURFACE_STYLE_FILL_AREA(#2377);
#2371=SURFACE_STYLE_FILL_AREA(#2378);
#2372=SURFACE_STYLE_FILL_AREA(#2379);
#2373=FILL_AREA_STYLE('',(#2380));
#2374=FILL_AREA_STYLE('',(#2381));
#2375=FILL_AREA_STYLE('',(#2382));
#2376=FILL_AREA_STYLE('',(#2383));
#2377=FILL_AREA_STYLE('',(#2384));
#2378=FILL_AREA_STYLE('',(#2385));
#2379=FILL_AREA_STYLE('',(#2386));
#2380=FILL_AREA_STYLE_COLOUR('',#2387);
#2381=FILL_AREA_STYLE_COLOUR('',#2388);
#2382=FILL_AREA_STYLE_COLOUR('',#2389);
#2383=FILL_AREA_STYLE_COLOUR('',#2390);
#2384=FILL_AREA_STYLE_COLOUR('',#2391);
#2385=FILL_AREA_STYLE_COLOUR('',#2392);
#2386=FILL_AREA_STYLE_COLOUR('',#2393);
#2387=COLOUR_RGB('',0.92156862745098,0.92156862745098,0.92156862745098);
#2388=COLOUR_RGB('',1.,1.,0.);
#2389=COLOUR_RGB('',0.184313725490196,0.623529411764706,0.764705882352941);
#2390=COLOUR_RGB('',0.0509803921568627,0.615686274509804,0.0509803921568627);
#2391=COLOUR_RGB('',0.501960784313725,0.,0.501960784313725);
#2392=COLOUR_RGB('',0.180392156862745,0.541176470588235,0.341176470588235);
#2393=COLOUR_RGB('',0.,0.,0.);
ENDSEC;
END-ISO-10303-21;
