ISO-10303-21;
HEADER;
/* Generated by software containing ST-Developer
 * from STEP Tools, Inc. (www.steptools.com) 
 */

FILE_DESCRIPTION(
/* description */ (''),
/* implementation_level */ '2;1');

FILE_NAME(
/* name */ '',
/* time_stamp */ '2026-07-20T15:07:26+08:00',
/* author */ ('test'),
/* organization */ (''),
/* preprocessor_version */ 'ST-DEVELOPER v20',
/* originating_system */ 'Autodesk Inventor 2025',
/* authorisation */ '');

FILE_SCHEMA (('AUTOMOTIVE_DESIGN { 1 0 10303 214 3 1 1 }'));
ENDSEC;

DATA;
#10=MECHANICAL_DESIGN_GEOMETRIC_PRESENTATION_REPRESENTATION('',(#74,#75,
#76,#77,#78,#79,#80,#81,#82,#83,#84,#85,#86,#87,#88,#89,#90,#91,#92,#93,
#94,#95,#96,#97,#98,#99,#100,#101,#102,#103,#104,#105,#106,#107,#108,#109,
#110,#111,#112,#113,#114,#115,#116,#117,#118,#119,#120,#121,#122,#123,#124,
#125,#126,#127,#128,#129,#130,#131,#132,#133,#134,#135,#136,#137,#138,#139,
#140,#141,#142,#143,#144,#145,#146,#147,#148),#2821);
#11=GEOMETRICALLY_BOUNDED_WIREFRAME_SHAPE_REPRESENTATION('',(#12),#2820);
#12=GEOMETRIC_CURVE_SET('\X2\834956FE\X0\40',(#2817));
#13=SHAPE_REPRESENTATION_RELATIONSHIP('SRR','None',#2828,#15);
#14=SHAPE_REPRESENTATION_RELATIONSHIP('SRR','None',#2828,#11);
#15=ADVANCED_BREP_SHAPE_REPRESENTATION('',(#1690),#2820);
#16=ORIENTED_CLOSED_SHELL('',*,#1688,.F.);
#17=ORIENTED_CLOSED_SHELL('',*,#1689,.F.);
#18=FACE_BOUND('',#245,.T.);
#19=FACE_BOUND('',#246,.T.);
#20=FACE_BOUND('',#247,.T.);
#21=FACE_BOUND('',#248,.T.);
#22=FACE_BOUND('',#249,.T.);
#23=FACE_BOUND('',#250,.T.);
#24=FACE_BOUND('',#251,.T.);
#25=FACE_BOUND('',#252,.T.);
#26=FACE_BOUND('',#253,.T.);
#27=FACE_BOUND('',#254,.T.);
#28=FACE_BOUND('',#255,.T.);
#29=FACE_BOUND('',#259,.T.);
#30=FACE_BOUND('',#264,.T.);
#31=FACE_BOUND('',#265,.T.);
#32=FACE_BOUND('',#273,.T.);
#33=FACE_BOUND('',#286,.T.);
#34=FACE_BOUND('',#305,.T.);
#35=FACE_BOUND('',#306,.T.);
#36=FACE_BOUND('',#307,.T.);
#37=FACE_BOUND('',#308,.T.);
#38=CYLINDRICAL_SURFACE('',#1730,0.950000000000001);
#39=CYLINDRICAL_SURFACE('',#1747,3.);
#40=CYLINDRICAL_SURFACE('',#1756,3.);
#41=CYLINDRICAL_SURFACE('',#1758,3.);
#42=CYLINDRICAL_SURFACE('',#1769,3.);
#43=CYLINDRICAL_SURFACE('',#1772,1.5);
#44=CYLINDRICAL_SURFACE('',#1775,1.5);
#45=CYLINDRICAL_SURFACE('',#1780,1.5);
#46=CYLINDRICAL_SURFACE('',#1781,1.5);
#47=CYLINDRICAL_SURFACE('',#1788,16.);
#48=CYLINDRICAL_SURFACE('',#1792,3.);
#49=CYLINDRICAL_SURFACE('',#1797,0.950000000000001);
#50=CYLINDRICAL_SURFACE('',#1800,1.);
#51=CYLINDRICAL_SURFACE('',#1801,0.95);
#52=CYLINDRICAL_SURFACE('',#1804,0.95);
#53=CYLINDRICAL_SURFACE('',#1807,0.95);
#54=CYLINDRICAL_SURFACE('',#1810,0.95);
#55=CYLINDRICAL_SURFACE('',#1813,0.95);
#56=CYLINDRICAL_SURFACE('',#1831,15.);
#57=CYLINDRICAL_SURFACE('',#1835,3.075);
#58=CYLINDRICAL_SURFACE('',#1837,3.05);
#59=CYLINDRICAL_SURFACE('',#1839,5.);
#60=CYLINDRICAL_SURFACE('',#1841,3.075);
#61=CYLINDRICAL_SURFACE('',#1844,5.);
#62=CYLINDRICAL_SURFACE('',#1847,1.5);
#63=CYLINDRICAL_SURFACE('',#1850,1.5);
#64=CYLINDRICAL_SURFACE('',#1853,5.);
#65=CYLINDRICAL_SURFACE('',#1854,2.55);
#66=CYLINDRICAL_SURFACE('',#1855,4.5);
#67=CYLINDRICAL_SURFACE('',#1857,0.95);
#68=CYLINDRICAL_SURFACE('',#1858,0.95);
#69=CYLINDRICAL_SURFACE('',#1859,0.950000000000001);
#70=CYLINDRICAL_SURFACE('',#1860,2.);
#71=CYLINDRICAL_SURFACE('',#1862,1.);
#72=CYLINDRICAL_SURFACE('',#1868,0.950000000000001);
#73=CYLINDRICAL_SURFACE('',#1873,0.95);
#74=STYLED_ITEM('',(#2837),#1601);
#75=STYLED_ITEM('',(#2837),#1603);
#76=STYLED_ITEM('',(#2837),#1604);
#77=STYLED_ITEM('',(#2837),#1606);
#78=STYLED_ITEM('',(#2837),#1607);
#79=STYLED_ITEM('',(#2837),#1609);
#80=STYLED_ITEM('',(#2837),#1610);
#81=STYLED_ITEM('',(#2837),#1613);
#82=STYLED_ITEM('',(#2837),#1614);
#83=STYLED_ITEM('',(#2837),#1619);
#84=STYLED_ITEM('',(#2837),#1620);
#85=STYLED_ITEM('',(#2837),#1624);
#86=STYLED_ITEM('',(#2837),#1625);
#87=STYLED_ITEM('',(#2837),#1626);
#88=STYLED_ITEM('',(#2837),#1627);
#89=STYLED_ITEM('',(#2837),#1628);
#90=STYLED_ITEM('',(#2837),#1629);
#91=STYLED_ITEM('',(#2837),#1630);
#92=STYLED_ITEM('',(#2837),#1631);
#93=STYLED_ITEM('',(#2837),#1632);
#94=STYLED_ITEM('',(#2837),#1633);
#95=STYLED_ITEM('',(#2837),#1634);
#96=STYLED_ITEM('',(#2837),#1635);
#97=STYLED_ITEM('',(#2837),#1636);
#98=STYLED_ITEM('',(#2837),#1637);
#99=STYLED_ITEM('',(#2837),#1638);
#100=STYLED_ITEM('',(#2837),#1639);
#101=STYLED_ITEM('',(#2837),#1640);
#102=STYLED_ITEM('',(#2837),#1641);
#103=STYLED_ITEM('',(#2837),#1642);
#104=STYLED_ITEM('',(#2837),#1643);
#105=STYLED_ITEM('',(#2837),#1644);
#106=STYLED_ITEM('',(#2837),#1645);
#107=STYLED_ITEM('',(#2837),#1646);
#108=STYLED_ITEM('',(#2837),#1647);
#109=STYLED_ITEM('',(#2837),#1648);
#110=STYLED_ITEM('',(#2837),#1649);
#111=STYLED_ITEM('',(#2837),#1650);
#112=STYLED_ITEM('',(#2837),#1651);
#113=STYLED_ITEM('',(#2837),#1652);
#114=STYLED_ITEM('',(#2837),#1653);
#115=STYLED_ITEM('',(#2837),#1654);
#116=STYLED_ITEM('',(#2837),#1655);
#117=STYLED_ITEM('',(#2837),#1656);
#118=STYLED_ITEM('',(#2837),#1657);
#119=STYLED_ITEM('',(#2837),#1658);
#120=STYLED_ITEM('',(#2837),#1659);
#121=STYLED_ITEM('',(#2837),#1660);
#122=STYLED_ITEM('',(#2837),#1661);
#123=STYLED_ITEM('',(#2837),#1662);
#124=STYLED_ITEM('',(#2837),#1663);
#125=STYLED_ITEM('',(#2837),#1664);
#126=STYLED_ITEM('',(#2837),#1665);
#127=STYLED_ITEM('',(#2837),#1666);
#128=STYLED_ITEM('',(#2837),#1667);
#129=STYLED_ITEM('',(#2837),#1668);
#130=STYLED_ITEM('',(#2837),#1669);
#131=STYLED_ITEM('',(#2837),#1670);
#132=STYLED_ITEM('',(#2837),#1671);
#133=STYLED_ITEM('',(#2837),#1672);
#134=STYLED_ITEM('',(#2837),#1673);
#135=STYLED_ITEM('',(#2837),#1674);
#136=STYLED_ITEM('',(#2837),#1675);
#137=STYLED_ITEM('',(#2837),#1676);
#138=STYLED_ITEM('',(#2837),#1677);
#139=STYLED_ITEM('',(#2837),#1678);
#140=STYLED_ITEM('',(#2837),#1679);
#141=STYLED_ITEM('',(#2838),#1680);
#142=STYLED_ITEM('',(#2837),#1681);
#143=STYLED_ITEM('',(#2837),#1682);
#144=STYLED_ITEM('',(#2837),#1683);
#145=STYLED_ITEM('',(#2837),#1684);
#146=STYLED_ITEM('',(#2837),#1685);
#147=STYLED_ITEM('',(#2837),#1686);
#148=STYLED_ITEM('',(#2837),#1690);
#149=FACE_OUTER_BOUND('',#237,.T.);
#150=FACE_OUTER_BOUND('',#238,.T.);
#151=FACE_OUTER_BOUND('',#239,.T.);
#152=FACE_OUTER_BOUND('',#240,.T.);
#153=FACE_OUTER_BOUND('',#241,.T.);
#154=FACE_OUTER_BOUND('',#242,.T.);
#155=FACE_OUTER_BOUND('',#243,.T.);
#156=FACE_OUTER_BOUND('',#244,.T.);
#157=FACE_OUTER_BOUND('',#256,.T.);
#158=FACE_OUTER_BOUND('',#257,.T.);
#159=FACE_OUTER_BOUND('',#258,.T.);
#160=FACE_OUTER_BOUND('',#260,.T.);
#161=FACE_OUTER_BOUND('',#261,.T.);
#162=FACE_OUTER_BOUND('',#262,.T.);
#163=FACE_OUTER_BOUND('',#263,.T.);
#164=FACE_OUTER_BOUND('',#266,.T.);
#165=FACE_OUTER_BOUND('',#267,.T.);
#166=FACE_OUTER_BOUND('',#268,.T.);
#167=FACE_OUTER_BOUND('',#269,.T.);
#168=FACE_OUTER_BOUND('',#270,.T.);
#169=FACE_OUTER_BOUND('',#271,.T.);
#170=FACE_OUTER_BOUND('',#272,.T.);
#171=FACE_OUTER_BOUND('',#274,.T.);
#172=FACE_OUTER_BOUND('',#275,.T.);
#173=FACE_OUTER_BOUND('',#276,.T.);
#174=FACE_OUTER_BOUND('',#277,.T.);
#175=FACE_OUTER_BOUND('',#278,.T.);
#176=FACE_OUTER_BOUND('',#279,.T.);
#177=FACE_OUTER_BOUND('',#280,.T.);
#178=FACE_OUTER_BOUND('',#281,.T.);
#179=FACE_OUTER_BOUND('',#282,.T.);
#180=FACE_OUTER_BOUND('',#283,.T.);
#181=FACE_OUTER_BOUND('',#284,.T.);
#182=FACE_OUTER_BOUND('',#285,.T.);
#183=FACE_OUTER_BOUND('',#287,.T.);
#184=FACE_OUTER_BOUND('',#288,.T.);
#185=FACE_OUTER_BOUND('',#289,.T.);
#186=FACE_OUTER_BOUND('',#290,.T.);
#187=FACE_OUTER_BOUND('',#291,.T.);
#188=FACE_OUTER_BOUND('',#292,.T.);
#189=FACE_OUTER_BOUND('',#293,.T.);
#190=FACE_OUTER_BOUND('',#294,.T.);
#191=FACE_OUTER_BOUND('',#295,.T.);
#192=FACE_OUTER_BOUND('',#296,.T.);
#193=FACE_OUTER_BOUND('',#297,.T.);
#194=FACE_OUTER_BOUND('',#298,.T.);
#195=FACE_OUTER_BOUND('',#299,.T.);
#196=FACE_OUTER_BOUND('',#300,.T.);
#197=FACE_OUTER_BOUND('',#301,.T.);
#198=FACE_OUTER_BOUND('',#302,.T.);
#199=FACE_OUTER_BOUND('',#303,.T.);
#200=FACE_OUTER_BOUND('',#304,.T.);
#201=FACE_OUTER_BOUND('',#309,.T.);
#202=FACE_OUTER_BOUND('',#310,.T.);
#203=FACE_OUTER_BOUND('',#311,.T.);
#204=FACE_OUTER_BOUND('',#312,.T.);
#205=FACE_OUTER_BOUND('',#313,.T.);
#206=FACE_OUTER_BOUND('',#314,.T.);
#207=FACE_OUTER_BOUND('',#315,.T.);
#208=FACE_OUTER_BOUND('',#316,.T.);
#209=FACE_OUTER_BOUND('',#317,.T.);
#210=FACE_OUTER_BOUND('',#318,.T.);
#211=FACE_OUTER_BOUND('',#319,.T.);
#212=FACE_OUTER_BOUND('',#320,.T.);
#213=FACE_OUTER_BOUND('',#321,.T.);
#214=FACE_OUTER_BOUND('',#322,.T.);
#215=FACE_OUTER_BOUND('',#323,.T.);
#216=FACE_OUTER_BOUND('',#324,.T.);
#217=FACE_OUTER_BOUND('',#325,.T.);
#218=FACE_OUTER_BOUND('',#326,.T.);
#219=FACE_OUTER_BOUND('',#327,.T.);
#220=FACE_OUTER_BOUND('',#328,.T.);
#221=FACE_OUTER_BOUND('',#329,.T.);
#222=FACE_OUTER_BOUND('',#330,.T.);
#223=FACE_OUTER_BOUND('',#331,.T.);
#224=FACE_OUTER_BOUND('',#332,.T.);
#225=FACE_OUTER_BOUND('',#333,.T.);
#226=FACE_OUTER_BOUND('',#334,.T.);
#227=FACE_OUTER_BOUND('',#335,.T.);
#228=FACE_OUTER_BOUND('',#336,.T.);
#229=FACE_OUTER_BOUND('',#337,.T.);
#230=FACE_OUTER_BOUND('',#338,.T.);
#231=FACE_OUTER_BOUND('',#339,.T.);
#232=FACE_OUTER_BOUND('',#340,.T.);
#233=FACE_OUTER_BOUND('',#341,.T.);
#234=FACE_OUTER_BOUND('',#342,.T.);
#235=FACE_OUTER_BOUND('',#343,.T.);
#236=FACE_OUTER_BOUND('',#344,.T.);
#237=EDGE_LOOP('',(#1095,#1096,#1097,#1098,#1099,#1100,#1101,#1102,#1103,
#1104,#1105,#1106,#1107,#1108));
#238=EDGE_LOOP('',(#1109,#1110,#1111,#1112,#1113));
#239=EDGE_LOOP('',(#1114,#1115,#1116,#1117,#1118,#1119,#1120,#1121,#1122));
#240=EDGE_LOOP('',(#1123,#1124,#1125,#1126));
#241=EDGE_LOOP('',(#1127,#1128,#1129,#1130,#1131,#1132,#1133,#1134,#1135,
#1136,#1137,#1138,#1139,#1140,#1141));
#242=EDGE_LOOP('',(#1142,#1143,#1144,#1145));
#243=EDGE_LOOP('',(#1146,#1147,#1148,#1149));
#244=EDGE_LOOP('',(#1150,#1151,#1152,#1153,#1154,#1155,#1156,#1157,#1158));
#245=EDGE_LOOP('',(#1159));
#246=EDGE_LOOP('',(#1160));
#247=EDGE_LOOP('',(#1161));
#248=EDGE_LOOP('',(#1162));
#249=EDGE_LOOP('',(#1163));
#250=EDGE_LOOP('',(#1164));
#251=EDGE_LOOP('',(#1165));
#252=EDGE_LOOP('',(#1166));
#253=EDGE_LOOP('',(#1167));
#254=EDGE_LOOP('',(#1168));
#255=EDGE_LOOP('',(#1169));
#256=EDGE_LOOP('',(#1170,#1171,#1172,#1173));
#257=EDGE_LOOP('',(#1174,#1175,#1176,#1177));
#258=EDGE_LOOP('',(#1178,#1179,#1180,#1181,#1182,#1183,#1184,#1185));
#259=EDGE_LOOP('',(#1186,#1187,#1188,#1189));
#260=EDGE_LOOP('',(#1190,#1191,#1192,#1193));
#261=EDGE_LOOP('',(#1194,#1195,#1196,#1197));
#262=EDGE_LOOP('',(#1198,#1199,#1200,#1201));
#263=EDGE_LOOP('',(#1202,#1203,#1204,#1205,#1206,#1207,#1208,#1209,#1210,
#1211,#1212,#1213,#1214,#1215,#1216,#1217,#1218,#1219));
#264=EDGE_LOOP('',(#1220,#1221,#1222,#1223));
#265=EDGE_LOOP('',(#1224,#1225,#1226,#1227));
#266=EDGE_LOOP('',(#1228,#1229,#1230,#1231));
#267=EDGE_LOOP('',(#1232,#1233,#1234,#1235));
#268=EDGE_LOOP('',(#1236,#1237,#1238,#1239));
#269=EDGE_LOOP('',(#1240,#1241,#1242,#1243));
#270=EDGE_LOOP('',(#1244,#1245,#1246,#1247));
#271=EDGE_LOOP('',(#1248,#1249,#1250,#1251));
#272=EDGE_LOOP('',(#1252,#1253,#1254,#1255,#1256,#1257,#1258));
#273=EDGE_LOOP('',(#1259,#1260,#1261,#1262));
#274=EDGE_LOOP('',(#1263,#1264,#1265,#1266));
#275=EDGE_LOOP('',(#1267,#1268,#1269,#1270));
#276=EDGE_LOOP('',(#1271,#1272,#1273,#1274));
#277=EDGE_LOOP('',(#1275,#1276,#1277,#1278));
#278=EDGE_LOOP('',(#1279,#1280,#1281,#1282,#1283));
#279=EDGE_LOOP('',(#1284,#1285,#1286,#1287));
#280=EDGE_LOOP('',(#1288,#1289,#1290));
#281=EDGE_LOOP('',(#1291,#1292,#1293,#1294));
#282=EDGE_LOOP('',(#1295,#1296,#1297,#1298));
#283=EDGE_LOOP('',(#1299,#1300,#1301,#1302,#1303,#1304,#1305));
#284=EDGE_LOOP('',(#1306,#1307,#1308,#1309));
#285=EDGE_LOOP('',(#1310,#1311,#1312,#1313));
#286=EDGE_LOOP('',(#1314));
#287=EDGE_LOOP('',(#1315,#1316,#1317,#1318));
#288=EDGE_LOOP('',(#1319,#1320,#1321,#1322));
#289=EDGE_LOOP('',(#1323,#1324,#1325,#1326));
#290=EDGE_LOOP('',(#1327,#1328,#1329,#1330,#1331,#1332,#1333,#1334,#1335));
#291=EDGE_LOOP('',(#1336,#1337,#1338,#1339));
#292=EDGE_LOOP('',(#1340));
#293=EDGE_LOOP('',(#1341,#1342,#1343,#1344));
#294=EDGE_LOOP('',(#1345,#1346,#1347,#1348));
#295=EDGE_LOOP('',(#1349));
#296=EDGE_LOOP('',(#1350,#1351,#1352,#1353));
#297=EDGE_LOOP('',(#1354));
#298=EDGE_LOOP('',(#1355,#1356,#1357,#1358));
#299=EDGE_LOOP('',(#1359));
#300=EDGE_LOOP('',(#1360,#1361,#1362,#1363));
#301=EDGE_LOOP('',(#1364));
#302=EDGE_LOOP('',(#1365,#1366,#1367,#1368));
#303=EDGE_LOOP('',(#1369));
#304=EDGE_LOOP('',(#1370,#1371,#1372,#1373,#1374,#1375,#1376,#1377,#1378,
#1379,#1380,#1381,#1382,#1383,#1384,#1385,#1386,#1387,#1388,#1389,#1390,
#1391));
#305=EDGE_LOOP('',(#1392));
#306=EDGE_LOOP('',(#1393));
#307=EDGE_LOOP('',(#1394));
#308=EDGE_LOOP('',(#1395));
#309=EDGE_LOOP('',(#1396,#1397,#1398,#1399,#1400,#1401,#1402));
#310=EDGE_LOOP('',(#1403,#1404,#1405,#1406,#1407));
#311=EDGE_LOOP('',(#1408,#1409,#1410,#1411));
#312=EDGE_LOOP('',(#1412,#1413,#1414,#1415));
#313=EDGE_LOOP('',(#1416,#1417,#1418,#1419));
#314=EDGE_LOOP('',(#1420,#1421,#1422,#1423));
#315=EDGE_LOOP('',(#1424,#1425,#1426,#1427));
#316=EDGE_LOOP('',(#1428,#1429,#1430,#1431));
#317=EDGE_LOOP('',(#1432,#1433,#1434,#1435));
#318=EDGE_LOOP('',(#1436,#1437,#1438,#1439));
#319=EDGE_LOOP('',(#1440,#1441,#1442,#1443));
#320=EDGE_LOOP('',(#1444,#1445,#1446,#1447));
#321=EDGE_LOOP('',(#1448,#1449,#1450,#1451));
#322=EDGE_LOOP('',(#1452,#1453,#1454,#1455));
#323=EDGE_LOOP('',(#1456,#1457,#1458,#1459));
#324=EDGE_LOOP('',(#1460,#1461,#1462,#1463));
#325=EDGE_LOOP('',(#1464,#1465,#1466,#1467,#1468,#1469));
#326=EDGE_LOOP('',(#1470,#1471,#1472,#1473));
#327=EDGE_LOOP('',(#1474,#1475,#1476,#1477));
#328=EDGE_LOOP('',(#1478,#1479,#1480,#1481,#1482,#1483,#1484,#1485));
#329=EDGE_LOOP('',(#1486,#1487,#1488,#1489));
#330=EDGE_LOOP('',(#1490,#1491,#1492,#1493));
#331=EDGE_LOOP('',(#1494,#1495,#1496,#1497));
#332=EDGE_LOOP('',(#1498,#1499,#1500,#1501));
#333=EDGE_LOOP('',(#1502,#1503,#1504,#1505));
#334=EDGE_LOOP('',(#1506,#1507,#1508,#1509,#1510,#1511,#1512,#1513,#1514,
#1515,#1516,#1517,#1518));
#335=EDGE_LOOP('',(#1519,#1520,#1521,#1522));
#336=EDGE_LOOP('',(#1523,#1524,#1525,#1526));
#337=EDGE_LOOP('',(#1527,#1528,#1529,#1530));
#338=EDGE_LOOP('',(#1531,#1532,#1533,#1534));
#339=EDGE_LOOP('',(#1535));
#340=EDGE_LOOP('',(#1536,#1537,#1538,#1539));
#341=EDGE_LOOP('',(#1540));
#342=EDGE_LOOP('',(#1541));
#343=EDGE_LOOP('',(#1542,#1543,#1544,#1545));
#344=EDGE_LOOP('',(#1546));
#345=CIRCLE('',#1714,3.);
#346=CIRCLE('',#1717,1.);
#347=CIRCLE('',#1718,1.);
#348=CIRCLE('',#1721,16.);
#349=CIRCLE('',#1722,15.);
#350=CIRCLE('',#1723,3.075);
#351=CIRCLE('',#1724,5.);
#352=CIRCLE('',#1725,3.05);
#353=CIRCLE('',#1726,2.55);
#354=CIRCLE('',#1727,4.5);
#355=CIRCLE('',#1729,5.);
#356=CIRCLE('',#1731,0.950000000000002);
#357=CIRCLE('',#1732,0.950000000000002);
#358=CIRCLE('',#1734,15.);
#359=CIRCLE('',#1735,16.);
#360=CIRCLE('',#1736,0.950000000000001);
#361=CIRCLE('',#1737,0.95);
#362=CIRCLE('',#1738,0.95);
#363=CIRCLE('',#1739,0.95);
#364=CIRCLE('',#1740,0.95);
#365=CIRCLE('',#1741,0.95);
#366=CIRCLE('',#1742,4.5);
#367=CIRCLE('',#1743,0.950000000000001);
#368=CIRCLE('',#1744,0.95);
#369=CIRCLE('',#1745,0.95);
#370=CIRCLE('',#1748,3.);
#371=CIRCLE('',#1749,3.);
#372=CIRCLE('',#1751,3.);
#373=CIRCLE('',#1752,2.);
#374=CIRCLE('',#1753,1.5);
#375=CIRCLE('',#1754,1.5);
#376=CIRCLE('',#1757,3.);
#377=CIRCLE('',#1759,3.);
#378=CIRCLE('',#1760,3.);
#379=CIRCLE('',#1762,3.);
#380=CIRCLE('',#1763,2.);
#381=CIRCLE('',#1764,1.5);
#382=CIRCLE('',#1765,1.5);
#383=CIRCLE('',#1766,1.5);
#384=CIRCLE('',#1767,1.5);
#385=CIRCLE('',#1770,3.);
#386=CIRCLE('',#1773,1.5);
#387=CIRCLE('',#1776,1.5);
#388=CIRCLE('',#1790,3.);
#389=CIRCLE('',#1795,1.);
#390=CIRCLE('',#1796,1.);
#391=CIRCLE('',#1798,0.950000000000001);
#392=CIRCLE('',#1802,0.95);
#393=CIRCLE('',#1805,0.95);
#394=CIRCLE('',#1808,0.95);
#395=CIRCLE('',#1811,0.95);
#396=CIRCLE('',#1814,0.95);
#397=CIRCLE('',#1817,4.5);
#398=CIRCLE('',#1818,4.5);
#399=CIRCLE('',#1819,2.55);
#400=CIRCLE('',#1820,3.05);
#401=CIRCLE('',#1821,5.);
#402=CIRCLE('',#1822,3.075);
#403=CIRCLE('',#1823,3.075);
#404=CIRCLE('',#1824,5.);
#405=CIRCLE('',#1825,1.5);
#406=CIRCLE('',#1826,1.5);
#407=CIRCLE('',#1827,5.);
#408=CIRCLE('',#1828,0.95);
#409=CIRCLE('',#1829,0.950000000000001);
#410=CIRCLE('',#1830,0.95);
#411=CIRCLE('',#1832,15.);
#412=CIRCLE('',#1842,3.075);
#413=CIRCLE('',#1845,5.);
#414=CIRCLE('',#1848,1.5);
#415=CIRCLE('',#1851,1.5);
#416=CIRCLE('',#1867,0.950000000000001);
#417=CIRCLE('',#1869,0.950000000000001);
#418=CIRCLE('',#1872,0.95);
#419=CIRCLE('',#1874,0.95);
#420=LINE('',#2359,#571);
#421=LINE('',#2361,#572);
#422=LINE('',#2363,#573);
#423=LINE('',#2365,#574);
#424=LINE('',#2367,#575);
#425=LINE('',#2369,#576);
#426=LINE('',#2371,#577);
#427=LINE('',#2373,#578);
#428=LINE('',#2375,#579);
#429=LINE('',#2377,#580);
#430=LINE('',#2379,#581);
#431=LINE('',#2381,#582);
#432=LINE('',#2382,#583);
#433=LINE('',#2386,#584);
#434=LINE('',#2388,#585);
#435=LINE('',#2389,#586);
#436=LINE('',#2392,#587);
#437=LINE('',#2394,#588);
#438=LINE('',#2396,#589);
#439=LINE('',#2398,#590);
#440=LINE('',#2402,#591);
#441=LINE('',#2406,#592);
#442=LINE('',#2408,#593);
#443=LINE('',#2409,#594);
#444=LINE('',#2414,#595);
#445=LINE('',#2420,#596);
#446=LINE('',#2424,#597);
#447=LINE('',#2428,#598);
#448=LINE('',#2432,#599);
#449=LINE('',#2435,#600);
#450=LINE('',#2438,#601);
#451=LINE('',#2441,#602);
#452=LINE('',#2446,#603);
#453=LINE('',#2450,#604);
#454=LINE('',#2452,#605);
#455=LINE('',#2454,#606);
#456=LINE('',#2456,#607);
#457=LINE('',#2460,#608);
#458=LINE('',#2484,#609);
#459=LINE('',#2486,#610);
#460=LINE('',#2487,#611);
#461=LINE('',#2493,#612);
#462=LINE('',#2496,#613);
#463=LINE('',#2499,#614);
#464=LINE('',#2503,#615);
#465=LINE('',#2506,#616);
#466=LINE('',#2507,#617);
#467=LINE('',#2510,#618);
#468=LINE('',#2514,#619);
#469=LINE('',#2518,#620);
#470=LINE('',#2519,#621);
#471=LINE('',#2523,#622);
#472=LINE('',#2529,#623);
#473=LINE('',#2532,#624);
#474=LINE('',#2535,#625);
#475=LINE('',#2537,#626);
#476=LINE('',#2538,#627);
#477=LINE('',#2540,#628);
#478=LINE('',#2541,#629);
#479=LINE('',#2543,#630);
#480=LINE('',#2547,#631);
#481=LINE('',#2549,#632);
#482=LINE('',#2551,#633);
#483=LINE('',#2554,#634);
#484=LINE('',#2557,#635);
#485=LINE('',#2561,#636);
#486=LINE('',#2565,#637);
#487=LINE('',#2569,#638);
#488=LINE('',#2573,#639);
#489=LINE('',#2574,#640);
#490=LINE('',#2578,#641);
#491=LINE('',#2581,#642);
#492=LINE('',#2583,#643);
#493=LINE('',#2584,#644);
#494=LINE('',#2587,#645);
#495=LINE('',#2591,#646);
#496=LINE('',#2592,#647);
#497=LINE('',#2597,#648);
#498=LINE('',#2599,#649);
#499=LINE('',#2601,#650);
#500=LINE('',#2602,#651);
#501=LINE('',#2604,#652);
#502=LINE('',#2605,#653);
#503=LINE('',#2607,#654);
#504=LINE('',#2608,#655);
#505=LINE('',#2613,#656);
#506=LINE('',#2614,#657);
#507=LINE('',#2616,#658);
#508=LINE('',#2618,#659);
#509=LINE('',#2620,#660);
#510=LINE('',#2622,#661);
#511=LINE('',#2624,#662);
#512=LINE('',#2626,#663);
#513=LINE('',#2629,#664);
#514=LINE('',#2630,#665);
#515=LINE('',#2634,#666);
#516=LINE('',#2636,#667);
#517=LINE('',#2639,#668);
#518=LINE('',#2640,#669);
#519=LINE('',#2645,#670);
#520=LINE('',#2650,#671);
#521=LINE('',#2653,#672);
#522=LINE('',#2657,#673);
#523=LINE('',#2662,#674);
#524=LINE('',#2667,#675);
#525=LINE('',#2672,#676);
#526=LINE('',#2677,#677);
#527=LINE('',#2681,#678);
#528=LINE('',#2687,#679);
#529=LINE('',#2691,#680);
#530=LINE('',#2695,#681);
#531=LINE('',#2699,#682);
#532=LINE('',#2705,#683);
#533=LINE('',#2709,#684);
#534=LINE('',#2713,#685);
#535=LINE('',#2717,#686);
#536=LINE('',#2726,#687);
#537=LINE('',#2728,#688);
#538=LINE('',#2730,#689);
#539=LINE('',#2731,#690);
#540=LINE('',#2733,#691);
#541=LINE('',#2734,#692);
#542=LINE('',#2737,#693);
#543=LINE('',#2739,#694);
#544=LINE('',#2740,#695);
#545=LINE('',#2742,#696);
#546=LINE('',#2744,#697);
#547=LINE('',#2746,#698);
#548=LINE('',#2751,#699);
#549=LINE('',#2754,#700);
#550=LINE('',#2755,#701);
#551=LINE('',#2759,#702);
#552=LINE('',#2762,#703);
#553=LINE('',#2763,#704);
#554=LINE('',#2767,#705);
#555=LINE('',#2770,#706);
#556=LINE('',#2771,#707);
#557=LINE('',#2775,#708);
#558=LINE('',#2777,#709);
#559=LINE('',#2778,#710);
#560=LINE('',#2781,#711);
#561=LINE('',#2783,#712);
#562=LINE('',#2784,#713);
#563=LINE('',#2785,#714);
#564=LINE('',#2787,#715);
#565=LINE('',#2789,#716);
#566=LINE('',#2791,#717);
#567=LINE('',#2793,#718);
#568=LINE('',#2797,#719);
#569=LINE('',#2807,#720);
#570=LINE('',#2814,#721);
#571=VECTOR('',#1880,10.);
#572=VECTOR('',#1881,10.);
#573=VECTOR('',#1882,10.);
#574=VECTOR('',#1883,10.);
#575=VECTOR('',#1884,10.);
#576=VECTOR('',#1885,10.);
#577=VECTOR('',#1886,10.);
#578=VECTOR('',#1887,10.);
#579=VECTOR('',#1888,10.);
#580=VECTOR('',#1889,10.);
#581=VECTOR('',#1890,10.);
#582=VECTOR('',#1891,10.);
#583=VECTOR('',#1892,10.);
#584=VECTOR('',#1897,10.);
#585=VECTOR('',#1898,10.);
#586=VECTOR('',#1899,10.);
#587=VECTOR('',#1902,10.);
#588=VECTOR('',#1903,10.);
#589=VECTOR('',#1904,10.);
#590=VECTOR('',#1905,10.);
#591=VECTOR('',#1908,10.);
#592=VECTOR('',#1913,10.);
#593=VECTOR('',#1914,10.);
#594=VECTOR('',#1915,10.);
#595=VECTOR('',#1920,10.);
#596=VECTOR('',#1925,10.);
#597=VECTOR('',#1928,10.);
#598=VECTOR('',#1931,10.);
#599=VECTOR('',#1934,10.);
#600=VECTOR('',#1937,10.);
#601=VECTOR('',#1940,10.);
#602=VECTOR('',#1943,10.);
#603=VECTOR('',#1948,0.950000000000001);
#604=VECTOR('',#1953,10.);
#605=VECTOR('',#1954,10.);
#606=VECTOR('',#1955,10.);
#607=VECTOR('',#1956,10.);
#608=VECTOR('',#1959,10.);
#609=VECTOR('',#1984,10.);
#610=VECTOR('',#1985,10.);
#611=VECTOR('',#1986,10.);
#612=VECTOR('',#1991,10.);
#613=VECTOR('',#1994,10.);
#614=VECTOR('',#1997,10.);
#615=VECTOR('',#2000,10.);
#616=VECTOR('',#2003,10.);
#617=VECTOR('',#2004,10.);
#618=VECTOR('',#2005,10.);
#619=VECTOR('',#2008,10.);
#620=VECTOR('',#2013,10.);
#621=VECTOR('',#2014,10.);
#622=VECTOR('',#2019,10.);
#623=VECTOR('',#2024,10.);
#624=VECTOR('',#2027,10.);
#625=VECTOR('',#2030,10.);
#626=VECTOR('',#2031,10.);
#627=VECTOR('',#2032,10.);
#628=VECTOR('',#2033,10.);
#629=VECTOR('',#2034,10.);
#630=VECTOR('',#2035,10.);
#631=VECTOR('',#2038,10.);
#632=VECTOR('',#2039,10.);
#633=VECTOR('',#2040,10.);
#634=VECTOR('',#2043,10.);
#635=VECTOR('',#2044,10.);
#636=VECTOR('',#2047,10.);
#637=VECTOR('',#2050,10.);
#638=VECTOR('',#2053,10.);
#639=VECTOR('',#2058,10.);
#640=VECTOR('',#2059,10.);
#641=VECTOR('',#2064,10.);
#642=VECTOR('',#2067,10.);
#643=VECTOR('',#2068,10.);
#644=VECTOR('',#2069,10.);
#645=VECTOR('',#2072,10.);
#646=VECTOR('',#2077,10.);
#647=VECTOR('',#2078,10.);
#648=VECTOR('',#2085,10.);
#649=VECTOR('',#2086,10.);
#650=VECTOR('',#2087,10.);
#651=VECTOR('',#2088,10.);
#652=VECTOR('',#2091,10.);
#653=VECTOR('',#2092,10.);
#654=VECTOR('',#2095,10.);
#655=VECTOR('',#2096,10.);
#656=VECTOR('',#2103,10.);
#657=VECTOR('',#2104,10.);
#658=VECTOR('',#2107,10.);
#659=VECTOR('',#2110,10.);
#660=VECTOR('',#2113,10.);
#661=VECTOR('',#2116,10.);
#662=VECTOR('',#2119,10.);
#663=VECTOR('',#2122,10.);
#664=VECTOR('',#2125,10.);
#665=VECTOR('',#2126,10.);
#666=VECTOR('',#2131,10.);
#667=VECTOR('',#2134,3.);
#668=VECTOR('',#2137,10.);
#669=VECTOR('',#2138,10.);
#670=VECTOR('',#2143,10.);
#671=VECTOR('',#2150,0.950000000000001);
#672=VECTOR('',#2155,10.);
#673=VECTOR('',#2160,0.95);
#674=VECTOR('',#2167,0.95);
#675=VECTOR('',#2174,0.95);
#676=VECTOR('',#2181,0.95);
#677=VECTOR('',#2188,0.95);
#678=VECTOR('',#2193,10.);
#679=VECTOR('',#2198,10.);
#680=VECTOR('',#2201,10.);
#681=VECTOR('',#2204,10.);
#682=VECTOR('',#2207,10.);
#683=VECTOR('',#2212,10.);
#684=VECTOR('',#2215,10.);
#685=VECTOR('',#2218,10.);
#686=VECTOR('',#2221,10.);
#687=VECTOR('',#2232,10.);
#688=VECTOR('',#2233,10.);
#689=VECTOR('',#2236,10.);
#690=VECTOR('',#2237,10.);
#691=VECTOR('',#2240,10.);
#692=VECTOR('',#2241,10.);
#693=VECTOR('',#2246,10.);
#694=VECTOR('',#2249,10.);
#695=VECTOR('',#2250,10.);
#696=VECTOR('',#2253,10.);
#697=VECTOR('',#2256,10.);
#698=VECTOR('',#2259,10.);
#699=VECTOR('',#2266,10.);
#700=VECTOR('',#2269,10.);
#701=VECTOR('',#2270,10.);
#702=VECTOR('',#2275,10.);
#703=VECTOR('',#2278,10.);
#704=VECTOR('',#2279,10.);
#705=VECTOR('',#2284,10.);
#706=VECTOR('',#2287,10.);
#707=VECTOR('',#2288,10.);
#708=VECTOR('',#2293,10.);
#709=VECTOR('',#2296,10.);
#710=VECTOR('',#2297,10.);
#711=VECTOR('',#2302,10.);
#712=VECTOR('',#2305,4.5);
#713=VECTOR('',#2306,10.);
#714=VECTOR('',#2307,10.);
#715=VECTOR('',#2310,10.);
#716=VECTOR('',#2313,0.95);
#717=VECTOR('',#2316,0.95);
#718=VECTOR('',#2319,0.950000000000001);
#719=VECTOR('',#2326,10.);
#720=VECTOR('',#2341,0.950000000000001);
#721=VECTOR('',#2350,0.95);
#722=VERTEX_POINT('',#2357);
#723=VERTEX_POINT('',#2358);
#724=VERTEX_POINT('',#2360);
#725=VERTEX_POINT('',#2362);
#726=VERTEX_POINT('',#2364);
#727=VERTEX_POINT('',#2366);
#728=VERTEX_POINT('',#2368);
#729=VERTEX_POINT('',#2370);
#730=VERTEX_POINT('',#2372);
#731=VERTEX_POINT('',#2374);
#732=VERTEX_POINT('',#2376);
#733=VERTEX_POINT('',#2378);
#734=VERTEX_POINT('',#2380);
#735=VERTEX_POINT('',#2385);
#736=VERTEX_POINT('',#2387);
#737=VERTEX_POINT('',#2391);
#738=VERTEX_POINT('',#2393);
#739=VERTEX_POINT('',#2395);
#740=VERTEX_POINT('',#2397);
#741=VERTEX_POINT('',#2399);
#742=VERTEX_POINT('',#2401);
#743=VERTEX_POINT('',#2405);
#744=VERTEX_POINT('',#2407);
#745=VERTEX_POINT('',#2411);
#746=VERTEX_POINT('',#2413);
#747=VERTEX_POINT('',#2415);
#748=VERTEX_POINT('',#2417);
#749=VERTEX_POINT('',#2419);
#750=VERTEX_POINT('',#2421);
#751=VERTEX_POINT('',#2423);
#752=VERTEX_POINT('',#2425);
#753=VERTEX_POINT('',#2427);
#754=VERTEX_POINT('',#2429);
#755=VERTEX_POINT('',#2431);
#756=VERTEX_POINT('',#2433);
#757=VERTEX_POINT('',#2437);
#758=VERTEX_POINT('',#2439);
#759=VERTEX_POINT('',#2443);
#760=VERTEX_POINT('',#2445);
#761=VERTEX_POINT('',#2449);
#762=VERTEX_POINT('',#2451);
#763=VERTEX_POINT('',#2453);
#764=VERTEX_POINT('',#2455);
#765=VERTEX_POINT('',#2457);
#766=VERTEX_POINT('',#2459);
#767=VERTEX_POINT('',#2462);
#768=VERTEX_POINT('',#2464);
#769=VERTEX_POINT('',#2466);
#770=VERTEX_POINT('',#2468);
#771=VERTEX_POINT('',#2470);
#772=VERTEX_POINT('',#2472);
#773=VERTEX_POINT('',#2474);
#774=VERTEX_POINT('',#2476);
#775=VERTEX_POINT('',#2478);
#776=VERTEX_POINT('',#2480);
#777=VERTEX_POINT('',#2483);
#778=VERTEX_POINT('',#2485);
#779=VERTEX_POINT('',#2489);
#780=VERTEX_POINT('',#2490);
#781=VERTEX_POINT('',#2492);
#782=VERTEX_POINT('',#2494);
#783=VERTEX_POINT('',#2498);
#784=VERTEX_POINT('',#2500);
#785=VERTEX_POINT('',#2502);
#786=VERTEX_POINT('',#2505);
#787=VERTEX_POINT('',#2508);
#788=VERTEX_POINT('',#2509);
#789=VERTEX_POINT('',#2511);
#790=VERTEX_POINT('',#2513);
#791=VERTEX_POINT('',#2517);
#792=VERTEX_POINT('',#2521);
#793=VERTEX_POINT('',#2525);
#794=VERTEX_POINT('',#2526);
#795=VERTEX_POINT('',#2528);
#796=VERTEX_POINT('',#2530);
#797=VERTEX_POINT('',#2534);
#798=VERTEX_POINT('',#2536);
#799=VERTEX_POINT('',#2539);
#800=VERTEX_POINT('',#2542);
#801=VERTEX_POINT('',#2544);
#802=VERTEX_POINT('',#2546);
#803=VERTEX_POINT('',#2548);
#804=VERTEX_POINT('',#2550);
#805=VERTEX_POINT('',#2552);
#806=VERTEX_POINT('',#2555);
#807=VERTEX_POINT('',#2556);
#808=VERTEX_POINT('',#2558);
#809=VERTEX_POINT('',#2560);
#810=VERTEX_POINT('',#2563);
#811=VERTEX_POINT('',#2564);
#812=VERTEX_POINT('',#2566);
#813=VERTEX_POINT('',#2568);
#814=VERTEX_POINT('',#2572);
#815=VERTEX_POINT('',#2576);
#816=VERTEX_POINT('',#2580);
#817=VERTEX_POINT('',#2582);
#818=VERTEX_POINT('',#2586);
#819=VERTEX_POINT('',#2590);
#820=VERTEX_POINT('',#2596);
#821=VERTEX_POINT('',#2598);
#822=VERTEX_POINT('',#2600);
#823=VERTEX_POINT('',#2612);
#824=VERTEX_POINT('',#2628);
#825=VERTEX_POINT('',#2631);
#826=VERTEX_POINT('',#2638);
#827=VERTEX_POINT('',#2642);
#828=VERTEX_POINT('',#2644);
#829=VERTEX_POINT('',#2648);
#830=VERTEX_POINT('',#2655);
#831=VERTEX_POINT('',#2660);
#832=VERTEX_POINT('',#2665);
#833=VERTEX_POINT('',#2670);
#834=VERTEX_POINT('',#2675);
#835=VERTEX_POINT('',#2680);
#836=VERTEX_POINT('',#2682);
#837=VERTEX_POINT('',#2684);
#838=VERTEX_POINT('',#2686);
#839=VERTEX_POINT('',#2688);
#840=VERTEX_POINT('',#2690);
#841=VERTEX_POINT('',#2692);
#842=VERTEX_POINT('',#2694);
#843=VERTEX_POINT('',#2696);
#844=VERTEX_POINT('',#2698);
#845=VERTEX_POINT('',#2700);
#846=VERTEX_POINT('',#2702);
#847=VERTEX_POINT('',#2704);
#848=VERTEX_POINT('',#2706);
#849=VERTEX_POINT('',#2708);
#850=VERTEX_POINT('',#2710);
#851=VERTEX_POINT('',#2712);
#852=VERTEX_POINT('',#2714);
#853=VERTEX_POINT('',#2716);
#854=VERTEX_POINT('',#2719);
#855=VERTEX_POINT('',#2721);
#856=VERTEX_POINT('',#2723);
#857=VERTEX_POINT('',#2727);
#858=VERTEX_POINT('',#2749);
#859=VERTEX_POINT('',#2753);
#860=VERTEX_POINT('',#2757);
#861=VERTEX_POINT('',#2761);
#862=VERTEX_POINT('',#2765);
#863=VERTEX_POINT('',#2769);
#864=VERTEX_POINT('',#2773);
#865=VERTEX_POINT('',#2802);
#866=VERTEX_POINT('',#2805);
#867=VERTEX_POINT('',#2810);
#868=VERTEX_POINT('',#2813);
#869=EDGE_CURVE('',#722,#723,#420,.T.);
#870=EDGE_CURVE('',#724,#722,#421,.T.);
#871=EDGE_CURVE('',#724,#725,#422,.T.);
#872=EDGE_CURVE('',#725,#726,#423,.T.);
#873=EDGE_CURVE('',#727,#726,#424,.T.);
#874=EDGE_CURVE('',#727,#728,#425,.T.);
#875=EDGE_CURVE('',#728,#729,#426,.T.);
#876=EDGE_CURVE('',#729,#730,#427,.T.);
#877=EDGE_CURVE('',#730,#731,#428,.T.);
#878=EDGE_CURVE('',#731,#732,#429,.T.);
#879=EDGE_CURVE('',#732,#733,#430,.T.);
#880=EDGE_CURVE('',#734,#733,#431,.T.);
#881=EDGE_CURVE('',#723,#734,#432,.T.);
#882=EDGE_CURVE('',#723,#723,#345,.T.);
#883=EDGE_CURVE('',#735,#722,#433,.T.);
#884=EDGE_CURVE('',#734,#736,#434,.T.);
#885=EDGE_CURVE('',#735,#736,#435,.T.);
#886=EDGE_CURVE('',#733,#737,#436,.T.);
#887=EDGE_CURVE('',#738,#737,#437,.T.);
#888=EDGE_CURVE('',#738,#739,#438,.T.);
#889=EDGE_CURVE('',#739,#740,#439,.T.);
#890=EDGE_CURVE('',#740,#741,#346,.T.);
#891=EDGE_CURVE('',#741,#742,#440,.T.);
#892=EDGE_CURVE('',#742,#736,#347,.T.);
#893=EDGE_CURVE('',#743,#727,#441,.T.);
#894=EDGE_CURVE('',#726,#744,#442,.T.);
#895=EDGE_CURVE('',#743,#744,#443,.T.);
#896=EDGE_CURVE('',#743,#745,#348,.T.);
#897=EDGE_CURVE('',#745,#746,#444,.T.);
#898=EDGE_CURVE('',#746,#747,#349,.T.);
#899=EDGE_CURVE('',#747,#748,#350,.T.);
#900=EDGE_CURVE('',#748,#749,#445,.T.);
#901=EDGE_CURVE('',#749,#750,#351,.T.);
#902=EDGE_CURVE('',#750,#751,#446,.T.);
#903=EDGE_CURVE('',#751,#752,#352,.T.);
#904=EDGE_CURVE('',#752,#753,#447,.T.);
#905=EDGE_CURVE('',#753,#754,#353,.T.);
#906=EDGE_CURVE('',#754,#755,#448,.T.);
#907=EDGE_CURVE('',#755,#756,#354,.T.);
#908=EDGE_CURVE('',#756,#728,#449,.T.);
#909=EDGE_CURVE('',#731,#757,#450,.T.);
#910=EDGE_CURVE('',#757,#758,#355,.T.);
#911=EDGE_CURVE('',#758,#732,#451,.T.);
#912=EDGE_CURVE('',#759,#759,#356,.T.);
#913=EDGE_CURVE('',#759,#760,#452,.T.);
#914=EDGE_CURVE('',#760,#760,#357,.T.);
#915=EDGE_CURVE('',#725,#761,#453,.T.);
#916=EDGE_CURVE('',#761,#762,#454,.T.);
#917=EDGE_CURVE('',#762,#763,#455,.T.);
#918=EDGE_CURVE('',#763,#764,#456,.T.);
#919=EDGE_CURVE('',#764,#765,#358,.T.);
#920=EDGE_CURVE('',#766,#765,#457,.T.);
#921=EDGE_CURVE('',#766,#744,#359,.T.);
#922=EDGE_CURVE('',#767,#767,#360,.T.);
#923=EDGE_CURVE('',#768,#768,#361,.T.);
#924=EDGE_CURVE('',#769,#769,#362,.T.);
#925=EDGE_CURVE('',#770,#770,#363,.T.);
#926=EDGE_CURVE('',#771,#771,#364,.T.);
#927=EDGE_CURVE('',#772,#772,#365,.T.);
#928=EDGE_CURVE('',#773,#773,#366,.T.);
#929=EDGE_CURVE('',#774,#774,#367,.T.);
#930=EDGE_CURVE('',#775,#775,#368,.T.);
#931=EDGE_CURVE('',#776,#776,#369,.T.);
#932=EDGE_CURVE('',#737,#777,#458,.T.);
#933=EDGE_CURVE('',#777,#778,#459,.T.);
#934=EDGE_CURVE('',#778,#738,#460,.T.);
#935=EDGE_CURVE('',#779,#780,#370,.T.);
#936=EDGE_CURVE('',#780,#781,#461,.T.);
#937=EDGE_CURVE('',#781,#782,#371,.T.);
#938=EDGE_CURVE('',#782,#779,#462,.T.);
#939=EDGE_CURVE('',#783,#781,#463,.T.);
#940=EDGE_CURVE('',#784,#783,#372,.T.);
#941=EDGE_CURVE('',#785,#784,#464,.T.);
#942=EDGE_CURVE('',#763,#785,#373,.T.);
#943=EDGE_CURVE('',#786,#762,#465,.T.);
#944=EDGE_CURVE('',#786,#782,#466,.T.);
#945=EDGE_CURVE('',#787,#788,#467,.T.);
#946=EDGE_CURVE('',#788,#789,#374,.T.);
#947=EDGE_CURVE('',#789,#790,#468,.T.);
#948=EDGE_CURVE('',#790,#787,#375,.T.);
#949=EDGE_CURVE('',#791,#780,#469,.T.);
#950=EDGE_CURVE('',#783,#791,#470,.T.);
#951=EDGE_CURVE('',#791,#792,#376,.T.);
#952=EDGE_CURVE('',#792,#784,#471,.T.);
#953=EDGE_CURVE('',#793,#794,#377,.T.);
#954=EDGE_CURVE('',#794,#795,#472,.T.);
#955=EDGE_CURVE('',#795,#796,#378,.T.);
#956=EDGE_CURVE('',#796,#793,#473,.T.);
#957=EDGE_CURVE('',#779,#797,#474,.T.);
#958=EDGE_CURVE('',#798,#797,#475,.T.);
#959=EDGE_CURVE('',#739,#798,#476,.T.);
#960=EDGE_CURVE('',#778,#799,#477,.T.);
#961=EDGE_CURVE('',#799,#796,#478,.T.);
#962=EDGE_CURVE('',#800,#795,#479,.T.);
#963=EDGE_CURVE('',#801,#800,#379,.T.);
#964=EDGE_CURVE('',#802,#801,#480,.T.);
#965=EDGE_CURVE('',#802,#803,#481,.T.);
#966=EDGE_CURVE('',#803,#804,#482,.T.);
#967=EDGE_CURVE('',#805,#804,#380,.T.);
#968=EDGE_CURVE('',#805,#792,#483,.T.);
#969=EDGE_CURVE('',#806,#807,#484,.T.);
#970=EDGE_CURVE('',#807,#808,#381,.T.);
#971=EDGE_CURVE('',#808,#809,#485,.T.);
#972=EDGE_CURVE('',#809,#806,#382,.T.);
#973=EDGE_CURVE('',#810,#811,#486,.T.);
#974=EDGE_CURVE('',#811,#812,#383,.T.);
#975=EDGE_CURVE('',#812,#813,#487,.T.);
#976=EDGE_CURVE('',#813,#810,#384,.T.);
#977=EDGE_CURVE('',#814,#794,#488,.T.);
#978=EDGE_CURVE('',#800,#814,#489,.T.);
#979=EDGE_CURVE('',#814,#815,#385,.T.);
#980=EDGE_CURVE('',#815,#801,#490,.T.);
#981=EDGE_CURVE('',#816,#806,#491,.T.);
#982=EDGE_CURVE('',#817,#816,#492,.T.);
#983=EDGE_CURVE('',#817,#807,#493,.T.);
#984=EDGE_CURVE('',#818,#809,#494,.T.);
#985=EDGE_CURVE('',#816,#818,#386,.T.);
#986=EDGE_CURVE('',#819,#808,#495,.T.);
#987=EDGE_CURVE('',#818,#819,#496,.T.);
#988=EDGE_CURVE('',#819,#817,#387,.T.);
#989=EDGE_CURVE('',#793,#820,#497,.T.);
#990=EDGE_CURVE('',#820,#821,#498,.T.);
#991=EDGE_CURVE('',#822,#821,#499,.T.);
#992=EDGE_CURVE('',#822,#815,#500,.T.);
#993=EDGE_CURVE('',#790,#812,#501,.T.);
#994=EDGE_CURVE('',#789,#813,#502,.T.);
#995=EDGE_CURVE('',#788,#810,#503,.T.);
#996=EDGE_CURVE('',#787,#811,#504,.T.);
#997=EDGE_CURVE('',#799,#823,#505,.T.);
#998=EDGE_CURVE('',#823,#820,#506,.T.);
#999=EDGE_CURVE('',#786,#797,#507,.T.);
#1000=EDGE_CURVE('',#761,#786,#508,.T.);
#1001=EDGE_CURVE('',#724,#786,#509,.T.);
#1002=EDGE_CURVE('',#777,#823,#510,.T.);
#1003=EDGE_CURVE('',#820,#758,#511,.T.);
#1004=EDGE_CURVE('',#745,#766,#512,.T.);
#1005=EDGE_CURVE('',#798,#824,#513,.T.);
#1006=EDGE_CURVE('',#824,#740,#514,.T.);
#1007=EDGE_CURVE('',#825,#825,#388,.T.);
#1008=EDGE_CURVE('',#785,#805,#515,.T.);
#1009=EDGE_CURVE('',#825,#723,#516,.T.);
#1010=EDGE_CURVE('',#826,#730,#517,.T.);
#1011=EDGE_CURVE('',#757,#826,#518,.T.);
#1012=EDGE_CURVE('',#827,#735,#389,.T.);
#1013=EDGE_CURVE('',#828,#827,#519,.T.);
#1014=EDGE_CURVE('',#824,#828,#390,.T.);
#1015=EDGE_CURVE('',#829,#829,#391,.T.);
#1016=EDGE_CURVE('',#829,#767,#520,.T.);
#1017=EDGE_CURVE('',#827,#742,#521,.T.);
#1018=EDGE_CURVE('',#830,#830,#392,.T.);
#1019=EDGE_CURVE('',#830,#768,#522,.T.);
#1020=EDGE_CURVE('',#831,#831,#393,.T.);
#1021=EDGE_CURVE('',#831,#769,#523,.T.);
#1022=EDGE_CURVE('',#832,#832,#394,.T.);
#1023=EDGE_CURVE('',#832,#770,#524,.T.);
#1024=EDGE_CURVE('',#833,#833,#395,.T.);
#1025=EDGE_CURVE('',#833,#771,#525,.T.);
#1026=EDGE_CURVE('',#834,#834,#396,.T.);
#1027=EDGE_CURVE('',#834,#772,#526,.T.);
#1028=EDGE_CURVE('',#835,#729,#527,.T.);
#1029=EDGE_CURVE('',#835,#836,#397,.T.);
#1030=EDGE_CURVE('',#836,#837,#398,.T.);
#1031=EDGE_CURVE('',#838,#837,#528,.T.);
#1032=EDGE_CURVE('',#839,#838,#399,.T.);
#1033=EDGE_CURVE('',#840,#839,#529,.T.);
#1034=EDGE_CURVE('',#841,#840,#400,.T.);
#1035=EDGE_CURVE('',#842,#841,#530,.T.);
#1036=EDGE_CURVE('',#843,#842,#401,.T.);
#1037=EDGE_CURVE('',#844,#843,#531,.T.);
#1038=EDGE_CURVE('',#845,#844,#402,.T.);
#1039=EDGE_CURVE('',#846,#845,#403,.T.);
#1040=EDGE_CURVE('',#847,#846,#532,.T.);
#1041=EDGE_CURVE('',#848,#847,#404,.T.);
#1042=EDGE_CURVE('',#849,#848,#533,.T.);
#1043=EDGE_CURVE('',#850,#849,#405,.T.);
#1044=EDGE_CURVE('',#851,#850,#534,.T.);
#1045=EDGE_CURVE('',#852,#851,#406,.T.);
#1046=EDGE_CURVE('',#853,#852,#535,.T.);
#1047=EDGE_CURVE('',#826,#853,#407,.T.);
#1048=EDGE_CURVE('',#854,#854,#408,.T.);
#1049=EDGE_CURVE('',#855,#855,#409,.T.);
#1050=EDGE_CURVE('',#856,#856,#410,.T.);
#1051=EDGE_CURVE('',#765,#746,#536,.T.);
#1052=EDGE_CURVE('',#764,#857,#537,.T.);
#1053=EDGE_CURVE('',#747,#857,#411,.T.);
#1054=EDGE_CURVE('',#845,#747,#538,.T.);
#1055=EDGE_CURVE('',#845,#747,#539,.T.);
#1056=EDGE_CURVE('',#857,#803,#540,.T.);
#1057=EDGE_CURVE('',#804,#763,#541,.T.);
#1058=EDGE_CURVE('',#748,#844,#542,.T.);
#1059=EDGE_CURVE('',#753,#839,#543,.T.);
#1060=EDGE_CURVE('',#752,#840,#544,.T.);
#1061=EDGE_CURVE('',#751,#841,#545,.T.);
#1062=EDGE_CURVE('',#750,#842,#546,.T.);
#1063=EDGE_CURVE('',#749,#843,#547,.T.);
#1064=EDGE_CURVE('',#858,#747,#412,.T.);
#1065=EDGE_CURVE('',#858,#846,#548,.T.);
#1066=EDGE_CURVE('',#859,#858,#549,.T.);
#1067=EDGE_CURVE('',#859,#847,#550,.T.);
#1068=EDGE_CURVE('',#860,#859,#413,.T.);
#1069=EDGE_CURVE('',#860,#848,#551,.T.);
#1070=EDGE_CURVE('',#861,#860,#552,.T.);
#1071=EDGE_CURVE('',#861,#849,#553,.T.);
#1072=EDGE_CURVE('',#862,#861,#414,.T.);
#1073=EDGE_CURVE('',#862,#850,#554,.T.);
#1074=EDGE_CURVE('',#863,#862,#555,.T.);
#1075=EDGE_CURVE('',#863,#851,#556,.T.);
#1076=EDGE_CURVE('',#864,#863,#415,.T.);
#1077=EDGE_CURVE('',#864,#852,#557,.T.);
#1078=EDGE_CURVE('',#758,#853,#558,.T.);
#1079=EDGE_CURVE('',#821,#864,#559,.T.);
#1080=EDGE_CURVE('',#754,#838,#560,.T.);
#1081=EDGE_CURVE('',#773,#836,#561,.T.);
#1082=EDGE_CURVE('',#756,#835,#562,.T.);
#1083=EDGE_CURVE('',#837,#755,#563,.T.);
#1084=EDGE_CURVE('',#802,#822,#564,.T.);
#1085=EDGE_CURVE('',#854,#776,#565,.T.);
#1086=EDGE_CURVE('',#856,#775,#566,.T.);
#1087=EDGE_CURVE('',#855,#774,#567,.T.);
#1088=EDGE_CURVE('',#828,#741,#568,.T.);
#1089=EDGE_CURVE('',#865,#865,#416,.T.);
#1090=EDGE_CURVE('',#866,#866,#417,.T.);
#1091=EDGE_CURVE('',#866,#865,#569,.T.);
#1092=EDGE_CURVE('',#867,#867,#418,.T.);
#1093=EDGE_CURVE('',#867,#868,#570,.T.);
#1094=EDGE_CURVE('',#868,#868,#419,.T.);
#1095=ORIENTED_EDGE('',*,*,#869,.F.);
#1096=ORIENTED_EDGE('',*,*,#870,.F.);
#1097=ORIENTED_EDGE('',*,*,#871,.T.);
#1098=ORIENTED_EDGE('',*,*,#872,.T.);
#1099=ORIENTED_EDGE('',*,*,#873,.F.);
#1100=ORIENTED_EDGE('',*,*,#874,.T.);
#1101=ORIENTED_EDGE('',*,*,#875,.T.);
#1102=ORIENTED_EDGE('',*,*,#876,.T.);
#1103=ORIENTED_EDGE('',*,*,#877,.T.);
#1104=ORIENTED_EDGE('',*,*,#878,.T.);
#1105=ORIENTED_EDGE('',*,*,#879,.T.);
#1106=ORIENTED_EDGE('',*,*,#880,.F.);
#1107=ORIENTED_EDGE('',*,*,#881,.F.);
#1108=ORIENTED_EDGE('',*,*,#882,.T.);
#1109=ORIENTED_EDGE('',*,*,#883,.T.);
#1110=ORIENTED_EDGE('',*,*,#869,.T.);
#1111=ORIENTED_EDGE('',*,*,#881,.T.);
#1112=ORIENTED_EDGE('',*,*,#884,.T.);
#1113=ORIENTED_EDGE('',*,*,#885,.F.);
#1114=ORIENTED_EDGE('',*,*,#884,.F.);
#1115=ORIENTED_EDGE('',*,*,#880,.T.);
#1116=ORIENTED_EDGE('',*,*,#886,.T.);
#1117=ORIENTED_EDGE('',*,*,#887,.F.);
#1118=ORIENTED_EDGE('',*,*,#888,.T.);
#1119=ORIENTED_EDGE('',*,*,#889,.T.);
#1120=ORIENTED_EDGE('',*,*,#890,.T.);
#1121=ORIENTED_EDGE('',*,*,#891,.T.);
#1122=ORIENTED_EDGE('',*,*,#892,.T.);
#1123=ORIENTED_EDGE('',*,*,#893,.T.);
#1124=ORIENTED_EDGE('',*,*,#873,.T.);
#1125=ORIENTED_EDGE('',*,*,#894,.T.);
#1126=ORIENTED_EDGE('',*,*,#895,.F.);
#1127=ORIENTED_EDGE('',*,*,#893,.F.);
#1128=ORIENTED_EDGE('',*,*,#896,.T.);
#1129=ORIENTED_EDGE('',*,*,#897,.T.);
#1130=ORIENTED_EDGE('',*,*,#898,.T.);
#1131=ORIENTED_EDGE('',*,*,#899,.T.);
#1132=ORIENTED_EDGE('',*,*,#900,.T.);
#1133=ORIENTED_EDGE('',*,*,#901,.T.);
#1134=ORIENTED_EDGE('',*,*,#902,.T.);
#1135=ORIENTED_EDGE('',*,*,#903,.T.);
#1136=ORIENTED_EDGE('',*,*,#904,.T.);
#1137=ORIENTED_EDGE('',*,*,#905,.T.);
#1138=ORIENTED_EDGE('',*,*,#906,.T.);
#1139=ORIENTED_EDGE('',*,*,#907,.T.);
#1140=ORIENTED_EDGE('',*,*,#908,.T.);
#1141=ORIENTED_EDGE('',*,*,#874,.F.);
#1142=ORIENTED_EDGE('',*,*,#909,.T.);
#1143=ORIENTED_EDGE('',*,*,#910,.T.);
#1144=ORIENTED_EDGE('',*,*,#911,.T.);
#1145=ORIENTED_EDGE('',*,*,#878,.F.);
#1146=ORIENTED_EDGE('',*,*,#912,.F.);
#1147=ORIENTED_EDGE('',*,*,#913,.T.);
#1148=ORIENTED_EDGE('',*,*,#914,.F.);
#1149=ORIENTED_EDGE('',*,*,#913,.F.);
#1150=ORIENTED_EDGE('',*,*,#894,.F.);
#1151=ORIENTED_EDGE('',*,*,#872,.F.);
#1152=ORIENTED_EDGE('',*,*,#915,.T.);
#1153=ORIENTED_EDGE('',*,*,#916,.T.);
#1154=ORIENTED_EDGE('',*,*,#917,.T.);
#1155=ORIENTED_EDGE('',*,*,#918,.T.);
#1156=ORIENTED_EDGE('',*,*,#919,.T.);
#1157=ORIENTED_EDGE('',*,*,#920,.F.);
#1158=ORIENTED_EDGE('',*,*,#921,.T.);
#1159=ORIENTED_EDGE('',*,*,#922,.F.);
#1160=ORIENTED_EDGE('',*,*,#923,.T.);
#1161=ORIENTED_EDGE('',*,*,#924,.T.);
#1162=ORIENTED_EDGE('',*,*,#925,.T.);
#1163=ORIENTED_EDGE('',*,*,#926,.T.);
#1164=ORIENTED_EDGE('',*,*,#927,.T.);
#1165=ORIENTED_EDGE('',*,*,#914,.T.);
#1166=ORIENTED_EDGE('',*,*,#928,.T.);
#1167=ORIENTED_EDGE('',*,*,#929,.T.);
#1168=ORIENTED_EDGE('',*,*,#930,.T.);
#1169=ORIENTED_EDGE('',*,*,#931,.T.);
#1170=ORIENTED_EDGE('',*,*,#887,.T.);
#1171=ORIENTED_EDGE('',*,*,#932,.T.);
#1172=ORIENTED_EDGE('',*,*,#933,.T.);
#1173=ORIENTED_EDGE('',*,*,#934,.T.);
#1174=ORIENTED_EDGE('',*,*,#935,.T.);
#1175=ORIENTED_EDGE('',*,*,#936,.T.);
#1176=ORIENTED_EDGE('',*,*,#937,.T.);
#1177=ORIENTED_EDGE('',*,*,#938,.T.);
#1178=ORIENTED_EDGE('',*,*,#937,.F.);
#1179=ORIENTED_EDGE('',*,*,#939,.F.);
#1180=ORIENTED_EDGE('',*,*,#940,.F.);
#1181=ORIENTED_EDGE('',*,*,#941,.F.);
#1182=ORIENTED_EDGE('',*,*,#942,.F.);
#1183=ORIENTED_EDGE('',*,*,#917,.F.);
#1184=ORIENTED_EDGE('',*,*,#943,.F.);
#1185=ORIENTED_EDGE('',*,*,#944,.T.);
#1186=ORIENTED_EDGE('',*,*,#945,.T.);
#1187=ORIENTED_EDGE('',*,*,#946,.T.);
#1188=ORIENTED_EDGE('',*,*,#947,.T.);
#1189=ORIENTED_EDGE('',*,*,#948,.T.);
#1190=ORIENTED_EDGE('',*,*,#936,.F.);
#1191=ORIENTED_EDGE('',*,*,#949,.F.);
#1192=ORIENTED_EDGE('',*,*,#950,.F.);
#1193=ORIENTED_EDGE('',*,*,#939,.T.);
#1194=ORIENTED_EDGE('',*,*,#951,.T.);
#1195=ORIENTED_EDGE('',*,*,#952,.T.);
#1196=ORIENTED_EDGE('',*,*,#940,.T.);
#1197=ORIENTED_EDGE('',*,*,#950,.T.);
#1198=ORIENTED_EDGE('',*,*,#953,.T.);
#1199=ORIENTED_EDGE('',*,*,#954,.T.);
#1200=ORIENTED_EDGE('',*,*,#955,.T.);
#1201=ORIENTED_EDGE('',*,*,#956,.T.);
#1202=ORIENTED_EDGE('',*,*,#935,.F.);
#1203=ORIENTED_EDGE('',*,*,#957,.T.);
#1204=ORIENTED_EDGE('',*,*,#958,.F.);
#1205=ORIENTED_EDGE('',*,*,#959,.F.);
#1206=ORIENTED_EDGE('',*,*,#888,.F.);
#1207=ORIENTED_EDGE('',*,*,#934,.F.);
#1208=ORIENTED_EDGE('',*,*,#960,.T.);
#1209=ORIENTED_EDGE('',*,*,#961,.T.);
#1210=ORIENTED_EDGE('',*,*,#955,.F.);
#1211=ORIENTED_EDGE('',*,*,#962,.F.);
#1212=ORIENTED_EDGE('',*,*,#963,.F.);
#1213=ORIENTED_EDGE('',*,*,#964,.F.);
#1214=ORIENTED_EDGE('',*,*,#965,.T.);
#1215=ORIENTED_EDGE('',*,*,#966,.T.);
#1216=ORIENTED_EDGE('',*,*,#967,.F.);
#1217=ORIENTED_EDGE('',*,*,#968,.T.);
#1218=ORIENTED_EDGE('',*,*,#951,.F.);
#1219=ORIENTED_EDGE('',*,*,#949,.T.);
#1220=ORIENTED_EDGE('',*,*,#969,.T.);
#1221=ORIENTED_EDGE('',*,*,#970,.T.);
#1222=ORIENTED_EDGE('',*,*,#971,.T.);
#1223=ORIENTED_EDGE('',*,*,#972,.T.);
#1224=ORIENTED_EDGE('',*,*,#973,.T.);
#1225=ORIENTED_EDGE('',*,*,#974,.T.);
#1226=ORIENTED_EDGE('',*,*,#975,.T.);
#1227=ORIENTED_EDGE('',*,*,#976,.T.);
#1228=ORIENTED_EDGE('',*,*,#954,.F.);
#1229=ORIENTED_EDGE('',*,*,#977,.F.);
#1230=ORIENTED_EDGE('',*,*,#978,.F.);
#1231=ORIENTED_EDGE('',*,*,#962,.T.);
#1232=ORIENTED_EDGE('',*,*,#963,.T.);
#1233=ORIENTED_EDGE('',*,*,#978,.T.);
#1234=ORIENTED_EDGE('',*,*,#979,.T.);
#1235=ORIENTED_EDGE('',*,*,#980,.T.);
#1236=ORIENTED_EDGE('',*,*,#969,.F.);
#1237=ORIENTED_EDGE('',*,*,#981,.F.);
#1238=ORIENTED_EDGE('',*,*,#982,.F.);
#1239=ORIENTED_EDGE('',*,*,#983,.T.);
#1240=ORIENTED_EDGE('',*,*,#972,.F.);
#1241=ORIENTED_EDGE('',*,*,#984,.F.);
#1242=ORIENTED_EDGE('',*,*,#985,.F.);
#1243=ORIENTED_EDGE('',*,*,#981,.T.);
#1244=ORIENTED_EDGE('',*,*,#971,.F.);
#1245=ORIENTED_EDGE('',*,*,#986,.F.);
#1246=ORIENTED_EDGE('',*,*,#987,.F.);
#1247=ORIENTED_EDGE('',*,*,#984,.T.);
#1248=ORIENTED_EDGE('',*,*,#983,.F.);
#1249=ORIENTED_EDGE('',*,*,#988,.F.);
#1250=ORIENTED_EDGE('',*,*,#986,.T.);
#1251=ORIENTED_EDGE('',*,*,#970,.F.);
#1252=ORIENTED_EDGE('',*,*,#953,.F.);
#1253=ORIENTED_EDGE('',*,*,#989,.T.);
#1254=ORIENTED_EDGE('',*,*,#990,.T.);
#1255=ORIENTED_EDGE('',*,*,#991,.F.);
#1256=ORIENTED_EDGE('',*,*,#992,.T.);
#1257=ORIENTED_EDGE('',*,*,#979,.F.);
#1258=ORIENTED_EDGE('',*,*,#977,.T.);
#1259=ORIENTED_EDGE('',*,*,#982,.T.);
#1260=ORIENTED_EDGE('',*,*,#985,.T.);
#1261=ORIENTED_EDGE('',*,*,#987,.T.);
#1262=ORIENTED_EDGE('',*,*,#988,.T.);
#1263=ORIENTED_EDGE('',*,*,#975,.F.);
#1264=ORIENTED_EDGE('',*,*,#993,.F.);
#1265=ORIENTED_EDGE('',*,*,#947,.F.);
#1266=ORIENTED_EDGE('',*,*,#994,.T.);
#1267=ORIENTED_EDGE('',*,*,#973,.F.);
#1268=ORIENTED_EDGE('',*,*,#995,.F.);
#1269=ORIENTED_EDGE('',*,*,#945,.F.);
#1270=ORIENTED_EDGE('',*,*,#996,.T.);
#1271=ORIENTED_EDGE('',*,*,#974,.F.);
#1272=ORIENTED_EDGE('',*,*,#996,.F.);
#1273=ORIENTED_EDGE('',*,*,#948,.F.);
#1274=ORIENTED_EDGE('',*,*,#993,.T.);
#1275=ORIENTED_EDGE('',*,*,#995,.T.);
#1276=ORIENTED_EDGE('',*,*,#976,.F.);
#1277=ORIENTED_EDGE('',*,*,#994,.F.);
#1278=ORIENTED_EDGE('',*,*,#946,.F.);
#1279=ORIENTED_EDGE('',*,*,#956,.F.);
#1280=ORIENTED_EDGE('',*,*,#961,.F.);
#1281=ORIENTED_EDGE('',*,*,#997,.T.);
#1282=ORIENTED_EDGE('',*,*,#998,.T.);
#1283=ORIENTED_EDGE('',*,*,#989,.F.);
#1284=ORIENTED_EDGE('',*,*,#938,.F.);
#1285=ORIENTED_EDGE('',*,*,#944,.F.);
#1286=ORIENTED_EDGE('',*,*,#999,.T.);
#1287=ORIENTED_EDGE('',*,*,#957,.F.);
#1288=ORIENTED_EDGE('',*,*,#943,.T.);
#1289=ORIENTED_EDGE('',*,*,#916,.F.);
#1290=ORIENTED_EDGE('',*,*,#1000,.T.);
#1291=ORIENTED_EDGE('',*,*,#1000,.F.);
#1292=ORIENTED_EDGE('',*,*,#915,.F.);
#1293=ORIENTED_EDGE('',*,*,#871,.F.);
#1294=ORIENTED_EDGE('',*,*,#1001,.T.);
#1295=ORIENTED_EDGE('',*,*,#997,.F.);
#1296=ORIENTED_EDGE('',*,*,#960,.F.);
#1297=ORIENTED_EDGE('',*,*,#933,.F.);
#1298=ORIENTED_EDGE('',*,*,#1002,.T.);
#1299=ORIENTED_EDGE('',*,*,#998,.F.);
#1300=ORIENTED_EDGE('',*,*,#1002,.F.);
#1301=ORIENTED_EDGE('',*,*,#932,.F.);
#1302=ORIENTED_EDGE('',*,*,#886,.F.);
#1303=ORIENTED_EDGE('',*,*,#879,.F.);
#1304=ORIENTED_EDGE('',*,*,#911,.F.);
#1305=ORIENTED_EDGE('',*,*,#1003,.F.);
#1306=ORIENTED_EDGE('',*,*,#921,.F.);
#1307=ORIENTED_EDGE('',*,*,#1004,.F.);
#1308=ORIENTED_EDGE('',*,*,#896,.F.);
#1309=ORIENTED_EDGE('',*,*,#895,.T.);
#1310=ORIENTED_EDGE('',*,*,#959,.T.);
#1311=ORIENTED_EDGE('',*,*,#1005,.T.);
#1312=ORIENTED_EDGE('',*,*,#1006,.T.);
#1313=ORIENTED_EDGE('',*,*,#889,.F.);
#1314=ORIENTED_EDGE('',*,*,#1007,.T.);
#1315=ORIENTED_EDGE('',*,*,#952,.F.);
#1316=ORIENTED_EDGE('',*,*,#968,.F.);
#1317=ORIENTED_EDGE('',*,*,#1008,.F.);
#1318=ORIENTED_EDGE('',*,*,#941,.T.);
#1319=ORIENTED_EDGE('',*,*,#1007,.F.);
#1320=ORIENTED_EDGE('',*,*,#1009,.T.);
#1321=ORIENTED_EDGE('',*,*,#882,.F.);
#1322=ORIENTED_EDGE('',*,*,#1009,.F.);
#1323=ORIENTED_EDGE('',*,*,#1010,.F.);
#1324=ORIENTED_EDGE('',*,*,#1011,.F.);
#1325=ORIENTED_EDGE('',*,*,#909,.F.);
#1326=ORIENTED_EDGE('',*,*,#877,.F.);
#1327=ORIENTED_EDGE('',*,*,#883,.F.);
#1328=ORIENTED_EDGE('',*,*,#1012,.F.);
#1329=ORIENTED_EDGE('',*,*,#1013,.F.);
#1330=ORIENTED_EDGE('',*,*,#1014,.F.);
#1331=ORIENTED_EDGE('',*,*,#1005,.F.);
#1332=ORIENTED_EDGE('',*,*,#958,.T.);
#1333=ORIENTED_EDGE('',*,*,#999,.F.);
#1334=ORIENTED_EDGE('',*,*,#1001,.F.);
#1335=ORIENTED_EDGE('',*,*,#870,.T.);
#1336=ORIENTED_EDGE('',*,*,#1015,.T.);
#1337=ORIENTED_EDGE('',*,*,#1016,.T.);
#1338=ORIENTED_EDGE('',*,*,#922,.T.);
#1339=ORIENTED_EDGE('',*,*,#1016,.F.);
#1340=ORIENTED_EDGE('',*,*,#1015,.F.);
#1341=ORIENTED_EDGE('',*,*,#1012,.T.);
#1342=ORIENTED_EDGE('',*,*,#885,.T.);
#1343=ORIENTED_EDGE('',*,*,#892,.F.);
#1344=ORIENTED_EDGE('',*,*,#1017,.F.);
#1345=ORIENTED_EDGE('',*,*,#1018,.T.);
#1346=ORIENTED_EDGE('',*,*,#1019,.T.);
#1347=ORIENTED_EDGE('',*,*,#923,.F.);
#1348=ORIENTED_EDGE('',*,*,#1019,.F.);
#1349=ORIENTED_EDGE('',*,*,#1018,.F.);
#1350=ORIENTED_EDGE('',*,*,#1020,.T.);
#1351=ORIENTED_EDGE('',*,*,#1021,.T.);
#1352=ORIENTED_EDGE('',*,*,#924,.F.);
#1353=ORIENTED_EDGE('',*,*,#1021,.F.);
#1354=ORIENTED_EDGE('',*,*,#1020,.F.);
#1355=ORIENTED_EDGE('',*,*,#1022,.T.);
#1356=ORIENTED_EDGE('',*,*,#1023,.T.);
#1357=ORIENTED_EDGE('',*,*,#925,.F.);
#1358=ORIENTED_EDGE('',*,*,#1023,.F.);
#1359=ORIENTED_EDGE('',*,*,#1022,.F.);
#1360=ORIENTED_EDGE('',*,*,#1024,.T.);
#1361=ORIENTED_EDGE('',*,*,#1025,.T.);
#1362=ORIENTED_EDGE('',*,*,#926,.F.);
#1363=ORIENTED_EDGE('',*,*,#1025,.F.);
#1364=ORIENTED_EDGE('',*,*,#1024,.F.);
#1365=ORIENTED_EDGE('',*,*,#1026,.T.);
#1366=ORIENTED_EDGE('',*,*,#1027,.T.);
#1367=ORIENTED_EDGE('',*,*,#927,.F.);
#1368=ORIENTED_EDGE('',*,*,#1027,.F.);
#1369=ORIENTED_EDGE('',*,*,#1026,.F.);
#1370=ORIENTED_EDGE('',*,*,#1028,.F.);
#1371=ORIENTED_EDGE('',*,*,#1029,.T.);
#1372=ORIENTED_EDGE('',*,*,#1030,.T.);
#1373=ORIENTED_EDGE('',*,*,#1031,.F.);
#1374=ORIENTED_EDGE('',*,*,#1032,.F.);
#1375=ORIENTED_EDGE('',*,*,#1033,.F.);
#1376=ORIENTED_EDGE('',*,*,#1034,.F.);
#1377=ORIENTED_EDGE('',*,*,#1035,.F.);
#1378=ORIENTED_EDGE('',*,*,#1036,.F.);
#1379=ORIENTED_EDGE('',*,*,#1037,.F.);
#1380=ORIENTED_EDGE('',*,*,#1038,.F.);
#1381=ORIENTED_EDGE('',*,*,#1039,.F.);
#1382=ORIENTED_EDGE('',*,*,#1040,.F.);
#1383=ORIENTED_EDGE('',*,*,#1041,.F.);
#1384=ORIENTED_EDGE('',*,*,#1042,.F.);
#1385=ORIENTED_EDGE('',*,*,#1043,.F.);
#1386=ORIENTED_EDGE('',*,*,#1044,.F.);
#1387=ORIENTED_EDGE('',*,*,#1045,.F.);
#1388=ORIENTED_EDGE('',*,*,#1046,.F.);
#1389=ORIENTED_EDGE('',*,*,#1047,.F.);
#1390=ORIENTED_EDGE('',*,*,#1010,.T.);
#1391=ORIENTED_EDGE('',*,*,#876,.F.);
#1392=ORIENTED_EDGE('',*,*,#912,.T.);
#1393=ORIENTED_EDGE('',*,*,#1048,.T.);
#1394=ORIENTED_EDGE('',*,*,#1049,.T.);
#1395=ORIENTED_EDGE('',*,*,#1050,.T.);
#1396=ORIENTED_EDGE('',*,*,#898,.F.);
#1397=ORIENTED_EDGE('',*,*,#1051,.F.);
#1398=ORIENTED_EDGE('',*,*,#919,.F.);
#1399=ORIENTED_EDGE('',*,*,#1052,.T.);
#1400=ORIENTED_EDGE('',*,*,#1053,.F.);
#1401=ORIENTED_EDGE('',*,*,#1054,.F.);
#1402=ORIENTED_EDGE('',*,*,#1055,.T.);
#1403=ORIENTED_EDGE('',*,*,#1056,.F.);
#1404=ORIENTED_EDGE('',*,*,#1052,.F.);
#1405=ORIENTED_EDGE('',*,*,#918,.F.);
#1406=ORIENTED_EDGE('',*,*,#1057,.F.);
#1407=ORIENTED_EDGE('',*,*,#966,.F.);
#1408=ORIENTED_EDGE('',*,*,#1051,.T.);
#1409=ORIENTED_EDGE('',*,*,#897,.F.);
#1410=ORIENTED_EDGE('',*,*,#1004,.T.);
#1411=ORIENTED_EDGE('',*,*,#920,.T.);
#1412=ORIENTED_EDGE('',*,*,#1055,.F.);
#1413=ORIENTED_EDGE('',*,*,#1038,.T.);
#1414=ORIENTED_EDGE('',*,*,#1058,.F.);
#1415=ORIENTED_EDGE('',*,*,#899,.F.);
#1416=ORIENTED_EDGE('',*,*,#1033,.T.);
#1417=ORIENTED_EDGE('',*,*,#1059,.F.);
#1418=ORIENTED_EDGE('',*,*,#904,.F.);
#1419=ORIENTED_EDGE('',*,*,#1060,.T.);
#1420=ORIENTED_EDGE('',*,*,#1034,.T.);
#1421=ORIENTED_EDGE('',*,*,#1060,.F.);
#1422=ORIENTED_EDGE('',*,*,#903,.F.);
#1423=ORIENTED_EDGE('',*,*,#1061,.T.);
#1424=ORIENTED_EDGE('',*,*,#1035,.T.);
#1425=ORIENTED_EDGE('',*,*,#1061,.F.);
#1426=ORIENTED_EDGE('',*,*,#902,.F.);
#1427=ORIENTED_EDGE('',*,*,#1062,.T.);
#1428=ORIENTED_EDGE('',*,*,#1036,.T.);
#1429=ORIENTED_EDGE('',*,*,#1062,.F.);
#1430=ORIENTED_EDGE('',*,*,#901,.F.);
#1431=ORIENTED_EDGE('',*,*,#1063,.T.);
#1432=ORIENTED_EDGE('',*,*,#1037,.T.);
#1433=ORIENTED_EDGE('',*,*,#1063,.F.);
#1434=ORIENTED_EDGE('',*,*,#900,.F.);
#1435=ORIENTED_EDGE('',*,*,#1058,.T.);
#1436=ORIENTED_EDGE('',*,*,#1054,.T.);
#1437=ORIENTED_EDGE('',*,*,#1064,.F.);
#1438=ORIENTED_EDGE('',*,*,#1065,.T.);
#1439=ORIENTED_EDGE('',*,*,#1039,.T.);
#1440=ORIENTED_EDGE('',*,*,#1040,.T.);
#1441=ORIENTED_EDGE('',*,*,#1065,.F.);
#1442=ORIENTED_EDGE('',*,*,#1066,.F.);
#1443=ORIENTED_EDGE('',*,*,#1067,.T.);
#1444=ORIENTED_EDGE('',*,*,#1041,.T.);
#1445=ORIENTED_EDGE('',*,*,#1067,.F.);
#1446=ORIENTED_EDGE('',*,*,#1068,.F.);
#1447=ORIENTED_EDGE('',*,*,#1069,.T.);
#1448=ORIENTED_EDGE('',*,*,#1042,.T.);
#1449=ORIENTED_EDGE('',*,*,#1069,.F.);
#1450=ORIENTED_EDGE('',*,*,#1070,.F.);
#1451=ORIENTED_EDGE('',*,*,#1071,.T.);
#1452=ORIENTED_EDGE('',*,*,#1043,.T.);
#1453=ORIENTED_EDGE('',*,*,#1071,.F.);
#1454=ORIENTED_EDGE('',*,*,#1072,.F.);
#1455=ORIENTED_EDGE('',*,*,#1073,.T.);
#1456=ORIENTED_EDGE('',*,*,#1044,.T.);
#1457=ORIENTED_EDGE('',*,*,#1073,.F.);
#1458=ORIENTED_EDGE('',*,*,#1074,.F.);
#1459=ORIENTED_EDGE('',*,*,#1075,.T.);
#1460=ORIENTED_EDGE('',*,*,#1045,.T.);
#1461=ORIENTED_EDGE('',*,*,#1075,.F.);
#1462=ORIENTED_EDGE('',*,*,#1076,.F.);
#1463=ORIENTED_EDGE('',*,*,#1077,.T.);
#1464=ORIENTED_EDGE('',*,*,#990,.F.);
#1465=ORIENTED_EDGE('',*,*,#1003,.T.);
#1466=ORIENTED_EDGE('',*,*,#1078,.T.);
#1467=ORIENTED_EDGE('',*,*,#1046,.T.);
#1468=ORIENTED_EDGE('',*,*,#1077,.F.);
#1469=ORIENTED_EDGE('',*,*,#1079,.F.);
#1470=ORIENTED_EDGE('',*,*,#1047,.T.);
#1471=ORIENTED_EDGE('',*,*,#1078,.F.);
#1472=ORIENTED_EDGE('',*,*,#910,.F.);
#1473=ORIENTED_EDGE('',*,*,#1011,.T.);
#1474=ORIENTED_EDGE('',*,*,#1059,.T.);
#1475=ORIENTED_EDGE('',*,*,#1032,.T.);
#1476=ORIENTED_EDGE('',*,*,#1080,.F.);
#1477=ORIENTED_EDGE('',*,*,#905,.F.);
#1478=ORIENTED_EDGE('',*,*,#928,.F.);
#1479=ORIENTED_EDGE('',*,*,#1081,.T.);
#1480=ORIENTED_EDGE('',*,*,#1029,.F.);
#1481=ORIENTED_EDGE('',*,*,#1082,.F.);
#1482=ORIENTED_EDGE('',*,*,#907,.F.);
#1483=ORIENTED_EDGE('',*,*,#1083,.F.);
#1484=ORIENTED_EDGE('',*,*,#1030,.F.);
#1485=ORIENTED_EDGE('',*,*,#1081,.F.);
#1486=ORIENTED_EDGE('',*,*,#980,.F.);
#1487=ORIENTED_EDGE('',*,*,#992,.F.);
#1488=ORIENTED_EDGE('',*,*,#1084,.F.);
#1489=ORIENTED_EDGE('',*,*,#964,.T.);
#1490=ORIENTED_EDGE('',*,*,#1048,.F.);
#1491=ORIENTED_EDGE('',*,*,#1085,.T.);
#1492=ORIENTED_EDGE('',*,*,#931,.F.);
#1493=ORIENTED_EDGE('',*,*,#1085,.F.);
#1494=ORIENTED_EDGE('',*,*,#1050,.F.);
#1495=ORIENTED_EDGE('',*,*,#1086,.T.);
#1496=ORIENTED_EDGE('',*,*,#930,.F.);
#1497=ORIENTED_EDGE('',*,*,#1086,.F.);
#1498=ORIENTED_EDGE('',*,*,#1049,.F.);
#1499=ORIENTED_EDGE('',*,*,#1087,.T.);
#1500=ORIENTED_EDGE('',*,*,#929,.F.);
#1501=ORIENTED_EDGE('',*,*,#1087,.F.);
#1502=ORIENTED_EDGE('',*,*,#942,.T.);
#1503=ORIENTED_EDGE('',*,*,#1008,.T.);
#1504=ORIENTED_EDGE('',*,*,#967,.T.);
#1505=ORIENTED_EDGE('',*,*,#1057,.T.);
#1506=ORIENTED_EDGE('',*,*,#1079,.T.);
#1507=ORIENTED_EDGE('',*,*,#1076,.T.);
#1508=ORIENTED_EDGE('',*,*,#1074,.T.);
#1509=ORIENTED_EDGE('',*,*,#1072,.T.);
#1510=ORIENTED_EDGE('',*,*,#1070,.T.);
#1511=ORIENTED_EDGE('',*,*,#1068,.T.);
#1512=ORIENTED_EDGE('',*,*,#1066,.T.);
#1513=ORIENTED_EDGE('',*,*,#1064,.T.);
#1514=ORIENTED_EDGE('',*,*,#1053,.T.);
#1515=ORIENTED_EDGE('',*,*,#1056,.T.);
#1516=ORIENTED_EDGE('',*,*,#965,.F.);
#1517=ORIENTED_EDGE('',*,*,#1084,.T.);
#1518=ORIENTED_EDGE('',*,*,#991,.T.);
#1519=ORIENTED_EDGE('',*,*,#1014,.T.);
#1520=ORIENTED_EDGE('',*,*,#1088,.T.);
#1521=ORIENTED_EDGE('',*,*,#890,.F.);
#1522=ORIENTED_EDGE('',*,*,#1006,.F.);
#1523=ORIENTED_EDGE('',*,*,#1013,.T.);
#1524=ORIENTED_EDGE('',*,*,#1017,.T.);
#1525=ORIENTED_EDGE('',*,*,#891,.F.);
#1526=ORIENTED_EDGE('',*,*,#1088,.F.);
#1527=ORIENTED_EDGE('',*,*,#1083,.T.);
#1528=ORIENTED_EDGE('',*,*,#906,.F.);
#1529=ORIENTED_EDGE('',*,*,#1080,.T.);
#1530=ORIENTED_EDGE('',*,*,#1031,.T.);
#1531=ORIENTED_EDGE('',*,*,#908,.F.);
#1532=ORIENTED_EDGE('',*,*,#1082,.T.);
#1533=ORIENTED_EDGE('',*,*,#1028,.T.);
#1534=ORIENTED_EDGE('',*,*,#875,.F.);
#1535=ORIENTED_EDGE('',*,*,#1089,.F.);
#1536=ORIENTED_EDGE('',*,*,#1090,.T.);
#1537=ORIENTED_EDGE('',*,*,#1091,.T.);
#1538=ORIENTED_EDGE('',*,*,#1089,.T.);
#1539=ORIENTED_EDGE('',*,*,#1091,.F.);
#1540=ORIENTED_EDGE('',*,*,#1090,.F.);
#1541=ORIENTED_EDGE('',*,*,#1092,.F.);
#1542=ORIENTED_EDGE('',*,*,#1092,.T.);
#1543=ORIENTED_EDGE('',*,*,#1093,.T.);
#1544=ORIENTED_EDGE('',*,*,#1094,.F.);
#1545=ORIENTED_EDGE('',*,*,#1093,.F.);
#1546=ORIENTED_EDGE('',*,*,#1094,.T.);
#1547=PLANE('',#1713);
#1548=PLANE('',#1715);
#1549=PLANE('',#1716);
#1550=PLANE('',#1719);
#1551=PLANE('',#1720);
#1552=PLANE('',#1728);
#1553=PLANE('',#1733);
#1554=PLANE('',#1746);
#1555=PLANE('',#1750);
#1556=PLANE('',#1755);
#1557=PLANE('',#1761);
#1558=PLANE('',#1768);
#1559=PLANE('',#1771);
#1560=PLANE('',#1774);
#1561=PLANE('',#1777);
#1562=PLANE('',#1778);
#1563=PLANE('',#1779);
#1564=PLANE('',#1782);
#1565=PLANE('',#1783);
#1566=PLANE('',#1784);
#1567=PLANE('',#1785);
#1568=PLANE('',#1786);
#1569=PLANE('',#1787);
#1570=PLANE('',#1789);
#1571=PLANE('',#1791);
#1572=PLANE('',#1793);
#1573=PLANE('',#1794);
#1574=PLANE('',#1799);
#1575=PLANE('',#1803);
#1576=PLANE('',#1806);
#1577=PLANE('',#1809);
#1578=PLANE('',#1812);
#1579=PLANE('',#1815);
#1580=PLANE('',#1816);
#1581=PLANE('',#1833);
#1582=PLANE('',#1834);
#1583=PLANE('',#1836);
#1584=PLANE('',#1838);
#1585=PLANE('',#1840);
#1586=PLANE('',#1843);
#1587=PLANE('',#1846);
#1588=PLANE('',#1849);
#1589=PLANE('',#1852);
#1590=PLANE('',#1856);
#1591=PLANE('',#1861);
#1592=PLANE('',#1863);
#1593=PLANE('',#1864);
#1594=PLANE('',#1865);
#1595=PLANE('',#1866);
#1596=PLANE('',#1870);
#1597=PLANE('',#1871);
#1598=PLANE('',#1875);
#1599=ADVANCED_FACE('',(#149),#1547,.T.);
#1600=ADVANCED_FACE('',(#150),#1548,.T.);
#1601=ADVANCED_FACE('',(#151),#1549,.F.);
#1602=ADVANCED_FACE('',(#152),#1550,.T.);
#1603=ADVANCED_FACE('',(#153),#1551,.T.);
#1604=ADVANCED_FACE('',(#154),#1552,.T.);
#1605=ADVANCED_FACE('',(#155),#38,.F.);
#1606=ADVANCED_FACE('',(#156,#18,#19,#20,#21,#22,#23,#24,#25,#26,#27,#28),
#1553,.F.);
#1607=ADVANCED_FACE('',(#157),#1554,.T.);
#1608=ADVANCED_FACE('',(#158),#39,.T.);
#1609=ADVANCED_FACE('',(#159,#29),#1555,.T.);
#1610=ADVANCED_FACE('',(#160),#1556,.F.);
#1611=ADVANCED_FACE('',(#161),#40,.T.);
#1612=ADVANCED_FACE('',(#162),#41,.T.);
#1613=ADVANCED_FACE('',(#163,#30,#31),#1557,.T.);
#1614=ADVANCED_FACE('',(#164),#1558,.T.);
#1615=ADVANCED_FACE('',(#165),#42,.T.);
#1616=ADVANCED_FACE('',(#166),#1559,.T.);
#1617=ADVANCED_FACE('',(#167),#43,.F.);
#1618=ADVANCED_FACE('',(#168),#1560,.T.);
#1619=ADVANCED_FACE('',(#169),#44,.F.);
#1620=ADVANCED_FACE('',(#170,#32),#1561,.F.);
#1621=ADVANCED_FACE('',(#171),#1562,.F.);
#1622=ADVANCED_FACE('',(#172),#1563,.F.);
#1623=ADVANCED_FACE('',(#173),#45,.F.);
#1624=ADVANCED_FACE('',(#174),#46,.F.);
#1625=ADVANCED_FACE('',(#175),#1564,.T.);
#1626=ADVANCED_FACE('',(#176),#1565,.T.);
#1627=ADVANCED_FACE('',(#177),#1566,.F.);
#1628=ADVANCED_FACE('',(#178),#1567,.T.);
#1629=ADVANCED_FACE('',(#179),#1568,.T.);
#1630=ADVANCED_FACE('',(#180),#1569,.T.);
#1631=ADVANCED_FACE('',(#181),#47,.T.);
#1632=ADVANCED_FACE('',(#182,#33),#1570,.T.);
#1633=ADVANCED_FACE('',(#183),#1571,.T.);
#1634=ADVANCED_FACE('',(#184),#48,.F.);
#1635=ADVANCED_FACE('',(#185),#1572,.F.);
#1636=ADVANCED_FACE('',(#186),#1573,.T.);
#1637=ADVANCED_FACE('',(#187),#49,.F.);
#1638=ADVANCED_FACE('',(#188),#1574,.F.);
#1639=ADVANCED_FACE('',(#189),#50,.T.);
#1640=ADVANCED_FACE('',(#190),#51,.F.);
#1641=ADVANCED_FACE('',(#191),#1575,.F.);
#1642=ADVANCED_FACE('',(#192),#52,.F.);
#1643=ADVANCED_FACE('',(#193),#1576,.F.);
#1644=ADVANCED_FACE('',(#194),#53,.F.);
#1645=ADVANCED_FACE('',(#195),#1577,.F.);
#1646=ADVANCED_FACE('',(#196),#54,.F.);
#1647=ADVANCED_FACE('',(#197),#1578,.F.);
#1648=ADVANCED_FACE('',(#198),#55,.F.);
#1649=ADVANCED_FACE('',(#199),#1579,.F.);
#1650=ADVANCED_FACE('',(#200,#34,#35,#36,#37),#1580,.T.);
#1651=ADVANCED_FACE('',(#201),#56,.T.);
#1652=ADVANCED_FACE('',(#202),#1581,.F.);
#1653=ADVANCED_FACE('',(#203),#1582,.T.);
#1654=ADVANCED_FACE('',(#204),#57,.F.);
#1655=ADVANCED_FACE('',(#205),#1583,.F.);
#1656=ADVANCED_FACE('',(#206),#58,.F.);
#1657=ADVANCED_FACE('',(#207),#1584,.F.);
#1658=ADVANCED_FACE('',(#208),#59,.F.);
#1659=ADVANCED_FACE('',(#209),#1585,.F.);
#1660=ADVANCED_FACE('',(#210),#60,.F.);
#1661=ADVANCED_FACE('',(#211),#1586,.F.);
#1662=ADVANCED_FACE('',(#212),#61,.F.);
#1663=ADVANCED_FACE('',(#213),#1587,.F.);
#1664=ADVANCED_FACE('',(#214),#62,.F.);
#1665=ADVANCED_FACE('',(#215),#1588,.F.);
#1666=ADVANCED_FACE('',(#216),#63,.F.);
#1667=ADVANCED_FACE('',(#217),#1589,.F.);
#1668=ADVANCED_FACE('',(#218),#64,.F.);
#1669=ADVANCED_FACE('',(#219),#65,.F.);
#1670=ADVANCED_FACE('',(#220),#66,.F.);
#1671=ADVANCED_FACE('',(#221),#1590,.F.);
#1672=ADVANCED_FACE('',(#222),#67,.F.);
#1673=ADVANCED_FACE('',(#223),#68,.F.);
#1674=ADVANCED_FACE('',(#224),#69,.F.);
#1675=ADVANCED_FACE('',(#225),#70,.F.);
#1676=ADVANCED_FACE('',(#226),#1591,.T.);
#1677=ADVANCED_FACE('',(#227),#71,.T.);
#1678=ADVANCED_FACE('',(#228),#1592,.T.);
#1679=ADVANCED_FACE('',(#229),#1593,.F.);
#1680=ADVANCED_FACE('',(#230),#1594,.F.);
#1681=ADVANCED_FACE('',(#231),#1595,.T.);
#1682=ADVANCED_FACE('',(#232),#72,.F.);
#1683=ADVANCED_FACE('',(#233),#1596,.F.);
#1684=ADVANCED_FACE('',(#234),#1597,.F.);
#1685=ADVANCED_FACE('',(#235),#73,.F.);
#1686=ADVANCED_FACE('',(#236),#1598,.T.);
#1687=CLOSED_SHELL('',(#1599,#1600,#1601,#1602,#1603,#1604,#1605,#1606,
#1607,#1608,#1609,#1610,#1611,#1612,#1613,#1614,#1615,#1616,#1617,#1618,
#1619,#1620,#1621,#1622,#1623,#1624,#1625,#1626,#1627,#1628,#1629,#1630,
#1631,#1632,#1633,#1634,#1635,#1636,#1637,#1638,#1639,#1640,#1641,#1642,
#1643,#1644,#1645,#1646,#1647,#1648,#1649,#1650,#1651,#1652,#1653,#1654,
#1655,#1656,#1657,#1658,#1659,#1660,#1661,#1662,#1663,#1664,#1665,#1666,
#1667,#1668,#1669,#1670,#1671,#1672,#1673,#1674,#1675,#1676,#1677,#1678,
#1679,#1680));
#1688=CLOSED_SHELL('',(#1681,#1682,#1683));
#1689=CLOSED_SHELL('',(#1684,#1685,#1686));
#1690=BREP_WITH_VOIDS('\X2\5B9E4F53\X0\3',#1687,(#16,#17));
#1691=DERIVED_UNIT_ELEMENT(#1694,1.);
#1692=DERIVED_UNIT_ELEMENT(#2823,-3.);
#1693=DIMENSIONAL_EXPONENTS(0.,1.,0.,0.,0.,0.,0.);
#1694=(
CONVERSION_BASED_UNIT('gram',#1696)
MASS_UNIT()
NAMED_UNIT(#1693)
);
#1695=(
MASS_UNIT()
NAMED_UNIT(*)
SI_UNIT(.KILO.,.GRAM.)
);
#1696=MASS_MEASURE_WITH_UNIT(MASS_MEASURE(0.001),#1695);
#1697=DERIVED_UNIT((#1691,#1692));
#1698=MEASURE_REPRESENTATION_ITEM('density measure',
POSITIVE_RATIO_MEASURE(1.06),#1697);
#1699=PROPERTY_DEFINITION_REPRESENTATION(#1704,#1701);
#1700=PROPERTY_DEFINITION_REPRESENTATION(#1705,#1702);
#1701=REPRESENTATION('material name',(#1703),#2820);
#1702=REPRESENTATION('density',(#1698),#2820);
#1703=DESCRIPTIVE_REPRESENTATION_ITEM('ABS \X2\58516599\X0\',
'ABS \X2\58516599\X0\');
#1704=PROPERTY_DEFINITION('material property','material name',#2830);
#1705=PROPERTY_DEFINITION('material property','density of part',#2830);
#1706=DATE_TIME_ROLE('creation_date');
#1707=APPLIED_DATE_AND_TIME_ASSIGNMENT(#1708,#1706,(#2830));
#1708=DATE_AND_TIME(#1709,#1710);
#1709=CALENDAR_DATE(2026,8,4);
#1710=LOCAL_TIME(0,0,0.,#1711);
#1711=COORDINATED_UNIVERSAL_TIME_OFFSET(0,0,.BEHIND.);
#1712=AXIS2_PLACEMENT_3D('',#2355,#1876,#1877);
#1713=AXIS2_PLACEMENT_3D('',#2356,#1878,#1879);
#1714=AXIS2_PLACEMENT_3D('',#2383,#1893,#1894);
#1715=AXIS2_PLACEMENT_3D('',#2384,#1895,#1896);
#1716=AXIS2_PLACEMENT_3D('',#2390,#1900,#1901);
#1717=AXIS2_PLACEMENT_3D('',#2400,#1906,#1907);
#1718=AXIS2_PLACEMENT_3D('',#2403,#1909,#1910);
#1719=AXIS2_PLACEMENT_3D('',#2404,#1911,#1912);
#1720=AXIS2_PLACEMENT_3D('',#2410,#1916,#1917);
#1721=AXIS2_PLACEMENT_3D('',#2412,#1918,#1919);
#1722=AXIS2_PLACEMENT_3D('',#2416,#1921,#1922);
#1723=AXIS2_PLACEMENT_3D('',#2418,#1923,#1924);
#1724=AXIS2_PLACEMENT_3D('',#2422,#1926,#1927);
#1725=AXIS2_PLACEMENT_3D('',#2426,#1929,#1930);
#1726=AXIS2_PLACEMENT_3D('',#2430,#1932,#1933);
#1727=AXIS2_PLACEMENT_3D('',#2434,#1935,#1936);
#1728=AXIS2_PLACEMENT_3D('',#2436,#1938,#1939);
#1729=AXIS2_PLACEMENT_3D('',#2440,#1941,#1942);
#1730=AXIS2_PLACEMENT_3D('',#2442,#1944,#1945);
#1731=AXIS2_PLACEMENT_3D('',#2444,#1946,#1947);
#1732=AXIS2_PLACEMENT_3D('',#2447,#1949,#1950);
#1733=AXIS2_PLACEMENT_3D('',#2448,#1951,#1952);
#1734=AXIS2_PLACEMENT_3D('',#2458,#1957,#1958);
#1735=AXIS2_PLACEMENT_3D('',#2461,#1960,#1961);
#1736=AXIS2_PLACEMENT_3D('',#2463,#1962,#1963);
#1737=AXIS2_PLACEMENT_3D('',#2465,#1964,#1965);
#1738=AXIS2_PLACEMENT_3D('',#2467,#1966,#1967);
#1739=AXIS2_PLACEMENT_3D('',#2469,#1968,#1969);
#1740=AXIS2_PLACEMENT_3D('',#2471,#1970,#1971);
#1741=AXIS2_PLACEMENT_3D('',#2473,#1972,#1973);
#1742=AXIS2_PLACEMENT_3D('',#2475,#1974,#1975);
#1743=AXIS2_PLACEMENT_3D('',#2477,#1976,#1977);
#1744=AXIS2_PLACEMENT_3D('',#2479,#1978,#1979);
#1745=AXIS2_PLACEMENT_3D('',#2481,#1980,#1981);
#1746=AXIS2_PLACEMENT_3D('',#2482,#1982,#1983);
#1747=AXIS2_PLACEMENT_3D('',#2488,#1987,#1988);
#1748=AXIS2_PLACEMENT_3D('',#2491,#1989,#1990);
#1749=AXIS2_PLACEMENT_3D('',#2495,#1992,#1993);
#1750=AXIS2_PLACEMENT_3D('',#2497,#1995,#1996);
#1751=AXIS2_PLACEMENT_3D('',#2501,#1998,#1999);
#1752=AXIS2_PLACEMENT_3D('',#2504,#2001,#2002);
#1753=AXIS2_PLACEMENT_3D('',#2512,#2006,#2007);
#1754=AXIS2_PLACEMENT_3D('',#2515,#2009,#2010);
#1755=AXIS2_PLACEMENT_3D('',#2516,#2011,#2012);
#1756=AXIS2_PLACEMENT_3D('',#2520,#2015,#2016);
#1757=AXIS2_PLACEMENT_3D('',#2522,#2017,#2018);
#1758=AXIS2_PLACEMENT_3D('',#2524,#2020,#2021);
#1759=AXIS2_PLACEMENT_3D('',#2527,#2022,#2023);
#1760=AXIS2_PLACEMENT_3D('',#2531,#2025,#2026);
#1761=AXIS2_PLACEMENT_3D('',#2533,#2028,#2029);
#1762=AXIS2_PLACEMENT_3D('',#2545,#2036,#2037);
#1763=AXIS2_PLACEMENT_3D('',#2553,#2041,#2042);
#1764=AXIS2_PLACEMENT_3D('',#2559,#2045,#2046);
#1765=AXIS2_PLACEMENT_3D('',#2562,#2048,#2049);
#1766=AXIS2_PLACEMENT_3D('',#2567,#2051,#2052);
#1767=AXIS2_PLACEMENT_3D('',#2570,#2054,#2055);
#1768=AXIS2_PLACEMENT_3D('',#2571,#2056,#2057);
#1769=AXIS2_PLACEMENT_3D('',#2575,#2060,#2061);
#1770=AXIS2_PLACEMENT_3D('',#2577,#2062,#2063);
#1771=AXIS2_PLACEMENT_3D('',#2579,#2065,#2066);
#1772=AXIS2_PLACEMENT_3D('',#2585,#2070,#2071);
#1773=AXIS2_PLACEMENT_3D('',#2588,#2073,#2074);
#1774=AXIS2_PLACEMENT_3D('',#2589,#2075,#2076);
#1775=AXIS2_PLACEMENT_3D('',#2593,#2079,#2080);
#1776=AXIS2_PLACEMENT_3D('',#2594,#2081,#2082);
#1777=AXIS2_PLACEMENT_3D('',#2595,#2083,#2084);
#1778=AXIS2_PLACEMENT_3D('',#2603,#2089,#2090);
#1779=AXIS2_PLACEMENT_3D('',#2606,#2093,#2094);
#1780=AXIS2_PLACEMENT_3D('',#2609,#2097,#2098);
#1781=AXIS2_PLACEMENT_3D('',#2610,#2099,#2100);
#1782=AXIS2_PLACEMENT_3D('',#2611,#2101,#2102);
#1783=AXIS2_PLACEMENT_3D('',#2615,#2105,#2106);
#1784=AXIS2_PLACEMENT_3D('',#2617,#2108,#2109);
#1785=AXIS2_PLACEMENT_3D('',#2619,#2111,#2112);
#1786=AXIS2_PLACEMENT_3D('',#2621,#2114,#2115);
#1787=AXIS2_PLACEMENT_3D('',#2623,#2117,#2118);
#1788=AXIS2_PLACEMENT_3D('',#2625,#2120,#2121);
#1789=AXIS2_PLACEMENT_3D('',#2627,#2123,#2124);
#1790=AXIS2_PLACEMENT_3D('',#2632,#2127,#2128);
#1791=AXIS2_PLACEMENT_3D('',#2633,#2129,#2130);
#1792=AXIS2_PLACEMENT_3D('',#2635,#2132,#2133);
#1793=AXIS2_PLACEMENT_3D('',#2637,#2135,#2136);
#1794=AXIS2_PLACEMENT_3D('',#2641,#2139,#2140);
#1795=AXIS2_PLACEMENT_3D('',#2643,#2141,#2142);
#1796=AXIS2_PLACEMENT_3D('',#2646,#2144,#2145);
#1797=AXIS2_PLACEMENT_3D('',#2647,#2146,#2147);
#1798=AXIS2_PLACEMENT_3D('',#2649,#2148,#2149);
#1799=AXIS2_PLACEMENT_3D('',#2651,#2151,#2152);
#1800=AXIS2_PLACEMENT_3D('',#2652,#2153,#2154);
#1801=AXIS2_PLACEMENT_3D('',#2654,#2156,#2157);
#1802=AXIS2_PLACEMENT_3D('',#2656,#2158,#2159);
#1803=AXIS2_PLACEMENT_3D('',#2658,#2161,#2162);
#1804=AXIS2_PLACEMENT_3D('',#2659,#2163,#2164);
#1805=AXIS2_PLACEMENT_3D('',#2661,#2165,#2166);
#1806=AXIS2_PLACEMENT_3D('',#2663,#2168,#2169);
#1807=AXIS2_PLACEMENT_3D('',#2664,#2170,#2171);
#1808=AXIS2_PLACEMENT_3D('',#2666,#2172,#2173);
#1809=AXIS2_PLACEMENT_3D('',#2668,#2175,#2176);
#1810=AXIS2_PLACEMENT_3D('',#2669,#2177,#2178);
#1811=AXIS2_PLACEMENT_3D('',#2671,#2179,#2180);
#1812=AXIS2_PLACEMENT_3D('',#2673,#2182,#2183);
#1813=AXIS2_PLACEMENT_3D('',#2674,#2184,#2185);
#1814=AXIS2_PLACEMENT_3D('',#2676,#2186,#2187);
#1815=AXIS2_PLACEMENT_3D('',#2678,#2189,#2190);
#1816=AXIS2_PLACEMENT_3D('',#2679,#2191,#2192);
#1817=AXIS2_PLACEMENT_3D('',#2683,#2194,#2195);
#1818=AXIS2_PLACEMENT_3D('',#2685,#2196,#2197);
#1819=AXIS2_PLACEMENT_3D('',#2689,#2199,#2200);
#1820=AXIS2_PLACEMENT_3D('',#2693,#2202,#2203);
#1821=AXIS2_PLACEMENT_3D('',#2697,#2205,#2206);
#1822=AXIS2_PLACEMENT_3D('',#2701,#2208,#2209);
#1823=AXIS2_PLACEMENT_3D('',#2703,#2210,#2211);
#1824=AXIS2_PLACEMENT_3D('',#2707,#2213,#2214);
#1825=AXIS2_PLACEMENT_3D('',#2711,#2216,#2217);
#1826=AXIS2_PLACEMENT_3D('',#2715,#2219,#2220);
#1827=AXIS2_PLACEMENT_3D('',#2718,#2222,#2223);
#1828=AXIS2_PLACEMENT_3D('',#2720,#2224,#2225);
#1829=AXIS2_PLACEMENT_3D('',#2722,#2226,#2227);
#1830=AXIS2_PLACEMENT_3D('',#2724,#2228,#2229);
#1831=AXIS2_PLACEMENT_3D('',#2725,#2230,#2231);
#1832=AXIS2_PLACEMENT_3D('',#2729,#2234,#2235);
#1833=AXIS2_PLACEMENT_3D('',#2732,#2238,#2239);
#1834=AXIS2_PLACEMENT_3D('',#2735,#2242,#2243);
#1835=AXIS2_PLACEMENT_3D('',#2736,#2244,#2245);
#1836=AXIS2_PLACEMENT_3D('',#2738,#2247,#2248);
#1837=AXIS2_PLACEMENT_3D('',#2741,#2251,#2252);
#1838=AXIS2_PLACEMENT_3D('',#2743,#2254,#2255);
#1839=AXIS2_PLACEMENT_3D('',#2745,#2257,#2258);
#1840=AXIS2_PLACEMENT_3D('',#2747,#2260,#2261);
#1841=AXIS2_PLACEMENT_3D('',#2748,#2262,#2263);
#1842=AXIS2_PLACEMENT_3D('',#2750,#2264,#2265);
#1843=AXIS2_PLACEMENT_3D('',#2752,#2267,#2268);
#1844=AXIS2_PLACEMENT_3D('',#2756,#2271,#2272);
#1845=AXIS2_PLACEMENT_3D('',#2758,#2273,#2274);
#1846=AXIS2_PLACEMENT_3D('',#2760,#2276,#2277);
#1847=AXIS2_PLACEMENT_3D('',#2764,#2280,#2281);
#1848=AXIS2_PLACEMENT_3D('',#2766,#2282,#2283);
#1849=AXIS2_PLACEMENT_3D('',#2768,#2285,#2286);
#1850=AXIS2_PLACEMENT_3D('',#2772,#2289,#2290);
#1851=AXIS2_PLACEMENT_3D('',#2774,#2291,#2292);
#1852=AXIS2_PLACEMENT_3D('',#2776,#2294,#2295);
#1853=AXIS2_PLACEMENT_3D('',#2779,#2298,#2299);
#1854=AXIS2_PLACEMENT_3D('',#2780,#2300,#2301);
#1855=AXIS2_PLACEMENT_3D('',#2782,#2303,#2304);
#1856=AXIS2_PLACEMENT_3D('',#2786,#2308,#2309);
#1857=AXIS2_PLACEMENT_3D('',#2788,#2311,#2312);
#1858=AXIS2_PLACEMENT_3D('',#2790,#2314,#2315);
#1859=AXIS2_PLACEMENT_3D('',#2792,#2317,#2318);
#1860=AXIS2_PLACEMENT_3D('',#2794,#2320,#2321);
#1861=AXIS2_PLACEMENT_3D('',#2795,#2322,#2323);
#1862=AXIS2_PLACEMENT_3D('',#2796,#2324,#2325);
#1863=AXIS2_PLACEMENT_3D('',#2798,#2327,#2328);
#1864=AXIS2_PLACEMENT_3D('',#2799,#2329,#2330);
#1865=AXIS2_PLACEMENT_3D('',#2800,#2331,#2332);
#1866=AXIS2_PLACEMENT_3D('',#2801,#2333,#2334);
#1867=AXIS2_PLACEMENT_3D('',#2803,#2335,#2336);
#1868=AXIS2_PLACEMENT_3D('',#2804,#2337,#2338);
#1869=AXIS2_PLACEMENT_3D('',#2806,#2339,#2340);
#1870=AXIS2_PLACEMENT_3D('',#2808,#2342,#2343);
#1871=AXIS2_PLACEMENT_3D('',#2809,#2344,#2345);
#1872=AXIS2_PLACEMENT_3D('',#2811,#2346,#2347);
#1873=AXIS2_PLACEMENT_3D('',#2812,#2348,#2349);
#1874=AXIS2_PLACEMENT_3D('',#2815,#2351,#2352);
#1875=AXIS2_PLACEMENT_3D('',#2816,#2353,#2354);
#1876=DIRECTION('axis',(0.,0.,1.));
#1877=DIRECTION('refdir',(1.,0.,0.));
#1878=DIRECTION('center_axis',(1.76138346397471E-16,0.,-1.));
#1879=DIRECTION('ref_axis',(1.,0.,1.76138346397471E-16));
#1880=DIRECTION('',(0.,-1.,0.));
#1881=DIRECTION('',(-1.,0.,-1.76138346397471E-16));
#1882=DIRECTION('',(0.993967554347357,-0.109674522587218,1.75075801395482E-16));
#1883=DIRECTION('',(1.,4.32364751932641E-14,1.76138346397471E-16));
#1884=DIRECTION('',(0.,1.,0.));
#1885=DIRECTION('',(-1.,0.,-1.76138346397471E-16));
#1886=DIRECTION('',(0.,1.,0.));
#1887=DIRECTION('',(-1.,4.73748185722425E-15,-1.76138346397471E-16));
#1888=DIRECTION('',(2.2204460492503E-14,-1.,3.91105695379745E-30));
#1889=DIRECTION('',(-1.,0.,-1.76138346397471E-16));
#1890=DIRECTION('',(-0.994035116702097,-0.109060472963624,-1.75087701716925E-16));
#1891=DIRECTION('',(1.,0.,1.76138346397471E-16));
#1892=DIRECTION('',(0.,-1.,0.));
#1893=DIRECTION('center_axis',(-1.76138346397471E-16,0.,1.));
#1894=DIRECTION('ref_axis',(1.,0.,0.));
#1895=DIRECTION('center_axis',(-0.707106781186549,0.,-0.707106781186546));
#1896=DIRECTION('ref_axis',(-0.707106781186546,0.,0.707106781186549));
#1897=DIRECTION('',(0.707106781186546,0.,-0.707106781186549));
#1898=DIRECTION('',(-0.707106781186546,0.,0.707106781186549));
#1899=DIRECTION('',(0.,-1.,0.));
#1900=DIRECTION('center_axis',(0.,1.,0.));
#1901=DIRECTION('ref_axis',(0.,0.,1.));
#1902=DIRECTION('',(0.,0.,1.));
#1903=DIRECTION('',(1.,0.,-2.58223887916544E-16));
#1904=DIRECTION('',(0.,0.,1.));
#1905=DIRECTION('',(-1.,0.,1.66908251049738E-16));
#1906=DIRECTION('center_axis',(0.,-1.,0.));
#1907=DIRECTION('ref_axis',(-1.,0.,1.66908251049738E-16));
#1908=DIRECTION('',(-1.66908251049738E-16,0.,-1.));
#1909=DIRECTION('center_axis',(0.,-1.,0.));
#1910=DIRECTION('ref_axis',(-1.66908251049738E-16,0.,-1.));
#1911=DIRECTION('center_axis',(0.707106781186549,0.,-0.707106781186546));
#1912=DIRECTION('ref_axis',(-0.707106781186546,0.,-0.707106781186549));
#1913=DIRECTION('',(-0.707106781186546,0.,-0.707106781186549));
#1914=DIRECTION('',(0.707106781186546,0.,0.707106781186549));
#1915=DIRECTION('',(0.,1.,0.));
#1916=DIRECTION('center_axis',(0.,-1.,0.));
#1917=DIRECTION('ref_axis',(0.,0.,-1.));
#1918=DIRECTION('center_axis',(0.,-1.,0.));
#1919=DIRECTION('ref_axis',(-1.,0.,0.));
#1920=DIRECTION('',(0.,0.,1.));
#1921=DIRECTION('center_axis',(0.,-1.,0.));
#1922=DIRECTION('ref_axis',(0.790006156352343,0.,-0.613098909577727));
#1923=DIRECTION('center_axis',(0.,1.,0.));
#1924=DIRECTION('ref_axis',(1.,0.,1.80524069044743E-16));
#1925=DIRECTION('',(5.56337927272609E-16,0.,-1.));
#1926=DIRECTION('center_axis',(0.,1.,0.));
#1927=DIRECTION('ref_axis',(0.792401413426301,0.,0.61));
#1928=DIRECTION('',(1.,0.,2.77972961156957E-16));
#1929=DIRECTION('center_axis',(0.,1.,0.));
#1930=DIRECTION('ref_axis',(1.82003774528714E-16,0.,-1.));
#1931=DIRECTION('',(1.1147820453905E-16,0.,-1.));
#1932=DIRECTION('center_axis',(0.,1.,0.));
#1933=DIRECTION('ref_axis',(-4.35381578284376E-16,0.,-1.));
#1934=DIRECTION('',(-1.,0.,0.));
#1935=DIRECTION('center_axis',(0.,1.,0.));
#1936=DIRECTION('ref_axis',(1.,0.,0.));
#1937=DIRECTION('',(0.,0.,-1.));
#1938=DIRECTION('center_axis',(0.,-1.,0.));
#1939=DIRECTION('ref_axis',(0.,0.,-1.));
#1940=DIRECTION('',(0.,0.,1.));
#1941=DIRECTION('center_axis',(0.,1.,0.));
#1942=DIRECTION('ref_axis',(-0.714142842854285,0.,-0.7));
#1943=DIRECTION('',(0.,0.,-1.));
#1944=DIRECTION('center_axis',(0.,-1.,0.));
#1945=DIRECTION('ref_axis',(-1.,0.,0.));
#1946=DIRECTION('center_axis',(0.,1.,0.));
#1947=DIRECTION('ref_axis',(1.,0.,0.));
#1948=DIRECTION('',(0.,1.,0.));
#1949=DIRECTION('center_axis',(0.,-1.,0.));
#1950=DIRECTION('ref_axis',(1.,0.,0.));
#1951=DIRECTION('center_axis',(0.,-1.,0.));
#1952=DIRECTION('ref_axis',(0.,0.,-1.));
#1953=DIRECTION('',(0.,0.,1.));
#1954=DIRECTION('',(-1.,0.,0.));
#1955=DIRECTION('',(0.,0.,1.));
#1956=DIRECTION('',(1.,0.,0.));
#1957=DIRECTION('center_axis',(0.,1.,0.));
#1958=DIRECTION('ref_axis',(0.790006156352343,0.,-0.613098909577727));
#1959=DIRECTION('',(0.,0.,1.));
#1960=DIRECTION('center_axis',(0.,1.,0.));
#1961=DIRECTION('ref_axis',(-1.,0.,0.));
#1962=DIRECTION('center_axis',(-4.00360730220942E-15,1.,0.));
#1963=DIRECTION('ref_axis',(-0.5,0.,0.866025403784439));
#1964=DIRECTION('center_axis',(0.,-1.,0.));
#1965=DIRECTION('ref_axis',(-0.5,0.,-0.866025403784438));
#1966=DIRECTION('center_axis',(0.,-1.,0.));
#1967=DIRECTION('ref_axis',(0.5,0.,0.866025403784439));
#1968=DIRECTION('center_axis',(0.,-1.,0.));
#1969=DIRECTION('ref_axis',(0.5,0.,0.866025403784439));
#1970=DIRECTION('center_axis',(0.,-1.,0.));
#1971=DIRECTION('ref_axis',(-0.5,0.,0.866025403784439));
#1972=DIRECTION('center_axis',(0.,-1.,0.));
#1973=DIRECTION('ref_axis',(0.499999999999999,0.,-0.866025403784439));
#1974=DIRECTION('center_axis',(0.,-1.,0.));
#1975=DIRECTION('ref_axis',(1.,0.,0.));
#1976=DIRECTION('center_axis',(0.,-1.,0.));
#1977=DIRECTION('ref_axis',(1.,0.,0.));
#1978=DIRECTION('center_axis',(0.,-1.,0.));
#1979=DIRECTION('ref_axis',(1.,0.,0.));
#1980=DIRECTION('center_axis',(0.,-1.,0.));
#1981=DIRECTION('ref_axis',(1.,0.,0.));
#1982=DIRECTION('center_axis',(-2.58223887916544E-16,0.,-1.));
#1983=DIRECTION('ref_axis',(-1.,0.,2.58223887916544E-16));
#1984=DIRECTION('',(-0.994035116702097,-0.109060472963624,2.56683612560391E-16));
#1985=DIRECTION('',(-1.,0.,2.58223887916544E-16));
#1986=DIRECTION('',(0.,1.,0.));
#1987=DIRECTION('center_axis',(-1.,0.,0.));
#1988=DIRECTION('ref_axis',(0.,0.707106781186548,-0.707106781186547));
#1989=DIRECTION('center_axis',(1.,0.,0.));
#1990=DIRECTION('ref_axis',(0.,0.707106781186548,-0.707106781186547));
#1991=DIRECTION('',(1.,0.,0.));
#1992=DIRECTION('center_axis',(-1.,0.,0.));
#1993=DIRECTION('ref_axis',(0.,0.707106781186548,-0.707106781186547));
#1994=DIRECTION('',(-1.,0.,0.));
#1995=DIRECTION('center_axis',(1.,0.,0.));
#1996=DIRECTION('ref_axis',(0.,0.,-1.));
#1997=DIRECTION('',(0.,0.,-1.));
#1998=DIRECTION('center_axis',(-1.,0.,0.));
#1999=DIRECTION('ref_axis',(0.,0.707106781186548,0.707106781186547));
#2000=DIRECTION('',(0.,1.,0.));
#2001=DIRECTION('center_axis',(1.,0.,0.));
#2002=DIRECTION('ref_axis',(0.,-0.707106781186546,-0.707106781186549));
#2003=DIRECTION('',(0.,-1.,0.));
#2004=DIRECTION('',(0.,1.,0.));
#2005=DIRECTION('',(0.,-1.,-2.2204460492503E-15));
#2006=DIRECTION('center_axis',(-1.,0.,0.));
#2007=DIRECTION('ref_axis',(0.,0.,1.));
#2008=DIRECTION('',(0.,1.,-1.11022302462516E-15));
#2009=DIRECTION('center_axis',(-1.,0.,0.));
#2010=DIRECTION('ref_axis',(0.,0.,-1.));
#2011=DIRECTION('center_axis',(0.,-1.,0.));
#2012=DIRECTION('ref_axis',(0.,0.,-1.));
#2013=DIRECTION('',(0.,0.,-1.));
#2014=DIRECTION('',(-1.,0.,0.));
#2015=DIRECTION('center_axis',(-1.,0.,0.));
#2016=DIRECTION('ref_axis',(0.,0.707106781186548,0.707106781186547));
#2017=DIRECTION('center_axis',(1.,0.,0.));
#2018=DIRECTION('ref_axis',(0.,0.707106781186548,0.707106781186547));
#2019=DIRECTION('',(1.,0.,0.));
#2020=DIRECTION('center_axis',(1.,0.,0.));
#2021=DIRECTION('ref_axis',(0.,-0.707106781186546,-0.707106781186549));
#2022=DIRECTION('center_axis',(-1.,0.,0.));
#2023=DIRECTION('ref_axis',(0.,-0.707106781186546,-0.707106781186549));
#2024=DIRECTION('',(-1.,0.,0.));
#2025=DIRECTION('center_axis',(1.,0.,0.));
#2026=DIRECTION('ref_axis',(0.,-0.707106781186546,-0.707106781186549));
#2027=DIRECTION('',(1.,0.,0.));
#2028=DIRECTION('center_axis',(-1.,0.,0.));
#2029=DIRECTION('ref_axis',(0.,0.,1.));
#2030=DIRECTION('',(0.,-1.,0.));
#2031=DIRECTION('',(0.,0.,1.));
#2032=DIRECTION('',(-6.72938228333947E-16,1.,9.3567775348957E-32));
#2033=DIRECTION('',(0.,0.,1.));
#2034=DIRECTION('',(0.,-1.,0.));
#2035=DIRECTION('',(0.,0.,-1.));
#2036=DIRECTION('center_axis',(1.,0.,0.));
#2037=DIRECTION('ref_axis',(0.,-0.707106781186548,0.707106781186547));
#2038=DIRECTION('',(0.,-1.,0.));
#2039=DIRECTION('',(0.,0.,1.));
#2040=DIRECTION('',(0.,1.,0.));
#2041=DIRECTION('center_axis',(-1.,0.,0.));
#2042=DIRECTION('ref_axis',(0.,-0.707106781186546,-0.707106781186549));
#2043=DIRECTION('',(0.,1.,0.));
#2044=DIRECTION('',(0.,1.,-2.2204460492503E-15));
#2045=DIRECTION('center_axis',(1.,0.,0.));
#2046=DIRECTION('ref_axis',(0.,0.,1.));
#2047=DIRECTION('',(0.,-1.,-1.11022302462516E-15));
#2048=DIRECTION('center_axis',(1.,0.,0.));
#2049=DIRECTION('ref_axis',(0.,0.,-1.));
#2050=DIRECTION('',(0.,1.,2.2204460492503E-15));
#2051=DIRECTION('center_axis',(1.,0.,0.));
#2052=DIRECTION('ref_axis',(0.,0.,-1.));
#2053=DIRECTION('',(0.,-1.,1.11022302462516E-15));
#2054=DIRECTION('center_axis',(1.,0.,0.));
#2055=DIRECTION('ref_axis',(0.,0.,1.));
#2056=DIRECTION('center_axis',(0.,-1.,0.));
#2057=DIRECTION('ref_axis',(0.,0.,-1.));
#2058=DIRECTION('',(0.,0.,-1.));
#2059=DIRECTION('',(1.,0.,0.));
#2060=DIRECTION('center_axis',(-1.,0.,0.));
#2061=DIRECTION('ref_axis',(0.,-0.707106781186548,0.707106781186547));
#2062=DIRECTION('center_axis',(-1.,0.,0.));
#2063=DIRECTION('ref_axis',(0.,-0.707106781186548,0.707106781186547));
#2064=DIRECTION('',(-1.,0.,0.));
#2065=DIRECTION('center_axis',(0.,2.2204460492503E-15,1.));
#2066=DIRECTION('ref_axis',(0.,1.,-2.2204460492503E-15));
#2067=DIRECTION('',(-1.,0.,0.));
#2068=DIRECTION('',(0.,-1.,2.2204460492503E-15));
#2069=DIRECTION('',(-1.,0.,0.));
#2070=DIRECTION('center_axis',(1.,0.,0.));
#2071=DIRECTION('ref_axis',(0.,0.,-1.));
#2072=DIRECTION('',(-1.,0.,0.));
#2073=DIRECTION('center_axis',(-1.,0.,0.));
#2074=DIRECTION('ref_axis',(0.,0.,-1.));
#2075=DIRECTION('center_axis',(0.,1.11022302462516E-15,-1.));
#2076=DIRECTION('ref_axis',(0.,-1.,-1.11022302462516E-15));
#2077=DIRECTION('',(-1.,0.,0.));
#2078=DIRECTION('',(0.,1.,1.11022302462516E-15));
#2079=DIRECTION('center_axis',(1.,0.,0.));
#2080=DIRECTION('ref_axis',(0.,0.,1.));
#2081=DIRECTION('center_axis',(-1.,0.,0.));
#2082=DIRECTION('ref_axis',(0.,0.,1.));
#2083=DIRECTION('center_axis',(-1.,0.,0.));
#2084=DIRECTION('ref_axis',(0.,0.,-1.));
#2085=DIRECTION('',(1.1710798834698E-14,1.,0.));
#2086=DIRECTION('',(0.,1.,0.));
#2087=DIRECTION('',(0.,0.,-1.));
#2088=DIRECTION('',(0.,-1.,0.));
#2089=DIRECTION('center_axis',(0.,1.11022302462516E-15,1.));
#2090=DIRECTION('ref_axis',(0.,1.,-1.11022302462516E-15));
#2091=DIRECTION('',(-1.,0.,0.));
#2092=DIRECTION('',(-1.,0.,0.));
#2093=DIRECTION('center_axis',(0.,2.2204460492503E-15,-1.));
#2094=DIRECTION('ref_axis',(0.,-1.,-2.2204460492503E-15));
#2095=DIRECTION('',(-1.,0.,0.));
#2096=DIRECTION('',(-1.,0.,0.));
#2097=DIRECTION('center_axis',(-1.,0.,0.));
#2098=DIRECTION('ref_axis',(0.,0.,-1.));
#2099=DIRECTION('center_axis',(1.,0.,0.));
#2100=DIRECTION('ref_axis',(0.,0.,1.));
#2101=DIRECTION('center_axis',(0.,0.,-1.));
#2102=DIRECTION('ref_axis',(-1.,0.,0.));
#2103=DIRECTION('',(1.,0.,0.));
#2104=DIRECTION('',(0.994035116702097,0.109060472963624,0.));
#2105=DIRECTION('center_axis',(0.,0.,-1.));
#2106=DIRECTION('ref_axis',(-1.,0.,0.));
#2107=DIRECTION('',(-1.,0.,0.));
#2108=DIRECTION('center_axis',(0.,0.,-1.));
#2109=DIRECTION('ref_axis',(-1.,0.,0.));
#2110=DIRECTION('',(-0.993967554347357,0.109674522587218,0.));
#2111=DIRECTION('center_axis',(0.109674522587218,0.993967554347357,0.));
#2112=DIRECTION('ref_axis',(-0.993967554347357,0.109674522587218,2.56666166346473E-16));
#2113=DIRECTION('',(0.,0.,1.));
#2114=DIRECTION('center_axis',(0.,-1.,0.));
#2115=DIRECTION('ref_axis',(1.,0.,-2.58223887916544E-16));
#2116=DIRECTION('',(0.,0.,1.));
#2117=DIRECTION('center_axis',(0.109060472963624,-0.994035116702097,0.));
#2118=DIRECTION('ref_axis',(0.994035116702097,0.109060472963624,-2.56683612560391E-16));
#2119=DIRECTION('',(0.994035116702097,0.109060472963624,0.));
#2120=DIRECTION('center_axis',(0.,-1.,0.));
#2121=DIRECTION('ref_axis',(-1.,0.,0.));
#2122=DIRECTION('',(0.,1.,0.));
#2123=DIRECTION('center_axis',(1.39043631955062E-16,0.,1.));
#2124=DIRECTION('ref_axis',(1.,0.,-1.39043631955062E-16));
#2125=DIRECTION('',(-1.,0.,1.39043631955062E-16));
#2126=DIRECTION('',(0.,-1.,0.));
#2127=DIRECTION('center_axis',(-1.39043631955062E-16,0.,-1.));
#2128=DIRECTION('ref_axis',(1.,4.00360730220942E-15,0.));
#2129=DIRECTION('center_axis',(0.,0.,1.));
#2130=DIRECTION('ref_axis',(1.,0.,0.));
#2131=DIRECTION('',(-1.,0.,0.));
#2132=DIRECTION('center_axis',(0.,0.,-1.));
#2133=DIRECTION('ref_axis',(1.,4.00360730220942E-15,0.));
#2134=DIRECTION('',(0.,0.,-1.));
#2135=DIRECTION('center_axis',(-1.,0.,-2.76678272035818E-16));
#2136=DIRECTION('ref_axis',(-2.76678272035818E-16,0.,1.));
#2137=DIRECTION('',(0.,0.,-1.));
#2138=DIRECTION('',(0.,1.,0.));
#2139=DIRECTION('center_axis',(0.,1.,0.));
#2140=DIRECTION('ref_axis',(0.,0.,1.));
#2141=DIRECTION('center_axis',(0.,-1.,0.));
#2142=DIRECTION('ref_axis',(-0.707106781186551,0.,-0.707106781186544));
#2143=DIRECTION('',(0.,0.,-1.));
#2144=DIRECTION('center_axis',(0.,-1.,0.));
#2145=DIRECTION('ref_axis',(-0.707106781186551,0.,0.707106781186544));
#2146=DIRECTION('center_axis',(0.,1.,0.));
#2147=DIRECTION('ref_axis',(-0.5,0.,0.866025403784439));
#2148=DIRECTION('center_axis',(0.,-1.,0.));
#2149=DIRECTION('ref_axis',(-0.5,0.,0.866025403784439));
#2150=DIRECTION('',(0.,1.,0.));
#2151=DIRECTION('center_axis',(0.,-1.,0.));
#2152=DIRECTION('ref_axis',(0.866025403784439,0.,0.5));
#2153=DIRECTION('center_axis',(0.,1.,0.));
#2154=DIRECTION('ref_axis',(-0.707106781186551,0.,-0.707106781186544));
#2155=DIRECTION('',(0.,-1.,0.));
#2156=DIRECTION('center_axis',(0.,1.,0.));
#2157=DIRECTION('ref_axis',(-0.5,0.,-0.866025403784438));
#2158=DIRECTION('center_axis',(0.,-1.,0.));
#2159=DIRECTION('ref_axis',(-0.5,0.,-0.866025403784438));
#2160=DIRECTION('',(0.,1.,0.));
#2161=DIRECTION('center_axis',(0.,-1.,0.));
#2162=DIRECTION('ref_axis',(-0.866025403784438,0.,0.5));
#2163=DIRECTION('center_axis',(0.,1.,0.));
#2164=DIRECTION('ref_axis',(0.5,0.,0.866025403784439));
#2165=DIRECTION('center_axis',(0.,-1.,0.));
#2166=DIRECTION('ref_axis',(0.5,0.,0.866025403784439));
#2167=DIRECTION('',(0.,1.,0.));
#2168=DIRECTION('center_axis',(0.,-1.,0.));
#2169=DIRECTION('ref_axis',(0.866025403784439,0.,-0.5));
#2170=DIRECTION('center_axis',(0.,1.,0.));
#2171=DIRECTION('ref_axis',(0.5,0.,0.866025403784439));
#2172=DIRECTION('center_axis',(0.,-1.,0.));
#2173=DIRECTION('ref_axis',(0.5,0.,0.866025403784439));
#2174=DIRECTION('',(0.,1.,0.));
#2175=DIRECTION('center_axis',(0.,-1.,0.));
#2176=DIRECTION('ref_axis',(0.866025403784439,0.,-0.5));
#2177=DIRECTION('center_axis',(0.,1.,0.));
#2178=DIRECTION('ref_axis',(-0.5,0.,0.866025403784439));
#2179=DIRECTION('center_axis',(0.,-1.,0.));
#2180=DIRECTION('ref_axis',(-0.5,0.,0.866025403784439));
#2181=DIRECTION('',(0.,1.,0.));
#2182=DIRECTION('center_axis',(0.,-1.,0.));
#2183=DIRECTION('ref_axis',(0.866025403784439,0.,0.5));
#2184=DIRECTION('center_axis',(0.,1.,0.));
#2185=DIRECTION('ref_axis',(0.499999999999999,0.,-0.866025403784439));
#2186=DIRECTION('center_axis',(0.,-1.,0.));
#2187=DIRECTION('ref_axis',(0.499999999999999,0.,-0.866025403784439));
#2188=DIRECTION('',(0.,1.,0.));
#2189=DIRECTION('center_axis',(0.,-1.,0.));
#2190=DIRECTION('ref_axis',(-0.866025403784439,0.,-0.499999999999999));
#2191=DIRECTION('center_axis',(0.,-1.,0.));
#2192=DIRECTION('ref_axis',(0.,0.,-1.));
#2193=DIRECTION('',(0.,0.,-1.));
#2194=DIRECTION('center_axis',(0.,1.,0.));
#2195=DIRECTION('ref_axis',(1.,0.,0.));
#2196=DIRECTION('center_axis',(0.,1.,0.));
#2197=DIRECTION('ref_axis',(1.,0.,0.));
#2198=DIRECTION('',(-1.,0.,0.));
#2199=DIRECTION('center_axis',(0.,1.,0.));
#2200=DIRECTION('ref_axis',(-4.35381578284376E-16,0.,-1.));
#2201=DIRECTION('',(1.1147820453905E-16,0.,-1.));
#2202=DIRECTION('center_axis',(0.,1.,0.));
#2203=DIRECTION('ref_axis',(1.82003774528714E-16,0.,-1.));
#2204=DIRECTION('',(1.,0.,2.77972961156957E-16));
#2205=DIRECTION('center_axis',(0.,1.,0.));
#2206=DIRECTION('ref_axis',(0.792401413426301,0.,0.61));
#2207=DIRECTION('',(5.56337927272609E-16,0.,-1.));
#2208=DIRECTION('center_axis',(0.,1.,0.));
#2209=DIRECTION('ref_axis',(1.,0.,1.80524069044743E-16));
#2210=DIRECTION('center_axis',(0.,1.,0.));
#2211=DIRECTION('ref_axis',(1.,0.,1.80524069044743E-16));
#2212=DIRECTION('',(-2.78168963636305E-16,0.,1.));
#2213=DIRECTION('center_axis',(0.,1.,0.));
#2214=DIRECTION('ref_axis',(-0.615000000000001,0.,0.78852710796776));
#2215=DIRECTION('',(1.,0.,0.));
#2216=DIRECTION('center_axis',(0.,1.,0.));
#2217=DIRECTION('ref_axis',(0.,0.,1.));
#2218=DIRECTION('',(0.,0.,1.));
#2219=DIRECTION('center_axis',(0.,1.,0.));
#2220=DIRECTION('ref_axis',(-1.,0.,0.));
#2221=DIRECTION('',(-1.,0.,0.));
#2222=DIRECTION('center_axis',(0.,1.,0.));
#2223=DIRECTION('ref_axis',(-0.714142842854285,0.,-0.7));
#2224=DIRECTION('center_axis',(0.,1.,0.));
#2225=DIRECTION('ref_axis',(1.,0.,0.));
#2226=DIRECTION('center_axis',(0.,1.,0.));
#2227=DIRECTION('ref_axis',(1.,0.,0.));
#2228=DIRECTION('center_axis',(0.,1.,0.));
#2229=DIRECTION('ref_axis',(1.,0.,0.));
#2230=DIRECTION('center_axis',(0.,-1.,0.));
#2231=DIRECTION('ref_axis',(0.790006156352343,0.,-0.613098909577727));
#2232=DIRECTION('',(0.,-1.,0.));
#2233=DIRECTION('',(0.,-1.,0.));
#2234=DIRECTION('center_axis',(0.,-1.,0.));
#2235=DIRECTION('ref_axis',(0.790006156352343,0.,-0.613098909577727));
#2236=DIRECTION('',(0.,-1.,0.));
#2237=DIRECTION('',(0.,-1.,0.));
#2238=DIRECTION('center_axis',(0.,0.,-1.));
#2239=DIRECTION('ref_axis',(1.,0.,0.));
#2240=DIRECTION('',(-1.,0.,0.));
#2241=DIRECTION('',(1.,0.,0.));
#2242=DIRECTION('center_axis',(1.,0.,0.));
#2243=DIRECTION('ref_axis',(0.,1.,0.));
#2244=DIRECTION('center_axis',(0.,1.,0.));
#2245=DIRECTION('ref_axis',(1.,0.,1.80524069044743E-16));
#2246=DIRECTION('',(0.,1.,0.));
#2247=DIRECTION('center_axis',(1.,0.,1.1147820453905E-16));
#2248=DIRECTION('ref_axis',(1.1147820453905E-16,0.,-1.));
#2249=DIRECTION('',(0.,1.,0.));
#2250=DIRECTION('',(0.,1.,0.));
#2251=DIRECTION('center_axis',(0.,1.,0.));
#2252=DIRECTION('ref_axis',(1.82003774528714E-16,0.,-1.));
#2253=DIRECTION('',(0.,1.,0.));
#2254=DIRECTION('center_axis',(-2.77972961156957E-16,0.,1.));
#2255=DIRECTION('ref_axis',(1.,0.,2.77972961156957E-16));
#2256=DIRECTION('',(0.,1.,0.));
#2257=DIRECTION('center_axis',(0.,1.,0.));
#2258=DIRECTION('ref_axis',(0.792401413426301,0.,0.61));
#2259=DIRECTION('',(0.,1.,0.));
#2260=DIRECTION('center_axis',(1.,0.,5.56337927272609E-16));
#2261=DIRECTION('ref_axis',(5.56337927272609E-16,0.,-1.));
#2262=DIRECTION('center_axis',(0.,1.,0.));
#2263=DIRECTION('ref_axis',(1.,0.,1.80524069044743E-16));
#2264=DIRECTION('center_axis',(0.,1.,0.));
#2265=DIRECTION('ref_axis',(1.,0.,1.80524069044743E-16));
#2266=DIRECTION('',(0.,1.,0.));
#2267=DIRECTION('center_axis',(-1.,0.,-2.78168963636305E-16));
#2268=DIRECTION('ref_axis',(-2.78168963636305E-16,0.,1.));
#2269=DIRECTION('',(-2.78168963636305E-16,0.,1.));
#2270=DIRECTION('',(0.,1.,0.));
#2271=DIRECTION('center_axis',(0.,1.,0.));
#2272=DIRECTION('ref_axis',(-0.615000000000001,0.,0.78852710796776));
#2273=DIRECTION('center_axis',(0.,1.,0.));
#2274=DIRECTION('ref_axis',(-0.615000000000001,0.,0.78852710796776));
#2275=DIRECTION('',(0.,1.,0.));
#2276=DIRECTION('center_axis',(0.,0.,1.));
#2277=DIRECTION('ref_axis',(1.,0.,0.));
#2278=DIRECTION('',(1.,0.,0.));
#2279=DIRECTION('',(0.,1.,0.));
#2280=DIRECTION('center_axis',(0.,1.,0.));
#2281=DIRECTION('ref_axis',(0.,0.,1.));
#2282=DIRECTION('center_axis',(0.,1.,0.));
#2283=DIRECTION('ref_axis',(0.,0.,1.));
#2284=DIRECTION('',(0.,1.,0.));
#2285=DIRECTION('center_axis',(-1.,0.,0.));
#2286=DIRECTION('ref_axis',(0.,0.,1.));
#2287=DIRECTION('',(0.,0.,1.));
#2288=DIRECTION('',(0.,1.,0.));
#2289=DIRECTION('center_axis',(0.,1.,0.));
#2290=DIRECTION('ref_axis',(-1.,0.,0.));
#2291=DIRECTION('center_axis',(0.,1.,0.));
#2292=DIRECTION('ref_axis',(-1.,0.,0.));
#2293=DIRECTION('',(0.,1.,0.));
#2294=DIRECTION('center_axis',(0.,0.,-1.));
#2295=DIRECTION('ref_axis',(-1.,0.,0.));
#2296=DIRECTION('',(0.,1.,0.));
#2297=DIRECTION('',(1.,0.,0.));
#2298=DIRECTION('center_axis',(0.,1.,0.));
#2299=DIRECTION('ref_axis',(-0.714142842854285,0.,-0.7));
#2300=DIRECTION('center_axis',(0.,1.,0.));
#2301=DIRECTION('ref_axis',(-4.35381578284376E-16,0.,-1.));
#2302=DIRECTION('',(0.,1.,0.));
#2303=DIRECTION('center_axis',(0.,-1.,0.));
#2304=DIRECTION('ref_axis',(1.,0.,0.));
#2305=DIRECTION('',(0.,-1.,0.));
#2306=DIRECTION('',(0.,1.,0.));
#2307=DIRECTION('',(0.,-1.,0.));
#2308=DIRECTION('center_axis',(0.,0.,-1.));
#2309=DIRECTION('ref_axis',(1.,0.,0.));
#2310=DIRECTION('',(1.,0.,0.));
#2311=DIRECTION('center_axis',(0.,1.,0.));
#2312=DIRECTION('ref_axis',(1.,0.,0.));
#2313=DIRECTION('',(0.,1.,0.));
#2314=DIRECTION('center_axis',(0.,1.,0.));
#2315=DIRECTION('ref_axis',(1.,0.,0.));
#2316=DIRECTION('',(0.,1.,0.));
#2317=DIRECTION('center_axis',(0.,1.,0.));
#2318=DIRECTION('ref_axis',(1.,0.,0.));
#2319=DIRECTION('',(0.,1.,0.));
#2320=DIRECTION('center_axis',(-1.,0.,0.));
#2321=DIRECTION('ref_axis',(0.,-0.707106781186546,-0.707106781186549));
#2322=DIRECTION('center_axis',(0.,-1.,0.));
#2323=DIRECTION('ref_axis',(0.,0.,-1.));
#2324=DIRECTION('center_axis',(0.,1.,0.));
#2325=DIRECTION('ref_axis',(-0.707106781186551,0.,0.707106781186544));
#2326=DIRECTION('',(0.,-1.,0.));
#2327=DIRECTION('center_axis',(-1.,0.,0.));
#2328=DIRECTION('ref_axis',(0.,0.,1.));
#2329=DIRECTION('center_axis',(0.,0.,-1.));
#2330=DIRECTION('ref_axis',(-1.,0.,0.));
#2331=DIRECTION('center_axis',(1.,0.,0.));
#2332=DIRECTION('ref_axis',(0.,0.,-1.));
#2333=DIRECTION('center_axis',(4.06895806724936E-15,-1.,0.));
#2334=DIRECTION('ref_axis',(1.,4.06895806724936E-15,-2.58223887916544E-16));
#2335=DIRECTION('center_axis',(-4.00360730220942E-15,1.,0.));
#2336=DIRECTION('ref_axis',(0.5,0.,0.866025403784439));
#2337=DIRECTION('center_axis',(0.,1.,0.));
#2338=DIRECTION('ref_axis',(0.5,0.,0.866025403784439));
#2339=DIRECTION('center_axis',(0.,-1.,0.));
#2340=DIRECTION('ref_axis',(0.5,0.,0.866025403784439));
#2341=DIRECTION('',(0.,1.,0.));
#2342=DIRECTION('center_axis',(0.,-1.,0.));
#2343=DIRECTION('ref_axis',(0.866025403784439,0.,-0.5));
#2344=DIRECTION('center_axis',(0.,-1.,0.));
#2345=DIRECTION('ref_axis',(0.866025403784439,0.,0.5));
#2346=DIRECTION('center_axis',(0.,-1.,0.));
#2347=DIRECTION('ref_axis',(-0.5,0.,0.866025403784439));
#2348=DIRECTION('center_axis',(0.,1.,0.));
#2349=DIRECTION('ref_axis',(-0.5,0.,0.866025403784439));
#2350=DIRECTION('',(0.,1.,0.));
#2351=DIRECTION('center_axis',(0.,-1.,0.));
#2352=DIRECTION('ref_axis',(-0.5,0.,0.866025403784439));
#2353=DIRECTION('center_axis',(4.06895806724936E-15,-1.,0.));
#2354=DIRECTION('ref_axis',(1.,4.06895806724936E-15,-2.58223887916544E-16));
#2355=CARTESIAN_POINT('',(0.,0.,0.));
#2356=CARTESIAN_POINT('Origin',(136.542217191428,72.7614934705394,-29.));
#2357=CARTESIAN_POINT('',(138.542217191428,78.7614934705394,-29.));
#2358=CARTESIAN_POINT('',(138.542217191428,74.7614934705394,-29.));
#2359=CARTESIAN_POINT('',(138.542217191428,72.7614934705394,-29.));
#2360=CARTESIAN_POINT('',(155.042217191428,78.7614934705394,-29.));
#2361=CARTESIAN_POINT('',(136.542217191428,78.7614934705394,-29.));
#2362=CARTESIAN_POINT('',(173.167986620822,76.7614934705393,-29.));
#2363=CARTESIAN_POINT('',(155.293404290465,78.7337774499848,-29.));
#2364=CARTESIAN_POINT('',(184.967263063942,76.7614934705398,-29.));
#2365=CARTESIAN_POINT('',(161.754740127685,76.7614934705388,-29.));
#2366=CARTESIAN_POINT('',(184.967263063942,72.7614934705394,-29.));
#2367=CARTESIAN_POINT('',(184.967263063942,72.7614934705394,-29.));
#2368=CARTESIAN_POINT('',(179.513700835094,72.7614934705394,-29.));
#2369=CARTESIAN_POINT('',(154.855101906125,72.7614934705394,-29.));
#2370=CARTESIAN_POINT('',(179.513700835094,74.3614934705394,-29.));
#2371=CARTESIAN_POINT('',(179.513700835094,73.5614934705394,-29.));
#2372=CARTESIAN_POINT('',(173.463700835094,74.3614934705395,-29.));
#2373=CARTESIAN_POINT('',(155.002959013261,74.3614934705396,-29.));
#2374=CARTESIAN_POINT('',(173.463700835094,72.7614934705394,-29.));
#2375=CARTESIAN_POINT('',(173.463700835094,72.7614934705399,-29.));
#2376=CARTESIAN_POINT('',(173.167986620822,72.7614934705394,-29.));
#2377=CARTESIAN_POINT('',(154.855101906125,72.7614934705394,-29.));
#2378=CARTESIAN_POINT('',(154.938923612199,70.7614934705394,-29.));
#2379=CARTESIAN_POINT('',(145.95838727278,69.7761947379419,-29.));
#2380=CARTESIAN_POINT('',(138.542217191428,70.7614934705394,-29.));
#2381=CARTESIAN_POINT('',(136.542217191428,70.7614934705394,-29.));
#2382=CARTESIAN_POINT('',(138.542217191428,72.7614934705394,-29.));
#2383=CARTESIAN_POINT('Origin',(141.542217191428,74.7614934705394,-29.));
#2384=CARTESIAN_POINT('Origin',(137.542217191428,72.7614934705394,-28.));
#2385=CARTESIAN_POINT('',(136.542217191428,78.7614934705394,-27.));
#2386=CARTESIAN_POINT('',(143.193913663248,78.7614934705394,-33.6516964718198));
#2387=CARTESIAN_POINT('',(136.542217191428,70.7614934705395,-27.));
#2388=CARTESIAN_POINT('',(143.193913663248,70.7614934705395,-33.6516964718198));
#2389=CARTESIAN_POINT('',(136.542217191428,76.7614934705394,-27.));
#2390=CARTESIAN_POINT('Origin',(162.649003078707,70.7614934705395,-25.5));
#2391=CARTESIAN_POINT('',(154.938923612199,70.7614934705394,-27.));
#2392=CARTESIAN_POINT('',(154.938923612199,70.7614934705395,-26.25));
#2393=CARTESIAN_POINT('',(152.042217191428,70.7614934705395,-27.));
#2394=CARTESIAN_POINT('',(176.594962303222,70.7614934705394,-27.));
#2395=CARTESIAN_POINT('',(152.042217191428,70.7614934705395,-24.));
#2396=CARTESIAN_POINT('',(152.042217191428,70.7614934705395,-24.75));
#2397=CARTESIAN_POINT('',(136.542217191428,70.7614934705395,-24.));
#2398=CARTESIAN_POINT('',(136.542217191428,70.7614934705395,-24.));
#2399=CARTESIAN_POINT('',(135.542217191428,70.7614934705395,-25.));
#2400=CARTESIAN_POINT('Origin',(136.542217191428,70.7614934705395,-25.));
#2401=CARTESIAN_POINT('',(135.542217191428,70.7614934705395,-26.));
#2402=CARTESIAN_POINT('',(135.542217191428,70.7614934705395,-26.));
#2403=CARTESIAN_POINT('Origin',(136.542217191428,70.7614934705395,-26.));
#2404=CARTESIAN_POINT('Origin',(185.967263063942,72.7614934705394,-28.));
#2405=CARTESIAN_POINT('',(186.967263063942,72.7614934705394,-27.));
#2406=CARTESIAN_POINT('',(187.495959370605,72.7614934705394,-26.4713036933372));
#2407=CARTESIAN_POINT('',(186.967263063942,76.7614934705394,-27.));
#2408=CARTESIAN_POINT('',(187.495959370605,76.7614934705394,-26.4713036933372));
#2409=CARTESIAN_POINT('',(186.967263063942,76.7614934705394,-27.));
#2410=CARTESIAN_POINT('Origin',(176.738700835094,72.7614934705394,-12.6566525445006));
#2411=CARTESIAN_POINT('',(191.43518447876,72.7614934705394,-21.0220957493408));
#2412=CARTESIAN_POINT('Origin',(176.738700835094,72.7614934705394,-14.6964836436659));
#2413=CARTESIAN_POINT('',(191.43518447876,72.7614934705394,-11.6942563852025));
#2414=CARTESIAN_POINT('',(191.43518447876,72.7614934705394,-29.3133050890012));
#2415=CARTESIAN_POINT('',(176.738700835094,72.7614934705394,0.303516356334108));
#2416=CARTESIAN_POINT('Origin',(176.738700835094,72.7614934705394,-14.6964836436659));
#2417=CARTESIAN_POINT('',(179.813700835094,72.7614934705394,-2.77148364366589));
#2418=CARTESIAN_POINT('Origin',(176.738700835094,72.7614934705394,-2.77148364366589));
#2419=CARTESIAN_POINT('',(179.813700835094,72.7614934705394,-10.7538481038271));
#2420=CARTESIAN_POINT('',(179.813700835094,72.7614934705394,-7.71406809408325));
#2421=CARTESIAN_POINT('',(180.700707902225,72.7614934705394,-11.6464836436659));
#2422=CARTESIAN_POINT('Origin',(176.738700835094,72.7614934705394,-14.6964836436659));
#2423=CARTESIAN_POINT('',(188.688700835094,72.7614934705394,-11.6464836436659));
#2424=CARTESIAN_POINT('',(178.71970436866,72.7614934705394,-11.6464836436659));
#2425=CARTESIAN_POINT('',(190.93518447876,72.7614934705394,-12.6335218799045));
#2426=CARTESIAN_POINT('Origin',(188.688700835094,72.7614934705394,-14.6964836436659));
#2427=CARTESIAN_POINT('',(190.93518447876,72.7614934705394,-13.4899136130661));
#2428=CARTESIAN_POINT('',(190.93518447876,72.7614934705394,-12.6450872122025));
#2429=CARTESIAN_POINT('',(188.688700835094,72.7614934705394,-17.2464836436659));
#2430=CARTESIAN_POINT('Origin',(188.688700835094,72.7614934705394,-14.6964836436659));
#2431=CARTESIAN_POINT('',(180.446462963386,72.7614934705394,-17.2464836436659));
#2432=CARTESIAN_POINT('',(182.713700835094,72.7614934705394,-17.2464836436659));
#2433=CARTESIAN_POINT('',(179.513700835094,72.7614934705394,-18.2389933472518));
#2434=CARTESIAN_POINT('Origin',(176.738700835094,72.7614934705394,-14.6964836436659));
#2435=CARTESIAN_POINT('',(179.513700835094,72.7614934705394,-14.9515680940832));
#2436=CARTESIAN_POINT('Origin',(176.738700835094,72.7614934705394,-12.6566525445006));
#2437=CARTESIAN_POINT('',(173.463700835094,72.7614934705394,-18.4746280294722));
#2438=CARTESIAN_POINT('',(173.463700835094,72.7614934705394,-19.8283262722503));
#2439=CARTESIAN_POINT('',(173.167986620822,72.7614934705394,-18.1964836436659));
#2440=CARTESIAN_POINT('Origin',(176.738700835094,72.7614934705394,-14.6964836436659));
#2441=CARTESIAN_POINT('',(173.167986620822,72.7614934705394,-19.8283262722503));
#2442=CARTESIAN_POINT('Origin',(176.738700835094,72.7614934705394,-26.6964836436659));
#2443=CARTESIAN_POINT('',(177.688700835094,74.3614934705394,-26.6964836436659));
#2444=CARTESIAN_POINT('Origin',(176.738700835094,74.3614934705394,-26.6964836436659));
#2445=CARTESIAN_POINT('',(177.688700835094,76.7614934705394,-26.6964836436659));
#2446=CARTESIAN_POINT('',(177.688700835094,72.7614934705394,-26.6964836436659));
#2447=CARTESIAN_POINT('Origin',(176.738700835094,76.7614934705394,-26.6964836436659));
#2448=CARTESIAN_POINT('Origin',(176.738700835094,76.7614934705394,-12.6566525445006));
#2449=CARTESIAN_POINT('',(173.167986620822,76.7614934705393,-18.1964836436659));
#2450=CARTESIAN_POINT('',(173.167986620821,76.7614934705394,-19.8283262722503));
#2451=CARTESIAN_POINT('',(155.042217191428,76.7614934705393,-18.1964836436659));
#2452=CARTESIAN_POINT('',(169.67190137061,76.7614934705394,-18.1964836436659));
#2453=CARTESIAN_POINT('',(155.042217191428,76.7614934705394,-5.49999999999999));
#2454=CARTESIAN_POINT('',(155.042217191428,76.7614934705394,-10.0783262722503));
#2455=CARTESIAN_POINT('',(164.888608489809,76.7614934705394,-5.49999999999999));
#2456=CARTESIAN_POINT('',(164.390459013261,76.7614934705394,-5.49999999999999));
#2457=CARTESIAN_POINT('',(191.43518447876,76.7614934705394,-11.6942563852025));
#2458=CARTESIAN_POINT('Origin',(176.738700835094,76.7614934705394,-14.6964836436659));
#2459=CARTESIAN_POINT('',(191.43518447876,76.7614934705394,-21.0220957493408));
#2460=CARTESIAN_POINT('',(191.43518447876,76.7614934705394,-29.3133050890012));
#2461=CARTESIAN_POINT('Origin',(176.738700835094,76.7614934705394,-14.6964836436659));
#2462=CARTESIAN_POINT('',(183.213700835094,76.7614934705394,-25.9115126226744));
#2463=CARTESIAN_POINT('Origin',(182.738700835094,76.7614934705394,-25.0887884890792));
#2464=CARTESIAN_POINT('',(187.606005680507,76.7614934705394,-19.8737595100707));
#2465=CARTESIAN_POINT('Origin',(187.131005680507,76.7614934705394,-20.6964836436659));
#2466=CARTESIAN_POINT('',(182.263700835094,76.7614934705394,-5.12690293184782));
#2467=CARTESIAN_POINT('Origin',(182.738700835094,76.7614934705394,-4.3041787982526));
#2468=CARTESIAN_POINT('',(165.871395989681,76.7614934705394,-9.51920777726106));
#2469=CARTESIAN_POINT('Origin',(166.346395989681,76.7614934705394,-8.69648364366585));
#2470=CARTESIAN_POINT('',(171.213700835094,76.7614934705394,-5.1269029318478));
#2471=CARTESIAN_POINT('Origin',(170.738700835094,76.7614934705394,-4.30417879825258));
#2472=CARTESIAN_POINT('',(186.656005680507,76.7614934705394,-7.87375951007074));
#2473=CARTESIAN_POINT('Origin',(187.131005680507,76.7614934705394,-8.69648364366595));
#2474=CARTESIAN_POINT('',(172.238700835094,76.7614934705394,-14.6964836436659));
#2475=CARTESIAN_POINT('Origin',(176.738700835094,76.7614934705394,-14.6964836436659));
#2476=CARTESIAN_POINT('',(163.788700835094,76.7614934705394,-14.6964836436658));
#2477=CARTESIAN_POINT('Origin',(164.738700835094,76.7614934705394,-14.6964836436658));
#2478=CARTESIAN_POINT('',(175.788700835094,76.7614934705394,-2.69648364366589));
#2479=CARTESIAN_POINT('Origin',(176.738700835094,76.7614934705394,-2.69648364366589));
#2480=CARTESIAN_POINT('',(187.788700835094,76.7614934705394,-14.6964836436659));
#2481=CARTESIAN_POINT('Origin',(188.738700835094,76.7614934705394,-14.6964836436659));
#2482=CARTESIAN_POINT('Origin',(191.43518447876,76.7614934705394,-27.));
#2483=CARTESIAN_POINT('',(154.90584896579,70.7578646886988,-27.));
#2484=CARTESIAN_POINT('',(173.167986620822,72.7614934705394,-27.));
#2485=CARTESIAN_POINT('',(152.042217191428,70.7578646886988,-27.));
#2486=CARTESIAN_POINT('',(154.90584896579,70.7578646886988,-27.));
#2487=CARTESIAN_POINT('',(152.042217191428,49.7614934705394,-27.));
#2488=CARTESIAN_POINT('Origin',(152.792217191428,96.7614934705394,-15.1964836436659));
#2489=CARTESIAN_POINT('',(152.042217191428,96.7614934705394,-18.1964836436659));
#2490=CARTESIAN_POINT('',(152.042217191428,99.7614934705394,-15.1964836436659));
#2491=CARTESIAN_POINT('Origin',(152.042217191428,96.7614934705394,-15.1964836436659));
#2492=CARTESIAN_POINT('',(155.042217191428,99.7614934705395,-15.1964836436659));
#2493=CARTESIAN_POINT('',(152.792217191428,99.7614934705395,-15.1964836436659));
#2494=CARTESIAN_POINT('',(155.042217191428,96.7614934705394,-18.1964836436659));
#2495=CARTESIAN_POINT('Origin',(155.042217191428,96.7614934705394,-15.1964836436659));
#2496=CARTESIAN_POINT('',(152.792217191428,96.7614934705394,-18.1964836436659));
#2497=CARTESIAN_POINT('Origin',(155.042217191428,76.7614934705394,-7.49999999999999));
#2498=CARTESIAN_POINT('',(155.042217191428,99.7614934705395,-10.5));
#2499=CARTESIAN_POINT('',(155.042217191428,99.7614934705395,-17.5));
#2500=CARTESIAN_POINT('',(155.042217191428,96.7614934705394,-7.49999999999999));
#2501=CARTESIAN_POINT('Origin',(155.042217191428,96.7614934705394,-10.5));
#2502=CARTESIAN_POINT('',(155.042217191428,78.7614934705394,-7.49999999999999));
#2503=CARTESIAN_POINT('',(155.042217191428,76.7614934705394,-7.49999999999999));
#2504=CARTESIAN_POINT('Origin',(155.042217191428,78.7614934705394,-5.49999999999999));
#2505=CARTESIAN_POINT('',(155.042217191428,78.7614934705394,-18.1964836436659));
#2506=CARTESIAN_POINT('',(155.042217191428,87.2605862750793,-18.1964836436659));
#2507=CARTESIAN_POINT('',(155.042217191428,87.2614934705395,-18.1964836436659));
#2508=CARTESIAN_POINT('',(155.042217191428,97.2614934705395,-14.));
#2509=CARTESIAN_POINT('',(155.042217191428,96.7614934705395,-14.));
#2510=CARTESIAN_POINT('',(155.042217191428,87.0114934705394,-14.));
#2511=CARTESIAN_POINT('',(155.042217191428,96.7614934705395,-11.));
#2512=CARTESIAN_POINT('Origin',(155.042217191428,96.7614934705395,-12.5));
#2513=CARTESIAN_POINT('',(155.042217191428,97.2614934705395,-11.));
#2514=CARTESIAN_POINT('',(155.042217191428,86.7614934705395,-11.));
#2515=CARTESIAN_POINT('Origin',(155.042217191428,97.2614934705395,-12.5));
#2516=CARTESIAN_POINT('Origin',(152.042217191428,99.7614934705395,-7.49999999999999));
#2517=CARTESIAN_POINT('',(152.042217191428,99.7614934705394,-10.5));
#2518=CARTESIAN_POINT('',(152.042217191428,99.7614934705394,-10.));
#2519=CARTESIAN_POINT('',(152.042217191428,99.7614934705395,-10.5));
#2520=CARTESIAN_POINT('Origin',(152.042217191428,96.7614934705394,-10.5));
#2521=CARTESIAN_POINT('',(152.042217191428,96.7614934705394,-7.5));
#2522=CARTESIAN_POINT('Origin',(152.042217191428,96.7614934705394,-10.5));
#2523=CARTESIAN_POINT('',(152.042217191428,96.7614934705394,-7.49999999999999));
#2524=CARTESIAN_POINT('Origin',(153.542217191428,52.7614934705394,-15.1964836436659));
#2525=CARTESIAN_POINT('',(155.042217191428,52.7614934705394,-18.1964836436659));
#2526=CARTESIAN_POINT('',(155.042217191428,49.7614934705394,-15.1964836436659));
#2527=CARTESIAN_POINT('Origin',(155.042217191428,52.7614934705394,-15.1964836436659));
#2528=CARTESIAN_POINT('',(152.042217191428,49.7614934705394,-15.1964836436659));
#2529=CARTESIAN_POINT('',(153.542217191428,49.7614934705394,-15.1964836436659));
#2530=CARTESIAN_POINT('',(152.042217191428,52.7614934705394,-18.1964836436659));
#2531=CARTESIAN_POINT('Origin',(152.042217191428,52.7614934705394,-15.1964836436659));
#2532=CARTESIAN_POINT('',(153.542217191428,52.7614934705394,-18.1964836436659));
#2533=CARTESIAN_POINT('Origin',(152.042217191428,74.7614934705394,-12.5));
#2534=CARTESIAN_POINT('',(152.042217191428,78.7614934705394,-18.1964836436659));
#2535=CARTESIAN_POINT('',(152.042217191428,76.003066626874,-18.1964836436659));
#2536=CARTESIAN_POINT('',(152.042217191428,78.7614934705394,-24.));
#2537=CARTESIAN_POINT('',(152.042217191428,78.7614934705394,-27.));
#2538=CARTESIAN_POINT('',(152.042217191428,73.7614934705395,-24.));
#2539=CARTESIAN_POINT('',(152.042217191428,70.7578646886988,-18.1964836436659));
#2540=CARTESIAN_POINT('',(152.042217191428,70.7578646886988,-27.));
#2541=CARTESIAN_POINT('',(152.042217191428,62.2614934705394,-18.1964836436659));
#2542=CARTESIAN_POINT('',(152.042217191428,49.7614934705394,-10.5));
#2543=CARTESIAN_POINT('',(152.042217191428,49.7614934705394,-7.5));
#2544=CARTESIAN_POINT('',(152.042217191428,52.7614934705394,-7.5));
#2545=CARTESIAN_POINT('Origin',(152.042217191428,52.7614934705394,-10.5));
#2546=CARTESIAN_POINT('',(152.042217191428,72.7614934705394,-7.5));
#2547=CARTESIAN_POINT('',(152.042217191428,76.7614934705394,-7.5));
#2548=CARTESIAN_POINT('',(152.042217191428,72.7614934705394,-5.49999999999999));
#2549=CARTESIAN_POINT('',(152.042217191428,72.7614934705394,-27.));
#2550=CARTESIAN_POINT('',(152.042217191428,76.7614934705394,-5.49999999999999));
#2551=CARTESIAN_POINT('',(152.042217191428,75.7614934705394,-5.49999999999999));
#2552=CARTESIAN_POINT('',(152.042217191428,78.7614934705394,-7.5));
#2553=CARTESIAN_POINT('Origin',(152.042217191428,78.7614934705394,-5.49999999999999));
#2554=CARTESIAN_POINT('',(152.042217191428,76.7614934705394,-7.5));
#2555=CARTESIAN_POINT('',(152.042217191428,52.2614934705394,-14.));
#2556=CARTESIAN_POINT('',(152.042217191428,52.7614934705394,-14.));
#2557=CARTESIAN_POINT('',(152.042217191428,63.5114934705394,-14.));
#2558=CARTESIAN_POINT('',(152.042217191428,52.7614934705395,-11.));
#2559=CARTESIAN_POINT('Origin',(152.042217191428,52.7614934705395,-12.5));
#2560=CARTESIAN_POINT('',(152.042217191428,52.2614934705394,-11.));
#2561=CARTESIAN_POINT('',(152.042217191428,63.7614934705394,-11.));
#2562=CARTESIAN_POINT('Origin',(152.042217191428,52.2614934705394,-12.5));
#2563=CARTESIAN_POINT('',(152.042217191428,96.7614934705395,-14.));
#2564=CARTESIAN_POINT('',(152.042217191428,97.2614934705395,-14.));
#2565=CARTESIAN_POINT('',(152.042217191428,86.0114934705395,-14.));
#2566=CARTESIAN_POINT('',(152.042217191428,97.2614934705395,-11.));
#2567=CARTESIAN_POINT('Origin',(152.042217191428,97.2614934705395,-12.5));
#2568=CARTESIAN_POINT('',(152.042217191428,96.7614934705395,-11.));
#2569=CARTESIAN_POINT('',(152.042217191428,85.7614934705394,-11.));
#2570=CARTESIAN_POINT('Origin',(152.042217191428,96.7614934705395,-12.5));
#2571=CARTESIAN_POINT('Origin',(153.542217191428,49.7614934705394,-12.5));
#2572=CARTESIAN_POINT('',(155.042217191428,49.7614934705394,-10.5));
#2573=CARTESIAN_POINT('',(155.042217191428,49.7614934705394,-17.5));
#2574=CARTESIAN_POINT('',(152.792217191428,49.7614934705394,-10.5));
#2575=CARTESIAN_POINT('Origin',(152.792217191428,52.7614934705394,-10.5));
#2576=CARTESIAN_POINT('',(155.042217191428,52.7614934705394,-7.49999999999999));
#2577=CARTESIAN_POINT('Origin',(155.042217191428,52.7614934705394,-10.5));
#2578=CARTESIAN_POINT('',(152.792217191428,52.7614934705394,-7.49999999999999));
#2579=CARTESIAN_POINT('Origin',(155.042217191428,52.2614934705394,-14.));
#2580=CARTESIAN_POINT('',(155.042217191428,52.2614934705394,-14.));
#2581=CARTESIAN_POINT('',(155.042217191428,52.2614934705394,-14.));
#2582=CARTESIAN_POINT('',(155.042217191428,52.7614934705395,-14.));
#2583=CARTESIAN_POINT('',(155.042217191428,64.5114934705394,-14.));
#2584=CARTESIAN_POINT('',(152.042217191428,52.7614934705395,-14.));
#2585=CARTESIAN_POINT('Origin',(155.042217191428,52.2614934705394,-12.5));
#2586=CARTESIAN_POINT('',(155.042217191428,52.2614934705394,-11.));
#2587=CARTESIAN_POINT('',(155.042217191428,52.2614934705394,-11.));
#2588=CARTESIAN_POINT('Origin',(155.042217191428,52.2614934705394,-12.5));
#2589=CARTESIAN_POINT('Origin',(155.042217191428,52.7614934705394,-11.));
#2590=CARTESIAN_POINT('',(155.042217191428,52.7614934705394,-11.));
#2591=CARTESIAN_POINT('',(152.042217191428,52.7614934705395,-11.));
#2592=CARTESIAN_POINT('',(155.042217191428,64.7614934705394,-11.));
#2593=CARTESIAN_POINT('Origin',(152.042217191428,52.7614934705395,-12.5));
#2594=CARTESIAN_POINT('Origin',(155.042217191428,52.7614934705395,-12.5));
#2595=CARTESIAN_POINT('Origin',(155.042217191428,76.7614934705394,-7.49999999999999));
#2596=CARTESIAN_POINT('',(155.042217191428,70.7728263162464,-18.1964836436659));
#2597=CARTESIAN_POINT('',(155.042217191428,73.5199203142049,-18.1964836436659));
#2598=CARTESIAN_POINT('',(155.042217191428,72.7614934705394,-18.1964836436659));
#2599=CARTESIAN_POINT('',(155.042217191428,75.7605862750793,-18.1964836436659));
#2600=CARTESIAN_POINT('',(155.042217191428,72.7614934705394,-7.49999999999999));
#2601=CARTESIAN_POINT('',(155.042217191428,72.7614934705394,-10.0783262722503));
#2602=CARTESIAN_POINT('',(155.042217191428,72.7614934705394,-7.49999999999999));
#2603=CARTESIAN_POINT('Origin',(155.042217191428,96.7614934705395,-11.));
#2604=CARTESIAN_POINT('',(155.042217191428,97.2614934705395,-11.));
#2605=CARTESIAN_POINT('',(152.042217191428,96.7614934705395,-11.));
#2606=CARTESIAN_POINT('Origin',(155.042217191428,97.2614934705395,-14.));
#2607=CARTESIAN_POINT('',(152.042217191428,96.7614934705395,-14.));
#2608=CARTESIAN_POINT('',(155.042217191428,97.2614934705395,-14.));
#2609=CARTESIAN_POINT('Origin',(155.042217191428,97.2614934705395,-12.5));
#2610=CARTESIAN_POINT('Origin',(152.042217191428,96.7614934705395,-12.5));
#2611=CARTESIAN_POINT('Origin',(153.542217191428,74.7614934705394,-18.1964836436659));
#2612=CARTESIAN_POINT('',(154.90584896579,70.7578646886988,-18.1964836436659));
#2613=CARTESIAN_POINT('',(157.323659548777,70.7578646886988,-18.1964836436659));
#2614=CARTESIAN_POINT('',(158.926605488699,71.1990016271148,-18.1964836436659));
#2615=CARTESIAN_POINT('Origin',(153.542217191428,74.7614934705394,-18.1964836436659));
#2616=CARTESIAN_POINT('',(158.823659548777,78.7614934705394,-18.1964836436659));
#2617=CARTESIAN_POINT('Origin',(162.605101906125,74.7596790796191,-18.1964836436659));
#2618=CARTESIAN_POINT('',(168.059183910661,77.3251994947235,-18.1964836436659));
#2619=CARTESIAN_POINT('Origin',(173.167986620822,76.7614934705393,-27.));
#2620=CARTESIAN_POINT('',(155.042217191428,78.7614934705394,-27.));
#2621=CARTESIAN_POINT('Origin',(152.042217191428,70.7578646886988,-27.));
#2622=CARTESIAN_POINT('',(154.90584896579,70.7578646886988,-27.));
#2623=CARTESIAN_POINT('Origin',(154.90584896579,70.7578646886988,-27.));
#2624=CARTESIAN_POINT('',(158.926605488699,71.1990016271148,-18.1964836436659));
#2625=CARTESIAN_POINT('Origin',(176.738700835094,76.7614934705394,-14.6964836436659));
#2626=CARTESIAN_POINT('',(191.43518447876,76.7614934705395,-21.0220957493407));
#2627=CARTESIAN_POINT('Origin',(135.542217191428,76.7614934705394,-24.));
#2628=CARTESIAN_POINT('',(136.542217191428,78.7614934705394,-24.));
#2629=CARTESIAN_POINT('',(149.095610135068,78.7614934705394,-24.));
#2630=CARTESIAN_POINT('',(136.542217191428,78.7614934705395,-24.));
#2631=CARTESIAN_POINT('',(138.542217191428,74.7614934705394,-24.));
#2632=CARTESIAN_POINT('Origin',(141.542217191428,74.7614934705394,-24.));
#2633=CARTESIAN_POINT('Origin',(152.042217191428,76.7614934705394,-7.49999999999999));
#2634=CARTESIAN_POINT('',(164.390459013261,78.7614934705394,-7.49999999999999));
#2635=CARTESIAN_POINT('Origin',(141.542217191428,74.7614934705394,-24.));
#2636=CARTESIAN_POINT('',(138.542217191428,74.7614934705394,-24.));
#2637=CARTESIAN_POINT('Origin',(173.463700835094,72.7614934705394,-27.));
#2638=CARTESIAN_POINT('',(173.463700835094,74.3614934705394,-18.4746280294722));
#2639=CARTESIAN_POINT('',(173.463700835094,74.3614934705395,-27.));
#2640=CARTESIAN_POINT('',(173.463700835094,72.7614934705394,-18.4746280294722));
#2641=CARTESIAN_POINT('Origin',(162.649003078707,78.7614934705394,-25.5));
#2642=CARTESIAN_POINT('',(135.542217191428,78.7614934705394,-26.));
#2643=CARTESIAN_POINT('Origin',(136.542217191428,78.7614934705394,-26.));
#2644=CARTESIAN_POINT('',(135.542217191428,78.7614934705394,-25.));
#2645=CARTESIAN_POINT('',(135.542217191428,78.7614934705394,-26.25));
#2646=CARTESIAN_POINT('Origin',(136.542217191428,78.7614934705394,-25.));
#2647=CARTESIAN_POINT('Origin',(182.738700835094,74.3614934705394,-25.0887884890792));
#2648=CARTESIAN_POINT('',(183.213700835094,74.3614934705394,-25.9115126226744));
#2649=CARTESIAN_POINT('Origin',(182.738700835094,74.3614934705394,-25.0887884890792));
#2650=CARTESIAN_POINT('',(183.213700835094,74.3614934705394,-25.9115126226744));
#2651=CARTESIAN_POINT('Origin',(182.738700835094,74.3614934705394,-25.0887884890792));
#2652=CARTESIAN_POINT('Origin',(136.542217191428,76.7614934705394,-26.));
#2653=CARTESIAN_POINT('',(135.542217191428,78.7614934705395,-26.));
#2654=CARTESIAN_POINT('Origin',(187.131005680507,74.3614934705394,-20.6964836436659));
#2655=CARTESIAN_POINT('',(187.606005680507,74.3614934705394,-19.8737595100707));
#2656=CARTESIAN_POINT('Origin',(187.131005680507,74.3614934705394,-20.6964836436659));
#2657=CARTESIAN_POINT('',(187.606005680507,74.3614934705394,-19.8737595100707));
#2658=CARTESIAN_POINT('Origin',(187.131005680507,74.3614934705394,-20.6964836436659));
#2659=CARTESIAN_POINT('Origin',(182.738700835094,74.3614934705394,-4.3041787982526));
#2660=CARTESIAN_POINT('',(182.263700835094,74.3614934705394,-5.12690293184786));
#2661=CARTESIAN_POINT('Origin',(182.738700835094,74.3614934705394,-4.3041787982526));
#2662=CARTESIAN_POINT('',(182.263700835094,74.3614934705394,-5.12690293184782));
#2663=CARTESIAN_POINT('Origin',(182.738700835094,74.3614934705394,-4.3041787982526));
#2664=CARTESIAN_POINT('Origin',(166.346395989681,74.3614934705394,-8.69648364366585));
#2665=CARTESIAN_POINT('',(165.871395989681,74.3614934705394,-9.51920777726106));
#2666=CARTESIAN_POINT('Origin',(166.346395989681,74.3614934705394,-8.69648364366585));
#2667=CARTESIAN_POINT('',(165.871395989681,74.3614934705394,-9.51920777726106));
#2668=CARTESIAN_POINT('Origin',(166.346395989681,74.3614934705394,-8.69648364366585));
#2669=CARTESIAN_POINT('Origin',(170.738700835094,74.3614934705394,-4.30417879825258));
#2670=CARTESIAN_POINT('',(171.213700835094,74.3614934705394,-5.12690293184779));
#2671=CARTESIAN_POINT('Origin',(170.738700835094,74.3614934705394,-4.30417879825258));
#2672=CARTESIAN_POINT('',(171.213700835094,74.3614934705394,-5.1269029318478));
#2673=CARTESIAN_POINT('Origin',(170.738700835094,74.3614934705394,-4.30417879825258));
#2674=CARTESIAN_POINT('Origin',(187.131005680507,74.3614934705394,-8.69648364366595));
#2675=CARTESIAN_POINT('',(186.656005680507,74.3614934705394,-7.87375951007074));
#2676=CARTESIAN_POINT('Origin',(187.131005680507,74.3614934705394,-8.69648364366595));
#2677=CARTESIAN_POINT('',(186.656005680507,74.3614934705394,-7.87375951007074));
#2678=CARTESIAN_POINT('Origin',(187.131005680507,74.3614934705394,-8.69648364366595));
#2679=CARTESIAN_POINT('Origin',(176.738700835094,74.3614934705394,-14.6964836436659));
#2680=CARTESIAN_POINT('',(179.513700835094,74.3614934705394,-18.2389933472518));
#2681=CARTESIAN_POINT('',(179.513700835094,74.3614934705394,-27.));
#2682=CARTESIAN_POINT('',(172.238700835094,74.3614934705394,-14.6964836436659));
#2683=CARTESIAN_POINT('Origin',(176.738700835094,74.3614934705394,-14.6964836436659));
#2684=CARTESIAN_POINT('',(180.446462963386,74.3614934705394,-17.2464836436659));
#2685=CARTESIAN_POINT('Origin',(176.738700835094,74.3614934705394,-14.6964836436659));
#2686=CARTESIAN_POINT('',(188.688700835094,74.3614934705394,-17.2464836436659));
#2687=CARTESIAN_POINT('',(164.788700835094,74.3614934705394,-17.2464836436659));
#2688=CARTESIAN_POINT('',(190.93518447876,74.3614934705394,-13.4899136130661));
#2689=CARTESIAN_POINT('Origin',(188.688700835094,74.3614934705394,-14.6964836436659));
#2690=CARTESIAN_POINT('',(190.93518447876,74.3614934705394,-12.6335218799045));
#2691=CARTESIAN_POINT('',(190.93518447876,74.3614934705394,-12.9908818508687));
#2692=CARTESIAN_POINT('',(188.688700835094,74.3614934705394,-11.6464836436659));
#2693=CARTESIAN_POINT('Origin',(188.688700835094,74.3614934705394,-14.6964836436659));
#2694=CARTESIAN_POINT('',(180.700707902225,74.3614934705394,-11.6464836436659));
#2695=CARTESIAN_POINT('',(178.463536482926,74.3614934705394,-11.6464836436659));
#2696=CARTESIAN_POINT('',(179.813700835094,74.3614934705394,-10.7538481038271));
#2697=CARTESIAN_POINT('Origin',(176.738700835094,74.3614934705394,-14.6964836436659));
#2698=CARTESIAN_POINT('',(179.813700835094,74.3614934705394,-2.77148364366589));
#2699=CARTESIAN_POINT('',(179.813700835094,74.3614934705394,-8.05986273274942));
#2700=CARTESIAN_POINT('',(176.738700835094,74.3614934705394,0.303516356334108));
#2701=CARTESIAN_POINT('Origin',(176.738700835094,74.3614934705394,-2.77148364366589));
#2702=CARTESIAN_POINT('',(173.663700835094,74.3614934705394,-2.77148364366589));
#2703=CARTESIAN_POINT('Origin',(176.738700835094,74.3614934705394,-2.77148364366589));
#2704=CARTESIAN_POINT('',(173.663700835094,74.3614934705394,-10.7538481038271));
#2705=CARTESIAN_POINT('',(173.663700835094,74.3614934705394,-12.05104496283));
#2706=CARTESIAN_POINT('',(173.167986620822,74.3614934705394,-11.1964836436659));
#2707=CARTESIAN_POINT('Origin',(176.738700835094,74.3614934705394,-14.6964836436659));
#2708=CARTESIAN_POINT('',(163.017545648493,74.3614934705394,-11.1964836436659));
#2709=CARTESIAN_POINT('',(169.62195535606,74.3614934705394,-11.1964836436659));
#2710=CARTESIAN_POINT('',(161.517545648493,74.3614934705394,-12.6964836436659));
#2711=CARTESIAN_POINT('Origin',(163.017545648493,74.3614934705394,-12.6964836436659));
#2712=CARTESIAN_POINT('',(161.517545648493,74.3614934705394,-16.6964836436659));
#2713=CARTESIAN_POINT('',(161.517545648493,74.3614934705394,-15.0223627327494));
#2714=CARTESIAN_POINT('',(163.017545648493,74.3614934705394,-18.1964836436659));
#2715=CARTESIAN_POINT('Origin',(163.017545648493,74.3614934705394,-16.6964836436659));
#2716=CARTESIAN_POINT('',(173.167986620822,74.3614934705394,-18.1964836436659));
#2717=CARTESIAN_POINT('',(174.697175842224,74.3614934705394,-18.1964836436659));
#2718=CARTESIAN_POINT('Origin',(176.738700835094,74.3614934705394,-14.6964836436659));
#2719=CARTESIAN_POINT('',(187.788700835094,74.3614934705394,-14.6964836436659));
#2720=CARTESIAN_POINT('Origin',(188.738700835094,74.3614934705394,-14.6964836436659));
#2721=CARTESIAN_POINT('',(163.788700835094,74.3614934705394,-14.6964836436659));
#2722=CARTESIAN_POINT('Origin',(164.738700835094,74.3614934705394,-14.6964836436658));
#2723=CARTESIAN_POINT('',(175.788700835094,74.3614934705394,-2.69648364366589));
#2724=CARTESIAN_POINT('Origin',(176.738700835094,74.3614934705394,-2.69648364366589));
#2725=CARTESIAN_POINT('Origin',(176.738700835094,76.7614934705394,-14.6964836436659));
#2726=CARTESIAN_POINT('',(191.43518447876,76.7614934705394,-11.6942563852025));
#2727=CARTESIAN_POINT('',(164.888608489809,72.7614934705394,-5.49999999999999));
#2728=CARTESIAN_POINT('',(164.888608489809,76.7614934705394,-5.49999999999999));
#2729=CARTESIAN_POINT('Origin',(176.738700835094,72.7614934705394,-14.6964836436659));
#2730=CARTESIAN_POINT('',(176.738700835094,76.7614934705394,0.303516356334108));
#2731=CARTESIAN_POINT('',(176.738700835094,76.7614934705394,0.303516356334108));
#2732=CARTESIAN_POINT('Origin',(152.042217191428,76.7614934705394,-5.49999999999999));
#2733=CARTESIAN_POINT('',(164.390459013261,72.7614934705394,-5.49999999999999));
#2734=CARTESIAN_POINT('',(164.390459013261,76.7614934705394,-5.49999999999999));
#2735=CARTESIAN_POINT('Origin',(191.43518447876,94.7637032400915,0.));
#2736=CARTESIAN_POINT('Origin',(176.738700835094,72.7614934705394,-2.77148364366589));
#2737=CARTESIAN_POINT('',(179.813700835094,72.7614934705394,-2.77148364366589));
#2738=CARTESIAN_POINT('Origin',(190.93518447876,72.7614934705394,-12.6335218799045));
#2739=CARTESIAN_POINT('',(190.93518447876,72.7614934705394,-13.4899136130661));
#2740=CARTESIAN_POINT('',(190.93518447876,72.7614934705394,-12.6335218799045));
#2741=CARTESIAN_POINT('Origin',(188.688700835094,72.7614934705394,-14.6964836436659));
#2742=CARTESIAN_POINT('',(188.688700835094,72.7614934705394,-11.6464836436659));
#2743=CARTESIAN_POINT('Origin',(180.700707902225,72.7614934705394,-11.6464836436659));
#2744=CARTESIAN_POINT('',(180.700707902225,72.7614934705394,-11.6464836436659));
#2745=CARTESIAN_POINT('Origin',(176.738700835094,72.7614934705394,-14.6964836436659));
#2746=CARTESIAN_POINT('',(179.813700835094,72.7614934705394,-10.7538481038271));
#2747=CARTESIAN_POINT('Origin',(179.813700835094,72.7614934705394,-2.77148364366589));
#2748=CARTESIAN_POINT('Origin',(176.738700835094,72.7614934705394,-2.77148364366589));
#2749=CARTESIAN_POINT('',(173.663700835094,72.7614934705394,-2.77148364366589));
#2750=CARTESIAN_POINT('Origin',(176.738700835094,72.7614934705394,-2.77148364366589));
#2751=CARTESIAN_POINT('',(173.663700835094,72.7614934705394,-2.77148364366589));
#2752=CARTESIAN_POINT('Origin',(173.663700835094,72.7614934705394,-10.7538481038271));
#2753=CARTESIAN_POINT('',(173.663700835094,72.7614934705394,-10.7538481038271));
#2754=CARTESIAN_POINT('',(173.663700835094,72.7614934705394,-11.7052503241638));
#2755=CARTESIAN_POINT('',(173.663700835094,72.7614934705394,-10.7538481038271));
#2756=CARTESIAN_POINT('Origin',(176.738700835094,72.7614934705394,-14.6964836436659));
#2757=CARTESIAN_POINT('',(173.167986620822,72.7614934705394,-11.1964836436659));
#2758=CARTESIAN_POINT('Origin',(176.738700835094,72.7614934705394,-14.6964836436659));
#2759=CARTESIAN_POINT('',(173.167986620822,72.7614934705394,-11.1964836436659));
#2760=CARTESIAN_POINT('Origin',(163.017545648493,72.7614934705394,-11.1964836436659));
#2761=CARTESIAN_POINT('',(163.017545648493,72.7614934705394,-11.1964836436659));
#2762=CARTESIAN_POINT('',(169.878123241793,72.7614934705394,-11.1964836436659));
#2763=CARTESIAN_POINT('',(163.017545648493,72.7614934705394,-11.1964836436659));
#2764=CARTESIAN_POINT('Origin',(163.017545648493,72.7614934705394,-12.6964836436659));
#2765=CARTESIAN_POINT('',(161.517545648493,72.7614934705394,-12.6964836436659));
#2766=CARTESIAN_POINT('Origin',(163.017545648493,72.7614934705394,-12.6964836436659));
#2767=CARTESIAN_POINT('',(161.517545648493,72.7614934705394,-12.6964836436659));
#2768=CARTESIAN_POINT('Origin',(161.517545648493,72.7614934705394,-16.6964836436659));
#2769=CARTESIAN_POINT('',(161.517545648493,72.7614934705394,-16.6964836436659));
#2770=CARTESIAN_POINT('',(161.517545648493,72.7614934705394,-14.6765680940832));
#2771=CARTESIAN_POINT('',(161.517545648493,72.7614934705394,-16.6964836436659));
#2772=CARTESIAN_POINT('Origin',(163.017545648493,72.7614934705394,-16.6964836436659));
#2773=CARTESIAN_POINT('',(163.017545648493,72.7614934705394,-18.1964836436659));
#2774=CARTESIAN_POINT('Origin',(163.017545648493,72.7614934705394,-16.6964836436659));
#2775=CARTESIAN_POINT('',(163.017545648493,72.7614934705394,-18.1964836436659));
#2776=CARTESIAN_POINT('Origin',(173.167986620822,72.7614934705394,-18.1964836436659));
#2777=CARTESIAN_POINT('',(173.167986620822,72.7614934705394,-18.1964836436659));
#2778=CARTESIAN_POINT('',(169.67190137061,72.7614934705394,-18.1964836436659));
#2779=CARTESIAN_POINT('Origin',(176.738700835094,72.7614934705394,-14.6964836436659));
#2780=CARTESIAN_POINT('Origin',(188.688700835094,72.7614934705394,-14.6964836436659));
#2781=CARTESIAN_POINT('',(188.688700835094,72.7614934705394,-17.2464836436659));
#2782=CARTESIAN_POINT('Origin',(176.738700835094,74.3614934705394,-14.6964836436659));
#2783=CARTESIAN_POINT('',(172.238700835094,74.3614934705394,-14.6964836436659));
#2784=CARTESIAN_POINT('',(179.513700835094,74.3614934705394,-18.2389933472518));
#2785=CARTESIAN_POINT('',(180.446462963386,74.3614934705394,-17.2464836436659));
#2786=CARTESIAN_POINT('Origin',(152.042217191428,76.7614934705394,-7.49999999999999));
#2787=CARTESIAN_POINT('',(164.390459013261,72.7614934705394,-7.49999999999999));
#2788=CARTESIAN_POINT('Origin',(188.738700835094,74.3614934705394,-14.6964836436659));
#2789=CARTESIAN_POINT('',(187.788700835094,74.3614934705394,-14.6964836436659));
#2790=CARTESIAN_POINT('Origin',(176.738700835094,74.3614934705394,-2.69648364366589));
#2791=CARTESIAN_POINT('',(175.788700835094,74.3614934705394,-2.69648364366589));
#2792=CARTESIAN_POINT('Origin',(164.738700835094,74.3614934705394,-14.6964836436658));
#2793=CARTESIAN_POINT('',(163.788700835094,74.3614934705394,-14.6964836436658));
#2794=CARTESIAN_POINT('Origin',(164.390459013261,78.7614934705394,-5.49999999999999));
#2795=CARTESIAN_POINT('Origin',(176.738700835094,72.7614934705394,-12.6566525445006));
#2796=CARTESIAN_POINT('Origin',(136.542217191428,76.7614934705394,-25.));
#2797=CARTESIAN_POINT('',(135.542217191428,78.7614934705395,-25.));
#2798=CARTESIAN_POINT('Origin',(135.542217191428,76.7614934705394,-27.));
#2799=CARTESIAN_POINT('Origin',(188.688700835094,72.7614934705394,-17.2464836436659));
#2800=CARTESIAN_POINT('Origin',(179.513700835094,72.7614934705394,-17.2464836436659));
#2801=CARTESIAN_POINT('Origin',(152.042217191428,76.7614934705393,-27.));
#2802=CARTESIAN_POINT('',(170.263700835094,76.7614934705394,-25.9115126226744));
#2803=CARTESIAN_POINT('Origin',(170.738700835094,76.7614934705394,-25.0887884890791));
#2804=CARTESIAN_POINT('Origin',(170.738700835094,74.3614934705394,-25.0887884890791));
#2805=CARTESIAN_POINT('',(170.263700835094,74.3614934705394,-25.9115126226744));
#2806=CARTESIAN_POINT('Origin',(170.738700835094,74.3614934705394,-25.0887884890791));
#2807=CARTESIAN_POINT('',(170.263700835094,74.3614934705394,-25.9115126226744));
#2808=CARTESIAN_POINT('Origin',(170.738700835094,74.3614934705394,-25.0887884890791));
#2809=CARTESIAN_POINT('Origin',(166.346395989681,74.3614934705394,-20.6964836436658));
#2810=CARTESIAN_POINT('',(166.821395989681,74.3614934705394,-21.5192077772611));
#2811=CARTESIAN_POINT('Origin',(166.346395989681,74.3614934705394,-20.6964836436658));
#2812=CARTESIAN_POINT('Origin',(166.346395989681,74.3614934705394,-20.6964836436658));
#2813=CARTESIAN_POINT('',(166.821395989681,76.7614934705394,-21.5192077772611));
#2814=CARTESIAN_POINT('',(166.821395989681,74.3614934705394,-21.5192077772611));
#2815=CARTESIAN_POINT('Origin',(166.346395989681,76.7614934705394,-20.6964836436658));
#2816=CARTESIAN_POINT('Origin',(152.042217191428,76.7614934705393,-27.));
#2817=CARTESIAN_POINT('',(0.,0.,-0.999999999999957));
#2818=UNCERTAINTY_MEASURE_WITH_UNIT(LENGTH_MEASURE(0.01),#2822,
'DISTANCE_ACCURACY_VALUE',
'Maximum model space distance between geometric entities at asserted c
onnectivities');
#2819=UNCERTAINTY_MEASURE_WITH_UNIT(LENGTH_MEASURE(0.01),#2822,
'DISTANCE_ACCURACY_VALUE',
'Maximum model space distance between geometric entities at asserted c
onnectivities');
#2820=(
GEOMETRIC_REPRESENTATION_CONTEXT(3)
GLOBAL_UNCERTAINTY_ASSIGNED_CONTEXT((#2818))
GLOBAL_UNIT_ASSIGNED_CONTEXT((#2822,#2824,#2825))
REPRESENTATION_CONTEXT('','3D')
);
#2821=(
GEOMETRIC_REPRESENTATION_CONTEXT(3)
GLOBAL_UNCERTAINTY_ASSIGNED_CONTEXT((#2819))
GLOBAL_UNIT_ASSIGNED_CONTEXT((#2822,#2824,#2825))
REPRESENTATION_CONTEXT('','3D')
);
#2822=(
LENGTH_UNIT()
NAMED_UNIT(*)
SI_UNIT(.MILLI.,.METRE.)
);
#2823=(
LENGTH_UNIT()
NAMED_UNIT(*)
SI_UNIT(.CENTI.,.METRE.)
);
#2824=(
NAMED_UNIT(*)
PLANE_ANGLE_UNIT()
SI_UNIT($,.RADIAN.)
);
#2825=(
NAMED_UNIT(*)
SI_UNIT($,.STERADIAN.)
SOLID_ANGLE_UNIT()
);
#2826=SHAPE_DEFINITION_REPRESENTATION(#2827,#2828);
#2827=PRODUCT_DEFINITION_SHAPE('',$,#2830);
#2828=SHAPE_REPRESENTATION('',(#1712),#2820);
#2829=PRODUCT_DEFINITION_CONTEXT('part definition',#2834,'design');
#2830=PRODUCT_DEFINITION('002_2dof_head - G1_head_mount.stl',
'004_3dof_head - G1_head_mount.stl - \X2\526F672C\X0\',#2831,#2829);
#2831=PRODUCT_DEFINITION_FORMATION('',$,#2836);
#2832=PRODUCT_RELATED_PRODUCT_CATEGORY(
'004_3dof_head - G1_head_mount.stl - \X2\526F672C\X0\',
'004_3dof_head - G1_head_mount.stl - \X2\526F672C\X0\',(#2836));
#2833=APPLICATION_PROTOCOL_DEFINITION('international standard',
'automotive_design',2009,#2834);
#2834=APPLICATION_CONTEXT(
'Core Data for Automotive Mechanical Design Process');
#2835=PRODUCT_CONTEXT('part definition',#2834,'mechanical');
#2836=PRODUCT('002_2dof_head - G1_head_mount.stl',
'004_3dof_head - G1_head_mount.stl - \X2\526F672C\X0\',$,(#2835));
#2837=PRESENTATION_STYLE_ASSIGNMENT((#2841));
#2838=PRESENTATION_STYLE_ASSIGNMENT((#2842));
#2839=PRESENTATION_STYLE_ASSIGNMENT((#2843));
#2840=PRESENTATION_STYLE_ASSIGNMENT((#2844));
#2841=SURFACE_STYLE_USAGE(.BOTH.,#2851);
#2842=SURFACE_STYLE_USAGE(.BOTH.,#2852);
#2843=SURFACE_STYLE_USAGE(.BOTH.,#2853);
#2844=SURFACE_STYLE_USAGE(.BOTH.,#2854);
#2845=SURFACE_STYLE_RENDERING_WITH_PROPERTIES($,#2867,(#2848));
#2846=SURFACE_STYLE_RENDERING_WITH_PROPERTIES($,#2868,(#2849));
#2847=SURFACE_STYLE_RENDERING_WITH_PROPERTIES($,#2870,(#2850));
#2848=SURFACE_STYLE_TRANSPARENT(0.);
#2849=SURFACE_STYLE_TRANSPARENT(0.);
#2850=SURFACE_STYLE_TRANSPARENT(0.);
#2851=SURFACE_SIDE_STYLE('',(#2855,#2845));
#2852=SURFACE_SIDE_STYLE('',(#2856,#2846));
#2853=SURFACE_SIDE_STYLE('',(#2857));
#2854=SURFACE_SIDE_STYLE('',(#2858,#2847));
#2855=SURFACE_STYLE_FILL_AREA(#2859);
#2856=SURFACE_STYLE_FILL_AREA(#2860);
#2857=SURFACE_STYLE_FILL_AREA(#2861);
#2858=SURFACE_STYLE_FILL_AREA(#2862);
#2859=FILL_AREA_STYLE('',(#2863));
#2860=FILL_AREA_STYLE('',(#2864));
#2861=FILL_AREA_STYLE('',(#2865));
#2862=FILL_AREA_STYLE('',(#2866));
#2863=FILL_AREA_STYLE_COLOUR('',#2867);
#2864=FILL_AREA_STYLE_COLOUR('',#2868);
#2865=FILL_AREA_STYLE_COLOUR('',#2869);
#2866=FILL_AREA_STYLE_COLOUR('',#2870);
#2867=COLOUR_RGB('',0.,0.490196078431373,0.658823529411765);
#2868=COLOUR_RGB('',0.129411764705882,0.541176470588235,0.129411764705882);
#2869=COLOUR_RGB('',1.,1.,0.);
#2870=COLOUR_RGB('',0.,0.,0.);
ENDSEC;
END-ISO-10303-21;
