ISO-10303-21;
HEADER;
FILE_DESCRIPTION((''),'2;1');
FILE_NAME('Open CASCADE Shape Model','2026-06-17T12:27:08',('xzc'),(''),
  'Open CASCADE STEP processor 7.6','Autodesk Inventor 2025','Unknown');
FILE_SCHEMA(('AUTOMOTIVE_DESIGN_CC2 { 1 2 10303 214 -1 1 5 4 }'));
ENDSEC;
DATA;
#1 = APPLICATION_PROTOCOL_DEFINITION('committee draft',
  'automotive_design',1997,#2);
#2 = APPLICATION_CONTEXT(
  'core data for automotive mechanical design processes');
#3 = SHAPE_DEFINITION_REPRESENTATION(#4,#10);
#4 = PRODUCT_DEFINITION_SHAPE('','',#5);
#5 = PRODUCT_DEFINITION('design','',#6,#9);
#6 = PRODUCT_DEFINITION_FORMATION('','',#7);
#7 = PRODUCT('宇树L6连接','宇树L6连接','',(#8));
#8 = MECHANICAL_CONTEXT('',#2,'mechanical');
#9 = PRODUCT_DEFINITION_CONTEXT('part definition',#2,'design');
#10 = SHAPE_REPRESENTATION('',(#11,#15,#19),#23);
#11 = AXIS2_PLACEMENT_3D('',#12,#13,#14);
#12 = CARTESIAN_POINT('',(0.,0.,0.));
#13 = DIRECTION('',(0.,0.,1.));
#14 = DIRECTION('',(1.,0.,-0.));
#15 = AXIS2_PLACEMENT_3D('',#16,#17,#18);
#16 = CARTESIAN_POINT('',(8.341317008774E+03,985.08882000163,
    -315.3102645499));
#17 = DIRECTION('',(7.875600934935E-02,1.178802608933E-07,0.996893921634
    ));
#18 = DIRECTION('',(-0.996893921634,-9.197887939799E-09,
    7.875600934936E-02));
#19 = AXIS2_PLACEMENT_3D('',#20,#21,#22);
#20 = CARTESIAN_POINT('',(8.349327204758E+03,985.15353973147,
    -321.9002441998));
#21 = DIRECTION('',(-7.875600934935E-02,-1.17880262895E-07,
    -0.996893921634));
#22 = DIRECTION('',(-0.996893921634,-9.197895279245E-09,
    7.875600934935E-02));
#23 = ( GEOMETRIC_REPRESENTATION_CONTEXT(3) 
GLOBAL_UNCERTAINTY_ASSIGNED_CONTEXT((#27)) GLOBAL_UNIT_ASSIGNED_CONTEXT(
(#24,#25,#26)) REPRESENTATION_CONTEXT('Context #1',
  '3D Context with UNIT and UNCERTAINTY') );
#24 = ( LENGTH_UNIT() NAMED_UNIT(*) SI_UNIT(.MILLI.,.METRE.) );
#25 = ( NAMED_UNIT(*) PLANE_ANGLE_UNIT() SI_UNIT($,.RADIAN.) );
#26 = ( NAMED_UNIT(*) SI_UNIT($,.STERADIAN.) SOLID_ANGLE_UNIT() );
#27 = UNCERTAINTY_MEASURE_WITH_UNIT(LENGTH_MEASURE(1.E-06),#24,
  'distance_accuracy_value','confusion accuracy');
#28 = PRODUCT_TYPE('part',$,(#7));
#29 = ADVANCED_BREP_SHAPE_REPRESENTATION('',(#11,#30),#1538);
#30 = MANIFOLD_SOLID_BREP('',#31);
#31 = CLOSED_SHELL('',(#32,#72,#103,#120,#160,#193,#234,#259,#284,#315,
    #339,#379,#403,#427,#469,#518,#587,#629,#671,#727,#760,#793,#834,
    #872,#910,#947,#971,#994,#1027,#1069,#1116,#1140,#1169,#1187,#1211,
    #1232,#1288,#1315,#1327,#1339,#1360,#1385,#1410,#1435,#1460,#1501,
    #1526));
#32 = ADVANCED_FACE('',(#33),#67,.F.);
#33 = FACE_BOUND('',#34,.T.);
#34 = EDGE_LOOP('',(#35,#45,#53,#61));
#35 = ORIENTED_EDGE('',*,*,#36,.F.);
#36 = EDGE_CURVE('',#37,#39,#41,.T.);
#37 = VERTEX_POINT('',#38);
#38 = CARTESIAN_POINT('',(-40.64536628606,13.687921796743,
    -20.60074280688));
#39 = VERTEX_POINT('',#40);
#40 = CARTESIAN_POINT('',(-38.79536628606,13.687921796743,
    -20.60074280688));
#41 = LINE('',#42,#43);
#42 = CARTESIAN_POINT('',(-48.79536628606,13.687921796743,
    -20.60074280688));
#43 = VECTOR('',#44,1.);
#44 = DIRECTION('',(1.,-3.903365172153E-16,1.709743457923E-14));
#45 = ORIENTED_EDGE('',*,*,#46,.T.);
#46 = EDGE_CURVE('',#37,#47,#49,.T.);
#47 = VERTEX_POINT('',#48);
#48 = CARTESIAN_POINT('',(-40.64536628606,13.687921796743,
    -19.20112692941));
#49 = LINE('',#50,#51);
#50 = CARTESIAN_POINT('',(-40.64536628606,13.687921796742,
    -19.20112692941));
#51 = VECTOR('',#52,1.);
#52 = DIRECTION('',(-8.354428260304E-15,-1.234031842248E-13,1.));
#53 = ORIENTED_EDGE('',*,*,#54,.F.);
#54 = EDGE_CURVE('',#55,#47,#57,.T.);
#55 = VERTEX_POINT('',#56);
#56 = CARTESIAN_POINT('',(-38.79536628606,13.687921796743,
    -19.20112692941));
#57 = LINE('',#58,#59);
#58 = CARTESIAN_POINT('',(-26.89536628606,13.687921796743,
    -19.20112692941));
#59 = VECTOR('',#60,1.);
#60 = DIRECTION('',(-1.,-7.286733719368E-15,-8.076872504148E-15));
#61 = ORIENTED_EDGE('',*,*,#62,.F.);
#62 = EDGE_CURVE('',#39,#55,#63,.T.);
#63 = LINE('',#64,#65);
#64 = CARTESIAN_POINT('',(-38.79536628606,13.687921796742,
    -14.06133392263));
#65 = VECTOR('',#66,1.);
#66 = DIRECTION('',(-1.70558012158E-14,-1.234031842248E-13,1.));
#67 = PLANE('',#68);
#68 = AXIS2_PLACEMENT_3D('',#69,#70,#71);
#69 = CARTESIAN_POINT('',(-26.89536628606,13.687921796743,
    -25.23925582674));
#70 = DIRECTION('',(7.286733706133E-15,-1.,-1.234031842645E-13));
#71 = DIRECTION('',(-8.340550472496E-15,-1.234031842645E-13,1.));
#72 = ADVANCED_FACE('',(#73),#98,.F.);
#73 = FACE_BOUND('',#74,.T.);
#74 = EDGE_LOOP('',(#75,#83,#84,#92));
#75 = ORIENTED_EDGE('',*,*,#76,.F.);
#76 = EDGE_CURVE('',#55,#77,#79,.T.);
#77 = VERTEX_POINT('',#78);
#78 = CARTESIAN_POINT('',(-38.79536628606,14.818798850509,
    -19.65414779213));
#79 = LINE('',#80,#81);
#80 = CARTESIAN_POINT('',(-38.79536628606,4.896108357385,-15.67919243095
    ));
#81 = VECTOR('',#82,1.);
#82 = DIRECTION('',(6.716849298982E-15,0.928286912174,-0.371864772042));
#83 = ORIENTED_EDGE('',*,*,#54,.T.);
#84 = ORIENTED_EDGE('',*,*,#85,.T.);
#85 = EDGE_CURVE('',#47,#86,#88,.T.);
#86 = VERTEX_POINT('',#87);
#87 = CARTESIAN_POINT('',(-40.64536628606,14.818798850509,
    -19.65414779214));
#88 = LINE('',#89,#90);
#89 = CARTESIAN_POINT('',(-40.64536628606,19.30282153343,-21.4504136351)
  );
#90 = VECTOR('',#91,1.);
#91 = DIRECTION('',(-3.337607967779E-15,0.928286912174,-0.371864772042)
  );
#92 = ORIENTED_EDGE('',*,*,#93,.F.);
#93 = EDGE_CURVE('',#77,#86,#94,.T.);
#94 = LINE('',#95,#96);
#95 = CARTESIAN_POINT('',(-48.79536628606,14.81879885051,-19.65414779213
    ));
#96 = VECTOR('',#97,1.);
#97 = DIRECTION('',(-1.,3.903365172153E-16,-1.709743457923E-14));
#98 = PLANE('',#99);
#99 = AXIS2_PLACEMENT_3D('',#100,#101,#102);
#100 = CARTESIAN_POINT('',(-26.89536628606,13.687921796743,
    -19.20112692941));
#101 = DIRECTION('',(-1.017241846313E-14,0.371864772042,0.928286912174)
  );
#102 = DIRECTION('',(-3.337607967779E-15,0.928286912174,-0.371864772042)
  );
#103 = ADVANCED_FACE('',(#104),#115,.F.);
#104 = FACE_BOUND('',#105,.T.);
#105 = EDGE_LOOP('',(#106,#113,#114));
#106 = ORIENTED_EDGE('',*,*,#107,.F.);
#107 = EDGE_CURVE('',#86,#37,#108,.T.);
#108 = CIRCLE('',#109,22.499815641693);
#109 = AXIS2_PLACEMENT_3D('',#110,#111,#112);
#110 = CARTESIAN_POINT('',(-40.64536628606,-0.180671990895,
    -2.883412018535));
#111 = DIRECTION('',(-1.,-7.286733719368E-15,-8.076872504148E-15));
#112 = DIRECTION('',(7.286733719368E-15,-1.,-4.573946688948E-16));
#113 = ORIENTED_EDGE('',*,*,#85,.F.);
#114 = ORIENTED_EDGE('',*,*,#46,.F.);
#115 = PLANE('',#116);
#116 = AXIS2_PLACEMENT_3D('',#117,#118,#119);
#117 = CARTESIAN_POINT('',(-40.64536628606,16.495371441771,
    -22.22019170902));
#118 = DIRECTION('',(-1.,-7.286733719368E-15,-8.076872504148E-15));
#119 = DIRECTION('',(8.07687336311E-15,-1.178802604359E-07,-1.));
#120 = ADVANCED_FACE('',(#121),#155,.F.);
#121 = FACE_BOUND('',#122,.T.);
#122 = EDGE_LOOP('',(#123,#133,#141,#149));
#123 = ORIENTED_EDGE('',*,*,#124,.F.);
#124 = EDGE_CURVE('',#125,#127,#129,.T.);
#125 = VERTEX_POINT('',#126);
#126 = CARTESIAN_POINT('',(-38.79521742131,-5.246440220038,
    7.440645967186));
#127 = VERTEX_POINT('',#128);
#128 = CARTESIAN_POINT('',(-38.79521742131,-5.166585282865,
    -13.24691621877));
#129 = LINE('',#130,#131);
#130 = CARTESIAN_POINT('',(-38.79521742131,-5.226477108349,
    2.268916715331));
#131 = VECTOR('',#132,1.);
#132 = DIRECTION('',(1.706967900361E-14,3.860017025906E-03,
    -0.999992550107));
#133 = ORIENTED_EDGE('',*,*,#134,.T.);
#134 = EDGE_CURVE('',#125,#135,#137,.T.);
#135 = VERTEX_POINT('',#136);
#136 = CARTESIAN_POINT('',(-40.64536628606,-5.246440220038,
    7.440645967186));
#137 = LINE('',#138,#139);
#138 = CARTESIAN_POINT('',(-26.89536628606,-5.246440220037,
    7.440645967186));
#139 = VECTOR('',#140,1.);
#140 = DIRECTION('',(-1.,-7.286733719368E-15,-8.076872504148E-15));
#141 = ORIENTED_EDGE('',*,*,#142,.T.);
#142 = EDGE_CURVE('',#135,#143,#145,.T.);
#143 = VERTEX_POINT('',#144);
#144 = CARTESIAN_POINT('',(-40.64536628606,-5.166585282865,
    -13.24691621877));
#145 = LINE('',#146,#147);
#146 = CARTESIAN_POINT('',(-40.64536628606,-5.166585282864,
    -13.24691621877));
#147 = VECTOR('',#148,1.);
#148 = DIRECTION('',(8.326672684689E-15,3.860017025906E-03,
    -0.999992550107));
#149 = ORIENTED_EDGE('',*,*,#150,.F.);
#150 = EDGE_CURVE('',#127,#143,#151,.T.);
#151 = LINE('',#152,#153);
#152 = CARTESIAN_POINT('',(-26.89536628606,-5.166585282864,
    -13.24691621877));
#153 = VECTOR('',#154,1.);
#154 = DIRECTION('',(-1.,-7.286733719368E-15,-8.076872504148E-15));
#155 = PLANE('',#156);
#156 = AXIS2_PLACEMENT_3D('',#157,#158,#159);
#157 = CARTESIAN_POINT('',(-26.89536628606,-5.246440220037,
    7.440645967186));
#158 = DIRECTION('',(-7.317714142974E-15,0.999992550107,
    3.860017025906E-03));
#159 = DIRECTION('',(8.326672684689E-15,3.860017025906E-03,
    -0.999992550107));
#160 = ADVANCED_FACE('',(#161),#188,.T.);
#161 = FACE_BOUND('',#162,.T.);
#162 = EDGE_LOOP('',(#163,#173,#180,#181));
#163 = ORIENTED_EDGE('',*,*,#164,.F.);
#164 = EDGE_CURVE('',#165,#167,#169,.T.);
#165 = VERTEX_POINT('',#166);
#166 = CARTESIAN_POINT('',(-40.64536628606,-5.798506354376,
    -11.9082959963));
#167 = VERTEX_POINT('',#168);
#168 = CARTESIAN_POINT('',(-40.64536628606,-5.798861051487,
    6.350977446603));
#169 = LINE('',#170,#171);
#170 = CARTESIAN_POINT('',(-40.64536628606,-5.798584009383,
    -7.910733112486));
#171 = VECTOR('',#172,1.);
#172 = DIRECTION('',(-8.354428260304E-15,-1.942558731978E-05,
    0.999999999811));
#173 = ORIENTED_EDGE('',*,*,#174,.F.);
#174 = EDGE_CURVE('',#143,#165,#175,.T.);
#175 = CIRCLE('',#176,4.66469001599);
#176 = AXIS2_PLACEMENT_3D('',#177,#178,#179);
#177 = CARTESIAN_POINT('',(-40.64536628606,-9.647397297635,
    -14.54370326126));
#178 = DIRECTION('',(1.,6.949487644063E-15,8.409939411536E-15));
#179 = DIRECTION('',(-8.784583139804E-15,5.579464265092E-02,
    0.998442265658));
#180 = ORIENTED_EDGE('',*,*,#142,.F.);
#181 = ORIENTED_EDGE('',*,*,#182,.F.);
#182 = EDGE_CURVE('',#167,#135,#183,.T.);
#183 = CIRCLE('',#184,4.66469001599);
#184 = AXIS2_PLACEMENT_3D('',#185,#186,#187);
#185 = CARTESIAN_POINT('',(-40.64536628606,-9.647397297635,
    8.986902655587));
#186 = DIRECTION('',(1.,6.949108649758E-15,8.409939411536E-15));
#187 = DIRECTION('',(-8.409939411535E-15,-3.601390884473E-14,1.));
#188 = PLANE('',#189);
#189 = AXIS2_PLACEMENT_3D('',#190,#191,#192);
#190 = CARTESIAN_POINT('',(-40.64536628606,-9.739336114444,
    -2.903134591463));
#191 = DIRECTION('',(1.,6.949108648104E-15,8.409939411536E-15));
#192 = DIRECTION('',(-8.409940230698E-15,1.178802604359E-07,1.));
#193 = ADVANCED_FACE('',(#194),#229,.T.);
#194 = FACE_BOUND('',#195,.T.);
#195 = EDGE_LOOP('',(#196,#207,#215,#223));
#196 = ORIENTED_EDGE('',*,*,#197,.F.);
#197 = EDGE_CURVE('',#198,#200,#202,.T.);
#198 = VERTEX_POINT('',#199);
#199 = CARTESIAN_POINT('',(-40.64536628606,-13.55669330052,
    4.322212639597));
#200 = VERTEX_POINT('',#201);
#201 = CARTESIAN_POINT('',(-40.64536628606,-13.36802865601,
    4.108802676084));
#202 = CIRCLE('',#203,4.382186146969);
#203 = AXIS2_PLACEMENT_3D('',#204,#205,#206);
#204 = CARTESIAN_POINT('',(-40.64536628606,-10.1809287267,7.116451170714
    ));
#205 = DIRECTION('',(1.,6.949108648104E-15,8.409939411536E-15));
#206 = DIRECTION('',(-6.949108648104E-15,1.,6.41091743908E-16));
#207 = ORIENTED_EDGE('',*,*,#208,.F.);
#208 = EDGE_CURVE('',#209,#198,#211,.T.);
#209 = VERTEX_POINT('',#210);
#210 = CARTESIAN_POINT('',(-40.64536628606,-14.31208731362,
    4.322212639597));
#211 = LINE('',#212,#213);
#212 = CARTESIAN_POINT('',(-40.64536628606,-9.647397297635,
    4.322212639597));
#213 = VECTOR('',#214,1.);
#214 = DIRECTION('',(-6.949108641486E-15,1.,5.124627668201E-14));
#215 = ORIENTED_EDGE('',*,*,#216,.F.);
#216 = EDGE_CURVE('',#217,#209,#219,.T.);
#217 = VERTEX_POINT('',#218);
#218 = CARTESIAN_POINT('',(-40.64536628606,-14.31208731362,
    4.108802676084));
#219 = LINE('',#220,#221);
#220 = CARTESIAN_POINT('',(-40.64536628606,-14.31208731362,
    4.322212639597));
#221 = VECTOR('',#222,1.);
#222 = DIRECTION('',(-8.340550472496E-15,4.457606824642E-15,1.));
#223 = ORIENTED_EDGE('',*,*,#224,.F.);
#224 = EDGE_CURVE('',#200,#217,#225,.T.);
#225 = LINE('',#226,#227);
#226 = CARTESIAN_POINT('',(-40.64536628606,-9.525007309818,
    4.108802676084));
#227 = VECTOR('',#228,1.);
#228 = DIRECTION('',(6.949108638178E-15,-1.,-4.57394707788E-16));
#229 = PLANE('',#230);
#230 = AXIS2_PLACEMENT_3D('',#231,#232,#233);
#231 = CARTESIAN_POINT('',(-40.64536628606,-9.739336114444,
    -2.903134591463));
#232 = DIRECTION('',(1.,6.949108648104E-15,8.409939411536E-15));
#233 = DIRECTION('',(-8.409940230698E-15,1.178802604359E-07,1.));
#234 = ADVANCED_FACE('',(#235),#254,.T.);
#235 = FACE_BOUND('',#236,.T.);
#236 = EDGE_LOOP('',(#237,#246,#247,#248));
#237 = ORIENTED_EDGE('',*,*,#238,.F.);
#238 = EDGE_CURVE('',#127,#239,#241,.T.);
#239 = VERTEX_POINT('',#240);
#240 = CARTESIAN_POINT('',(-38.79521742131,-5.798506354376,
    -11.9082959963));
#241 = CIRCLE('',#242,4.66469001599);
#242 = AXIS2_PLACEMENT_3D('',#243,#244,#245);
#243 = CARTESIAN_POINT('',(-38.79521742131,-9.647397297635,
    -14.54370326126));
#244 = DIRECTION('',(1.,-3.903365172153E-16,1.709743457923E-14));
#245 = DIRECTION('',(-1.704902263172E-14,5.579464265092E-02,
    0.998442265658));
#246 = ORIENTED_EDGE('',*,*,#150,.T.);
#247 = ORIENTED_EDGE('',*,*,#174,.T.);
#248 = ORIENTED_EDGE('',*,*,#249,.F.);
#249 = EDGE_CURVE('',#239,#165,#250,.T.);
#250 = LINE('',#251,#252);
#251 = CARTESIAN_POINT('',(-26.89536628606,-5.798506354376,
    -11.9082959963));
#252 = VECTOR('',#253,1.);
#253 = DIRECTION('',(-1.,-7.286733719368E-15,-8.076872504148E-15));
#254 = CYLINDRICAL_SURFACE('',#255,4.66469001599);
#255 = AXIS2_PLACEMENT_3D('',#256,#257,#258);
#256 = CARTESIAN_POINT('',(-26.89536628606,-9.647397297636,
    -14.54370326126));
#257 = DIRECTION('',(-1.,-7.286733719368E-15,-8.076872504148E-15));
#258 = DIRECTION('',(-8.470851586434E-15,5.579464265092E-02,
    0.998442265658));
#259 = ADVANCED_FACE('',(#260),#279,.T.);
#260 = FACE_BOUND('',#261,.T.);
#261 = EDGE_LOOP('',(#262,#271,#277,#278));
#262 = ORIENTED_EDGE('',*,*,#263,.F.);
#263 = EDGE_CURVE('',#264,#125,#266,.T.);
#264 = VERTEX_POINT('',#265);
#265 = CARTESIAN_POINT('',(-38.79521742131,-5.798861051487,
    6.350977446604));
#266 = CIRCLE('',#267,4.66469001599);
#267 = AXIS2_PLACEMENT_3D('',#268,#269,#270);
#268 = CARTESIAN_POINT('',(-38.79521742131,-9.647397297636,
    8.986902655587));
#269 = DIRECTION('',(1.,-3.903365172153E-16,1.709743457923E-14));
#270 = DIRECTION('',(-1.709743457923E-14,-3.601390890147E-14,1.));
#271 = ORIENTED_EDGE('',*,*,#272,.F.);
#272 = EDGE_CURVE('',#167,#264,#273,.T.);
#273 = LINE('',#274,#275);
#274 = CARTESIAN_POINT('',(-26.89536628606,-5.798861051487,
    6.350977446603));
#275 = VECTOR('',#276,1.);
#276 = DIRECTION('',(1.,7.286733722676E-15,8.090750291956E-15));
#277 = ORIENTED_EDGE('',*,*,#182,.T.);
#278 = ORIENTED_EDGE('',*,*,#134,.F.);
#279 = CYLINDRICAL_SURFACE('',#280,4.66469001599);
#280 = AXIS2_PLACEMENT_3D('',#281,#282,#283);
#281 = CARTESIAN_POINT('',(-26.89536628606,-9.647397297635,
    8.986902655587));
#282 = DIRECTION('',(-1.,-7.286733719368E-15,-8.076872504148E-15));
#283 = DIRECTION('',(-8.076872504148E-15,-3.601390890147E-14,1.));
#284 = ADVANCED_FACE('',(#285),#310,.F.);
#285 = FACE_BOUND('',#286,.T.);
#286 = EDGE_LOOP('',(#287,#295,#303,#309));
#287 = ORIENTED_EDGE('',*,*,#288,.F.);
#288 = EDGE_CURVE('',#289,#198,#291,.T.);
#289 = VERTEX_POINT('',#290);
#290 = CARTESIAN_POINT('',(-38.79521742131,-13.55669330052,
    4.322212639597));
#291 = LINE('',#292,#293);
#292 = CARTESIAN_POINT('',(-38.79521742131,-13.55669330052,
    4.322212639597));
#293 = VECTOR('',#294,1.);
#294 = DIRECTION('',(-1.,3.903365172153E-16,-1.709743457923E-14));
#295 = ORIENTED_EDGE('',*,*,#296,.F.);
#296 = EDGE_CURVE('',#297,#289,#299,.T.);
#297 = VERTEX_POINT('',#298);
#298 = CARTESIAN_POINT('',(-38.79521742131,-14.31208731362,
    4.322212639597));
#299 = LINE('',#300,#301);
#300 = CARTESIAN_POINT('',(-38.79521742131,-7.246237614888,
    4.322212639598));
#301 = VECTOR('',#302,1.);
#302 = DIRECTION('',(3.903365287958E-16,1.,5.124627662907E-14));
#303 = ORIENTED_EDGE('',*,*,#304,.T.);
#304 = EDGE_CURVE('',#297,#209,#305,.T.);
#305 = LINE('',#306,#307);
#306 = CARTESIAN_POINT('',(-26.89536628606,-14.31208731362,
    4.322212639597));
#307 = VECTOR('',#308,1.);
#308 = DIRECTION('',(-1.,-7.286733719368E-15,-8.076872504148E-15));
#309 = ORIENTED_EDGE('',*,*,#208,.T.);
#310 = PLANE('',#311);
#311 = AXIS2_PLACEMENT_3D('',#312,#313,#314);
#312 = CARTESIAN_POINT('',(-26.89536628606,-14.31208731362,
    4.322212639597));
#313 = DIRECTION('',(-8.021361352917E-15,-5.124627662907E-14,1.));
#314 = DIRECTION('',(-6.949108639832E-15,1.,5.124627662907E-14));
#315 = ADVANCED_FACE('',(#316),#334,.F.);
#316 = FACE_BOUND('',#317,.T.);
#317 = EDGE_LOOP('',(#318,#326,#332,#333));
#318 = ORIENTED_EDGE('',*,*,#319,.F.);
#319 = EDGE_CURVE('',#320,#297,#322,.T.);
#320 = VERTEX_POINT('',#321);
#321 = CARTESIAN_POINT('',(-38.79521742131,-14.31208731362,
    4.108802676084));
#322 = LINE('',#323,#324);
#323 = CARTESIAN_POINT('',(-38.79521742131,-14.31208731362,
    -6.381212352507));
#324 = VECTOR('',#325,1.);
#325 = DIRECTION('',(-1.7041923428E-14,4.457606824642E-15,1.));
#326 = ORIENTED_EDGE('',*,*,#327,.F.);
#327 = EDGE_CURVE('',#217,#320,#328,.T.);
#328 = LINE('',#329,#330);
#329 = CARTESIAN_POINT('',(-35.85579185368,-14.31208731362,
    4.108802676084));
#330 = VECTOR('',#331,1.);
#331 = DIRECTION('',(1.,7.286733717713E-15,1.711131236704E-14));
#332 = ORIENTED_EDGE('',*,*,#216,.T.);
#333 = ORIENTED_EDGE('',*,*,#304,.F.);
#334 = PLANE('',#335);
#335 = AXIS2_PLACEMENT_3D('',#336,#337,#338);
#336 = CARTESIAN_POINT('',(-26.89536628606,-14.31208731362,
    -9.879013245273));
#337 = DIRECTION('',(7.286733711096E-15,-1.,4.457606771702E-15));
#338 = DIRECTION('',(-8.354428260304E-15,4.457606771702E-15,1.));
#339 = ADVANCED_FACE('',(#340),#374,.F.);
#340 = FACE_BOUND('',#341,.T.);
#341 = EDGE_LOOP('',(#342,#352,#360,#368));
#342 = ORIENTED_EDGE('',*,*,#343,.F.);
#343 = EDGE_CURVE('',#344,#346,#348,.T.);
#344 = VERTEX_POINT('',#345);
#345 = CARTESIAN_POINT('',(-38.79536628606,13.687921796743,
    14.805151405463));
#346 = VERTEX_POINT('',#347);
#347 = CARTESIAN_POINT('',(-38.79536628606,13.687921796743,
    14.833918769811));
#348 = LINE('',#349,#350);
#349 = CARTESIAN_POINT('',(-38.79536628606,13.687921796745,
    5.960869693465));
#350 = VECTOR('',#351,1.);
#351 = DIRECTION('',(-1.7041923428E-14,-2.209476338103E-13,1.));
#352 = ORIENTED_EDGE('',*,*,#353,.T.);
#353 = EDGE_CURVE('',#344,#354,#356,.T.);
#354 = VERTEX_POINT('',#355);
#355 = CARTESIAN_POINT('',(-40.64536628606,13.687921796743,
    14.805151405463));
#356 = LINE('',#357,#358);
#357 = CARTESIAN_POINT('',(-26.89536628606,13.687921796743,
    14.805151405463));
#358 = VECTOR('',#359,1.);
#359 = DIRECTION('',(-1.,-7.286733719368E-15,-8.076872504148E-15));
#360 = ORIENTED_EDGE('',*,*,#361,.T.);
#361 = EDGE_CURVE('',#354,#362,#364,.T.);
#362 = VERTEX_POINT('',#363);
#363 = CARTESIAN_POINT('',(-40.64536628606,13.687921796743,
    14.833918769811));
#364 = LINE('',#365,#366);
#365 = CARTESIAN_POINT('',(-40.64536628606,13.687921796742,
    20.08312960154));
#366 = VECTOR('',#367,1.);
#367 = DIRECTION('',(-8.340550472496E-15,-2.209476338103E-13,1.));
#368 = ORIENTED_EDGE('',*,*,#369,.F.);
#369 = EDGE_CURVE('',#346,#362,#370,.T.);
#370 = LINE('',#371,#372);
#371 = CARTESIAN_POINT('',(-48.79536628606,13.687921796742,
    14.833918769811));
#372 = VECTOR('',#373,1.);
#373 = DIRECTION('',(-1.,3.903365172153E-16,-1.709743457923E-14));
#374 = PLANE('',#375);
#375 = AXIS2_PLACEMENT_3D('',#376,#377,#378);
#376 = CARTESIAN_POINT('',(-26.89536628606,13.687921796743,
    14.805151405463));
#377 = DIRECTION('',(7.286733709441E-15,-1.,-2.209476338632E-13));
#378 = DIRECTION('',(-8.354428260304E-15,-2.209476338632E-13,1.));
#379 = ADVANCED_FACE('',(#380),#398,.F.);
#380 = FACE_BOUND('',#381,.T.);
#381 = EDGE_LOOP('',(#382,#391,#392));
#382 = ORIENTED_EDGE('',*,*,#383,.F.);
#383 = EDGE_CURVE('',#362,#384,#386,.T.);
#384 = VERTEX_POINT('',#385);
#385 = CARTESIAN_POINT('',(-40.64536628606,13.713061140474,
    14.814211652017));
#386 = CIRCLE('',#387,22.499815641693);
#387 = AXIS2_PLACEMENT_3D('',#388,#389,#390);
#388 = CARTESIAN_POINT('',(-40.64536628606,-0.180671990895,
    -2.883412018535));
#389 = DIRECTION('',(-1.,-7.286733719368E-15,-8.076872504148E-15));
#390 = DIRECTION('',(7.286733719368E-15,-1.,-4.573946688948E-16));
#391 = ORIENTED_EDGE('',*,*,#361,.F.);
#392 = ORIENTED_EDGE('',*,*,#393,.F.);
#393 = EDGE_CURVE('',#384,#354,#394,.T.);
#394 = LINE('',#395,#396);
#395 = CARTESIAN_POINT('',(-40.64536628606,13.687921796743,
    14.805151405463));
#396 = VECTOR('',#397,1.);
#397 = DIRECTION('',(9.360567876371E-15,-0.940767101868,-0.339053476671)
  );
#398 = PLANE('',#399);
#399 = AXIS2_PLACEMENT_3D('',#400,#401,#402);
#400 = CARTESIAN_POINT('',(-40.64536628606,15.718116481599,
    17.444140264182));
#401 = DIRECTION('',(-1.,-7.286733719368E-15,-8.076872504148E-15));
#402 = DIRECTION('',(8.07687336311E-15,-1.178802604359E-07,-1.));
#403 = ADVANCED_FACE('',(#404),#422,.F.);
#404 = FACE_BOUND('',#405,.T.);
#405 = EDGE_LOOP('',(#406,#414,#420,#421));
#406 = ORIENTED_EDGE('',*,*,#407,.F.);
#407 = EDGE_CURVE('',#408,#344,#410,.T.);
#408 = VERTEX_POINT('',#409);
#409 = CARTESIAN_POINT('',(-38.79536628606,13.713061140473,
    14.814211652017));
#410 = LINE('',#411,#412);
#411 = CARTESIAN_POINT('',(-38.79536628606,6.75990375349,12.308286241556
    ));
#412 = VECTOR('',#413,1.);
#413 = DIRECTION('',(5.408867798096E-15,-0.940767101868,-0.339053476671)
  );
#414 = ORIENTED_EDGE('',*,*,#415,.F.);
#415 = EDGE_CURVE('',#384,#408,#416,.T.);
#416 = LINE('',#417,#418);
#417 = CARTESIAN_POINT('',(-48.79536628606,13.713061140473,
    14.814211652017));
#418 = VECTOR('',#419,1.);
#419 = DIRECTION('',(1.,-3.903365172153E-16,1.709743457923E-14));
#420 = ORIENTED_EDGE('',*,*,#393,.T.);
#421 = ORIENTED_EDGE('',*,*,#353,.F.);
#422 = PLANE('',#423);
#423 = AXIS2_PLACEMENT_3D('',#424,#425,#426);
#424 = CARTESIAN_POINT('',(-26.89536628606,17.748311338959,
    16.268520169309));
#425 = DIRECTION('',(5.065392549852E-15,0.339053476671,-0.940767101868)
  );
#426 = DIRECTION('',(9.360567876371E-15,-0.940767101868,-0.339053476671)
  );
#427 = ADVANCED_FACE('',(#428),#464,.F.);
#428 = FACE_BOUND('',#429,.F.);
#429 = EDGE_LOOP('',(#430,#439,#447,#456,#462,#463));
#430 = ORIENTED_EDGE('',*,*,#431,.T.);
#431 = EDGE_CURVE('',#289,#432,#434,.T.);
#432 = VERTEX_POINT('',#433);
#433 = CARTESIAN_POINT('',(-38.79521742131,-5.798876586989,
    7.150721734609));
#434 = CIRCLE('',#435,4.382186146969);
#435 = AXIS2_PLACEMENT_3D('',#436,#437,#438);
#436 = CARTESIAN_POINT('',(-38.79521742131,-10.1809287267,7.116451170714
    ));
#437 = DIRECTION('',(-1.,3.903365172153E-16,-1.709743457923E-14));
#438 = DIRECTION('',(3.903365172153E-16,1.,6.410917439081E-16));
#439 = ORIENTED_EDGE('',*,*,#440,.T.);
#440 = EDGE_CURVE('',#432,#441,#443,.T.);
#441 = VERTEX_POINT('',#442);
#442 = CARTESIAN_POINT('',(-56.79521742131,-5.798876586989,
    7.150721734609));
#443 = LINE('',#444,#445);
#444 = CARTESIAN_POINT('',(-38.79521742131,-5.798876586989,
    7.150721734609));
#445 = VECTOR('',#446,1.);
#446 = DIRECTION('',(-1.,3.903365172153E-16,-1.709743457923E-14));
#447 = ORIENTED_EDGE('',*,*,#448,.F.);
#448 = EDGE_CURVE('',#449,#441,#451,.T.);
#449 = VERTEX_POINT('',#450);
#450 = CARTESIAN_POINT('',(-56.79521742131,-13.36802865601,
    4.108802676083));
#451 = CIRCLE('',#452,4.382186146969);
#452 = AXIS2_PLACEMENT_3D('',#453,#454,#455);
#453 = CARTESIAN_POINT('',(-56.79521742131,-10.1809287267,7.116451170714
    ));
#454 = DIRECTION('',(-1.,3.903365172153E-16,-1.709743457923E-14));
#455 = DIRECTION('',(3.903365172153E-16,1.,6.410917439081E-16));
#456 = ORIENTED_EDGE('',*,*,#457,.T.);
#457 = EDGE_CURVE('',#449,#200,#458,.T.);
#458 = LINE('',#459,#460);
#459 = CARTESIAN_POINT('',(-38.79521742131,-13.36802865601,
    4.108802676084));
#460 = VECTOR('',#461,1.);
#461 = DIRECTION('',(1.,-3.903365172153E-16,1.709743457923E-14));
#462 = ORIENTED_EDGE('',*,*,#197,.F.);
#463 = ORIENTED_EDGE('',*,*,#288,.F.);
#464 = CYLINDRICAL_SURFACE('',#465,4.382186146969);
#465 = AXIS2_PLACEMENT_3D('',#466,#467,#468);
#466 = CARTESIAN_POINT('',(-38.79521742131,-10.1809287267,7.116451170714
    ));
#467 = DIRECTION('',(-1.,3.903365172153E-16,-1.709743457923E-14));
#468 = DIRECTION('',(-1.600979907367E-14,-0.372896963834,0.927872757636)
  );
#469 = ADVANCED_FACE('',(#470),#513,.T.);
#470 = FACE_BOUND('',#471,.T.);
#471 = EDGE_LOOP('',(#472,#473,#474,#482,#490,#498,#506,#512));
#472 = ORIENTED_EDGE('',*,*,#224,.T.);
#473 = ORIENTED_EDGE('',*,*,#327,.T.);
#474 = ORIENTED_EDGE('',*,*,#475,.F.);
#475 = EDGE_CURVE('',#476,#320,#478,.T.);
#476 = VERTEX_POINT('',#477);
#477 = CARTESIAN_POINT('',(-38.79521742131,-15.89645375013,
    4.108802676084));
#478 = LINE('',#479,#480);
#479 = CARTESIAN_POINT('',(-38.79521742131,-9.295053481892,
    4.108802676084));
#480 = VECTOR('',#481,1.);
#481 = DIRECTION('',(3.903365254871E-16,1.,4.573946945531E-16));
#482 = ORIENTED_EDGE('',*,*,#483,.F.);
#483 = EDGE_CURVE('',#484,#476,#486,.T.);
#484 = VERTEX_POINT('',#485);
#485 = CARTESIAN_POINT('',(-62.79521742131,-15.89645375013,
    4.108802676084));
#486 = LINE('',#487,#488);
#487 = CARTESIAN_POINT('',(-44.81621742131,-15.89645375013,
    4.108802676084));
#488 = VECTOR('',#489,1.);
#489 = DIRECTION('',(1.,-3.903365172153E-16,1.709743457923E-14));
#490 = ORIENTED_EDGE('',*,*,#491,.F.);
#491 = EDGE_CURVE('',#492,#484,#494,.T.);
#492 = VERTEX_POINT('',#493);
#493 = CARTESIAN_POINT('',(-62.79521742131,-9.359917643277,
    4.108802676084));
#494 = LINE('',#495,#496);
#495 = CARTESIAN_POINT('',(-62.79521742131,-9.295053481892,
    4.108802676083));
#496 = VECTOR('',#497,1.);
#497 = DIRECTION('',(-3.903365254871E-16,-1.,-4.573946945531E-16));
#498 = ORIENTED_EDGE('',*,*,#499,.F.);
#499 = EDGE_CURVE('',#500,#492,#502,.T.);
#500 = VERTEX_POINT('',#501);
#501 = CARTESIAN_POINT('',(-56.79521742131,-9.359917643277,
    4.108802676084));
#502 = LINE('',#503,#504);
#503 = CARTESIAN_POINT('',(-44.81621742131,-9.359917643277,
    4.108802676084));
#504 = VECTOR('',#505,1.);
#505 = DIRECTION('',(-1.,3.903365172153E-16,-1.709743457923E-14));
#506 = ORIENTED_EDGE('',*,*,#507,.T.);
#507 = EDGE_CURVE('',#500,#449,#508,.T.);
#508 = LINE('',#509,#510);
#509 = CARTESIAN_POINT('',(-56.79521742131,-9.745803615945,
    4.108802676083));
#510 = VECTOR('',#511,1.);
#511 = DIRECTION('',(-3.903365254871E-16,-1.,-4.573946945531E-16));
#512 = ORIENTED_EDGE('',*,*,#457,.T.);
#513 = PLANE('',#514);
#514 = AXIS2_PLACEMENT_3D('',#515,#516,#517);
#515 = CARTESIAN_POINT('',(-44.81621742131,-9.310678505191,
    4.108802676084));
#516 = DIRECTION('',(1.7041923428E-14,4.573946680833E-16,-1.));
#517 = DIRECTION('',(-3.903365254871E-16,-1.,-4.573946680833E-16));
#518 = ADVANCED_FACE('',(#519),#582,.F.);
#519 = FACE_BOUND('',#520,.T.);
#520 = EDGE_LOOP('',(#521,#522,#523,#532,#539,#540,#541,#550,#558,#567,
    #575));
#521 = ORIENTED_EDGE('',*,*,#62,.T.);
#522 = ORIENTED_EDGE('',*,*,#76,.T.);
#523 = ORIENTED_EDGE('',*,*,#524,.T.);
#524 = EDGE_CURVE('',#77,#525,#527,.T.);
#525 = VERTEX_POINT('',#526);
#526 = CARTESIAN_POINT('',(-38.79536628606,22.319143650799,
    -2.883412018535));
#527 = CIRCLE('',#528,22.499815641693);
#528 = AXIS2_PLACEMENT_3D('',#529,#530,#531);
#529 = CARTESIAN_POINT('',(-38.79536628606,-0.180671990895,
    -2.883412018535));
#530 = DIRECTION('',(1.,-3.903365172153E-16,1.709743457923E-14));
#531 = DIRECTION('',(-3.903365172153E-16,-1.,-4.573946688948E-16));
#532 = ORIENTED_EDGE('',*,*,#533,.T.);
#533 = EDGE_CURVE('',#525,#408,#534,.T.);
#534 = CIRCLE('',#535,22.499815641693);
#535 = AXIS2_PLACEMENT_3D('',#536,#537,#538);
#536 = CARTESIAN_POINT('',(-38.79536628606,-0.180671990895,
    -2.883412018535));
#537 = DIRECTION('',(1.,-3.903365172153E-16,1.709743457923E-14));
#538 = DIRECTION('',(-3.903365172153E-16,-1.,-4.573946688948E-16));
#539 = ORIENTED_EDGE('',*,*,#407,.T.);
#540 = ORIENTED_EDGE('',*,*,#343,.T.);
#541 = ORIENTED_EDGE('',*,*,#542,.T.);
#542 = EDGE_CURVE('',#346,#543,#545,.T.);
#543 = VERTEX_POINT('',#544);
#544 = CARTESIAN_POINT('',(-38.79536628606,-22.28402546461,
    1.321759693303));
#545 = CIRCLE('',#546,22.499815641693);
#546 = AXIS2_PLACEMENT_3D('',#547,#548,#549);
#547 = CARTESIAN_POINT('',(-38.79536628606,-0.180671990895,
    -2.883412018535));
#548 = DIRECTION('',(1.,-3.903365172153E-16,1.709743457923E-14));
#549 = DIRECTION('',(-3.903365172153E-16,-1.,-4.573946688948E-16));
#550 = ORIENTED_EDGE('',*,*,#551,.T.);
#551 = EDGE_CURVE('',#543,#552,#554,.T.);
#552 = VERTEX_POINT('',#553);
#553 = CARTESIAN_POINT('',(-38.79536628606,-18.49313302668,
    1.321759693303));
#554 = LINE('',#555,#556);
#555 = CARTESIAN_POINT('',(-38.79536628606,-8.088562712536,
    1.321759693303));
#556 = VECTOR('',#557,1.);
#557 = DIRECTION('',(3.903365254871E-16,1.,2.643112842952E-16));
#558 = ORIENTED_EDGE('',*,*,#559,.T.);
#559 = EDGE_CURVE('',#552,#560,#562,.T.);
#560 = VERTEX_POINT('',#561);
#561 = CARTESIAN_POINT('',(-38.79536628606,-18.47231354155,
    -7.178240306697));
#562 = CIRCLE('',#563,18.789361295952);
#563 = AXIS2_PLACEMENT_3D('',#564,#565,#566);
#564 = CARTESIAN_POINT('',(-38.79536628606,-0.18038791615,
    -2.883411459742));
#565 = DIRECTION('',(-1.,3.903365172153E-16,-1.709743457923E-14));
#566 = DIRECTION('',(3.903365172153E-16,1.,4.573947159117E-16));
#567 = ORIENTED_EDGE('',*,*,#568,.T.);
#568 = EDGE_CURVE('',#560,#569,#571,.T.);
#569 = VERTEX_POINT('',#570);
#570 = CARTESIAN_POINT('',(-38.79536628606,-22.26677970333,
    -7.178240306697));
#571 = LINE('',#572,#573);
#572 = CARTESIAN_POINT('',(-38.79536628606,-12.40103661362,
    -7.178240306697));
#573 = VECTOR('',#574,1.);
#574 = DIRECTION('',(-3.903365254871E-16,-1.,-4.573946945531E-16));
#575 = ORIENTED_EDGE('',*,*,#576,.T.);
#576 = EDGE_CURVE('',#569,#39,#577,.T.);
#577 = CIRCLE('',#578,22.499815641693);
#578 = AXIS2_PLACEMENT_3D('',#579,#580,#581);
#579 = CARTESIAN_POINT('',(-38.79536628606,-0.180671990895,
    -2.883412018535));
#580 = DIRECTION('',(1.,-3.903365172153E-16,1.709743457923E-14));
#581 = DIRECTION('',(-3.903365172153E-16,-1.,-4.573946688948E-16));
#582 = PLANE('',#583);
#583 = AXIS2_PLACEMENT_3D('',#584,#585,#586);
#584 = CARTESIAN_POINT('',(-38.79536628606,-0.180671990895,
    -2.883412018535));
#585 = DIRECTION('',(-1.,3.903365172153E-16,-1.709743457923E-14));
#586 = DIRECTION('',(-1.709743457923E-14,-4.573946680833E-16,1.));
#587 = ADVANCED_FACE('',(#588),#624,.T.);
#588 = FACE_BOUND('',#589,.T.);
#589 = EDGE_LOOP('',(#590,#600,#609,#617));
#590 = ORIENTED_EDGE('',*,*,#591,.T.);
#591 = EDGE_CURVE('',#592,#594,#596,.T.);
#592 = VERTEX_POINT('',#593);
#593 = CARTESIAN_POINT('',(-38.79521742131,9.854031224036,2.734797068133
    ));
#594 = VERTEX_POINT('',#595);
#595 = CARTESIAN_POINT('',(-56.79521742131,9.854031224036,2.734797068133
    ));
#596 = LINE('',#597,#598);
#597 = CARTESIAN_POINT('',(-38.79521742131,9.854031224036,2.734797068133
    ));
#598 = VECTOR('',#599,1.);
#599 = DIRECTION('',(-1.,3.903365172153E-16,-1.709743457923E-14));
#600 = ORIENTED_EDGE('',*,*,#601,.T.);
#601 = EDGE_CURVE('',#594,#602,#604,.T.);
#602 = VERTEX_POINT('',#603);
#603 = CARTESIAN_POINT('',(-56.79521742131,5.437140116661,7.151250299953
    ));
#604 = CIRCLE('',#605,11.500331546502);
#605 = AXIS2_PLACEMENT_3D('',#606,#607,#608);
#606 = CARTESIAN_POINT('',(-56.79521742131,-0.180396181283,
    -2.883734085723));
#607 = DIRECTION('',(1.,-3.903365172153E-16,1.709743457923E-14));
#608 = DIRECTION('',(3.903365172153E-16,1.,4.573947093187E-16));
#609 = ORIENTED_EDGE('',*,*,#610,.T.);
#610 = EDGE_CURVE('',#602,#611,#613,.T.);
#611 = VERTEX_POINT('',#612);
#612 = CARTESIAN_POINT('',(-38.79521742131,5.437140116661,7.151250299953
    ));
#613 = LINE('',#614,#615);
#614 = CARTESIAN_POINT('',(-38.79521742131,5.437140116661,7.151250299953
    ));
#615 = VECTOR('',#616,1.);
#616 = DIRECTION('',(1.,-3.903365172153E-16,1.709743457923E-14));
#617 = ORIENTED_EDGE('',*,*,#618,.F.);
#618 = EDGE_CURVE('',#592,#611,#619,.T.);
#619 = CIRCLE('',#620,11.500331546502);
#620 = AXIS2_PLACEMENT_3D('',#621,#622,#623);
#621 = CARTESIAN_POINT('',(-38.79521742131,-0.180396181283,
    -2.883734085722));
#622 = DIRECTION('',(1.,-3.903365172153E-16,1.709743457923E-14));
#623 = DIRECTION('',(1.472777000549E-14,-0.48851552917,-0.872555200408)
  );
#624 = CYLINDRICAL_SURFACE('',#625,11.500331546502);
#625 = AXIS2_PLACEMENT_3D('',#626,#627,#628);
#626 = CARTESIAN_POINT('',(-38.79521742131,-0.180396181283,
    -2.883734085722));
#627 = DIRECTION('',(-1.,3.903365172153E-16,-1.709743457923E-14));
#628 = DIRECTION('',(-1.181431529724E-14,0.7070717285,0.707141832135));
#629 = ADVANCED_FACE('',(#630),#666,.T.);
#630 = FACE_BOUND('',#631,.T.);
#631 = EDGE_LOOP('',(#632,#642,#651,#659));
#632 = ORIENTED_EDGE('',*,*,#633,.T.);
#633 = EDGE_CURVE('',#634,#636,#638,.T.);
#634 = VERTEX_POINT('',#635);
#635 = CARTESIAN_POINT('',(-56.79521742131,9.854611344907,
    -8.501229046003));
#636 = VERTEX_POINT('',#637);
#637 = CARTESIAN_POINT('',(-38.79521742131,9.854611344907,
    -8.501229046003));
#638 = LINE('',#639,#640);
#639 = CARTESIAN_POINT('',(-38.79521742131,9.854611344907,
    -8.501229046003));
#640 = VECTOR('',#641,1.);
#641 = DIRECTION('',(1.,-3.903365172153E-16,1.709743457923E-14));
#642 = ORIENTED_EDGE('',*,*,#643,.F.);
#643 = EDGE_CURVE('',#644,#636,#646,.T.);
#644 = VERTEX_POINT('',#645);
#645 = CARTESIAN_POINT('',(-38.79521742131,5.437540127888,
    -12.91849453655));
#646 = CIRCLE('',#647,11.500331546502);
#647 = AXIS2_PLACEMENT_3D('',#648,#649,#650);
#648 = CARTESIAN_POINT('',(-38.79521742131,-0.180396181283,
    -2.883734085722));
#649 = DIRECTION('',(1.,-3.903365172153E-16,1.709743457923E-14));
#650 = DIRECTION('',(1.472777000549E-14,-0.48851552917,-0.872555200408)
  );
#651 = ORIENTED_EDGE('',*,*,#652,.T.);
#652 = EDGE_CURVE('',#644,#653,#655,.T.);
#653 = VERTEX_POINT('',#654);
#654 = CARTESIAN_POINT('',(-56.79521742131,5.437540127888,
    -12.91849453655));
#655 = LINE('',#656,#657);
#656 = CARTESIAN_POINT('',(-38.79521742131,5.437540127888,
    -12.91849453655));
#657 = VECTOR('',#658,1.);
#658 = DIRECTION('',(-1.,3.903365172153E-16,-1.709743457923E-14));
#659 = ORIENTED_EDGE('',*,*,#660,.T.);
#660 = EDGE_CURVE('',#653,#634,#661,.T.);
#661 = CIRCLE('',#662,11.500331546502);
#662 = AXIS2_PLACEMENT_3D('',#663,#664,#665);
#663 = CARTESIAN_POINT('',(-56.79521742131,-0.180396181283,
    -2.883734085723));
#664 = DIRECTION('',(1.,-3.903365172153E-16,1.709743457923E-14));
#665 = DIRECTION('',(3.903365172153E-16,1.,4.573947093187E-16));
#666 = CYLINDRICAL_SURFACE('',#667,11.500331546502);
#667 = AXIS2_PLACEMENT_3D('',#668,#669,#670);
#668 = CARTESIAN_POINT('',(-38.79521742131,-0.180396181283,
    -2.883734085722));
#669 = DIRECTION('',(-1.,3.903365172153E-16,-1.709743457923E-14));
#670 = DIRECTION('',(1.472777000549E-14,-0.48851552917,-0.872555200408)
  );
#671 = ADVANCED_FACE('',(#672),#722,.T.);
#672 = FACE_BOUND('',#673,.T.);
#673 = EDGE_LOOP('',(#674,#675,#681,#682,#690,#698,#706,#714,#720,#721)
  );
#674 = ORIENTED_EDGE('',*,*,#272,.T.);
#675 = ORIENTED_EDGE('',*,*,#676,.F.);
#676 = EDGE_CURVE('',#432,#264,#677,.T.);
#677 = LINE('',#678,#679);
#678 = CARTESIAN_POINT('',(-38.79521742131,-5.798876586989,
    7.150721734609));
#679 = VECTOR('',#680,1.);
#680 = DIRECTION('',(1.7041923428E-14,1.942558731978E-05,-0.999999999811
    ));
#681 = ORIENTED_EDGE('',*,*,#440,.T.);
#682 = ORIENTED_EDGE('',*,*,#683,.F.);
#683 = EDGE_CURVE('',#684,#441,#686,.T.);
#684 = VERTEX_POINT('',#685);
#685 = CARTESIAN_POINT('',(-62.79521742131,-5.798876586989,
    7.150721734608));
#686 = LINE('',#687,#688);
#687 = CARTESIAN_POINT('',(-44.81621742131,-5.798876586989,
    7.150721734609));
#688 = VECTOR('',#689,1.);
#689 = DIRECTION('',(1.,-3.903365172153E-16,1.709743457923E-14));
#690 = ORIENTED_EDGE('',*,*,#691,.T.);
#691 = EDGE_CURVE('',#684,#692,#694,.T.);
#692 = VERTEX_POINT('',#693);
#693 = CARTESIAN_POINT('',(-62.79521742131,-5.798486732353,
    -12.91840818304));
#694 = LINE('',#695,#696);
#695 = CARTESIAN_POINT('',(-62.79521742131,-5.798584195458,
    -7.901154268235));
#696 = VECTOR('',#697,1.);
#697 = DIRECTION('',(1.7041923428E-14,1.942558731978E-05,-0.999999999811
    ));
#698 = ORIENTED_EDGE('',*,*,#699,.F.);
#699 = EDGE_CURVE('',#700,#692,#702,.T.);
#700 = VERTEX_POINT('',#701);
#701 = CARTESIAN_POINT('',(-56.79521742131,-5.798486732353,
    -12.91840818304));
#702 = LINE('',#703,#704);
#703 = CARTESIAN_POINT('',(-44.81621742131,-5.798486732353,
    -12.91840818304));
#704 = VECTOR('',#705,1.);
#705 = DIRECTION('',(-1.,3.903365172153E-16,-1.709743457923E-14));
#706 = ORIENTED_EDGE('',*,*,#707,.T.);
#707 = EDGE_CURVE('',#700,#708,#710,.T.);
#708 = VERTEX_POINT('',#709);
#709 = CARTESIAN_POINT('',(-38.79521742131,-5.798486732353,
    -12.91840818304));
#710 = LINE('',#711,#712);
#711 = CARTESIAN_POINT('',(-38.79521742131,-5.798486732353,
    -12.91840818304));
#712 = VECTOR('',#713,1.);
#713 = DIRECTION('',(1.,-3.903365172153E-16,1.709743457923E-14));
#714 = ORIENTED_EDGE('',*,*,#715,.F.);
#715 = EDGE_CURVE('',#239,#708,#716,.T.);
#716 = LINE('',#717,#718);
#717 = CARTESIAN_POINT('',(-38.79521742131,-5.798876586989,
    7.150721734609));
#718 = VECTOR('',#719,1.);
#719 = DIRECTION('',(1.7041923428E-14,1.942558731978E-05,-0.999999999811
    ));
#720 = ORIENTED_EDGE('',*,*,#249,.T.);
#721 = ORIENTED_EDGE('',*,*,#164,.T.);
#722 = PLANE('',#723);
#723 = AXIS2_PLACEMENT_3D('',#724,#725,#726);
#724 = CARTESIAN_POINT('',(-38.79521742131,-5.798486732353,
    -12.91840818304));
#725 = DIRECTION('',(-3.900053091349E-16,-0.999999999811,
    -1.942558731978E-05));
#726 = DIRECTION('',(-1.7041923428E-14,-1.942558731978E-05,
    0.999999999811));
#727 = ADVANCED_FACE('',(#728),#755,.F.);
#728 = FACE_BOUND('',#729,.F.);
#729 = EDGE_LOOP('',(#730,#739,#747,#754));
#730 = ORIENTED_EDGE('',*,*,#731,.T.);
#731 = EDGE_CURVE('',#684,#732,#734,.T.);
#732 = VERTEX_POINT('',#733);
#733 = CARTESIAN_POINT('',(-62.79521742131,-9.280786099276,
    4.147661865294));
#734 = CIRCLE('',#735,11.500331546502);
#735 = AXIS2_PLACEMENT_3D('',#736,#737,#738);
#736 = CARTESIAN_POINT('',(-62.79521742131,-0.180396181283,
    -2.883734085723));
#737 = DIRECTION('',(1.,-3.903365172153E-16,1.709743457923E-14));
#738 = DIRECTION('',(3.903365172153E-16,1.,4.573947093187E-16));
#739 = ORIENTED_EDGE('',*,*,#740,.T.);
#740 = EDGE_CURVE('',#732,#741,#743,.T.);
#741 = VERTEX_POINT('',#742);
#742 = CARTESIAN_POINT('',(-56.79521742131,-9.280786099276,
    4.147661865294));
#743 = LINE('',#744,#745);
#744 = CARTESIAN_POINT('',(-44.81621742131,-9.280786099276,
    4.147661865294));
#745 = VECTOR('',#746,1.);
#746 = DIRECTION('',(1.,-3.903365172153E-16,1.709743457923E-14));
#747 = ORIENTED_EDGE('',*,*,#748,.F.);
#748 = EDGE_CURVE('',#441,#741,#749,.T.);
#749 = CIRCLE('',#750,11.500331546502);
#750 = AXIS2_PLACEMENT_3D('',#751,#752,#753);
#751 = CARTESIAN_POINT('',(-56.79521742131,-0.180396181283,
    -2.883734085723));
#752 = DIRECTION('',(1.,-3.903365172153E-16,1.709743457923E-14));
#753 = DIRECTION('',(3.903365172153E-16,1.,4.573947093187E-16));
#754 = ORIENTED_EDGE('',*,*,#683,.F.);
#755 = CYLINDRICAL_SURFACE('',#756,11.500331546502);
#756 = AXIS2_PLACEMENT_3D('',#757,#758,#759);
#757 = CARTESIAN_POINT('',(-44.81621742131,-0.180396181283,
    -2.883734085723));
#758 = DIRECTION('',(-1.,3.903365172153E-16,-1.709743457923E-14));
#759 = DIRECTION('',(3.903365172153E-16,1.,4.573947093187E-16));
#760 = ADVANCED_FACE('',(#761),#788,.F.);
#761 = FACE_BOUND('',#762,.F.);
#762 = EDGE_LOOP('',(#763,#772,#780,#787));
#763 = ORIENTED_EDGE('',*,*,#764,.F.);
#764 = EDGE_CURVE('',#765,#700,#767,.T.);
#765 = VERTEX_POINT('',#766);
#766 = CARTESIAN_POINT('',(-56.79521742131,-9.211915727402,
    -10.00337455189));
#767 = CIRCLE('',#768,11.500331546502);
#768 = AXIS2_PLACEMENT_3D('',#769,#770,#771);
#769 = CARTESIAN_POINT('',(-56.79521742131,-0.180396181283,
    -2.883734085723));
#770 = DIRECTION('',(1.,-3.903365172153E-16,1.709743457923E-14));
#771 = DIRECTION('',(3.903365172153E-16,1.,4.573947093187E-16));
#772 = ORIENTED_EDGE('',*,*,#773,.T.);
#773 = EDGE_CURVE('',#765,#774,#776,.T.);
#774 = VERTEX_POINT('',#775);
#775 = CARTESIAN_POINT('',(-62.79521742131,-9.211915727402,
    -10.00337455189));
#776 = LINE('',#777,#778);
#777 = CARTESIAN_POINT('',(-44.81621742131,-9.211915727402,
    -10.00337455189));
#778 = VECTOR('',#779,1.);
#779 = DIRECTION('',(-1.,3.903365172153E-16,-1.709743457923E-14));
#780 = ORIENTED_EDGE('',*,*,#781,.T.);
#781 = EDGE_CURVE('',#774,#692,#782,.T.);
#782 = CIRCLE('',#783,11.500331546502);
#783 = AXIS2_PLACEMENT_3D('',#784,#785,#786);
#784 = CARTESIAN_POINT('',(-62.79521742131,-0.180396181283,
    -2.883734085723));
#785 = DIRECTION('',(1.,-3.903365172153E-16,1.709743457923E-14));
#786 = DIRECTION('',(3.903365172153E-16,1.,4.573947093187E-16));
#787 = ORIENTED_EDGE('',*,*,#699,.F.);
#788 = CYLINDRICAL_SURFACE('',#789,11.500331546502);
#789 = AXIS2_PLACEMENT_3D('',#790,#791,#792);
#790 = CARTESIAN_POINT('',(-44.81621742131,-0.180396181283,
    -2.883734085723));
#791 = DIRECTION('',(-1.,3.903365172153E-16,-1.709743457923E-14));
#792 = DIRECTION('',(3.903365172153E-16,1.,4.573947093187E-16));
#793 = ADVANCED_FACE('',(#794),#829,.F.);
#794 = FACE_BOUND('',#795,.T.);
#795 = EDGE_LOOP('',(#796,#807,#815,#823));
#796 = ORIENTED_EDGE('',*,*,#797,.F.);
#797 = EDGE_CURVE('',#798,#800,#802,.T.);
#798 = VERTEX_POINT('',#799);
#799 = CARTESIAN_POINT('',(-51.79521742131,-22.26677970333,
    -7.178240306697));
#800 = VERTEX_POINT('',#801);
#801 = CARTESIAN_POINT('',(-51.79521742131,-22.28402546461,
    1.321759693303));
#802 = CIRCLE('',#803,22.499815641693);
#803 = AXIS2_PLACEMENT_3D('',#804,#805,#806);
#804 = CARTESIAN_POINT('',(-51.79521742131,-0.180671990895,
    -2.883412018536));
#805 = DIRECTION('',(-1.,3.903365172153E-16,-1.709743457923E-14));
#806 = DIRECTION('',(-3.903365172153E-16,-1.,-4.573946688948E-16));
#807 = ORIENTED_EDGE('',*,*,#808,.F.);
#808 = EDGE_CURVE('',#809,#798,#811,.T.);
#809 = VERTEX_POINT('',#810);
#810 = CARTESIAN_POINT('',(-51.79521742131,-15.99645243471,
    -7.178240306697));
#811 = LINE('',#812,#813);
#812 = CARTESIAN_POINT('',(-51.79521742131,-24.62140123636,
    -7.178240306697));
#813 = VECTOR('',#814,1.);
#814 = DIRECTION('',(-3.903365254871E-16,-1.,-4.573946945531E-16));
#815 = ORIENTED_EDGE('',*,*,#816,.F.);
#816 = EDGE_CURVE('',#817,#809,#819,.T.);
#817 = VERTEX_POINT('',#818);
#818 = CARTESIAN_POINT('',(-51.79521742131,-15.99645343417,
    1.321759693303));
#819 = LINE('',#820,#821);
#820 = CARTESIAN_POINT('',(-51.79521742131,-15.99645334816,
    0.590281438233));
#821 = VECTOR('',#822,1.);
#822 = DIRECTION('',(1.708355679142E-14,1.175842139385E-07,-1.));
#823 = ORIENTED_EDGE('',*,*,#824,.F.);
#824 = EDGE_CURVE('',#800,#817,#825,.T.);
#825 = LINE('',#826,#827);
#826 = CARTESIAN_POINT('',(-51.79521742131,-7.37150463253,1.321759693303
    ));
#827 = VECTOR('',#828,1.);
#828 = DIRECTION('',(3.903365254871E-16,1.,2.643112842952E-16));
#829 = PLANE('',#830);
#830 = AXIS2_PLACEMENT_3D('',#831,#832,#833);
#831 = CARTESIAN_POINT('',(-51.79521742131,-20.30892683553,
    -2.928240306697));
#832 = DIRECTION('',(-1.,3.903365172153E-16,-1.709743457923E-14));
#833 = DIRECTION('',(-1.709743457923E-14,-4.573946680833E-16,1.));
#834 = ADVANCED_FACE('',(#835),#867,.F.);
#835 = FACE_BOUND('',#836,.T.);
#836 = EDGE_LOOP('',(#837,#843,#844,#852,#860,#866));
#837 = ORIENTED_EDGE('',*,*,#838,.F.);
#838 = EDGE_CURVE('',#800,#543,#839,.T.);
#839 = LINE('',#840,#841);
#840 = CARTESIAN_POINT('',(-48.79536628606,-22.28402546461,
    1.321759693303));
#841 = VECTOR('',#842,1.);
#842 = DIRECTION('',(1.,-3.903365172153E-16,1.709743457923E-14));
#843 = ORIENTED_EDGE('',*,*,#824,.T.);
#844 = ORIENTED_EDGE('',*,*,#845,.F.);
#845 = EDGE_CURVE('',#846,#817,#848,.T.);
#846 = VERTEX_POINT('',#847);
#847 = CARTESIAN_POINT('',(-38.79521742131,-15.99645343417,
    1.321759693303));
#848 = LINE('',#849,#850);
#849 = CARTESIAN_POINT('',(-41.80571742131,-15.99645343417,
    1.321759693303));
#850 = VECTOR('',#851,1.);
#851 = DIRECTION('',(-1.,3.903365172153E-16,-1.709743457923E-14));
#852 = ORIENTED_EDGE('',*,*,#853,.F.);
#853 = EDGE_CURVE('',#854,#846,#856,.T.);
#854 = VERTEX_POINT('',#855);
#855 = CARTESIAN_POINT('',(-38.79521742131,-18.49313302668,
    1.321759693303));
#856 = LINE('',#857,#858);
#857 = CARTESIAN_POINT('',(-38.79521742131,-8.088420675164,
    1.321759693303));
#858 = VECTOR('',#859,1.);
#859 = DIRECTION('',(3.903365254871E-16,1.,2.643112842952E-16));
#860 = ORIENTED_EDGE('',*,*,#861,.F.);
#861 = EDGE_CURVE('',#552,#854,#862,.T.);
#862 = LINE('',#863,#864);
#863 = CARTESIAN_POINT('',(-44.81621742131,-18.49313302668,
    1.321759693303));
#864 = VECTOR('',#865,1.);
#865 = DIRECTION('',(1.,-3.903365172153E-16,1.709743457923E-14));
#866 = ORIENTED_EDGE('',*,*,#551,.F.);
#867 = PLANE('',#868);
#868 = AXIS2_PLACEMENT_3D('',#869,#870,#871);
#869 = CARTESIAN_POINT('',(-38.79521742131,-15.99645343417,
    1.321759693303));
#870 = DIRECTION('',(-1.7041923428E-14,-2.643112445906E-16,1.));
#871 = DIRECTION('',(-3.903365254871E-16,-1.,-2.643112445906E-16));
#872 = ADVANCED_FACE('',(#873),#905,.F.);
#873 = FACE_BOUND('',#874,.T.);
#874 = EDGE_LOOP('',(#875,#881,#882,#890,#898,#904));
#875 = ORIENTED_EDGE('',*,*,#876,.F.);
#876 = EDGE_CURVE('',#569,#798,#877,.T.);
#877 = LINE('',#878,#879);
#878 = CARTESIAN_POINT('',(-48.79536628606,-22.26677970333,
    -7.178240306697));
#879 = VECTOR('',#880,1.);
#880 = DIRECTION('',(-1.,3.903365172153E-16,-1.709743457923E-14));
#881 = ORIENTED_EDGE('',*,*,#568,.F.);
#882 = ORIENTED_EDGE('',*,*,#883,.F.);
#883 = EDGE_CURVE('',#884,#560,#886,.T.);
#884 = VERTEX_POINT('',#885);
#885 = CARTESIAN_POINT('',(-38.79521742131,-18.47231354155,
    -7.178240306697));
#886 = LINE('',#887,#888);
#887 = CARTESIAN_POINT('',(-44.81621742131,-18.47231354155,
    -7.178240306697));
#888 = VECTOR('',#889,1.);
#889 = DIRECTION('',(-1.,3.903365172153E-16,-1.709743457923E-14));
#890 = ORIENTED_EDGE('',*,*,#891,.F.);
#891 = EDGE_CURVE('',#892,#884,#894,.T.);
#892 = VERTEX_POINT('',#893);
#893 = CARTESIAN_POINT('',(-38.79521742131,-15.99645243471,
    -7.178240306697));
#894 = LINE('',#895,#896);
#895 = CARTESIAN_POINT('',(-38.79521742131,-12.40089457625,
    -7.178240306697));
#896 = VECTOR('',#897,1.);
#897 = DIRECTION('',(-3.903365254871E-16,-1.,-4.573946945531E-16));
#898 = ORIENTED_EDGE('',*,*,#899,.F.);
#899 = EDGE_CURVE('',#809,#892,#900,.T.);
#900 = LINE('',#901,#902);
#901 = CARTESIAN_POINT('',(-41.80571742131,-15.99645243471,
    -7.178240306697));
#902 = VECTOR('',#903,1.);
#903 = DIRECTION('',(1.,-3.903365172153E-16,1.709743457923E-14));
#904 = ORIENTED_EDGE('',*,*,#808,.T.);
#905 = PLANE('',#906);
#906 = AXIS2_PLACEMENT_3D('',#907,#908,#909);
#907 = CARTESIAN_POINT('',(-38.79521742131,-24.62140123636,
    -7.178240306697));
#908 = DIRECTION('',(1.7041923428E-14,4.573946680833E-16,-1.));
#909 = DIRECTION('',(3.903365254871E-16,1.,4.573946680833E-16));
#910 = ADVANCED_FACE('',(#911),#942,.T.);
#911 = FACE_BOUND('',#912,.T.);
#912 = EDGE_LOOP('',(#913,#922,#928,#929,#930,#931,#932,#933,#934,#935,
    #936,#937,#938,#939,#940,#941));
#913 = ORIENTED_EDGE('',*,*,#914,.F.);
#914 = EDGE_CURVE('',#915,#915,#917,.T.);
#915 = VERTEX_POINT('',#916);
#916 = CARTESIAN_POINT('',(-66.79536628606,22.319143650799,
    -2.883412018536));
#917 = CIRCLE('',#918,22.499815641693);
#918 = AXIS2_PLACEMENT_3D('',#919,#920,#921);
#919 = CARTESIAN_POINT('',(-66.79536628606,-0.180671990895,
    -2.883412018536));
#920 = DIRECTION('',(-1.,3.903365172153E-16,-1.709743457923E-14));
#921 = DIRECTION('',(-3.903365172153E-16,-1.,-4.573946688948E-16));
#922 = ORIENTED_EDGE('',*,*,#923,.T.);
#923 = EDGE_CURVE('',#915,#525,#924,.T.);
#924 = LINE('',#925,#926);
#925 = CARTESIAN_POINT('',(-48.79536628606,22.319143650799,
    -2.883412018535));
#926 = VECTOR('',#927,1.);
#927 = DIRECTION('',(1.,-3.903365172153E-16,1.709743457923E-14));
#928 = ORIENTED_EDGE('',*,*,#524,.F.);
#929 = ORIENTED_EDGE('',*,*,#93,.T.);
#930 = ORIENTED_EDGE('',*,*,#107,.T.);
#931 = ORIENTED_EDGE('',*,*,#36,.T.);
#932 = ORIENTED_EDGE('',*,*,#576,.F.);
#933 = ORIENTED_EDGE('',*,*,#876,.T.);
#934 = ORIENTED_EDGE('',*,*,#797,.T.);
#935 = ORIENTED_EDGE('',*,*,#838,.T.);
#936 = ORIENTED_EDGE('',*,*,#542,.F.);
#937 = ORIENTED_EDGE('',*,*,#369,.T.);
#938 = ORIENTED_EDGE('',*,*,#383,.T.);
#939 = ORIENTED_EDGE('',*,*,#415,.T.);
#940 = ORIENTED_EDGE('',*,*,#533,.F.);
#941 = ORIENTED_EDGE('',*,*,#923,.F.);
#942 = CYLINDRICAL_SURFACE('',#943,22.499815641693);
#943 = AXIS2_PLACEMENT_3D('',#944,#945,#946);
#944 = CARTESIAN_POINT('',(-48.79536628606,-0.180671990895,
    -2.883412018535));
#945 = DIRECTION('',(-1.,3.903365172153E-16,-1.709743457923E-14));
#946 = DIRECTION('',(-3.903365172153E-16,-1.,-4.573946688948E-16));
#947 = ADVANCED_FACE('',(#948),#966,.T.);
#948 = FACE_BOUND('',#949,.T.);
#949 = EDGE_LOOP('',(#950,#957,#958,#965));
#950 = ORIENTED_EDGE('',*,*,#951,.T.);
#951 = EDGE_CURVE('',#492,#732,#952,.T.);
#952 = CIRCLE('',#953,0.1);
#953 = AXIS2_PLACEMENT_3D('',#954,#955,#956);
#954 = CARTESIAN_POINT('',(-62.79521742131,-9.359917643277,
    4.208802676084));
#955 = DIRECTION('',(1.,-3.903365172153E-16,1.709743457923E-14));
#956 = DIRECTION('',(1.551888799579E-14,0.440790138334,-0.897610190421)
  );
#957 = ORIENTED_EDGE('',*,*,#740,.T.);
#958 = ORIENTED_EDGE('',*,*,#959,.T.);
#959 = EDGE_CURVE('',#741,#500,#960,.T.);
#960 = CIRCLE('',#961,0.1);
#961 = AXIS2_PLACEMENT_3D('',#962,#963,#964);
#962 = CARTESIAN_POINT('',(-56.79521742131,-9.359917643277,
    4.208802676084));
#963 = DIRECTION('',(-1.,3.903365172153E-16,-1.709743457923E-14));
#964 = DIRECTION('',(1.551888799579E-14,0.440790138334,-0.897610190421)
  );
#965 = ORIENTED_EDGE('',*,*,#499,.T.);
#966 = CYLINDRICAL_SURFACE('',#967,0.1);
#967 = AXIS2_PLACEMENT_3D('',#968,#969,#970);
#968 = CARTESIAN_POINT('',(-44.81621742131,-9.359917643277,
    4.208802676084));
#969 = DIRECTION('',(-1.,3.903365172153E-16,-1.709743457923E-14));
#970 = DIRECTION('',(1.551888799579E-14,0.440790138334,-0.897610190421)
  );
#971 = ADVANCED_FACE('',(#972,#978),#989,.T.);
#972 = FACE_BOUND('',#973,.T.);
#973 = EDGE_LOOP('',(#974,#975,#976,#977));
#974 = ORIENTED_EDGE('',*,*,#959,.F.);
#975 = ORIENTED_EDGE('',*,*,#748,.F.);
#976 = ORIENTED_EDGE('',*,*,#448,.F.);
#977 = ORIENTED_EDGE('',*,*,#507,.F.);
#978 = FACE_BOUND('',#979,.T.);
#979 = EDGE_LOOP('',(#980));
#980 = ORIENTED_EDGE('',*,*,#981,.F.);
#981 = EDGE_CURVE('',#982,#982,#984,.T.);
#982 = VERTEX_POINT('',#983);
#983 = CARTESIAN_POINT('',(-56.79521742131,-11.93074491551,
    7.116462508671));
#984 = CIRCLE('',#985,1.750158420199);
#985 = AXIS2_PLACEMENT_3D('',#986,#987,#988);
#986 = CARTESIAN_POINT('',(-56.79521742131,-10.18058649531,
    7.116462508671));
#987 = DIRECTION('',(1.,-3.903365172153E-16,1.709743457923E-14));
#988 = DIRECTION('',(3.903365172153E-16,1.,4.573946910366E-16));
#989 = PLANE('',#990);
#990 = AXIS2_PLACEMENT_3D('',#991,#992,#993);
#991 = CARTESIAN_POINT('',(-56.79521742131,-10.1809287267,7.116451170714
    ));
#992 = DIRECTION('',(1.,-3.903365172153E-16,1.709743457923E-14));
#993 = DIRECTION('',(3.903365172153E-16,1.,6.410917224409E-16));
#994 = ADVANCED_FACE('',(#995),#1022,.F.);
#995 = FACE_BOUND('',#996,.F.);
#996 = EDGE_LOOP('',(#997,#1007,#1014,#1015));
#997 = ORIENTED_EDGE('',*,*,#998,.F.);
#998 = EDGE_CURVE('',#999,#1001,#1003,.T.);
#999 = VERTEX_POINT('',#1000);
#1000 = CARTESIAN_POINT('',(-38.79521742131,-15.99645375013,
    4.008802664325));
#1001 = VERTEX_POINT('',#1002);
#1002 = CARTESIAN_POINT('',(-62.79521742131,-15.99645375013,
    4.008802664325));
#1003 = LINE('',#1004,#1005);
#1004 = CARTESIAN_POINT('',(-44.81621742131,-15.99645375013,
    4.008802664325));
#1005 = VECTOR('',#1006,1.);
#1006 = DIRECTION('',(-1.,3.903365172153E-16,-1.709743457923E-14));
#1007 = ORIENTED_EDGE('',*,*,#1008,.F.);
#1008 = EDGE_CURVE('',#476,#999,#1009,.T.);
#1009 = CIRCLE('',#1010,0.1);
#1010 = AXIS2_PLACEMENT_3D('',#1011,#1012,#1013);
#1011 = CARTESIAN_POINT('',(-38.79521742131,-15.89645375013,
    4.008802676084));
#1012 = DIRECTION('',(1.,-3.903365172153E-16,1.709743457923E-14));
#1013 = DIRECTION('',(-1.236572083558E-14,-0.707106822759,0.707106739614
    ));
#1014 = ORIENTED_EDGE('',*,*,#483,.F.);
#1015 = ORIENTED_EDGE('',*,*,#1016,.F.);
#1016 = EDGE_CURVE('',#1001,#484,#1017,.T.);
#1017 = CIRCLE('',#1018,0.1);
#1018 = AXIS2_PLACEMENT_3D('',#1019,#1020,#1021);
#1019 = CARTESIAN_POINT('',(-62.79521742131,-15.89645375013,
    4.008802676084));
#1020 = DIRECTION('',(-1.,3.903365172153E-16,-1.709743457923E-14));
#1021 = DIRECTION('',(-1.236572083558E-14,-0.707106822759,0.707106739614
    ));
#1022 = CYLINDRICAL_SURFACE('',#1023,0.1);
#1023 = AXIS2_PLACEMENT_3D('',#1024,#1025,#1026);
#1024 = CARTESIAN_POINT('',(-44.81621742131,-15.89645375013,
    4.008802676084));
#1025 = DIRECTION('',(1.,-3.903365172153E-16,1.709743457923E-14));
#1026 = DIRECTION('',(-1.236572083558E-14,-0.707106822759,0.707106739614
    ));
#1027 = ADVANCED_FACE('',(#1028),#1064,.F.);
#1028 = FACE_BOUND('',#1029,.F.);
#1029 = EDGE_LOOP('',(#1030,#1040,#1049,#1057));
#1030 = ORIENTED_EDGE('',*,*,#1031,.F.);
#1031 = EDGE_CURVE('',#1032,#1034,#1036,.T.);
#1032 = VERTEX_POINT('',#1033);
#1033 = CARTESIAN_POINT('',(-62.79521742131,-15.99645211875,
    -9.865283277719));
#1034 = VERTEX_POINT('',#1035);
#1035 = CARTESIAN_POINT('',(-38.79521742131,-15.99645211875,
    -9.865283277719));
#1036 = LINE('',#1037,#1038);
#1037 = CARTESIAN_POINT('',(-44.81621742131,-15.99645211875,
    -9.865283277719));
#1038 = VECTOR('',#1039,1.);
#1039 = DIRECTION('',(1.,-3.903365172153E-16,1.709743457923E-14));
#1040 = ORIENTED_EDGE('',*,*,#1041,.F.);
#1041 = EDGE_CURVE('',#1042,#1032,#1044,.T.);
#1042 = VERTEX_POINT('',#1043);
#1043 = CARTESIAN_POINT('',(-62.79521742131,-15.89645210995,
    -9.965283265961));
#1044 = CIRCLE('',#1045,0.1);
#1045 = AXIS2_PLACEMENT_3D('',#1046,#1047,#1048);
#1046 = CARTESIAN_POINT('',(-62.79521742131,-15.89645211875,
    -9.865283265961));
#1047 = DIRECTION('',(-1.,3.903365172153E-16,-1.709743457923E-14));
#1048 = DIRECTION('',(1.181370360513E-14,-0.707106708477,-0.707106853896
    ));
#1049 = ORIENTED_EDGE('',*,*,#1050,.F.);
#1050 = EDGE_CURVE('',#1051,#1042,#1053,.T.);
#1051 = VERTEX_POINT('',#1052);
#1052 = CARTESIAN_POINT('',(-38.79521742131,-15.89645210995,
    -9.96528326596));
#1053 = LINE('',#1054,#1055);
#1054 = CARTESIAN_POINT('',(-44.81621742131,-15.89645210995,
    -9.96528326596));
#1055 = VECTOR('',#1056,1.);
#1056 = DIRECTION('',(-1.,3.903365172153E-16,-1.709743457923E-14));
#1057 = ORIENTED_EDGE('',*,*,#1058,.F.);
#1058 = EDGE_CURVE('',#1034,#1051,#1059,.T.);
#1059 = CIRCLE('',#1060,0.1);
#1060 = AXIS2_PLACEMENT_3D('',#1061,#1062,#1063);
#1061 = CARTESIAN_POINT('',(-38.79521742131,-15.89645211875,
    -9.86528326596));
#1062 = DIRECTION('',(1.,-3.903365172153E-16,1.709743457923E-14));
#1063 = DIRECTION('',(1.181370360513E-14,-0.707106708477,-0.707106853896
    ));
#1064 = CYLINDRICAL_SURFACE('',#1065,0.1);
#1065 = AXIS2_PLACEMENT_3D('',#1066,#1067,#1068);
#1066 = CARTESIAN_POINT('',(-44.81621742131,-15.89645211875,
    -9.865283265961));
#1067 = DIRECTION('',(-1.,3.903365172153E-16,-1.709743457923E-14));
#1068 = DIRECTION('',(1.181370360513E-14,-0.707106708477,-0.707106853896
    ));
#1069 = ADVANCED_FACE('',(#1070),#1111,.T.);
#1070 = FACE_BOUND('',#1071,.T.);
#1071 = EDGE_LOOP('',(#1072,#1073,#1081,#1089,#1097,#1105));
#1072 = ORIENTED_EDGE('',*,*,#1050,.F.);
#1073 = ORIENTED_EDGE('',*,*,#1074,.F.);
#1074 = EDGE_CURVE('',#1075,#1051,#1077,.T.);
#1075 = VERTEX_POINT('',#1076);
#1076 = CARTESIAN_POINT('',(-38.79521742131,-13.44956872388,
    -9.965283050464));
#1077 = LINE('',#1078,#1079);
#1078 = CARTESIAN_POINT('',(-38.79521742131,-15.996452107,
    -9.965283274767));
#1079 = VECTOR('',#1080,1.);
#1080 = DIRECTION('',(-3.903350266358E-16,-1.,-8.806970580337E-08));
#1081 = ORIENTED_EDGE('',*,*,#1082,.T.);
#1082 = EDGE_CURVE('',#1075,#1083,#1085,.T.);
#1083 = VERTEX_POINT('',#1084);
#1084 = CARTESIAN_POINT('',(-56.79521742131,-13.44956872388,
    -9.965283050464));
#1085 = LINE('',#1086,#1087);
#1086 = CARTESIAN_POINT('',(-38.79521742131,-13.44956872388,
    -9.965283050464));
#1087 = VECTOR('',#1088,1.);
#1088 = DIRECTION('',(-1.,3.903365172153E-16,-1.709743457923E-14));
#1089 = ORIENTED_EDGE('',*,*,#1090,.T.);
#1090 = EDGE_CURVE('',#1083,#1091,#1093,.T.);
#1091 = VERTEX_POINT('',#1092);
#1092 = CARTESIAN_POINT('',(-56.79521742131,-9.290448424677,
    -9.965282684172));
#1093 = LINE('',#1094,#1095);
#1094 = CARTESIAN_POINT('',(-56.79521742131,-13.08849377208,
    -9.965283018665));
#1095 = VECTOR('',#1096,1.);
#1096 = DIRECTION('',(3.903350266358E-16,1.,8.806970580337E-08));
#1097 = ORIENTED_EDGE('',*,*,#1098,.F.);
#1098 = EDGE_CURVE('',#1099,#1091,#1101,.T.);
#1099 = VERTEX_POINT('',#1100);
#1100 = CARTESIAN_POINT('',(-62.79521742131,-9.290448424677,
    -9.965282684172));
#1101 = LINE('',#1102,#1103);
#1102 = CARTESIAN_POINT('',(-44.81621742131,-9.290448424677,
    -9.965282684172));
#1103 = VECTOR('',#1104,1.);
#1104 = DIRECTION('',(1.,-3.903365172153E-16,1.709743457923E-14));
#1105 = ORIENTED_EDGE('',*,*,#1106,.F.);
#1106 = EDGE_CURVE('',#1042,#1099,#1107,.T.);
#1107 = LINE('',#1108,#1109);
#1108 = CARTESIAN_POINT('',(-62.79521742131,-15.996452107,
    -9.965283274768));
#1109 = VECTOR('',#1110,1.);
#1110 = DIRECTION('',(3.903350266358E-16,1.,8.806970580337E-08));
#1111 = PLANE('',#1112);
#1112 = AXIS2_PLACEMENT_3D('',#1113,#1114,#1115);
#1113 = CARTESIAN_POINT('',(-44.81621742131,-15.996452107,
    -9.965283274767));
#1114 = DIRECTION('',(-1.706967900361E-14,-8.806970580337E-08,1.));
#1115 = DIRECTION('',(3.903350266358E-16,1.,8.806970580337E-08));
#1116 = ADVANCED_FACE('',(#1117),#1135,.T.);
#1117 = FACE_BOUND('',#1118,.T.);
#1118 = EDGE_LOOP('',(#1119,#1126,#1127,#1134));
#1119 = ORIENTED_EDGE('',*,*,#1120,.T.);
#1120 = EDGE_CURVE('',#774,#1099,#1121,.T.);
#1121 = CIRCLE('',#1122,0.1);
#1122 = AXIS2_PLACEMENT_3D('',#1123,#1124,#1125);
#1123 = CARTESIAN_POINT('',(-62.79521742131,-9.29044841587,
    -10.06528268417));
#1124 = DIRECTION('',(1.,-3.903365172153E-16,1.709743457923E-14));
#1125 = DIRECTION('',(-1.521297849802E-14,0.436416434189,0.899744794911)
  );
#1126 = ORIENTED_EDGE('',*,*,#1098,.T.);
#1127 = ORIENTED_EDGE('',*,*,#1128,.T.);
#1128 = EDGE_CURVE('',#1091,#765,#1129,.T.);
#1129 = CIRCLE('',#1130,0.1);
#1130 = AXIS2_PLACEMENT_3D('',#1131,#1132,#1133);
#1131 = CARTESIAN_POINT('',(-56.79521742131,-9.29044841587,
    -10.06528268417));
#1132 = DIRECTION('',(-1.,3.903365172153E-16,-1.709743457923E-14));
#1133 = DIRECTION('',(-1.521297849802E-14,0.436416434189,0.899744794911)
  );
#1134 = ORIENTED_EDGE('',*,*,#773,.T.);
#1135 = CYLINDRICAL_SURFACE('',#1136,0.1);
#1136 = AXIS2_PLACEMENT_3D('',#1137,#1138,#1139);
#1137 = CARTESIAN_POINT('',(-44.81621742131,-9.29044841587,
    -10.06528268417));
#1138 = DIRECTION('',(-1.,3.903365172153E-16,-1.709743457923E-14));
#1139 = DIRECTION('',(-1.521297849802E-14,0.436416434189,0.899744794911)
  );
#1140 = ADVANCED_FACE('',(#1141,#1153),#1164,.T.);
#1141 = FACE_BOUND('',#1142,.T.);
#1142 = EDGE_LOOP('',(#1143,#1144,#1145,#1152));
#1143 = ORIENTED_EDGE('',*,*,#1128,.F.);
#1144 = ORIENTED_EDGE('',*,*,#1090,.F.);
#1145 = ORIENTED_EDGE('',*,*,#1146,.F.);
#1146 = EDGE_CURVE('',#700,#1083,#1147,.T.);
#1147 = CIRCLE('',#1148,4.382186146969);
#1148 = AXIS2_PLACEMENT_3D('',#1149,#1150,#1151);
#1149 = CARTESIAN_POINT('',(-56.79521742131,-10.18053518014,
    -12.88366875434));
#1150 = DIRECTION('',(-1.,3.903365172153E-16,-1.709743457923E-14));
#1151 = DIRECTION('',(-1.709743457923E-14,-5.798593157926E-16,1.));
#1152 = ORIENTED_EDGE('',*,*,#764,.F.);
#1153 = FACE_BOUND('',#1154,.T.);
#1154 = EDGE_LOOP('',(#1155));
#1155 = ORIENTED_EDGE('',*,*,#1156,.F.);
#1156 = EDGE_CURVE('',#1157,#1157,#1159,.T.);
#1157 = VERTEX_POINT('',#1158);
#1158 = CARTESIAN_POINT('',(-56.79521742131,-11.93050158784,
    -12.88346925704));
#1159 = CIRCLE('',#1160,1.750114294093);
#1160 = AXIS2_PLACEMENT_3D('',#1161,#1162,#1163);
#1161 = CARTESIAN_POINT('',(-56.79521742131,-10.18038729375,
    -12.88346925703));
#1162 = DIRECTION('',(1.,-3.903365172153E-16,1.709743457923E-14));
#1163 = DIRECTION('',(3.903365172153E-16,1.,4.573947287567E-16));
#1164 = PLANE('',#1165);
#1165 = AXIS2_PLACEMENT_3D('',#1166,#1167,#1168);
#1166 = CARTESIAN_POINT('',(-56.79521742131,-10.18053518014,
    -12.88366875434));
#1167 = DIRECTION('',(1.,-3.903365172153E-16,1.709743457923E-14));
#1168 = DIRECTION('',(-1.709743457923E-14,-5.798593533418E-16,1.));
#1169 = ADVANCED_FACE('',(#1170),#1182,.F.);
#1170 = FACE_BOUND('',#1171,.F.);
#1171 = EDGE_LOOP('',(#1172,#1173,#1174,#1181));
#1172 = ORIENTED_EDGE('',*,*,#1146,.F.);
#1173 = ORIENTED_EDGE('',*,*,#707,.T.);
#1174 = ORIENTED_EDGE('',*,*,#1175,.T.);
#1175 = EDGE_CURVE('',#708,#1075,#1176,.T.);
#1176 = CIRCLE('',#1177,4.382186146969);
#1177 = AXIS2_PLACEMENT_3D('',#1178,#1179,#1180);
#1178 = CARTESIAN_POINT('',(-38.79521742131,-10.18053518014,
    -12.88366875434));
#1179 = DIRECTION('',(-1.,3.903365172153E-16,-1.709743457923E-14));
#1180 = DIRECTION('',(-1.709743457923E-14,-5.798593157926E-16,1.));
#1181 = ORIENTED_EDGE('',*,*,#1082,.T.);
#1182 = CYLINDRICAL_SURFACE('',#1183,4.382186146969);
#1183 = AXIS2_PLACEMENT_3D('',#1184,#1185,#1186);
#1184 = CARTESIAN_POINT('',(-38.79521742131,-10.18053518014,
    -12.88366875434));
#1185 = DIRECTION('',(-1.,3.903365172153E-16,-1.709743457923E-14));
#1186 = DIRECTION('',(1.580998519982E-14,-0.360083653393,-0.93292001938)
  );
#1187 = ADVANCED_FACE('',(#1188),#1206,.F.);
#1188 = FACE_BOUND('',#1189,.F.);
#1189 = EDGE_LOOP('',(#1190,#1197,#1198,#1205));
#1190 = ORIENTED_EDGE('',*,*,#1191,.T.);
#1191 = EDGE_CURVE('',#636,#644,#1192,.T.);
#1192 = CIRCLE('',#1193,4.382186146969);
#1193 = AXIS2_PLACEMENT_3D('',#1194,#1195,#1196);
#1194 = CARTESIAN_POINT('',(-38.79521742131,9.81958474491,
    -12.88327520778));
#1195 = DIRECTION('',(-1.,3.903365172153E-16,-1.709743457923E-14));
#1196 = DIRECTION('',(-3.903365172153E-16,-1.,-5.186270537858E-16));
#1197 = ORIENTED_EDGE('',*,*,#652,.T.);
#1198 = ORIENTED_EDGE('',*,*,#1199,.F.);
#1199 = EDGE_CURVE('',#634,#653,#1200,.T.);
#1200 = CIRCLE('',#1201,4.382186146969);
#1201 = AXIS2_PLACEMENT_3D('',#1202,#1203,#1204);
#1202 = CARTESIAN_POINT('',(-56.79521742131,9.81958474491,
    -12.88327520778));
#1203 = DIRECTION('',(-1.,3.903365172153E-16,-1.709743457923E-14));
#1204 = DIRECTION('',(-3.903365172153E-16,-1.,-5.186270537858E-16));
#1205 = ORIENTED_EDGE('',*,*,#633,.T.);
#1206 = CYLINDRICAL_SURFACE('',#1207,4.382186146969);
#1207 = AXIS2_PLACEMENT_3D('',#1208,#1209,#1210);
#1208 = CARTESIAN_POINT('',(-38.79521742131,9.81958474491,
    -12.88327520778));
#1209 = DIRECTION('',(-1.,3.903365172153E-16,-1.709743457923E-14));
#1210 = DIRECTION('',(1.236546173518E-14,0.707122330811,-0.70709123122)
  );
#1211 = ADVANCED_FACE('',(#1212,#1216),#1227,.T.);
#1212 = FACE_BOUND('',#1213,.T.);
#1213 = EDGE_LOOP('',(#1214,#1215));
#1214 = ORIENTED_EDGE('',*,*,#660,.F.);
#1215 = ORIENTED_EDGE('',*,*,#1199,.F.);
#1216 = FACE_BOUND('',#1217,.T.);
#1217 = EDGE_LOOP('',(#1218));
#1218 = ORIENTED_EDGE('',*,*,#1219,.F.);
#1219 = EDGE_CURVE('',#1220,#1220,#1222,.T.);
#1220 = VERTEX_POINT('',#1221);
#1221 = CARTESIAN_POINT('',(-56.79521742131,8.069227788651,
    -12.88362800536));
#1222 = CIRCLE('',#1223,1.750224959175);
#1223 = AXIS2_PLACEMENT_3D('',#1224,#1225,#1226);
#1224 = CARTESIAN_POINT('',(-56.79521742131,9.819452747827,
    -12.88362800536));
#1225 = DIRECTION('',(1.,-3.903365172153E-16,1.709743457923E-14));
#1226 = DIRECTION('',(3.903365172153E-16,1.,4.573947320865E-16));
#1227 = PLANE('',#1228);
#1228 = AXIS2_PLACEMENT_3D('',#1229,#1230,#1231);
#1229 = CARTESIAN_POINT('',(-56.79521742131,9.81958474491,
    -12.88327520778));
#1230 = DIRECTION('',(1.,-3.903365172153E-16,1.709743457923E-14));
#1231 = DIRECTION('',(-3.903365172153E-16,-1.,-5.186270504173E-16));
#1232 = ADVANCED_FACE('',(#1233,#1269,#1273),#1283,.F.);
#1233 = FACE_BOUND('',#1234,.T.);
#1234 = EDGE_LOOP('',(#1235,#1236,#1237,#1238,#1239,#1240,#1241,#1242,
    #1243,#1244,#1245,#1251,#1252,#1259,#1260,#1266,#1267,#1268));
#1235 = ORIENTED_EDGE('',*,*,#296,.T.);
#1236 = ORIENTED_EDGE('',*,*,#431,.T.);
#1237 = ORIENTED_EDGE('',*,*,#676,.T.);
#1238 = ORIENTED_EDGE('',*,*,#263,.T.);
#1239 = ORIENTED_EDGE('',*,*,#124,.T.);
#1240 = ORIENTED_EDGE('',*,*,#238,.T.);
#1241 = ORIENTED_EDGE('',*,*,#715,.T.);
#1242 = ORIENTED_EDGE('',*,*,#1175,.T.);
#1243 = ORIENTED_EDGE('',*,*,#1074,.T.);
#1244 = ORIENTED_EDGE('',*,*,#1058,.F.);
#1245 = ORIENTED_EDGE('',*,*,#1246,.T.);
#1246 = EDGE_CURVE('',#1034,#892,#1247,.T.);
#1247 = LINE('',#1248,#1249);
#1248 = CARTESIAN_POINT('',(-38.79521742131,-15.99645376189,
    4.108802676084));
#1249 = VECTOR('',#1250,1.);
#1250 = DIRECTION('',(-1.708355679142E-14,-1.175842139385E-07,1.));
#1251 = ORIENTED_EDGE('',*,*,#891,.T.);
#1252 = ORIENTED_EDGE('',*,*,#1253,.T.);
#1253 = EDGE_CURVE('',#884,#854,#1254,.T.);
#1254 = CIRCLE('',#1255,18.789361295952);
#1255 = AXIS2_PLACEMENT_3D('',#1256,#1257,#1258);
#1256 = CARTESIAN_POINT('',(-38.79521742131,-0.18038791615,
    -2.883411459742));
#1257 = DIRECTION('',(1.,-3.903365172153E-16,1.709743457923E-14));
#1258 = DIRECTION('',(-3.903365172153E-16,-1.,-4.573947159117E-16));
#1259 = ORIENTED_EDGE('',*,*,#853,.T.);
#1260 = ORIENTED_EDGE('',*,*,#1261,.T.);
#1261 = EDGE_CURVE('',#846,#999,#1262,.T.);
#1262 = LINE('',#1263,#1264);
#1263 = CARTESIAN_POINT('',(-38.79521742131,-15.99645376189,
    4.108802676084));
#1264 = VECTOR('',#1265,1.);
#1265 = DIRECTION('',(-1.708355679142E-14,-1.175842139385E-07,1.));
#1266 = ORIENTED_EDGE('',*,*,#1008,.F.);
#1267 = ORIENTED_EDGE('',*,*,#475,.T.);
#1268 = ORIENTED_EDGE('',*,*,#319,.T.);
#1269 = FACE_BOUND('',#1270,.T.);
#1270 = EDGE_LOOP('',(#1271,#1272));
#1271 = ORIENTED_EDGE('',*,*,#1191,.T.);
#1272 = ORIENTED_EDGE('',*,*,#643,.T.);
#1273 = FACE_BOUND('',#1274,.T.);
#1274 = EDGE_LOOP('',(#1275,#1276));
#1275 = ORIENTED_EDGE('',*,*,#618,.T.);
#1276 = ORIENTED_EDGE('',*,*,#1277,.T.);
#1277 = EDGE_CURVE('',#611,#592,#1278,.T.);
#1278 = CIRCLE('',#1279,4.382186146969);
#1279 = AXIS2_PLACEMENT_3D('',#1280,#1281,#1282);
#1280 = CARTESIAN_POINT('',(-38.79521742131,9.819191198355,7.11684471727
    ));
#1281 = DIRECTION('',(-1.,3.903365172153E-16,-1.709743457923E-14));
#1282 = DIRECTION('',(1.709743457923E-14,4.573946407711E-16,-1.));
#1283 = PLANE('',#1284);
#1284 = AXIS2_PLACEMENT_3D('',#1285,#1286,#1287);
#1285 = CARTESIAN_POINT('',(-38.79521742131,-0.18038791615,
    -2.883411459742));
#1286 = DIRECTION('',(-1.,3.903365172153E-16,-1.709743457923E-14));
#1287 = DIRECTION('',(-1.709743457923E-14,-4.573946680833E-16,1.));
#1288 = ADVANCED_FACE('',(#1289,#1299),#1310,.T.);
#1289 = FACE_BOUND('',#1290,.T.);
#1290 = EDGE_LOOP('',(#1291,#1292));
#1291 = ORIENTED_EDGE('',*,*,#601,.F.);
#1292 = ORIENTED_EDGE('',*,*,#1293,.F.);
#1293 = EDGE_CURVE('',#602,#594,#1294,.T.);
#1294 = CIRCLE('',#1295,4.382186146969);
#1295 = AXIS2_PLACEMENT_3D('',#1296,#1297,#1298);
#1296 = CARTESIAN_POINT('',(-56.79521742131,9.819191198354,
    7.116844717269));
#1297 = DIRECTION('',(-1.,3.903365172153E-16,-1.709743457923E-14));
#1298 = DIRECTION('',(1.709743457923E-14,4.573946407711E-16,-1.));
#1299 = FACE_BOUND('',#1300,.T.);
#1300 = EDGE_LOOP('',(#1301));
#1301 = ORIENTED_EDGE('',*,*,#1302,.F.);
#1302 = EDGE_CURVE('',#1303,#1303,#1305,.T.);
#1303 = VERTEX_POINT('',#1304);
#1304 = CARTESIAN_POINT('',(-56.79521742131,8.069521509719,
    7.116639987824));
#1305 = CIRCLE('',#1306,1.74986403402);
#1306 = AXIS2_PLACEMENT_3D('',#1307,#1308,#1309);
#1307 = CARTESIAN_POINT('',(-56.79521742131,9.819385543738,
    7.116639987824));
#1308 = DIRECTION('',(1.,-3.903365172153E-16,1.709743457923E-14));
#1309 = DIRECTION('',(3.903365172153E-16,1.,4.573947395738E-16));
#1310 = PLANE('',#1311);
#1311 = AXIS2_PLACEMENT_3D('',#1312,#1313,#1314);
#1312 = CARTESIAN_POINT('',(-56.79521742131,9.819191198354,
    7.116844717269));
#1313 = DIRECTION('',(1.,-3.903365172153E-16,1.709743457923E-14));
#1314 = DIRECTION('',(1.709743457923E-14,4.573946680833E-16,-1.));
#1315 = ADVANCED_FACE('',(#1316),#1322,.F.);
#1316 = FACE_BOUND('',#1317,.F.);
#1317 = EDGE_LOOP('',(#1318,#1319,#1320,#1321));
#1318 = ORIENTED_EDGE('',*,*,#1293,.F.);
#1319 = ORIENTED_EDGE('',*,*,#610,.T.);
#1320 = ORIENTED_EDGE('',*,*,#1277,.T.);
#1321 = ORIENTED_EDGE('',*,*,#591,.T.);
#1322 = CYLINDRICAL_SURFACE('',#1323,4.382186146969);
#1323 = AXIS2_PLACEMENT_3D('',#1324,#1325,#1326);
#1324 = CARTESIAN_POINT('',(-38.79521742131,9.819191198355,7.11684471727
    ));
#1325 = DIRECTION('',(-1.,3.903365172153E-16,-1.709743457923E-14));
#1326 = DIRECTION('',(-1.181431529724E-14,0.7070717285,0.707141832135));
#1327 = ADVANCED_FACE('',(#1328),#1334,.T.);
#1328 = FACE_BOUND('',#1329,.T.);
#1329 = EDGE_LOOP('',(#1330,#1331,#1332,#1333));
#1330 = ORIENTED_EDGE('',*,*,#883,.T.);
#1331 = ORIENTED_EDGE('',*,*,#559,.F.);
#1332 = ORIENTED_EDGE('',*,*,#861,.T.);
#1333 = ORIENTED_EDGE('',*,*,#1253,.F.);
#1334 = CYLINDRICAL_SURFACE('',#1335,18.789361295952);
#1335 = AXIS2_PLACEMENT_3D('',#1336,#1337,#1338);
#1336 = CARTESIAN_POINT('',(-44.81621742131,-0.18038791615,
    -2.883411459742));
#1337 = DIRECTION('',(-1.,3.903365172153E-16,-1.709743457923E-14));
#1338 = DIRECTION('',(3.4845785019E-16,0.999997000353,2.44934384509E-03)
  );
#1339 = ADVANCED_FACE('',(#1340),#1355,.T.);
#1340 = FACE_BOUND('',#1341,.T.);
#1341 = EDGE_LOOP('',(#1342,#1343,#1344,#1345,#1351,#1352,#1353,#1354));
#1342 = ORIENTED_EDGE('',*,*,#899,.T.);
#1343 = ORIENTED_EDGE('',*,*,#1246,.F.);
#1344 = ORIENTED_EDGE('',*,*,#1031,.F.);
#1345 = ORIENTED_EDGE('',*,*,#1346,.F.);
#1346 = EDGE_CURVE('',#1001,#1032,#1347,.T.);
#1347 = LINE('',#1348,#1349);
#1348 = CARTESIAN_POINT('',(-62.79521742131,-15.99645376189,
    4.108802676083));
#1349 = VECTOR('',#1350,1.);
#1350 = DIRECTION('',(1.708355679142E-14,1.175842139385E-07,-1.));
#1351 = ORIENTED_EDGE('',*,*,#998,.F.);
#1352 = ORIENTED_EDGE('',*,*,#1261,.F.);
#1353 = ORIENTED_EDGE('',*,*,#845,.T.);
#1354 = ORIENTED_EDGE('',*,*,#816,.T.);
#1355 = PLANE('',#1356);
#1356 = AXIS2_PLACEMENT_3D('',#1357,#1358,#1359);
#1357 = CARTESIAN_POINT('',(-44.81621742131,-15.99645376189,
    4.108802676084));
#1358 = DIRECTION('',(3.903345204013E-16,1.,1.175842139385E-07));
#1359 = DIRECTION('',(1.708355679142E-14,1.175842139385E-07,-1.));
#1360 = ADVANCED_FACE('',(#1361),#1380,.F.);
#1361 = FACE_BOUND('',#1362,.F.);
#1362 = EDGE_LOOP('',(#1363,#1371,#1372,#1373));
#1363 = ORIENTED_EDGE('',*,*,#1364,.T.);
#1364 = EDGE_CURVE('',#1365,#1157,#1367,.T.);
#1365 = VERTEX_POINT('',#1366);
#1366 = CARTESIAN_POINT('',(-62.79521742131,-11.93050158784,
    -12.88346925703));
#1367 = LINE('',#1368,#1369);
#1368 = CARTESIAN_POINT('',(-44.81621742131,-11.93050158784,
    -12.88346925703));
#1369 = VECTOR('',#1370,1.);
#1370 = DIRECTION('',(1.,-3.903365172153E-16,1.709743457923E-14));
#1371 = ORIENTED_EDGE('',*,*,#1156,.F.);
#1372 = ORIENTED_EDGE('',*,*,#1364,.F.);
#1373 = ORIENTED_EDGE('',*,*,#1374,.T.);
#1374 = EDGE_CURVE('',#1365,#1365,#1375,.T.);
#1375 = CIRCLE('',#1376,1.750114294093);
#1376 = AXIS2_PLACEMENT_3D('',#1377,#1378,#1379);
#1377 = CARTESIAN_POINT('',(-62.79521742131,-10.18038729375,
    -12.88346925703));
#1378 = DIRECTION('',(1.,-3.903365172153E-16,1.709743457923E-14));
#1379 = DIRECTION('',(3.903365172153E-16,1.,4.573947287567E-16));
#1380 = CYLINDRICAL_SURFACE('',#1381,1.750114294093);
#1381 = AXIS2_PLACEMENT_3D('',#1382,#1383,#1384);
#1382 = CARTESIAN_POINT('',(-44.81621742131,-10.18038729375,
    -12.88346925703));
#1383 = DIRECTION('',(-1.,3.903365172153E-16,-1.709743457923E-14));
#1384 = DIRECTION('',(3.903365172153E-16,1.,4.573947287567E-16));
#1385 = ADVANCED_FACE('',(#1386),#1405,.F.);
#1386 = FACE_BOUND('',#1387,.F.);
#1387 = EDGE_LOOP('',(#1388,#1396,#1397,#1398));
#1388 = ORIENTED_EDGE('',*,*,#1389,.T.);
#1389 = EDGE_CURVE('',#1390,#1220,#1392,.T.);
#1390 = VERTEX_POINT('',#1391);
#1391 = CARTESIAN_POINT('',(-62.79521742131,8.069227788652,
    -12.88362800536));
#1392 = LINE('',#1393,#1394);
#1393 = CARTESIAN_POINT('',(-44.81621742131,8.069227788652,
    -12.88362800536));
#1394 = VECTOR('',#1395,1.);
#1395 = DIRECTION('',(1.,-3.903365172153E-16,1.709743457923E-14));
#1396 = ORIENTED_EDGE('',*,*,#1219,.F.);
#1397 = ORIENTED_EDGE('',*,*,#1389,.F.);
#1398 = ORIENTED_EDGE('',*,*,#1399,.T.);
#1399 = EDGE_CURVE('',#1390,#1390,#1400,.T.);
#1400 = CIRCLE('',#1401,1.750224959175);
#1401 = AXIS2_PLACEMENT_3D('',#1402,#1403,#1404);
#1402 = CARTESIAN_POINT('',(-62.79521742131,9.819452747827,
    -12.88362800536));
#1403 = DIRECTION('',(1.,-3.903365172153E-16,1.709743457923E-14));
#1404 = DIRECTION('',(3.903365172153E-16,1.,4.573947320865E-16));
#1405 = CYLINDRICAL_SURFACE('',#1406,1.750224959175);
#1406 = AXIS2_PLACEMENT_3D('',#1407,#1408,#1409);
#1407 = CARTESIAN_POINT('',(-44.81621742131,9.819452747827,
    -12.88362800536));
#1408 = DIRECTION('',(-1.,3.903365172153E-16,-1.709743457923E-14));
#1409 = DIRECTION('',(3.903365172153E-16,1.,4.573947320865E-16));
#1410 = ADVANCED_FACE('',(#1411),#1430,.F.);
#1411 = FACE_BOUND('',#1412,.F.);
#1412 = EDGE_LOOP('',(#1413,#1421,#1422,#1423));
#1413 = ORIENTED_EDGE('',*,*,#1414,.T.);
#1414 = EDGE_CURVE('',#1415,#1303,#1417,.T.);
#1415 = VERTEX_POINT('',#1416);
#1416 = CARTESIAN_POINT('',(-62.79521742131,8.069521509719,
    7.116639987824));
#1417 = LINE('',#1418,#1419);
#1418 = CARTESIAN_POINT('',(-44.81621742131,8.069521509719,
    7.116639987824));
#1419 = VECTOR('',#1420,1.);
#1420 = DIRECTION('',(1.,-3.903365172153E-16,1.709743457923E-14));
#1421 = ORIENTED_EDGE('',*,*,#1302,.F.);
#1422 = ORIENTED_EDGE('',*,*,#1414,.F.);
#1423 = ORIENTED_EDGE('',*,*,#1424,.T.);
#1424 = EDGE_CURVE('',#1415,#1415,#1425,.T.);
#1425 = CIRCLE('',#1426,1.74986403402);
#1426 = AXIS2_PLACEMENT_3D('',#1427,#1428,#1429);
#1427 = CARTESIAN_POINT('',(-62.79521742131,9.819385543739,
    7.116639987824));
#1428 = DIRECTION('',(1.,-3.903365172153E-16,1.709743457923E-14));
#1429 = DIRECTION('',(3.903365172153E-16,1.,4.573947395738E-16));
#1430 = CYLINDRICAL_SURFACE('',#1431,1.74986403402);
#1431 = AXIS2_PLACEMENT_3D('',#1432,#1433,#1434);
#1432 = CARTESIAN_POINT('',(-44.81621742131,9.819385543739,
    7.116639987824));
#1433 = DIRECTION('',(-1.,3.903365172153E-16,-1.709743457923E-14));
#1434 = DIRECTION('',(3.903365172153E-16,1.,4.573947395738E-16));
#1435 = ADVANCED_FACE('',(#1436),#1455,.F.);
#1436 = FACE_BOUND('',#1437,.F.);
#1437 = EDGE_LOOP('',(#1438,#1446,#1447,#1448));
#1438 = ORIENTED_EDGE('',*,*,#1439,.T.);
#1439 = EDGE_CURVE('',#1440,#982,#1442,.T.);
#1440 = VERTEX_POINT('',#1441);
#1441 = CARTESIAN_POINT('',(-62.79521742131,-11.93074491551,
    7.116462508671));
#1442 = LINE('',#1443,#1444);
#1443 = CARTESIAN_POINT('',(-44.81621742131,-11.93074491551,
    7.116462508671));
#1444 = VECTOR('',#1445,1.);
#1445 = DIRECTION('',(1.,-3.903365172153E-16,1.709743457923E-14));
#1446 = ORIENTED_EDGE('',*,*,#981,.F.);
#1447 = ORIENTED_EDGE('',*,*,#1439,.F.);
#1448 = ORIENTED_EDGE('',*,*,#1449,.T.);
#1449 = EDGE_CURVE('',#1440,#1440,#1450,.T.);
#1450 = CIRCLE('',#1451,1.750158420199);
#1451 = AXIS2_PLACEMENT_3D('',#1452,#1453,#1454);
#1452 = CARTESIAN_POINT('',(-62.79521742131,-10.18058649531,
    7.116462508671));
#1453 = DIRECTION('',(1.,-3.903365172153E-16,1.709743457923E-14));
#1454 = DIRECTION('',(3.903365172153E-16,1.,4.573946910366E-16));
#1455 = CYLINDRICAL_SURFACE('',#1456,1.750158420199);
#1456 = AXIS2_PLACEMENT_3D('',#1457,#1458,#1459);
#1457 = CARTESIAN_POINT('',(-44.81621742131,-10.18058649531,
    7.116462508671));
#1458 = DIRECTION('',(-1.,3.903365172153E-16,-1.709743457923E-14));
#1459 = DIRECTION('',(3.903365172153E-16,1.,4.573946910366E-16));
#1460 = ADVANCED_FACE('',(#1461,#1472,#1484,#1487,#1490,#1493),#1496,.T.
  );
#1461 = FACE_BOUND('',#1462,.T.);
#1462 = EDGE_LOOP('',(#1463));
#1463 = ORIENTED_EDGE('',*,*,#1464,.F.);
#1464 = EDGE_CURVE('',#1465,#1465,#1467,.T.);
#1465 = VERTEX_POINT('',#1466);
#1466 = CARTESIAN_POINT('',(-62.79521742131,-18.9697492121,
    -2.883411459742));
#1467 = CIRCLE('',#1468,18.789361295952);
#1468 = AXIS2_PLACEMENT_3D('',#1469,#1470,#1471);
#1469 = CARTESIAN_POINT('',(-62.79521742131,-0.18038791615,
    -2.883411459742));
#1470 = DIRECTION('',(1.,-3.903365172153E-16,1.709743457923E-14));
#1471 = DIRECTION('',(3.903365172153E-16,1.,4.573947159117E-16));
#1472 = FACE_BOUND('',#1473,.T.);
#1473 = EDGE_LOOP('',(#1474,#1475,#1476,#1477,#1478,#1479,#1480,#1481,
    #1482,#1483));
#1474 = ORIENTED_EDGE('',*,*,#951,.F.);
#1475 = ORIENTED_EDGE('',*,*,#491,.T.);
#1476 = ORIENTED_EDGE('',*,*,#1016,.F.);
#1477 = ORIENTED_EDGE('',*,*,#1346,.T.);
#1478 = ORIENTED_EDGE('',*,*,#1041,.F.);
#1479 = ORIENTED_EDGE('',*,*,#1106,.T.);
#1480 = ORIENTED_EDGE('',*,*,#1120,.F.);
#1481 = ORIENTED_EDGE('',*,*,#781,.T.);
#1482 = ORIENTED_EDGE('',*,*,#691,.F.);
#1483 = ORIENTED_EDGE('',*,*,#731,.T.);
#1484 = FACE_BOUND('',#1485,.T.);
#1485 = EDGE_LOOP('',(#1486));
#1486 = ORIENTED_EDGE('',*,*,#1449,.T.);
#1487 = FACE_BOUND('',#1488,.T.);
#1488 = EDGE_LOOP('',(#1489));
#1489 = ORIENTED_EDGE('',*,*,#1424,.T.);
#1490 = FACE_BOUND('',#1491,.T.);
#1491 = EDGE_LOOP('',(#1492));
#1492 = ORIENTED_EDGE('',*,*,#1399,.T.);
#1493 = FACE_BOUND('',#1494,.T.);
#1494 = EDGE_LOOP('',(#1495));
#1495 = ORIENTED_EDGE('',*,*,#1374,.T.);
#1496 = PLANE('',#1497);
#1497 = AXIS2_PLACEMENT_3D('',#1498,#1499,#1500);
#1498 = CARTESIAN_POINT('',(-62.79521742131,-0.18038791615,
    -2.883411459742));
#1499 = DIRECTION('',(-1.,3.903365172153E-16,-1.709743457923E-14));
#1500 = DIRECTION('',(-1.709743457923E-14,-4.573946680833E-16,1.));
#1501 = ADVANCED_FACE('',(#1502),#1521,.F.);
#1502 = FACE_BOUND('',#1503,.F.);
#1503 = EDGE_LOOP('',(#1504,#1512,#1513,#1514));
#1504 = ORIENTED_EDGE('',*,*,#1505,.T.);
#1505 = EDGE_CURVE('',#1506,#1465,#1508,.T.);
#1506 = VERTEX_POINT('',#1507);
#1507 = CARTESIAN_POINT('',(-66.79536628606,-18.9697492121,
    -2.883411459742));
#1508 = LINE('',#1509,#1510);
#1509 = CARTESIAN_POINT('',(-48.79536628606,-18.9697492121,
    -2.883411459742));
#1510 = VECTOR('',#1511,1.);
#1511 = DIRECTION('',(1.,-3.903365172153E-16,1.709743457923E-14));
#1512 = ORIENTED_EDGE('',*,*,#1464,.F.);
#1513 = ORIENTED_EDGE('',*,*,#1505,.F.);
#1514 = ORIENTED_EDGE('',*,*,#1515,.T.);
#1515 = EDGE_CURVE('',#1506,#1506,#1516,.T.);
#1516 = CIRCLE('',#1517,18.789361295952);
#1517 = AXIS2_PLACEMENT_3D('',#1518,#1519,#1520);
#1518 = CARTESIAN_POINT('',(-66.79536628606,-0.18038791615,
    -2.883411459742));
#1519 = DIRECTION('',(1.,-3.903365172153E-16,1.709743457923E-14));
#1520 = DIRECTION('',(3.903365172153E-16,1.,4.573947159117E-16));
#1521 = CYLINDRICAL_SURFACE('',#1522,18.789361295952);
#1522 = AXIS2_PLACEMENT_3D('',#1523,#1524,#1525);
#1523 = CARTESIAN_POINT('',(-48.79536628606,-0.18038791615,
    -2.883411459742));
#1524 = DIRECTION('',(-1.,3.903365172153E-16,-1.709743457923E-14));
#1525 = DIRECTION('',(3.903365172153E-16,1.,4.573947159117E-16));
#1526 = ADVANCED_FACE('',(#1527,#1530),#1533,.T.);
#1527 = FACE_BOUND('',#1528,.T.);
#1528 = EDGE_LOOP('',(#1529));
#1529 = ORIENTED_EDGE('',*,*,#914,.T.);
#1530 = FACE_BOUND('',#1531,.T.);
#1531 = EDGE_LOOP('',(#1532));
#1532 = ORIENTED_EDGE('',*,*,#1515,.T.);
#1533 = PLANE('',#1534);
#1534 = AXIS2_PLACEMENT_3D('',#1535,#1536,#1537);
#1535 = CARTESIAN_POINT('',(-66.79536628606,-0.180671990895,
    -2.883412018536));
#1536 = DIRECTION('',(-1.,3.903365172153E-16,-1.709743457923E-14));
#1537 = DIRECTION('',(-1.709743457923E-14,-4.573946680833E-16,1.));
#1538 = ( GEOMETRIC_REPRESENTATION_CONTEXT(3) 
GLOBAL_UNCERTAINTY_ASSIGNED_CONTEXT((#1542)) 
GLOBAL_UNIT_ASSIGNED_CONTEXT((#1539,#1540,#1541)) REPRESENTATION_CONTEXT
('Context #1','3D Context with UNIT and UNCERTAINTY') );
#1539 = ( LENGTH_UNIT() NAMED_UNIT(*) SI_UNIT(.MILLI.,.METRE.) );
#1540 = ( NAMED_UNIT(*) PLANE_ANGLE_UNIT() SI_UNIT($,.RADIAN.) );
#1541 = ( NAMED_UNIT(*) SI_UNIT($,.STERADIAN.) SOLID_ANGLE_UNIT() );
#1542 = UNCERTAINTY_MEASURE_WITH_UNIT(LENGTH_MEASURE(1.E-07),#1539,
  'distance_accuracy_value','confusion accuracy');
#1543 = SHAPE_DEFINITION_REPRESENTATION(#1544,#29);
#1544 = PRODUCT_DEFINITION_SHAPE('','',#1545);
#1545 = PRODUCT_DEFINITION('design','',#1546,#1549);
#1546 = PRODUCT_DEFINITION_FORMATION('','',#1547);
#1547 = PRODUCT('宇树L6法兰','宇树L6法兰','',(#1548));
#1548 = MECHANICAL_CONTEXT('',#2,'mechanical');
#1549 = PRODUCT_DEFINITION_CONTEXT('part definition',#2,'design');
#1550 = CONTEXT_DEPENDENT_SHAPE_REPRESENTATION(#1551,#1553);
#1551 = ( REPRESENTATION_RELATIONSHIP('','',#29,#10) 
REPRESENTATION_RELATIONSHIP_WITH_TRANSFORMATION(#1552) 
SHAPE_REPRESENTATION_RELATIONSHIP() );
#1552 = ITEM_DEFINED_TRANSFORMATION('','',#11,#15);
#1553 = PRODUCT_DEFINITION_SHAPE('Placement','Placement of an item',
  #1554);
#1554 = NEXT_ASSEMBLY_USAGE_OCCURRENCE('1','宇树L6法兰:1','',#5,
  #1545,$);
#1555 = PRODUCT_TYPE('part',$,(#1547));
#1556 = SHAPE_REPRESENTATION('',(#11,#1557,#2565),#2885);
#1557 = MANIFOLD_SOLID_BREP('',#1558);
#1558 = CLOSED_SHELL('',(#1559,#1601,#1634,#1676,#1709,#1740,#1771,#1915
    ,#1940,#1972,#2020,#2058,#2111,#2172,#2205,#2242,#2274,#2291,#2328,
    #2345,#2369,#2393,#2461,#2473,#2490,#2507,#2519,#2536,#2553));
#1559 = ADVANCED_FACE('',(#1560),#1596,.T.);
#1560 = FACE_BOUND('',#1561,.T.);
#1561 = EDGE_LOOP('',(#1562,#1573,#1581,#1590));
#1562 = ORIENTED_EDGE('',*,*,#1563,.F.);
#1563 = EDGE_CURVE('',#1564,#1566,#1568,.T.);
#1564 = VERTEX_POINT('',#1565);
#1565 = CARTESIAN_POINT('',(-30.39105009819,-8.792517186113,
    -10.3282825503));
#1566 = VERTEX_POINT('',#1567);
#1567 = CARTESIAN_POINT('',(-30.39105009819,-9.918751575702,
    -8.67345664748));
#1568 = CIRCLE('',#1569,11.500331546502);
#1569 = AXIS2_PLACEMENT_3D('',#1570,#1571,#1572);
#1570 = CARTESIAN_POINT('',(-30.39105009819,0.115675829618,
    -3.054925493624));
#1571 = DIRECTION('',(-1.,-2.107933438639E-16,2.338407245617E-14));
#1572 = DIRECTION('',(1.124045411819E-14,0.872533749548,0.488553841351)
  );
#1573 = ORIENTED_EDGE('',*,*,#1574,.F.);
#1574 = EDGE_CURVE('',#1575,#1564,#1577,.T.);
#1575 = VERTEX_POINT('',#1576);
#1576 = CARTESIAN_POINT('',(-18.3910500989,-8.792517186113,
    -10.3282825503));
#1577 = LINE('',#1578,#1579);
#1578 = CARTESIAN_POINT('',(-18.3910500989,-8.792517186158,
    -10.32828255025));
#1579 = VECTOR('',#1580,1.);
#1580 = DIRECTION('',(-1.,-3.936774226161E-15,1.600108934241E-14));
#1581 = ORIENTED_EDGE('',*,*,#1582,.F.);
#1582 = EDGE_CURVE('',#1583,#1575,#1585,.T.);
#1583 = VERTEX_POINT('',#1584);
#1584 = CARTESIAN_POINT('',(-18.3910500989,-9.918751575702,
    -8.67345664748));
#1585 = CIRCLE('',#1586,11.500331546502);
#1586 = AXIS2_PLACEMENT_3D('',#1587,#1588,#1589);
#1587 = CARTESIAN_POINT('',(-18.39105009819,0.115675829618,
    -3.054925493625));
#1588 = DIRECTION('',(1.,2.107933438639E-16,-2.338407245617E-14));
#1589 = DIRECTION('',(1.124045411819E-14,0.872533749548,0.488553841351)
  );
#1590 = ORIENTED_EDGE('',*,*,#1591,.T.);
#1591 = EDGE_CURVE('',#1583,#1566,#1592,.T.);
#1592 = LINE('',#1593,#1594);
#1593 = CARTESIAN_POINT('',(-18.3910500989,-9.918751575702,
    -8.67345664748));
#1594 = VECTOR('',#1595,1.);
#1595 = DIRECTION('',(-1.,-3.936774226161E-15,1.600108934241E-14));
#1596 = CYLINDRICAL_SURFACE('',#1597,11.500331546502);
#1597 = AXIS2_PLACEMENT_3D('',#1598,#1599,#1600);
#1598 = CARTESIAN_POINT('',(-18.3910500989,0.115675829618,
    -3.054925493625));
#1599 = DIRECTION('',(-1.,-3.936774226161E-15,1.600108934241E-14));
#1600 = DIRECTION('',(4.38242528736E-15,0.872533749548,0.488553841351));
#1601 = ADVANCED_FACE('',(#1602),#1629,.F.);
#1602 = FACE_BOUND('',#1603,.F.);
#1603 = EDGE_LOOP('',(#1604,#1614,#1621,#1622));
#1604 = ORIENTED_EDGE('',*,*,#1605,.T.);
#1605 = EDGE_CURVE('',#1606,#1608,#1610,.T.);
#1606 = VERTEX_POINT('',#1607);
#1607 = CARTESIAN_POINT('',(-30.39105009819,-13.25935033287,
    -10.26087221888));
#1608 = VERTEX_POINT('',#1609);
#1609 = CARTESIAN_POINT('',(-18.3910500989,-13.25935033292,
    -10.26087221894));
#1610 = LINE('',#1611,#1612);
#1611 = CARTESIAN_POINT('',(-18.3910500989,-13.25935033287,
    -10.26087221888));
#1612 = VECTOR('',#1613,1.);
#1613 = DIRECTION('',(1.,3.936774227816E-15,-1.600108934241E-14));
#1614 = ORIENTED_EDGE('',*,*,#1615,.T.);
#1615 = EDGE_CURVE('',#1608,#1583,#1616,.T.);
#1616 = CIRCLE('',#1617,4.382186146969);
#1617 = AXIS2_PLACEMENT_3D('',#1618,#1619,#1620);
#1618 = CARTESIAN_POINT('',(-18.39105009819,-9.88391155002,
    -13.05550429661));
#1619 = DIRECTION('',(-1.,-2.107933438639E-16,2.338407245617E-14));
#1620 = DIRECTION('',(2.3385009295E-14,-7.950375568944E-03,
    0.999968395265));
#1621 = ORIENTED_EDGE('',*,*,#1591,.T.);
#1622 = ORIENTED_EDGE('',*,*,#1623,.T.);
#1623 = EDGE_CURVE('',#1566,#1606,#1624,.T.);
#1624 = CIRCLE('',#1625,4.382186146969);
#1625 = AXIS2_PLACEMENT_3D('',#1626,#1627,#1628);
#1626 = CARTESIAN_POINT('',(-30.39105009819,-9.88391155002,
    -13.05550429661));
#1627 = DIRECTION('',(1.,2.107933438639E-16,-2.338407245617E-14));
#1628 = DIRECTION('',(2.3385009295E-14,-7.950375568944E-03,
    0.999968395265));
#1629 = CYLINDRICAL_SURFACE('',#1630,4.382186146969);
#1630 = AXIS2_PLACEMENT_3D('',#1631,#1632,#1633);
#1631 = CARTESIAN_POINT('',(-18.3910500989,-9.88391155002,
    -13.05550429661));
#1632 = DIRECTION('',(-1.,-3.936774226161E-15,1.600108934241E-14));
#1633 = DIRECTION('',(1.603188246585E-14,-7.950375568944E-03,
    0.999968395265));
#1634 = ADVANCED_FACE('',(#1635),#1671,.T.);
#1635 = FACE_BOUND('',#1636,.T.);
#1636 = EDGE_LOOP('',(#1637,#1648,#1656,#1665));
#1637 = ORIENTED_EDGE('',*,*,#1638,.F.);
#1638 = EDGE_CURVE('',#1639,#1641,#1643,.T.);
#1639 = VERTEX_POINT('',#1640);
#1640 = CARTESIAN_POINT('',(-30.39105009819,-9.919331696573,
    2.562569466657));
#1641 = VERTEX_POINT('',#1642);
#1642 = CARTESIAN_POINT('',(-30.39105009819,-8.98268026547,
    3.979101947782));
#1643 = CIRCLE('',#1644,11.500331546502);
#1644 = AXIS2_PLACEMENT_3D('',#1645,#1646,#1647);
#1645 = CARTESIAN_POINT('',(-30.39105009819,0.115675829618,
    -3.054925493624));
#1646 = DIRECTION('',(-1.,-2.107933438639E-16,2.338407245617E-14));
#1647 = DIRECTION('',(-2.050704260909E-14,0.488502117218,-0.872562709193
    ));
#1648 = ORIENTED_EDGE('',*,*,#1649,.F.);
#1649 = EDGE_CURVE('',#1650,#1639,#1652,.T.);
#1650 = VERTEX_POINT('',#1651);
#1651 = CARTESIAN_POINT('',(-18.3910500989,-9.919331696573,
    2.562569466657));
#1652 = LINE('',#1653,#1654);
#1653 = CARTESIAN_POINT('',(-18.3910500989,-9.919331696573,
    2.562569466657));
#1654 = VECTOR('',#1655,1.);
#1655 = DIRECTION('',(-1.,-3.936774507403E-15,1.360023205166E-14));
#1656 = ORIENTED_EDGE('',*,*,#1657,.F.);
#1657 = EDGE_CURVE('',#1658,#1650,#1660,.T.);
#1658 = VERTEX_POINT('',#1659);
#1659 = CARTESIAN_POINT('',(-18.3910500989,-8.982680265532,
    3.979101947702));
#1660 = CIRCLE('',#1661,11.500331546502);
#1661 = AXIS2_PLACEMENT_3D('',#1662,#1663,#1664);
#1662 = CARTESIAN_POINT('',(-18.39105009819,0.115675829618,
    -3.054925493625));
#1663 = DIRECTION('',(1.,2.107933438639E-16,-2.338407245617E-14));
#1664 = DIRECTION('',(-2.050704260909E-14,0.488502117218,-0.872562709193
    ));
#1665 = ORIENTED_EDGE('',*,*,#1666,.F.);
#1666 = EDGE_CURVE('',#1641,#1658,#1667,.T.);
#1667 = LINE('',#1668,#1669);
#1668 = CARTESIAN_POINT('',(-18.3910500989,-8.98268026547,3.979101947781
    ));
#1669 = VECTOR('',#1670,1.);
#1670 = DIRECTION('',(1.,3.936774507403E-15,-1.360023205166E-14));
#1671 = CYLINDRICAL_SURFACE('',#1672,11.500331546502);
#1672 = AXIS2_PLACEMENT_3D('',#1673,#1674,#1675);
#1673 = CARTESIAN_POINT('',(-18.3910500989,0.115675829618,
    -3.054925493625));
#1674 = DIRECTION('',(-1.,-3.936774507403E-15,1.360023205166E-14));
#1675 = DIRECTION('',(-1.379017800652E-14,0.488502117218,-0.872562709193
    ));
#1676 = ADVANCED_FACE('',(#1677),#1704,.F.);
#1677 = FACE_BOUND('',#1678,.F.);
#1678 = EDGE_LOOP('',(#1679,#1680,#1689,#1697));
#1679 = ORIENTED_EDGE('',*,*,#1649,.F.);
#1680 = ORIENTED_EDGE('',*,*,#1681,.T.);
#1681 = EDGE_CURVE('',#1650,#1682,#1684,.T.);
#1682 = VERTEX_POINT('',#1683);
#1683 = CARTESIAN_POINT('',(-18.3910500989,-13.0745974793,3.940353665928
    ));
#1684 = CIRCLE('',#1685,4.382186146969);
#1685 = AXIS2_PLACEMENT_3D('',#1686,#1687,#1688);
#1686 = CARTESIAN_POINT('',(-18.39105009819,-9.884305096575,
    6.944615628438));
#1687 = DIRECTION('',(-1.,-2.107933438639E-16,2.338407245617E-14));
#1688 = DIRECTION('',(-2.285035336765E-17,0.999967703347,
    8.036931245786E-03));
#1689 = ORIENTED_EDGE('',*,*,#1690,.T.);
#1690 = EDGE_CURVE('',#1682,#1691,#1693,.T.);
#1691 = VERTEX_POINT('',#1692);
#1692 = CARTESIAN_POINT('',(-30.39105009819,-13.07459747936,
    3.940353665989));
#1693 = LINE('',#1694,#1695);
#1694 = CARTESIAN_POINT('',(-18.3910500989,-13.07459747936,
    3.940353665989));
#1695 = VECTOR('',#1696,1.);
#1696 = DIRECTION('',(-1.,-3.936774505749E-15,1.360023205166E-14));
#1697 = ORIENTED_EDGE('',*,*,#1698,.T.);
#1698 = EDGE_CURVE('',#1691,#1639,#1699,.T.);
#1699 = CIRCLE('',#1700,4.382186146969);
#1700 = AXIS2_PLACEMENT_3D('',#1701,#1702,#1703);
#1701 = CARTESIAN_POINT('',(-30.39105009819,-9.884305096576,
    6.944615628438));
#1702 = DIRECTION('',(1.,2.107933438639E-16,-2.338407245617E-14));
#1703 = DIRECTION('',(-2.285035336765E-17,0.999967703347,
    8.036931245786E-03));
#1704 = CYLINDRICAL_SURFACE('',#1705,4.382186146969);
#1705 = AXIS2_PLACEMENT_3D('',#1706,#1707,#1708);
#1706 = CARTESIAN_POINT('',(-18.3910500989,-9.884305096575,
    6.944615628437));
#1707 = DIRECTION('',(-1.,-3.936774507403E-15,1.360023205166E-14));
#1708 = DIRECTION('',(-3.827343232835E-15,0.999967703347,
    8.036931245786E-03));
#1709 = ADVANCED_FACE('',(#1710),#1735,.F.);
#1710 = FACE_BOUND('',#1711,.T.);
#1711 = EDGE_LOOP('',(#1712,#1713,#1721,#1729));
#1712 = ORIENTED_EDGE('',*,*,#1605,.T.);
#1713 = ORIENTED_EDGE('',*,*,#1714,.F.);
#1714 = EDGE_CURVE('',#1715,#1608,#1717,.T.);
#1715 = VERTEX_POINT('',#1716);
#1716 = CARTESIAN_POINT('',(-18.39105009819,-13.75264214848,
    -10.26087221888));
#1717 = LINE('',#1718,#1719);
#1718 = CARTESIAN_POINT('',(-18.39105009819,-6.998882862524,
    -10.26087221888));
#1719 = VECTOR('',#1720,1.);
#1720 = DIRECTION('',(-2.107933752968E-16,1.,9.960135754101E-16));
#1721 = ORIENTED_EDGE('',*,*,#1722,.F.);
#1722 = EDGE_CURVE('',#1723,#1715,#1725,.T.);
#1723 = VERTEX_POINT('',#1724);
#1724 = CARTESIAN_POINT('',(-30.39105009819,-13.75264214848,
    -10.26087221888));
#1725 = LINE('',#1726,#1727);
#1726 = CARTESIAN_POINT('',(-18.39105009819,-13.75264214848,
    -10.26087221888));
#1727 = VECTOR('',#1728,1.);
#1728 = DIRECTION('',(1.,2.107933438639E-16,-2.338407245617E-14));
#1729 = ORIENTED_EDGE('',*,*,#1730,.F.);
#1730 = EDGE_CURVE('',#1606,#1723,#1731,.T.);
#1731 = LINE('',#1732,#1733);
#1732 = CARTESIAN_POINT('',(-30.39105009819,-6.998882862524,
    -10.26087221888));
#1733 = VECTOR('',#1734,1.);
#1734 = DIRECTION('',(2.107933752968E-16,-1.,-9.960135754101E-16));
#1735 = PLANE('',#1736);
#1736 = AXIS2_PLACEMENT_3D('',#1737,#1738,#1739);
#1737 = CARTESIAN_POINT('',(-18.39105009819,-14.24736696235,
    -10.26087221888));
#1738 = DIRECTION('',(2.331468351713E-14,-9.960136018799E-16,1.));
#1739 = DIRECTION('',(-2.107933752968E-16,1.,9.960136018799E-16));
#1740 = ADVANCED_FACE('',(#1741),#1766,.T.);
#1741 = FACE_BOUND('',#1742,.T.);
#1742 = EDGE_LOOP('',(#1743,#1744,#1752,#1760));
#1743 = ORIENTED_EDGE('',*,*,#1690,.T.);
#1744 = ORIENTED_EDGE('',*,*,#1745,.F.);
#1745 = EDGE_CURVE('',#1746,#1691,#1748,.T.);
#1746 = VERTEX_POINT('',#1747);
#1747 = CARTESIAN_POINT('',(-30.39105009819,-13.75264214848,
    3.940353665989));
#1748 = LINE('',#1749,#1750);
#1749 = CARTESIAN_POINT('',(-30.39105009819,-6.998882862524,
    3.940353665989));
#1750 = VECTOR('',#1751,1.);
#1751 = DIRECTION('',(-2.107933769511E-16,1.,2.900059546348E-15));
#1752 = ORIENTED_EDGE('',*,*,#1753,.F.);
#1753 = EDGE_CURVE('',#1754,#1746,#1756,.T.);
#1754 = VERTEX_POINT('',#1755);
#1755 = CARTESIAN_POINT('',(-18.39105009819,-13.75264214848,
    3.940353665989));
#1756 = LINE('',#1757,#1758);
#1757 = CARTESIAN_POINT('',(-18.39105009819,-13.75264214848,
    3.940353665989));
#1758 = VECTOR('',#1759,1.);
#1759 = DIRECTION('',(-1.,-2.107933438639E-16,2.338407245617E-14));
#1760 = ORIENTED_EDGE('',*,*,#1761,.F.);
#1761 = EDGE_CURVE('',#1682,#1754,#1762,.T.);
#1762 = LINE('',#1763,#1764);
#1763 = CARTESIAN_POINT('',(-18.39105009819,-6.998882862524,
    3.940353665989));
#1764 = VECTOR('',#1765,1.);
#1765 = DIRECTION('',(2.107933769511E-16,-1.,-2.900059546348E-15));
#1766 = PLANE('',#1767);
#1767 = AXIS2_PLACEMENT_3D('',#1768,#1769,#1770);
#1768 = CARTESIAN_POINT('',(-18.39105009819,-14.24736696235,
    3.940353665989));
#1769 = DIRECTION('',(2.331468351713E-14,-2.900059572818E-15,1.));
#1770 = DIRECTION('',(-2.107933769511E-16,1.,2.900059572818E-15));
#1771 = ADVANCED_FACE('',(#1772),#1910,.F.);
#1772 = FACE_BOUND('',#1773,.T.);
#1773 = EDGE_LOOP('',(#1774,#1775,#1776,#1777,#1783,#1784,#1785,#1786,
    #1795,#1803,#1811,#1820,#1828,#1836,#1845,#1853,#1862,#1870,#1878,
    #1887,#1895,#1903));
#1774 = ORIENTED_EDGE('',*,*,#1563,.T.);
#1775 = ORIENTED_EDGE('',*,*,#1623,.T.);
#1776 = ORIENTED_EDGE('',*,*,#1730,.T.);
#1777 = ORIENTED_EDGE('',*,*,#1778,.T.);
#1778 = EDGE_CURVE('',#1723,#1746,#1779,.T.);
#1779 = LINE('',#1780,#1781);
#1780 = CARTESIAN_POINT('',(-30.39105009819,-13.75264214848,
    14.468268885752));
#1781 = VECTOR('',#1782,1.);
#1782 = DIRECTION('',(2.331468351713E-14,-1.948036587349E-15,1.));
#1783 = ORIENTED_EDGE('',*,*,#1745,.T.);
#1784 = ORIENTED_EDGE('',*,*,#1698,.T.);
#1785 = ORIENTED_EDGE('',*,*,#1638,.T.);
#1786 = ORIENTED_EDGE('',*,*,#1787,.T.);
#1787 = EDGE_CURVE('',#1641,#1788,#1790,.T.);
#1788 = VERTEX_POINT('',#1789);
#1789 = CARTESIAN_POINT('',(-30.39105009819,-9.842941658886,
    13.262467350135));
#1790 = CIRCLE('',#1791,4.66469001599);
#1791 = AXIS2_PLACEMENT_3D('',#1792,#1793,#1794);
#1792 = CARTESIAN_POINT('',(-30.39105009819,-9.582676946366,
    8.605043681979));
#1793 = DIRECTION('',(1.,2.107933438639E-16,-2.338407245617E-14));
#1794 = DIRECTION('',(-2.338407245617E-14,1.94803656803E-15,-1.));
#1795 = ORIENTED_EDGE('',*,*,#1796,.T.);
#1796 = EDGE_CURVE('',#1788,#1797,#1799,.T.);
#1797 = VERTEX_POINT('',#1798);
#1798 = CARTESIAN_POINT('',(-30.39105009819,-13.75264214848,
    13.262467350135));
#1799 = LINE('',#1800,#1801);
#1800 = CARTESIAN_POINT('',(-30.39105009819,-4.796670210789,
    13.262467350135));
#1801 = VECTOR('',#1802,1.);
#1802 = DIRECTION('',(2.107933703337E-16,-1.,-1.44389677818E-15));
#1803 = ORIENTED_EDGE('',*,*,#1804,.T.);
#1804 = EDGE_CURVE('',#1797,#1805,#1807,.T.);
#1805 = VERTEX_POINT('',#1806);
#1806 = CARTESIAN_POINT('',(-30.39105009819,-13.75264214848,
    14.468268885752));
#1807 = LINE('',#1808,#1809);
#1808 = CARTESIAN_POINT('',(-30.39105009819,-13.75264214848,
    14.468268885752));
#1809 = VECTOR('',#1810,1.);
#1810 = DIRECTION('',(2.331468351713E-14,-1.948036587349E-15,1.));
#1811 = ORIENTED_EDGE('',*,*,#1812,.T.);
#1812 = EDGE_CURVE('',#1805,#1813,#1815,.T.);
#1813 = VERTEX_POINT('',#1814);
#1814 = CARTESIAN_POINT('',(-30.39105009819,14.247366961885,
    14.47182908101));
#1815 = CIRCLE('',#1816,22.495231984501);
#1816 = AXIS2_PLACEMENT_3D('',#1817,#1818,#1819);
#1817 = CARTESIAN_POINT('',(-30.39105009819,0.249601237308,
    -3.137771049497));
#1818 = DIRECTION('',(-1.,-2.107933438639E-16,2.338407245617E-14));
#1819 = DIRECTION('',(-2.107933438639E-16,1.,1.94803653689E-15));
#1820 = ORIENTED_EDGE('',*,*,#1821,.T.);
#1821 = EDGE_CURVE('',#1813,#1822,#1824,.T.);
#1822 = VERTEX_POINT('',#1823);
#1823 = CARTESIAN_POINT('',(-30.39105009819,14.247366961885,
    13.262467350135));
#1824 = LINE('',#1825,#1826);
#1825 = CARTESIAN_POINT('',(-30.39105009819,14.247366961885,
    -33.61787079981));
#1826 = VECTOR('',#1827,1.);
#1827 = DIRECTION('',(-2.331468351713E-14,1.948036587349E-15,-1.));
#1828 = ORIENTED_EDGE('',*,*,#1829,.T.);
#1829 = EDGE_CURVE('',#1822,#1830,#1832,.T.);
#1830 = VERTEX_POINT('',#1831);
#1831 = CARTESIAN_POINT('',(-30.39105009819,9.842941658414,
    13.262467350135));
#1832 = LINE('',#1833,#1834);
#1833 = CARTESIAN_POINT('',(-30.39105009819,5.046271447861,
    13.262467350135));
#1834 = VECTOR('',#1835,1.);
#1835 = DIRECTION('',(2.107933769511E-16,-1.,-2.452176356813E-15));
#1836 = ORIENTED_EDGE('',*,*,#1837,.T.);
#1837 = EDGE_CURVE('',#1830,#1838,#1840,.T.);
#1838 = VERTEX_POINT('',#1839);
#1839 = CARTESIAN_POINT('',(-30.39105009819,5.101864931123,
    7.308256639489));
#1840 = CIRCLE('',#1841,4.66469001599);
#1841 = AXIS2_PLACEMENT_3D('',#1842,#1843,#1844);
#1842 = CARTESIAN_POINT('',(-30.39105009819,9.582676945895,
    8.605043681979));
#1843 = DIRECTION('',(1.,2.107933438639E-16,-2.338407245617E-14));
#1844 = DIRECTION('',(-2.338407245617E-14,1.94803656803E-15,-1.));
#1845 = ORIENTED_EDGE('',*,*,#1846,.T.);
#1846 = EDGE_CURVE('',#1838,#1847,#1849,.T.);
#1847 = VERTEX_POINT('',#1848);
#1848 = CARTESIAN_POINT('',(-30.39105009819,5.181719868297,
    -13.37930554647));
#1849 = LINE('',#1850,#1851);
#1850 = CARTESIAN_POINT('',(-30.39105009819,5.120913331424,
    2.373496439188));
#1851 = VECTOR('',#1852,1.);
#1852 = DIRECTION('',(-2.330080572932E-14,3.860017025905E-03,
    -0.999992550107));
#1853 = ORIENTED_EDGE('',*,*,#1854,.T.);
#1854 = EDGE_CURVE('',#1847,#1855,#1857,.T.);
#1855 = VERTEX_POINT('',#1856);
#1856 = CARTESIAN_POINT('',(-30.39105009819,9.842941658414,
    -19.58298590302));
#1857 = CIRCLE('',#1858,4.66469001599);
#1858 = AXIS2_PLACEMENT_3D('',#1859,#1860,#1861);
#1859 = CARTESIAN_POINT('',(-30.39105009819,9.582676945895,
    -14.92556223487));
#1860 = DIRECTION('',(1.,2.107933438639E-16,-2.338407245617E-14));
#1861 = DIRECTION('',(2.338407245617E-14,-1.94803656803E-15,1.));
#1862 = ORIENTED_EDGE('',*,*,#1863,.T.);
#1863 = EDGE_CURVE('',#1855,#1864,#1866,.T.);
#1864 = VERTEX_POINT('',#1865);
#1865 = CARTESIAN_POINT('',(-30.39105009819,14.247366961885,
    -19.58298590302));
#1866 = LINE('',#1867,#1868);
#1867 = CARTESIAN_POINT('',(-30.39105009819,5.046271447861,
    -19.58298590302));
#1868 = VECTOR('',#1869,1.);
#1869 = DIRECTION('',(-2.107933703337E-16,1.,1.44389677818E-15));
#1870 = ORIENTED_EDGE('',*,*,#1871,.T.);
#1871 = EDGE_CURVE('',#1864,#1872,#1874,.T.);
#1872 = VERTEX_POINT('',#1873);
#1873 = CARTESIAN_POINT('',(-30.39105009819,14.247366961885,-20.74737118
    ));
#1874 = LINE('',#1875,#1876);
#1875 = CARTESIAN_POINT('',(-30.39105009819,14.247366961885,
    -33.61787079981));
#1876 = VECTOR('',#1877,1.);
#1877 = DIRECTION('',(-2.331468351713E-14,1.948036587349E-15,-1.));
#1878 = ORIENTED_EDGE('',*,*,#1879,.T.);
#1879 = EDGE_CURVE('',#1872,#1880,#1882,.T.);
#1880 = VERTEX_POINT('',#1881);
#1881 = CARTESIAN_POINT('',(-30.39105009819,-13.75264214848,
    -20.74381098474));
#1882 = CIRCLE('',#1883,22.495231984501);
#1883 = AXIS2_PLACEMENT_3D('',#1884,#1885,#1886);
#1884 = CARTESIAN_POINT('',(-30.39105009819,0.249601237308,
    -3.137771049497));
#1885 = DIRECTION('',(-1.,-2.107933438639E-16,2.338407245617E-14));
#1886 = DIRECTION('',(-2.107933438639E-16,1.,1.94803653689E-15));
#1887 = ORIENTED_EDGE('',*,*,#1888,.T.);
#1888 = EDGE_CURVE('',#1880,#1889,#1891,.T.);
#1889 = VERTEX_POINT('',#1890);
#1890 = CARTESIAN_POINT('',(-30.39105009819,-13.75264214848,
    -19.58298590302));
#1891 = LINE('',#1892,#1893);
#1892 = CARTESIAN_POINT('',(-30.39105009819,-13.75264214848,
    14.468268885752));
#1893 = VECTOR('',#1894,1.);
#1894 = DIRECTION('',(2.331468351713E-14,-1.948036587349E-15,1.));
#1895 = ORIENTED_EDGE('',*,*,#1896,.T.);
#1896 = EDGE_CURVE('',#1889,#1897,#1899,.T.);
#1897 = VERTEX_POINT('',#1898);
#1898 = CARTESIAN_POINT('',(-30.39105009819,-9.842941658886,
    -19.58298590302));
#1899 = LINE('',#1900,#1901);
#1900 = CARTESIAN_POINT('',(-30.39105009819,-4.796670210789,
    -19.58298590302));
#1901 = VECTOR('',#1902,1.);
#1902 = DIRECTION('',(-2.107933769511E-16,1.,2.452176356813E-15));
#1903 = ORIENTED_EDGE('',*,*,#1904,.T.);
#1904 = EDGE_CURVE('',#1897,#1564,#1905,.T.);
#1905 = CIRCLE('',#1906,4.66469001599);
#1906 = AXIS2_PLACEMENT_3D('',#1907,#1908,#1909);
#1907 = CARTESIAN_POINT('',(-30.39105009819,-9.582676946366,
    -14.92556223487));
#1908 = DIRECTION('',(1.,2.107933438639E-16,-2.338407245617E-14));
#1909 = DIRECTION('',(2.338407245617E-14,-1.94803656803E-15,1.));
#1910 = PLANE('',#1911);
#1911 = AXIS2_PLACEMENT_3D('',#1912,#1913,#1914);
#1912 = CARTESIAN_POINT('',(-30.39105009819,0.249601237307,
    18.107729653156));
#1913 = DIRECTION('',(1.,2.107933438639E-16,-2.338407245617E-14));
#1914 = DIRECTION('',(-2.338407245617E-14,1.948036587349E-15,-1.));
#1915 = ADVANCED_FACE('',(#1916),#1935,.F.);
#1916 = FACE_BOUND('',#1917,.F.);
#1917 = EDGE_LOOP('',(#1918,#1919,#1927,#1934));
#1918 = ORIENTED_EDGE('',*,*,#1787,.T.);
#1919 = ORIENTED_EDGE('',*,*,#1920,.F.);
#1920 = EDGE_CURVE('',#1921,#1788,#1923,.T.);
#1921 = VERTEX_POINT('',#1922);
#1922 = CARTESIAN_POINT('',(-18.39105009818,-9.842941658886,
    13.262467350135));
#1923 = LINE('',#1924,#1925);
#1924 = CARTESIAN_POINT('',(-18.39105009818,-9.842941658886,
    13.262467350135));
#1925 = VECTOR('',#1926,1.);
#1926 = DIRECTION('',(-1.,-2.107933438639E-16,2.338407245617E-14));
#1927 = ORIENTED_EDGE('',*,*,#1928,.T.);
#1928 = EDGE_CURVE('',#1921,#1658,#1929,.T.);
#1929 = CIRCLE('',#1930,4.66469001599);
#1930 = AXIS2_PLACEMENT_3D('',#1931,#1932,#1933);
#1931 = CARTESIAN_POINT('',(-18.39105009819,-9.582676946366,
    8.605043681979));
#1932 = DIRECTION('',(-1.,-2.107933438639E-16,2.338407245617E-14));
#1933 = DIRECTION('',(-2.338407245617E-14,1.94803656803E-15,-1.));
#1934 = ORIENTED_EDGE('',*,*,#1666,.F.);
#1935 = CYLINDRICAL_SURFACE('',#1936,4.66469001599);
#1936 = AXIS2_PLACEMENT_3D('',#1937,#1938,#1939);
#1937 = CARTESIAN_POINT('',(-18.39105009819,-9.582676946366,
    8.605043681979));
#1938 = DIRECTION('',(1.,2.107933438639E-16,-2.338407245617E-14));
#1939 = DIRECTION('',(1.947792787826E-15,0.995733871729,
    9.227164619382E-02));
#1940 = ADVANCED_FACE('',(#1941),#1967,.T.);
#1941 = FACE_BOUND('',#1942,.T.);
#1942 = EDGE_LOOP('',(#1943,#1954,#1960,#1961));
#1943 = ORIENTED_EDGE('',*,*,#1944,.F.);
#1944 = EDGE_CURVE('',#1945,#1947,#1949,.T.);
#1945 = VERTEX_POINT('',#1946);
#1946 = CARTESIAN_POINT('',(-18.39105009819,-13.75264214848,
    -20.74381098474));
#1947 = VERTEX_POINT('',#1948);
#1948 = CARTESIAN_POINT('',(-18.39105009819,14.247366961885,-20.74737118
    ));
#1949 = CIRCLE('',#1950,22.495231984501);
#1950 = AXIS2_PLACEMENT_3D('',#1951,#1952,#1953);
#1951 = CARTESIAN_POINT('',(-18.39105009819,0.249601237307,
    -3.137771049497));
#1952 = DIRECTION('',(1.,2.107933438639E-16,-2.338407245617E-14));
#1953 = DIRECTION('',(-2.107933438639E-16,1.,1.94803653689E-15));
#1954 = ORIENTED_EDGE('',*,*,#1955,.T.);
#1955 = EDGE_CURVE('',#1945,#1880,#1956,.T.);
#1956 = LINE('',#1957,#1958);
#1957 = CARTESIAN_POINT('',(-18.39105009819,-13.75264214848,
    -20.74381098474));
#1958 = VECTOR('',#1959,1.);
#1959 = DIRECTION('',(-1.,-2.107933438639E-16,2.338407245617E-14));
#1960 = ORIENTED_EDGE('',*,*,#1879,.F.);
#1961 = ORIENTED_EDGE('',*,*,#1962,.F.);
#1962 = EDGE_CURVE('',#1947,#1872,#1963,.T.);
#1963 = LINE('',#1964,#1965);
#1964 = CARTESIAN_POINT('',(-18.39105009819,14.247366961885,-20.74737118
    ));
#1965 = VECTOR('',#1966,1.);
#1966 = DIRECTION('',(-1.,-2.107933438639E-16,2.338407245617E-14));
#1967 = CYLINDRICAL_SURFACE('',#1968,22.495231984501);
#1968 = AXIS2_PLACEMENT_3D('',#1969,#1970,#1971);
#1969 = CARTESIAN_POINT('',(-18.39105009819,0.249601237307,
    -3.137771049497));
#1970 = DIRECTION('',(-1.,-2.107933438639E-16,2.338407245617E-14));
#1971 = DIRECTION('',(-2.107933438639E-16,1.,1.94803653689E-15));
#1972 = ADVANCED_FACE('',(#1973),#2015,.T.);
#1973 = FACE_BOUND('',#1974,.T.);
#1974 = EDGE_LOOP('',(#1975,#1992,#2000,#2009));
#1975 = ORIENTED_EDGE('',*,*,#1976,.T.);
#1976 = EDGE_CURVE('',#1977,#1979,#1981,.T.);
#1977 = VERTEX_POINT('',#1978);
#1978 = CARTESIAN_POINT('',(-20.39054687295,14.247366961885,
    14.47182908101));
#1979 = VERTEX_POINT('',#1980);
#1980 = CARTESIAN_POINT('',(-20.39054687295,-13.75264214848,
    14.468268885752));
#1981 = B_SPLINE_CURVE_WITH_KNOTS('',3,(#1982,#1983,#1984,#1985,#1986,
    #1987,#1988,#1989,#1990,#1991),.UNSPECIFIED.,.F.,.F.,(4,2,2,2,4),(0.
    ,0.87876380523,1.75752761046,2.393685105022,3.029842599585),
  .UNSPECIFIED.);
#1982 = CARTESIAN_POINT('',(-20.39054687295,14.247366961885,
    14.47182908101));
#1983 = CARTESIAN_POINT('',(-20.39054687295,11.954335972039,
    16.2945456877));
#1984 = CARTESIAN_POINT('',(-20.39054687295,9.327210523778,
    17.65195618843));
#1985 = CARTESIAN_POINT('',(-20.39054687295,3.700516738139,
    19.28335584438));
#1986 = CARTESIAN_POINT('',(-20.39054687295,0.754742660137,
    19.541747929709));
#1987 = CARTESIAN_POINT('',(-20.39054687295,-4.265998254687,
    19.001367358832));
#1988 = CARTESIAN_POINT('',(-20.39054687295,-6.331708975674,
    18.477465338657));
#1989 = CARTESIAN_POINT('',(-20.39054687295,-10.25502695293,
    16.866850287088));
#1990 = CARTESIAN_POINT('',(-20.39054687295,-12.09299944996,
    15.788197789899));
#1991 = CARTESIAN_POINT('',(-20.39054687295,-13.75264214848,
    14.468268885752));
#1992 = ORIENTED_EDGE('',*,*,#1993,.F.);
#1993 = EDGE_CURVE('',#1994,#1979,#1996,.T.);
#1994 = VERTEX_POINT('',#1995);
#1995 = CARTESIAN_POINT('',(-18.39105009819,-13.75264214848,
    14.468268885752));
#1996 = LINE('',#1997,#1998);
#1997 = CARTESIAN_POINT('',(-18.39105009819,-13.75264214848,
    14.468268885752));
#1998 = VECTOR('',#1999,1.);
#1999 = DIRECTION('',(-1.,-2.107933438639E-16,2.338407245617E-14));
#2000 = ORIENTED_EDGE('',*,*,#2001,.F.);
#2001 = EDGE_CURVE('',#2002,#1994,#2004,.T.);
#2002 = VERTEX_POINT('',#2003);
#2003 = CARTESIAN_POINT('',(-18.39105009819,14.247366961885,
    14.47182908101));
#2004 = CIRCLE('',#2005,22.495231984501);
#2005 = AXIS2_PLACEMENT_3D('',#2006,#2007,#2008);
#2006 = CARTESIAN_POINT('',(-18.39105009819,0.249601237307,
    -3.137771049497));
#2007 = DIRECTION('',(1.,2.107933438639E-16,-2.338407245617E-14));
#2008 = DIRECTION('',(-2.107933438639E-16,1.,1.94803653689E-15));
#2009 = ORIENTED_EDGE('',*,*,#2010,.T.);
#2010 = EDGE_CURVE('',#2002,#1977,#2011,.T.);
#2011 = LINE('',#2012,#2013);
#2012 = CARTESIAN_POINT('',(-18.39105009819,14.247366961885,
    14.47182908101));
#2013 = VECTOR('',#2014,1.);
#2014 = DIRECTION('',(-1.,-2.107933438639E-16,2.338407245617E-14));
#2015 = CYLINDRICAL_SURFACE('',#2016,22.495231984501);
#2016 = AXIS2_PLACEMENT_3D('',#2017,#2018,#2019);
#2017 = CARTESIAN_POINT('',(-18.39105009819,0.249601237307,
    -3.137771049497));
#2018 = DIRECTION('',(-1.,-2.107933438639E-16,2.338407245617E-14));
#2019 = DIRECTION('',(-2.107933438639E-16,1.,1.94803653689E-15));
#2020 = ADVANCED_FACE('',(#2021),#2053,.T.);
#2021 = FACE_BOUND('',#2022,.T.);
#2022 = EDGE_LOOP('',(#2023,#2040,#2046,#2047));
#2023 = ORIENTED_EDGE('',*,*,#2024,.T.);
#2024 = EDGE_CURVE('',#2025,#2027,#2029,.T.);
#2025 = VERTEX_POINT('',#2026);
#2026 = CARTESIAN_POINT('',(-26.39120392869,-13.75264214848,
    14.468268885752));
#2027 = VERTEX_POINT('',#2028);
#2028 = CARTESIAN_POINT('',(-26.39120392868,14.247366961885,
    14.47182908101));
#2029 = B_SPLINE_CURVE_WITH_KNOTS('',3,(#2030,#2031,#2032,#2033,#2034,
    #2035,#2036,#2037,#2038,#2039),.UNSPECIFIED.,.F.,.F.,(4,2,2,2,4),(0.
    ,0.87876380523,1.75752761046,2.393685105022,3.029842599585),
  .UNSPECIFIED.);
#2030 = CARTESIAN_POINT('',(-26.39120392868,-13.75264214848,
    14.468268885752));
#2031 = CARTESIAN_POINT('',(-26.39120392868,-11.46007474883,
    16.291568550311));
#2032 = CARTESIAN_POINT('',(-26.39120392868,-8.833294574436,
    17.649647084033));
#2033 = CARTESIAN_POINT('',(-26.39120392869,-3.207015834969,
    19.282477553069));
#2034 = CARTESIAN_POINT('',(-26.39120392868,-0.261307561213,
    19.541618739137));
#2035 = CARTESIAN_POINT('',(-26.39120392869,4.759570609818,
    19.002514958012));
#2036 = CARTESIAN_POINT('',(-26.39120392869,6.825414492073,
    18.479138264133));
#2037 = CARTESIAN_POINT('',(-26.39120392869,10.749141921193,
    16.869520962734));
#2038 = CARTESIAN_POINT('',(-26.39120392868,12.587388659671,
    15.791335896047));
#2039 = CARTESIAN_POINT('',(-26.39120392868,14.247366961885,
    14.47182908101));
#2040 = ORIENTED_EDGE('',*,*,#2041,.T.);
#2041 = EDGE_CURVE('',#2027,#1813,#2042,.T.);
#2042 = LINE('',#2043,#2044);
#2043 = CARTESIAN_POINT('',(-18.39105009819,14.247366961885,
    14.47182908101));
#2044 = VECTOR('',#2045,1.);
#2045 = DIRECTION('',(-1.,-2.107933438639E-16,2.338407245617E-14));
#2046 = ORIENTED_EDGE('',*,*,#1812,.F.);
#2047 = ORIENTED_EDGE('',*,*,#2048,.F.);
#2048 = EDGE_CURVE('',#2025,#1805,#2049,.T.);
#2049 = LINE('',#2050,#2051);
#2050 = CARTESIAN_POINT('',(-18.39105009819,-13.75264214848,
    14.468268885752));
#2051 = VECTOR('',#2052,1.);
#2052 = DIRECTION('',(-1.,-2.107933438639E-16,2.338407245617E-14));
#2053 = CYLINDRICAL_SURFACE('',#2054,22.495231984501);
#2054 = AXIS2_PLACEMENT_3D('',#2055,#2056,#2057);
#2055 = CARTESIAN_POINT('',(-18.39105009819,0.249601237307,
    -3.137771049497));
#2056 = DIRECTION('',(-1.,-2.107933438639E-16,2.338407245617E-14));
#2057 = DIRECTION('',(-2.107933438639E-16,1.,1.94803653689E-15));
#2058 = ADVANCED_FACE('',(#2059),#2101,.T.);
#2059 = FACE_BOUND('',#2060,.T.);
#2060 = EDGE_LOOP('',(#2061,#2074,#2083,#2094));
#2061 = ORIENTED_EDGE('',*,*,#2062,.T.);
#2062 = EDGE_CURVE('',#2063,#2065,#2067,.T.);
#2063 = VERTEX_POINT('',#2064);
#2064 = CARTESIAN_POINT('',(-24.16494731464,14.247366961885,
    17.238251277041));
#2065 = VERTEX_POINT('',#2066);
#2066 = CARTESIAN_POINT('',(-24.17820094532,14.247366961885,
    17.222680484946));
#2067 = B_SPLINE_CURVE_WITH_KNOTS('',3,(#2068,#2069,#2070,#2071,#2072,
    #2073),.UNSPECIFIED.,.F.,.F.,(4,2,4),(-2.044802436044E-03,
    -1.023088476853E-03,0.),.UNSPECIFIED.);
#2068 = CARTESIAN_POINT('',(-24.16494731464,14.247366961885,
    17.238251277041));
#2069 = CARTESIAN_POINT('',(-24.1671790306,14.247366961884,
    17.235678666798));
#2070 = CARTESIAN_POINT('',(-24.16939864952,14.247366961885,
    17.23309558081));
#2071 = CARTESIAN_POINT('',(-24.17381659798,14.247366961884,
    17.227905234992));
#2072 = CARTESIAN_POINT('',(-24.17601487723,14.247366961885,
    17.225297968034));
#2073 = CARTESIAN_POINT('',(-24.17820094531,14.247366961885,
    17.222680484932));
#2074 = ORIENTED_EDGE('',*,*,#2075,.T.);
#2075 = EDGE_CURVE('',#2065,#2076,#2078,.T.);
#2076 = VERTEX_POINT('',#2077);
#2077 = CARTESIAN_POINT('',(-24.17820094533,-13.75264214848,
    17.219601377503));
#2078 = CIRCLE('',#2079,24.708003399031);
#2079 = AXIS2_PLACEMENT_3D('',#2080,#2081,#2082);
#2080 = CARTESIAN_POINT('',(-24.17820094533,0.249601237307,
    -3.137771049497));
#2081 = DIRECTION('',(1.,2.107933438639E-16,-2.338407245617E-14));
#2082 = DIRECTION('',(1.86619214697E-14,0.595401370974,0.803428408411));
#2083 = ORIENTED_EDGE('',*,*,#2084,.T.);
#2084 = EDGE_CURVE('',#2076,#2085,#2087,.T.);
#2085 = VERTEX_POINT('',#2086);
#2086 = CARTESIAN_POINT('',(-24.16494731464,-13.75264214848,
    17.235174522922));
#2087 = B_SPLINE_CURVE_WITH_KNOTS('',3,(#2088,#2089,#2090,#2091,#2092,
    #2093),.UNSPECIFIED.,.F.,.F.,(4,2,4),(-2.044981334228E-03,
    -1.021802437774E-03,0.),.UNSPECIFIED.);
#2088 = CARTESIAN_POINT('',(-24.17820094532,-13.75264214848,
    17.21960137749));
#2089 = CARTESIAN_POINT('',(-24.17601487845,-13.75264214848,
    17.22221925503));
#2090 = CARTESIAN_POINT('',(-24.17381659884,-13.75264214848,
    17.224826916664));
#2091 = CARTESIAN_POINT('',(-24.1693986503,-13.75264214848,
    17.230018047004));
#2092 = CARTESIAN_POINT('',(-24.16717903181,-13.75264214848,
    17.232601522765));
#2093 = CARTESIAN_POINT('',(-24.16494731464,-13.75264214848,
    17.235174522922));
#2094 = ORIENTED_EDGE('',*,*,#2095,.F.);
#2095 = EDGE_CURVE('',#2063,#2085,#2096,.T.);
#2096 = CIRCLE('',#2097,24.720835971538);
#2097 = AXIS2_PLACEMENT_3D('',#2098,#2099,#2100);
#2098 = CARTESIAN_POINT('',(-24.16494731464,0.249601237307,
    -3.137771049497));
#2099 = DIRECTION('',(1.,2.107933438639E-16,-2.338407245617E-14));
#2100 = DIRECTION('',(1.86644237375E-14,0.595258685494,0.803534129545));
#2101 = ( BOUNDED_SURFACE() B_SPLINE_SURFACE(2,2,(
    (#2102,#2103,#2104)
    ,(#2105,#2106,#2107)
    ,(#2108,#2109,#2110
)),.UNSPECIFIED.,.F.,.F.,.F.) B_SPLINE_SURFACE_WITH_KNOTS((3,3),(3,3),(
    2.35826595918,2.377146788922),(0.,1.343493843534),
.PIECEWISE_BEZIER_KNOTS.) GEOMETRIC_REPRESENTATION_ITEM() 
RATIONAL_B_SPLINE_SURFACE((
    (1.,0.782735656487,1.)
    ,(0.999955439614,0.782700777484,0.999955439614)
,(1.,0.782735656487,1.))) REPRESENTATION_ITEM('') SURFACE() );
#2102 = CARTESIAN_POINT('',(-24.16494731464,14.96489356205,
    16.726264364513));
#2103 = CARTESIAN_POINT('',(-24.16494731464,-0.829031282775,
    28.426415728656));
#2104 = CARTESIAN_POINT('',(-24.16494731464,-15.78739367876,
    15.675376618918));
#2105 = CARTESIAN_POINT('',(-24.17163814897,14.962855922492,
    16.719862195573));
#2106 = CARTESIAN_POINT('',(-24.17163814897,-0.825978548047,
    28.418393429397));
#2107 = CARTESIAN_POINT('',(-24.17163814897,-15.78161537004,
    15.671948661729));
#2108 = CARTESIAN_POINT('',(-24.17820094531,14.960780335129,
    16.713340796386));
#2109 = CARTESIAN_POINT('',(-24.17820094531,-0.822868960974,
    28.410221727533));
#2110 = CARTESIAN_POINT('',(-24.17820094532,-15.77572944949,
    15.668456864272));
#2111 = ADVANCED_FACE('',(#2112),#2156,.T.);
#2112 = FACE_BOUND('',#2113,.T.);
#2113 = EDGE_LOOP('',(#2114,#2131,#2132,#2149));
#2114 = ORIENTED_EDGE('',*,*,#2115,.T.);
#2115 = EDGE_CURVE('',#2116,#2063,#2118,.T.);
#2116 = VERTEX_POINT('',#2117);
#2117 = CARTESIAN_POINT('',(-22.62820698767,14.247366961885,
    17.252321502035));
#2118 = B_SPLINE_CURVE_WITH_KNOTS('',3,(#2119,#2120,#2121,#2122,#2123,
    #2124,#2125,#2126,#2127,#2128,#2129,#2130),.UNSPECIFIED.,.F.,.F.,(4,
    2,2,2,2,4),(-0.17860998689,-0.147133255032,-0.116685992185,
    -8.043935549715E-02,-4.249193309337E-02,0.),.UNSPECIFIED.);
#2119 = CARTESIAN_POINT('',(-22.62820692237,14.247366961885,
    17.252321572965));
#2120 = CARTESIAN_POINT('',(-22.6948718915,14.247366961885,
    17.333176346061));
#2121 = CARTESIAN_POINT('',(-22.77229515961,14.247366961884,
    17.404524827588));
#2122 = CARTESIAN_POINT('',(-22.94323770053,14.247366961884,
    17.519451199304));
#2123 = CARTESIAN_POINT('',(-23.03498953701,14.247366961885,
    17.563062325431));
#2124 = CARTESIAN_POINT('',(-23.24788577029,14.247366961885,
    17.624934410741));
#2125 = CARTESIAN_POINT('',(-23.36824417088,14.247366961884,
    17.635875994194));
#2126 = CARTESIAN_POINT('',(-23.61343570589,14.247366961884,
    17.609834797642));
#2127 = CARTESIAN_POINT('',(-23.73405519926,14.247366961885,
    17.571044013541));
#2128 = CARTESIAN_POINT('',(-23.96866223186,14.247366961885,
    17.442358668374));
#2129 = CARTESIAN_POINT('',(-24.0765727387,14.247366961885,
    17.34893894912));
#2130 = CARTESIAN_POINT('',(-24.16494731464,14.247366961885,
    17.238251277041));
#2131 = ORIENTED_EDGE('',*,*,#2095,.T.);
#2132 = ORIENTED_EDGE('',*,*,#2133,.T.);
#2133 = EDGE_CURVE('',#2085,#2134,#2136,.T.);
#2134 = VERTEX_POINT('',#2135);
#2135 = CARTESIAN_POINT('',(-22.62820698767,-13.75264214848,
    17.249246871357));
#2136 = B_SPLINE_CURVE_WITH_KNOTS('',3,(#2137,#2138,#2139,#2140,#2141,
    #2142,#2143,#2144,#2145,#2146,#2147,#2148),.UNSPECIFIED.,.F.,.F.,(4,
    2,2,2,2,4),(-0.178601698232,-0.14692778701,-0.116302171739,
    -8.007704240684E-02,-4.224675549178E-02,0.),.UNSPECIFIED.);
#2137 = CARTESIAN_POINT('',(-24.16494731464,-13.75264214848,
    17.235174522922));
#2138 = CARTESIAN_POINT('',(-24.09914795921,-13.75264214848,
    17.31759955655));
#2139 = CARTESIAN_POINT('',(-24.02236564131,-13.75264214848,
    17.390642195299));
#2140 = CARTESIAN_POINT('',(-23.85220097774,-13.75264214848,
    17.508975183065));
#2141 = CARTESIAN_POINT('',(-23.76058711169,-13.75264214848,
    17.55429403695));
#2142 = CARTESIAN_POINT('',(-23.54812894704,-13.75264214848,
    17.619550726776));
#2143 = CARTESIAN_POINT('',(-23.42801635869,-13.75264214848,
    17.632385940004));
#2144 = CARTESIAN_POINT('',(-23.18288565405,-13.75264214848,
    17.610232888192));
#2145 = CARTESIAN_POINT('',(-23.06204156944,-13.75264214848,
    17.573495778994));
#2146 = CARTESIAN_POINT('',(-22.82650491545,-13.75264214848,
    17.449060959538));
#2147 = CARTESIAN_POINT('',(-22.7177837679,-13.75264214848,
    17.357906826372));
#2148 = CARTESIAN_POINT('',(-22.62820692237,-13.75264214848,
    17.2492469423));
#2149 = ORIENTED_EDGE('',*,*,#2150,.F.);
#2150 = EDGE_CURVE('',#2116,#2134,#2151,.T.);
#2151 = CIRCLE('',#2152,24.732434565569);
#2152 = AXIS2_PLACEMENT_3D('',#2153,#2154,#2155);
#2153 = CARTESIAN_POINT('',(-22.62820698767,0.249601237307,
    -3.137771049497));
#2154 = DIRECTION('',(1.,2.107933438639E-16,-2.338407245617E-14));
#2155 = DIRECTION('',(1.86666825173E-14,0.595129839342,0.803629562874));
#2156 = ( BOUNDED_SURFACE() B_SPLINE_SURFACE(2,2,(
    (#2157,#2158,#2159)
    ,(#2160,#2161,#2162)
    ,(#2163,#2164,#2165)
    ,(#2166,#2167,#2168)
    ,(#2169,#2170,#2171
)),.UNSPECIFIED.,.F.,.F.,.F.) B_SPLINE_SURFACE_WITH_KNOTS((3,2,3),(3,3),
  (0.757845066776,1.578772486615,2.399699906454),(0.,1.343493843534),
.UNSPECIFIED.) GEOMETRIC_REPRESENTATION_ITEM() RATIONAL_B_SPLINE_SURFACE
((
    (1.,0.782735656487,1.)
    ,(0.916935885121,0.717718411997,0.916935885121)
    ,(1.,0.782735656487,1.)
    ,(0.916935885121,0.717718411996,0.916935885121)
,(1.,0.782735656487,1.))) REPRESENTATION_ITEM('') SURFACE() );
#2157 = CARTESIAN_POINT('',(-22.62820692237,14.968611065587,
    16.737944588129));
#2158 = CARTESIAN_POINT('',(-22.62820692237,-0.834600742844,
    28.441051745002));
#2159 = CARTESIAN_POINT('',(-22.62820692237,-15.79793572139,
    15.681630641091));
#2160 = CARTESIAN_POINT('',(-22.94230067822,15.069269823369,
    17.054209734375));
#2161 = CARTESIAN_POINT('',(-22.94230067822,-0.985404885059,
    28.837350823038));
#2162 = CARTESIAN_POINT('',(-22.94230067822,-16.08338236739,
    15.850970655665));
#2163 = CARTESIAN_POINT('',(-23.39924425421,15.068164438641,
    17.050736666853));
#2164 = CARTESIAN_POINT('',(-23.39924425421,-0.983748828505,
    28.832998862432));
#2165 = CARTESIAN_POINT('',(-23.39924425421,-16.08024773341,
    15.849111047321));
#2166 = CARTESIAN_POINT('',(-23.8561878302,15.067059053914,
    17.04726359933));
#2167 = CARTESIAN_POINT('',(-23.8561878302,-0.982092771949,
    28.828646901828));
#2168 = CARTESIAN_POINT('',(-23.8561878302,-16.07711309942,
    15.847251438977));
#2169 = CARTESIAN_POINT('',(-24.16494731464,14.96489356205,
    16.726264364513));
#2170 = CARTESIAN_POINT('',(-24.16494731464,-0.829031282775,
    28.426415728656));
#2171 = CARTESIAN_POINT('',(-24.16494731464,-15.78739367876,
    15.675376618918));
#2172 = ADVANCED_FACE('',(#2173),#2195,.T.);
#2173 = FACE_BOUND('',#2174,.T.);
#2174 = EDGE_LOOP('',(#2175,#2184,#2185,#2194));
#2175 = ORIENTED_EDGE('',*,*,#2176,.T.);
#2176 = EDGE_CURVE('',#2065,#2027,#2177,.T.);
#2177 = B_SPLINE_CURVE_WITH_KNOTS('',3,(#2178,#2179,#2180,#2181,#2182,
    #2183),.UNSPECIFIED.,.F.,.F.,(4,2,4),(-0.352828179058,
    -0.177335151656,0.),.UNSPECIFIED.);
#2178 = CARTESIAN_POINT('',(-24.17820094533,14.247366961885,
    17.222680484945));
#2179 = CARTESIAN_POINT('',(-24.55029140253,14.247366961885,
    16.771321589891));
#2180 = CARTESIAN_POINT('',(-24.92061462766,14.247366961889,
    16.317095572495));
#2181 = CARTESIAN_POINT('',(-25.65811716047,14.247366961889,
    15.401001846934));
#2182 = CARTESIAN_POINT('',(-26.02674131771,14.247366961885,
    14.937217646033));
#2183 = CARTESIAN_POINT('',(-26.39120392868,14.247366961885,
    14.47182908101));
#2184 = ORIENTED_EDGE('',*,*,#2024,.F.);
#2185 = ORIENTED_EDGE('',*,*,#2186,.T.);
#2186 = EDGE_CURVE('',#2025,#2076,#2187,.T.);
#2187 = B_SPLINE_CURVE_WITH_KNOTS('',3,(#2188,#2189,#2190,#2191,#2192,
    #2193),.UNSPECIFIED.,.F.,.F.,(4,2,4),(-0.352854068285,-0.17447680667
    ,0.),.UNSPECIFIED.);
#2188 = CARTESIAN_POINT('',(-26.39120392868,-13.75264214848,
    14.46826888575));
#2189 = CARTESIAN_POINT('',(-26.02463381491,-13.75264214848,
    14.936443209741));
#2190 = CARTESIAN_POINT('',(-25.65384492076,-13.75264214847,
    15.40299813138));
#2191 = CARTESIAN_POINT('',(-24.91627621601,-13.75264214847,
    16.319196899074));
#2192 = CARTESIAN_POINT('',(-24.54811514112,-13.75264214848,
    16.770814494611));
#2193 = CARTESIAN_POINT('',(-24.17820094533,-13.75264214848,
    17.219601377501));
#2194 = ORIENTED_EDGE('',*,*,#2075,.F.);
#2195 = ( BOUNDED_SURFACE() B_SPLINE_SURFACE(2,2,(
    (#2196,#2197,#2198)
    ,(#2199,#2200,#2201)
    ,(#2202,#2203,#2204
)),.UNSPECIFIED.,.F.,.F.,.F.) B_SPLINE_SURFACE_WITH_KNOTS((3,3),(3,3),(
    2.38364768758,2.389813904648),(0.,1.343493843534),
.PIECEWISE_BEZIER_KNOTS.) GEOMETRIC_REPRESENTATION_ITEM() 
RATIONAL_B_SPLINE_SURFACE((
    (1.,0.782735656487,1.)
    ,(0.999995247225,0.78273193632,0.999995247225)
,(1.,0.782735656487,1.))) REPRESENTATION_ITEM('') SURFACE() );
#2196 = CARTESIAN_POINT('',(-24.17820094533,14.960780335133,
    16.713340796398));
#2197 = CARTESIAN_POINT('',(-24.17820094533,-0.822868960979,
    28.410221727547));
#2198 = CARTESIAN_POINT('',(-24.17820094533,-15.7757294495,
    15.668456864278));
#2199 = CARTESIAN_POINT('',(-25.30024325112,14.601267340236,
    15.583767648327));
#2200 = CARTESIAN_POINT('',(-25.30024325112,-0.284256623559,
    26.994799249076));
#2201 = CARTESIAN_POINT('',(-25.30024325112,-14.75622771067,
    15.063641772805));
#2202 = CARTESIAN_POINT('',(-26.41495480728,14.23966285332,
    14.44762312938));
#2203 = CARTESIAN_POINT('',(-26.41495480728,0.257489128845,
    25.571142451235));
#2204 = CARTESIAN_POINT('',(-26.41495480728,-13.7307949491,
    14.455308127191));
#2205 = ADVANCED_FACE('',(#2206),#2237,.T.);
#2206 = FACE_BOUND('',#2207,.T.);
#2207 = EDGE_LOOP('',(#2208,#2216,#2217,#2218,#2219,#2220,#2221,#2230,
    #2231));
#2208 = ORIENTED_EDGE('',*,*,#2209,.T.);
#2209 = EDGE_CURVE('',#2210,#1822,#2212,.T.);
#2210 = VERTEX_POINT('',#2211);
#2211 = CARTESIAN_POINT('',(-18.39105009819,14.247366961885,
    13.262467350135));
#2212 = LINE('',#2213,#2214);
#2213 = CARTESIAN_POINT('',(-18.39105009819,14.247366961885,
    13.262467350135));
#2214 = VECTOR('',#2215,1.);
#2215 = DIRECTION('',(-1.,-2.107933438639E-16,2.338407245617E-14));
#2216 = ORIENTED_EDGE('',*,*,#1821,.F.);
#2217 = ORIENTED_EDGE('',*,*,#2041,.F.);
#2218 = ORIENTED_EDGE('',*,*,#2176,.F.);
#2219 = ORIENTED_EDGE('',*,*,#2062,.F.);
#2220 = ORIENTED_EDGE('',*,*,#2115,.F.);
#2221 = ORIENTED_EDGE('',*,*,#2222,.F.);
#2222 = EDGE_CURVE('',#1977,#2116,#2223,.T.);
#2223 = B_SPLINE_CURVE_WITH_KNOTS('',3,(#2224,#2225,#2226,#2227,#2228,
    #2229),.UNSPECIFIED.,.F.,.F.,(4,2,4),(-0.356658494135,
    -0.177137241284,0.),.UNSPECIFIED.);
#2224 = CARTESIAN_POINT('',(-20.39054687295,14.247366961885,
    14.47182908101));
#2225 = CARTESIAN_POINT('',(-20.75963738362,14.247366961885,
    14.942878347718));
#2226 = CARTESIAN_POINT('',(-21.13296749779,14.247366961884,
    15.412351326987));
#2227 = CARTESIAN_POINT('',(-21.87868810839,14.247366961883,
    16.338272432036));
#2228 = CARTESIAN_POINT('',(-22.25258483723,14.247366961885,
    16.796747094646));
#2229 = CARTESIAN_POINT('',(-22.62820705297,14.247366961885,
    17.252321431103));
#2230 = ORIENTED_EDGE('',*,*,#2010,.F.);
#2231 = ORIENTED_EDGE('',*,*,#2232,.F.);
#2232 = EDGE_CURVE('',#2210,#2002,#2233,.T.);
#2233 = LINE('',#2234,#2235);
#2234 = CARTESIAN_POINT('',(-18.39105009819,14.247366961885,
    -33.61787079981));
#2235 = VECTOR('',#2236,1.);
#2236 = DIRECTION('',(2.331468351713E-14,-1.948036587349E-15,1.));
#2237 = PLANE('',#2238);
#2238 = AXIS2_PLACEMENT_3D('',#2239,#2240,#2241);
#2239 = CARTESIAN_POINT('',(-18.39105009819,14.247366961885,
    14.47182908101));
#2240 = DIRECTION('',(-2.107933703337E-16,1.,1.948036560879E-15));
#2241 = DIRECTION('',(-2.331468351713E-14,1.948036560879E-15,-1.));
#2242 = ADVANCED_FACE('',(#2243),#2269,.F.);
#2243 = FACE_BOUND('',#2244,.F.);
#2244 = EDGE_LOOP('',(#2245,#2256,#2262,#2263));
#2245 = ORIENTED_EDGE('',*,*,#2246,.T.);
#2246 = EDGE_CURVE('',#2247,#2249,#2251,.T.);
#2247 = VERTEX_POINT('',#2248);
#2248 = CARTESIAN_POINT('',(-18.39105009819,5.101864931124,
    7.308256639489));
#2249 = VERTEX_POINT('',#2250);
#2250 = CARTESIAN_POINT('',(-18.39105009819,9.842941658414,
    13.262467350135));
#2251 = CIRCLE('',#2252,4.66469001599);
#2252 = AXIS2_PLACEMENT_3D('',#2253,#2254,#2255);
#2253 = CARTESIAN_POINT('',(-18.39105009819,9.582676945895,
    8.605043681979));
#2254 = DIRECTION('',(-1.,-2.107933438639E-16,2.338407245617E-14));
#2255 = DIRECTION('',(-2.338407245617E-14,1.94803656803E-15,-1.));
#2256 = ORIENTED_EDGE('',*,*,#2257,.T.);
#2257 = EDGE_CURVE('',#2249,#1830,#2258,.T.);
#2258 = LINE('',#2259,#2260);
#2259 = CARTESIAN_POINT('',(-18.39105009819,9.842941658414,
    13.262467350135));
#2260 = VECTOR('',#2261,1.);
#2261 = DIRECTION('',(-1.,-2.107933438639E-16,2.338407245617E-14));
#2262 = ORIENTED_EDGE('',*,*,#1837,.T.);
#2263 = ORIENTED_EDGE('',*,*,#2264,.F.);
#2264 = EDGE_CURVE('',#2247,#1838,#2265,.T.);
#2265 = LINE('',#2266,#2267);
#2266 = CARTESIAN_POINT('',(-18.39105009819,5.101864931124,
    7.308256639492));
#2267 = VECTOR('',#2268,1.);
#2268 = DIRECTION('',(-1.,-2.107933438639E-16,2.338407245617E-14));
#2269 = CYLINDRICAL_SURFACE('',#2270,4.66469001599);
#2270 = AXIS2_PLACEMENT_3D('',#2271,#2272,#2273);
#2271 = CARTESIAN_POINT('',(-18.39105009819,9.582676945895,
    8.605043681979));
#2272 = DIRECTION('',(-1.,-2.107933438639E-16,2.338407245617E-14));
#2273 = DIRECTION('',(1.473101792362E-14,-0.782295459536,0.622907548509)
  );
#2274 = ADVANCED_FACE('',(#2275),#2286,.F.);
#2275 = FACE_BOUND('',#2276,.T.);
#2276 = EDGE_LOOP('',(#2277,#2278,#2279,#2285));
#2277 = ORIENTED_EDGE('',*,*,#1829,.F.);
#2278 = ORIENTED_EDGE('',*,*,#2209,.F.);
#2279 = ORIENTED_EDGE('',*,*,#2280,.F.);
#2280 = EDGE_CURVE('',#2249,#2210,#2281,.T.);
#2281 = LINE('',#2282,#2283);
#2282 = CARTESIAN_POINT('',(-18.39105009819,5.046271447861,
    13.262467350135));
#2283 = VECTOR('',#2284,1.);
#2284 = DIRECTION('',(-2.107933769511E-16,1.,2.452176356813E-15));
#2285 = ORIENTED_EDGE('',*,*,#2257,.T.);
#2286 = PLANE('',#2287);
#2287 = AXIS2_PLACEMENT_3D('',#2288,#2289,#2290);
#2288 = CARTESIAN_POINT('',(-18.39105009819,9.842941658414,
    13.262467350135));
#2289 = DIRECTION('',(2.331468351713E-14,-2.452176383283E-15,1.));
#2290 = DIRECTION('',(-2.107933769511E-16,1.,2.452176383283E-15));
#2291 = ADVANCED_FACE('',(#2292),#2323,.T.);
#2292 = FACE_BOUND('',#2293,.T.);
#2293 = EDGE_LOOP('',(#2294,#2302,#2308,#2309,#2318,#2319,#2320,#2321,
    #2322));
#2294 = ORIENTED_EDGE('',*,*,#2295,.T.);
#2295 = EDGE_CURVE('',#1797,#2296,#2298,.T.);
#2296 = VERTEX_POINT('',#2297);
#2297 = CARTESIAN_POINT('',(-18.39105009819,-13.75264214848,
    13.262467350135));
#2298 = LINE('',#2299,#2300);
#2299 = CARTESIAN_POINT('',(-18.39105009819,-13.75264214848,
    13.262467350135));
#2300 = VECTOR('',#2301,1.);
#2301 = DIRECTION('',(1.,2.107933438639E-16,-2.338407245617E-14));
#2302 = ORIENTED_EDGE('',*,*,#2303,.F.);
#2303 = EDGE_CURVE('',#1994,#2296,#2304,.T.);
#2304 = LINE('',#2305,#2306);
#2305 = CARTESIAN_POINT('',(-18.39105009819,-13.75264214848,
    14.468268885752));
#2306 = VECTOR('',#2307,1.);
#2307 = DIRECTION('',(-2.331468351713E-14,1.948036587349E-15,-1.));
#2308 = ORIENTED_EDGE('',*,*,#1993,.T.);
#2309 = ORIENTED_EDGE('',*,*,#2310,.F.);
#2310 = EDGE_CURVE('',#2134,#1979,#2311,.T.);
#2311 = B_SPLINE_CURVE_WITH_KNOTS('',3,(#2312,#2313,#2314,#2315,#2316,
    #2317),.UNSPECIFIED.,.F.,.F.,(4,2,4),(-0.356710240913,
    -0.178188453615,0.),.UNSPECIFIED.);
#2312 = CARTESIAN_POINT('',(-22.62820705297,-13.75264214848,
    17.249246800417));
#2313 = CARTESIAN_POINT('',(-22.24969746682,-13.75264214848,
    16.790101274841));
#2314 = CARTESIAN_POINT('',(-21.87293602275,-13.7526421485,
    16.328000720416));
#2315 = CARTESIAN_POINT('',(-21.12730165624,-13.7526421485,
    15.401846976674));
#2316 = CARTESIAN_POINT('',(-20.75683714439,-13.75264214848,
    14.935838896385));
#2317 = CARTESIAN_POINT('',(-20.39054687295,-13.75264214848,
    14.468268885753));
#2318 = ORIENTED_EDGE('',*,*,#2133,.F.);
#2319 = ORIENTED_EDGE('',*,*,#2084,.F.);
#2320 = ORIENTED_EDGE('',*,*,#2186,.F.);
#2321 = ORIENTED_EDGE('',*,*,#2048,.T.);
#2322 = ORIENTED_EDGE('',*,*,#1804,.F.);
#2323 = PLANE('',#2324);
#2324 = AXIS2_PLACEMENT_3D('',#2325,#2326,#2327);
#2325 = CARTESIAN_POINT('',(-18.39105009819,-13.75264214848,
    -20.74381098474));
#2326 = DIRECTION('',(2.107933703337E-16,-1.,-1.948036560879E-15));
#2327 = DIRECTION('',(2.331468351713E-14,-1.948036560879E-15,1.));
#2328 = ADVANCED_FACE('',(#2329),#2340,.T.);
#2329 = FACE_BOUND('',#2330,.T.);
#2330 = EDGE_LOOP('',(#2331,#2332,#2333,#2334));
#2331 = ORIENTED_EDGE('',*,*,#2295,.F.);
#2332 = ORIENTED_EDGE('',*,*,#1796,.F.);
#2333 = ORIENTED_EDGE('',*,*,#1920,.F.);
#2334 = ORIENTED_EDGE('',*,*,#2335,.F.);
#2335 = EDGE_CURVE('',#2296,#1921,#2336,.T.);
#2336 = LINE('',#2337,#2338);
#2337 = CARTESIAN_POINT('',(-18.39105009819,-4.796670210789,
    13.262467350135));
#2338 = VECTOR('',#2339,1.);
#2339 = DIRECTION('',(-2.107933703337E-16,1.,1.44389677818E-15));
#2340 = PLANE('',#2341);
#2341 = AXIS2_PLACEMENT_3D('',#2342,#2343,#2344);
#2342 = CARTESIAN_POINT('',(-18.39105009818,-9.842941658886,
    13.262467350135));
#2343 = DIRECTION('',(-2.331468351713E-14,1.443896791415E-15,-1.));
#2344 = DIRECTION('',(2.107933703337E-16,-1.,-1.443896791415E-15));
#2345 = ADVANCED_FACE('',(#2346),#2364,.T.);
#2346 = FACE_BOUND('',#2347,.T.);
#2347 = EDGE_LOOP('',(#2348,#2356,#2362,#2363));
#2348 = ORIENTED_EDGE('',*,*,#2349,.T.);
#2349 = EDGE_CURVE('',#1864,#2350,#2352,.T.);
#2350 = VERTEX_POINT('',#2351);
#2351 = CARTESIAN_POINT('',(-18.39105009819,14.247366961885,
    -19.58298590302));
#2352 = LINE('',#2353,#2354);
#2353 = CARTESIAN_POINT('',(-18.39105009819,14.247366961885,
    -19.58298590302));
#2354 = VECTOR('',#2355,1.);
#2355 = DIRECTION('',(1.,2.107933438639E-16,-2.338407245617E-14));
#2356 = ORIENTED_EDGE('',*,*,#2357,.F.);
#2357 = EDGE_CURVE('',#1947,#2350,#2358,.T.);
#2358 = LINE('',#2359,#2360);
#2359 = CARTESIAN_POINT('',(-18.39105009819,14.247366961885,
    -33.61787079981));
#2360 = VECTOR('',#2361,1.);
#2361 = DIRECTION('',(2.331468351713E-14,-1.948036587349E-15,1.));
#2362 = ORIENTED_EDGE('',*,*,#1962,.T.);
#2363 = ORIENTED_EDGE('',*,*,#1871,.F.);
#2364 = PLANE('',#2365);
#2365 = AXIS2_PLACEMENT_3D('',#2366,#2367,#2368);
#2366 = CARTESIAN_POINT('',(-18.39105009819,14.247366961885,
    14.47182908101));
#2367 = DIRECTION('',(-2.107933703337E-16,1.,1.948036560879E-15));
#2368 = DIRECTION('',(-2.331468351713E-14,1.948036560879E-15,-1.));
#2369 = ADVANCED_FACE('',(#2370),#2388,.T.);
#2370 = FACE_BOUND('',#2371,.T.);
#2371 = EDGE_LOOP('',(#2372,#2373,#2381,#2387));
#2372 = ORIENTED_EDGE('',*,*,#1863,.F.);
#2373 = ORIENTED_EDGE('',*,*,#2374,.F.);
#2374 = EDGE_CURVE('',#2375,#1855,#2377,.T.);
#2375 = VERTEX_POINT('',#2376);
#2376 = CARTESIAN_POINT('',(-18.39105009819,9.842941658415,
    -19.58298590302));
#2377 = LINE('',#2378,#2379);
#2378 = CARTESIAN_POINT('',(-18.39105009819,9.842941658415,
    -19.58298590302));
#2379 = VECTOR('',#2380,1.);
#2380 = DIRECTION('',(-1.,-2.107933438639E-16,2.338407245617E-14));
#2381 = ORIENTED_EDGE('',*,*,#2382,.F.);
#2382 = EDGE_CURVE('',#2350,#2375,#2383,.T.);
#2383 = LINE('',#2384,#2385);
#2384 = CARTESIAN_POINT('',(-18.39105009819,5.046271447861,
    -19.58298590302));
#2385 = VECTOR('',#2386,1.);
#2386 = DIRECTION('',(2.107933703337E-16,-1.,-1.44389677818E-15));
#2387 = ORIENTED_EDGE('',*,*,#2349,.F.);
#2388 = PLANE('',#2389);
#2389 = AXIS2_PLACEMENT_3D('',#2390,#2391,#2392);
#2390 = CARTESIAN_POINT('',(-18.39105009819,9.842941658415,
    -19.58298590302));
#2391 = DIRECTION('',(2.331468351713E-14,-1.443896791415E-15,1.));
#2392 = DIRECTION('',(-2.107933703337E-16,1.,1.443896791415E-15));
#2393 = ADVANCED_FACE('',(#2394),#2456,.T.);
#2394 = FACE_BOUND('',#2395,.T.);
#2395 = EDGE_LOOP('',(#2396,#2397,#2406,#2414,#2420,#2421,#2422,#2423,
    #2432,#2438,#2439,#2440,#2441,#2442,#2443,#2444,#2445,#2446,#2447,
    #2448,#2454,#2455));
#2396 = ORIENTED_EDGE('',*,*,#1582,.T.);
#2397 = ORIENTED_EDGE('',*,*,#2398,.T.);
#2398 = EDGE_CURVE('',#1575,#2399,#2401,.T.);
#2399 = VERTEX_POINT('',#2400);
#2400 = CARTESIAN_POINT('',(-18.39105009819,-9.842941658886,
    -19.58298590302));
#2401 = CIRCLE('',#2402,4.66469001599);
#2402 = AXIS2_PLACEMENT_3D('',#2403,#2404,#2405);
#2403 = CARTESIAN_POINT('',(-18.39105009819,-9.582676946366,
    -14.92556223487));
#2404 = DIRECTION('',(-1.,-2.107933438639E-16,2.338407245617E-14));
#2405 = DIRECTION('',(2.338407245617E-14,-1.94803656803E-15,1.));
#2406 = ORIENTED_EDGE('',*,*,#2407,.T.);
#2407 = EDGE_CURVE('',#2399,#2408,#2410,.T.);
#2408 = VERTEX_POINT('',#2409);
#2409 = CARTESIAN_POINT('',(-18.39105009819,-13.75264214848,
    -19.58298590302));
#2410 = LINE('',#2411,#2412);
#2411 = CARTESIAN_POINT('',(-18.39105009819,-4.796670210789,
    -19.58298590302));
#2412 = VECTOR('',#2413,1.);
#2413 = DIRECTION('',(2.107933769511E-16,-1.,-2.452176356813E-15));
#2414 = ORIENTED_EDGE('',*,*,#2415,.T.);
#2415 = EDGE_CURVE('',#2408,#1945,#2416,.T.);
#2416 = LINE('',#2417,#2418);
#2417 = CARTESIAN_POINT('',(-18.39105009819,-13.75264214848,
    14.468268885752));
#2418 = VECTOR('',#2419,1.);
#2419 = DIRECTION('',(-2.331468351713E-14,1.948036587349E-15,-1.));
#2420 = ORIENTED_EDGE('',*,*,#1944,.T.);
#2421 = ORIENTED_EDGE('',*,*,#2357,.T.);
#2422 = ORIENTED_EDGE('',*,*,#2382,.T.);
#2423 = ORIENTED_EDGE('',*,*,#2424,.T.);
#2424 = EDGE_CURVE('',#2375,#2425,#2427,.T.);
#2425 = VERTEX_POINT('',#2426);
#2426 = CARTESIAN_POINT('',(-18.39105009819,5.181719868297,
    -13.37930554646));
#2427 = CIRCLE('',#2428,4.66469001599);
#2428 = AXIS2_PLACEMENT_3D('',#2429,#2430,#2431);
#2429 = CARTESIAN_POINT('',(-18.39105009819,9.582676945895,
    -14.92556223487));
#2430 = DIRECTION('',(-1.,-2.107933438639E-16,2.338407245617E-14));
#2431 = DIRECTION('',(2.338407245617E-14,-1.94803656803E-15,1.));
#2432 = ORIENTED_EDGE('',*,*,#2433,.T.);
#2433 = EDGE_CURVE('',#2425,#2247,#2434,.T.);
#2434 = LINE('',#2435,#2436);
#2435 = CARTESIAN_POINT('',(-18.39105009819,5.120913331424,
    2.373496439188));
#2436 = VECTOR('',#2437,1.);
#2437 = DIRECTION('',(2.330080572932E-14,-3.860017025905E-03,
    0.999992550107));
#2438 = ORIENTED_EDGE('',*,*,#2246,.T.);
#2439 = ORIENTED_EDGE('',*,*,#2280,.T.);
#2440 = ORIENTED_EDGE('',*,*,#2232,.T.);
#2441 = ORIENTED_EDGE('',*,*,#2001,.T.);
#2442 = ORIENTED_EDGE('',*,*,#2303,.T.);
#2443 = ORIENTED_EDGE('',*,*,#2335,.T.);
#2444 = ORIENTED_EDGE('',*,*,#1928,.T.);
#2445 = ORIENTED_EDGE('',*,*,#1657,.T.);
#2446 = ORIENTED_EDGE('',*,*,#1681,.T.);
#2447 = ORIENTED_EDGE('',*,*,#1761,.T.);
#2448 = ORIENTED_EDGE('',*,*,#2449,.T.);
#2449 = EDGE_CURVE('',#1754,#1715,#2450,.T.);
#2450 = LINE('',#2451,#2452);
#2451 = CARTESIAN_POINT('',(-18.39105009819,-13.75264214848,
    14.468268885752));
#2452 = VECTOR('',#2453,1.);
#2453 = DIRECTION('',(-2.331468351713E-14,1.948036587349E-15,-1.));
#2454 = ORIENTED_EDGE('',*,*,#1714,.T.);
#2455 = ORIENTED_EDGE('',*,*,#1615,.T.);
#2456 = PLANE('',#2457);
#2457 = AXIS2_PLACEMENT_3D('',#2458,#2459,#2460);
#2458 = CARTESIAN_POINT('',(-18.39105009819,0.249601237307,
    18.107729653155));
#2459 = DIRECTION('',(1.,2.107933438639E-16,-2.338407245617E-14));
#2460 = DIRECTION('',(-2.338407245617E-14,1.948036587349E-15,-1.));
#2461 = ADVANCED_FACE('',(#2462),#2468,.T.);
#2462 = FACE_BOUND('',#2463,.T.);
#2463 = EDGE_LOOP('',(#2464,#2465,#2466,#2467));
#2464 = ORIENTED_EDGE('',*,*,#1722,.T.);
#2465 = ORIENTED_EDGE('',*,*,#2449,.F.);
#2466 = ORIENTED_EDGE('',*,*,#1753,.T.);
#2467 = ORIENTED_EDGE('',*,*,#1778,.F.);
#2468 = PLANE('',#2469);
#2469 = AXIS2_PLACEMENT_3D('',#2470,#2471,#2472);
#2470 = CARTESIAN_POINT('',(-18.39105009819,-13.75264214848,
    -20.74381098474));
#2471 = DIRECTION('',(2.107933703337E-16,-1.,-1.948036560879E-15));
#2472 = DIRECTION('',(2.331468351713E-14,-1.948036560879E-15,1.));
#2473 = ADVANCED_FACE('',(#2474),#2485,.T.);
#2474 = FACE_BOUND('',#2475,.T.);
#2475 = EDGE_LOOP('',(#2476,#2482,#2483,#2484));
#2476 = ORIENTED_EDGE('',*,*,#2477,.T.);
#2477 = EDGE_CURVE('',#2408,#1889,#2478,.T.);
#2478 = LINE('',#2479,#2480);
#2479 = CARTESIAN_POINT('',(-18.39105009819,-13.75264214848,
    -19.58298590302));
#2480 = VECTOR('',#2481,1.);
#2481 = DIRECTION('',(-1.,-2.107933438639E-16,2.338407245617E-14));
#2482 = ORIENTED_EDGE('',*,*,#1888,.F.);
#2483 = ORIENTED_EDGE('',*,*,#1955,.F.);
#2484 = ORIENTED_EDGE('',*,*,#2415,.F.);
#2485 = PLANE('',#2486);
#2486 = AXIS2_PLACEMENT_3D('',#2487,#2488,#2489);
#2487 = CARTESIAN_POINT('',(-18.39105009819,-13.75264214848,
    -20.74381098474));
#2488 = DIRECTION('',(2.107933703337E-16,-1.,-1.948036560879E-15));
#2489 = DIRECTION('',(2.331468351713E-14,-1.948036560879E-15,1.));
#2490 = ADVANCED_FACE('',(#2491),#2502,.F.);
#2491 = FACE_BOUND('',#2492,.F.);
#2492 = EDGE_LOOP('',(#2493,#2494,#2500,#2501));
#2493 = ORIENTED_EDGE('',*,*,#2398,.T.);
#2494 = ORIENTED_EDGE('',*,*,#2495,.T.);
#2495 = EDGE_CURVE('',#2399,#1897,#2496,.T.);
#2496 = LINE('',#2497,#2498);
#2497 = CARTESIAN_POINT('',(-18.39105009819,-9.842941658886,
    -19.58298590302));
#2498 = VECTOR('',#2499,1.);
#2499 = DIRECTION('',(-1.,-2.107933438639E-16,2.338407245617E-14));
#2500 = ORIENTED_EDGE('',*,*,#1904,.T.);
#2501 = ORIENTED_EDGE('',*,*,#1574,.F.);
#2502 = CYLINDRICAL_SURFACE('',#2503,4.66469001599);
#2503 = AXIS2_PLACEMENT_3D('',#2504,#2505,#2506);
#2504 = CARTESIAN_POINT('',(-18.39105009819,-9.582676946366,
    -14.92556223487));
#2505 = DIRECTION('',(-1.,-2.107933438639E-16,2.338407245617E-14));
#2506 = DIRECTION('',(-2.846647609092E-15,0.993620258317,-0.112777578724
    ));
#2507 = ADVANCED_FACE('',(#2508),#2514,.F.);
#2508 = FACE_BOUND('',#2509,.T.);
#2509 = EDGE_LOOP('',(#2510,#2511,#2512,#2513));
#2510 = ORIENTED_EDGE('',*,*,#1896,.F.);
#2511 = ORIENTED_EDGE('',*,*,#2477,.F.);
#2512 = ORIENTED_EDGE('',*,*,#2407,.F.);
#2513 = ORIENTED_EDGE('',*,*,#2495,.T.);
#2514 = PLANE('',#2515);
#2515 = AXIS2_PLACEMENT_3D('',#2516,#2517,#2518);
#2516 = CARTESIAN_POINT('',(-18.39105009819,-9.842941658886,
    -19.58298590302));
#2517 = DIRECTION('',(-2.331468351713E-14,2.452176383283E-15,-1.));
#2518 = DIRECTION('',(2.107933769511E-16,-1.,-2.452176383283E-15));
#2519 = ADVANCED_FACE('',(#2520),#2531,.F.);
#2520 = FACE_BOUND('',#2521,.F.);
#2521 = EDGE_LOOP('',(#2522,#2523,#2524,#2525));
#2522 = ORIENTED_EDGE('',*,*,#1854,.T.);
#2523 = ORIENTED_EDGE('',*,*,#2374,.F.);
#2524 = ORIENTED_EDGE('',*,*,#2424,.T.);
#2525 = ORIENTED_EDGE('',*,*,#2526,.F.);
#2526 = EDGE_CURVE('',#1847,#2425,#2527,.T.);
#2527 = LINE('',#2528,#2529);
#2528 = CARTESIAN_POINT('',(-18.39105009819,5.181719868297,
    -13.37930554647));
#2529 = VECTOR('',#2530,1.);
#2530 = DIRECTION('',(1.,2.107933438639E-16,-2.338407245617E-14));
#2531 = CYLINDRICAL_SURFACE('',#2532,4.66469001599);
#2532 = AXIS2_PLACEMENT_3D('',#2533,#2534,#2535);
#2533 = CARTESIAN_POINT('',(-18.39105009819,9.582676945895,
    -14.92556223487));
#2534 = DIRECTION('',(1.,2.107933438639E-16,-2.338407245617E-14));
#2535 = DIRECTION('',(-1.387823328011E-14,-0.799476280877,-0.60069765799
    ));
#2536 = ADVANCED_FACE('',(#2537),#2543,.T.);
#2537 = FACE_BOUND('',#2538,.T.);
#2538 = EDGE_LOOP('',(#2539,#2540,#2541,#2542));
#2539 = ORIENTED_EDGE('',*,*,#2222,.T.);
#2540 = ORIENTED_EDGE('',*,*,#2150,.T.);
#2541 = ORIENTED_EDGE('',*,*,#2310,.T.);
#2542 = ORIENTED_EDGE('',*,*,#1976,.F.);
#2543 = ( BOUNDED_SURFACE() B_SPLINE_SURFACE(2,2,(
    (#2544,#2545,#2546)
    ,(#2547,#2548,#2549)
    ,(#2550,#2551,#2552
)),.UNSPECIFIED.,.F.,.F.,.F.) B_SPLINE_SURFACE_WITH_KNOTS((3,3),(3,3),(
    0.75204669225,0.757845066776),(0.,1.343493843534),
.PIECEWISE_BEZIER_KNOTS.) GEOMETRIC_REPRESENTATION_ITEM() 
RATIONAL_B_SPLINE_SURFACE((
    (1.,0.782735656487,1.)
    ,(0.99999579736,0.78273236693,0.99999579736)
,(1.,0.782735656487,1.))) REPRESENTATION_ITEM('') SURFACE() );
#2544 = CARTESIAN_POINT('',(-20.3667833435,14.23966285332,
    14.447623129379));
#2545 = CARTESIAN_POINT('',(-20.36678334349,0.257489128845,
    25.571142451235));
#2546 = CARTESIAN_POINT('',(-20.36678334349,-13.7307949491,
    14.455308127191));
#2547 = CARTESIAN_POINT('',(-21.49401105247,14.605131148718,
    15.595907555293));
#2548 = CARTESIAN_POINT('',(-21.49401105248,-0.290045273615,
    27.010011276059));
#2549 = CARTESIAN_POINT('',(-21.49401105247,-14.76718464275,
    15.070141926385));
#2550 = CARTESIAN_POINT('',(-22.62820705297,14.968611028103,
    16.737944470354));
#2551 = CARTESIAN_POINT('',(-22.62820705297,-0.834600686686,
    28.441051597423));
#2552 = CARTESIAN_POINT('',(-22.62820705297,-15.7979356151,
    15.68163057803));
#2553 = ADVANCED_FACE('',(#2554),#2560,.F.);
#2554 = FACE_BOUND('',#2555,.T.);
#2555 = EDGE_LOOP('',(#2556,#2557,#2558,#2559));
#2556 = ORIENTED_EDGE('',*,*,#1846,.F.);
#2557 = ORIENTED_EDGE('',*,*,#2264,.F.);
#2558 = ORIENTED_EDGE('',*,*,#2433,.F.);
#2559 = ORIENTED_EDGE('',*,*,#2526,.F.);
#2560 = PLANE('',#2561);
#2561 = AXIS2_PLACEMENT_3D('',#2562,#2563,#2564);
#2562 = CARTESIAN_POINT('',(-18.39105009819,5.181719868297,
    -13.37930554646));
#2563 = DIRECTION('',(-2.156478121074E-16,-0.999992550107,
    -3.860017025905E-03));
#2564 = DIRECTION('',(2.331468351713E-14,-3.860017025905E-03,
    0.999992550107));
#2565 = MANIFOLD_SOLID_BREP('',#2566);
#2566 = CLOSED_SHELL('',(#2567,#2633,#2699,#2732,#2771,#2800,#2825,#2856
    ,#2873));
#2567 = ADVANCED_FACE('',(#2568),#2628,.F.);
#2568 = FACE_BOUND('',#2569,.T.);
#2569 = EDGE_LOOP('',(#2570,#2583,#2591,#2602,#2619));
#2570 = ORIENTED_EDGE('',*,*,#2571,.F.);
#2571 = EDGE_CURVE('',#2572,#2574,#2576,.T.);
#2572 = VERTEX_POINT('',#2573);
#2573 = CARTESIAN_POINT('',(-26.39120392868,14.247366961885,
    -20.7923476339));
#2574 = VERTEX_POINT('',#2575);
#2575 = CARTESIAN_POINT('',(-24.17820094533,14.247366961885,
    -23.54319903783));
#2576 = B_SPLINE_CURVE_WITH_KNOTS('',3,(#2577,#2578,#2579,#2580,#2581,
    #2582),.UNSPECIFIED.,.F.,.F.,(4,2,4),(-0.352817368275,
    -0.177129838051,0.),.UNSPECIFIED.);
#2577 = CARTESIAN_POINT('',(-26.39120392869,14.247366961885,
    -20.7923476339));
#2578 = CARTESIAN_POINT('',(-26.03011619135,14.247366961885,
    -21.25342676483));
#2579 = CARTESIAN_POINT('',(-25.66495038689,14.247366961883,
    -21.71292247246));
#2580 = CARTESIAN_POINT('',(-24.92755328411,14.247366961884,
    -22.62910305923));
#2581 = CARTESIAN_POINT('',(-24.55377374233,14.247366961885,
    -23.08761594135));
#2582 = CARTESIAN_POINT('',(-24.17820094533,14.247366961885,
    -23.54319903783));
#2583 = ORIENTED_EDGE('',*,*,#2584,.F.);
#2584 = EDGE_CURVE('',#2585,#2572,#2587,.T.);
#2585 = VERTEX_POINT('',#2586);
#2586 = CARTESIAN_POINT('',(-20.39054687295,14.247366961885,
    -20.7923476339));
#2587 = LINE('',#2588,#2589);
#2588 = CARTESIAN_POINT('',(-20.89095958679,14.247366961885,
    -20.7923476339));
#2589 = VECTOR('',#2590,1.);
#2590 = DIRECTION('',(-1.,1.268317240911E-16,2.231548279497E-14));
#2591 = ORIENTED_EDGE('',*,*,#2592,.F.);
#2592 = EDGE_CURVE('',#2593,#2585,#2595,.T.);
#2593 = VERTEX_POINT('',#2594);
#2594 = CARTESIAN_POINT('',(-22.62820698767,14.247366961885,
    -23.57284005492));
#2595 = B_SPLINE_CURVE_WITH_KNOTS('',3,(#2596,#2597,#2598,#2599,#2600,
    #2601),.UNSPECIFIED.,.F.,.F.,(4,2,4),(-0.356671846891,
    -0.181160813177,0.),.UNSPECIFIED.);
#2596 = CARTESIAN_POINT('',(-22.62820705297,14.247366961885,
    -23.57283998399));
#2597 = CARTESIAN_POINT('',(-22.25604769415,14.247366961885,
    -23.12146558214));
#2598 = CARTESIAN_POINT('',(-21.88558931904,14.24736696189,
    -22.66725277345));
#2599 = CARTESIAN_POINT('',(-21.13976523636,14.24736696189,
    -21.74141778363));
#2600 = CARTESIAN_POINT('',(-20.76299388867,14.247366961885,
    -21.26768061747));
#2601 = CARTESIAN_POINT('',(-20.39054687295,14.247366961885,
    -20.7923476339));
#2602 = ORIENTED_EDGE('',*,*,#2603,.F.);
#2603 = EDGE_CURVE('',#2604,#2593,#2606,.T.);
#2604 = VERTEX_POINT('',#2605);
#2605 = CARTESIAN_POINT('',(-24.16494731464,14.247366961884,
    -23.55876982993));
#2606 = B_SPLINE_CURVE_WITH_KNOTS('',3,(#2607,#2608,#2609,#2610,#2611,
    #2612,#2613,#2614,#2615,#2616,#2617,#2618),.UNSPECIFIED.,.F.,.F.,(4,
    2,2,2,2,4),(-0.17859490415,-0.146925486044,-0.116310509124,
    -8.00804097234E-02,-4.22463744865E-02,0.),.UNSPECIFIED.);
#2607 = CARTESIAN_POINT('',(-24.16494731464,14.247366961885,
    -23.55876982993));
#2608 = CARTESIAN_POINT('',(-24.09915120173,14.247366961885,
    -23.64117835628));
#2609 = CARTESIAN_POINT('',(-24.022374729,14.247366961885,
    -23.71420507599));
#2610 = CARTESIAN_POINT('',(-23.85224551239,14.247366961884,
    -23.83250139611));
#2611 = CARTESIAN_POINT('',(-23.76066364114,14.247366961885,
    -23.87780513324));
#2612 = CARTESIAN_POINT('',(-23.54822833674,14.247366961885,
    -23.94307420906));
#2613 = CARTESIAN_POINT('',(-23.4280992801,14.247366961885,
    -23.95592131085));
#2614 = CARTESIAN_POINT('',(-23.18293716726,14.247366961884,
    -23.93378621137));
#2615 = CARTESIAN_POINT('',(-23.06207690761,14.247366961885,
    -23.89705635094));
#2616 = CARTESIAN_POINT('',(-22.82651961965,14.247366961885,
    -23.77263553103));
#2617 = CARTESIAN_POINT('',(-22.71779100244,14.247366961885,
    -23.68149239949));
#2618 = CARTESIAN_POINT('',(-22.62820692237,14.247366961885,
    -23.57284012585));
#2619 = ORIENTED_EDGE('',*,*,#2620,.F.);
#2620 = EDGE_CURVE('',#2574,#2604,#2621,.T.);
#2621 = B_SPLINE_CURVE_WITH_KNOTS('',3,(#2622,#2623,#2624,#2625,#2626,
    #2627),.UNSPECIFIED.,.F.,.F.,(4,2,4),(-2.04480218694E-03,
    -1.021713797669E-03,0.),.UNSPECIFIED.);
#2622 = CARTESIAN_POINT('',(-24.17820094532,14.247366961885,
    -23.54319903782));
#2623 = CARTESIAN_POINT('',(-24.17601487718,14.247366961885,
    -23.54581652098));
#2624 = CARTESIAN_POINT('',(-24.17381659784,14.247366961885,
    -23.54842378805));
#2625 = CARTESIAN_POINT('',(-24.16939864935,14.247366961884,
    -23.55361413389));
#2626 = CARTESIAN_POINT('',(-24.16717903052,14.247366961885,
    -23.55619721978));
#2627 = CARTESIAN_POINT('',(-24.16494731464,14.247366961884,
    -23.55876982993));
#2628 = PLANE('',#2629);
#2629 = AXIS2_PLACEMENT_3D('',#2630,#2631,#2632);
#2630 = CARTESIAN_POINT('',(-18.39105009819,14.247366961884,
    -26.02178918082));
#2631 = DIRECTION('',(-1.268316943126E-16,-1.,2.10505714689E-13));
#2632 = DIRECTION('',(2.331468351713E-14,2.10505714689E-13,1.));
#2633 = ADVANCED_FACE('',(#2634),#2694,.F.);
#2634 = FACE_BOUND('',#2635,.T.);
#2635 = EDGE_LOOP('',(#2636,#2649,#2660,#2677,#2688));
#2636 = ORIENTED_EDGE('',*,*,#2637,.F.);
#2637 = EDGE_CURVE('',#2638,#2640,#2642,.T.);
#2638 = VERTEX_POINT('',#2639);
#2639 = CARTESIAN_POINT('',(-24.17820094533,-13.75264214848,
    -23.54011993039));
#2640 = VERTEX_POINT('',#2641);
#2641 = CARTESIAN_POINT('',(-26.39120392869,-13.75264214848,
    -20.78878743864));
#2642 = B_SPLINE_CURVE_WITH_KNOTS('',3,(#2643,#2644,#2645,#2646,#2647,
    #2648),.UNSPECIFIED.,.F.,.F.,(4,2,4),(-0.352865376763,-0.17814512153
    ,0.),.UNSPECIFIED.);
#2643 = CARTESIAN_POINT('',(-24.17820094533,-13.75264214848,
    -23.54011993039));
#2644 = CARTESIAN_POINT('',(-24.54861948798,-13.75264214848,
    -23.09072116438));
#2645 = CARTESIAN_POINT('',(-24.9172811381,-13.7526421485,
    -22.63848273368));
#2646 = CARTESIAN_POINT('',(-25.65483461692,-13.7526421485,
    -21.72227134227));
#2647 = CARTESIAN_POINT('',(-26.02512253918,-13.75264214848,
    -21.25633757604));
#2648 = CARTESIAN_POINT('',(-26.39120392869,-13.75264214848,
    -20.78878743864));
#2649 = ORIENTED_EDGE('',*,*,#2650,.F.);
#2650 = EDGE_CURVE('',#2651,#2638,#2653,.T.);
#2651 = VERTEX_POINT('',#2652);
#2652 = CARTESIAN_POINT('',(-24.16494731464,-13.75264214848,
    -23.55569307581));
#2653 = B_SPLINE_CURVE_WITH_KNOTS('',3,(#2654,#2655,#2656,#2657,#2658,
    #2659),.UNSPECIFIED.,.F.,.F.,(4,2,4),(-2.044981728003E-03,
    -1.023178788651E-03,0.),.UNSPECIFIED.);
#2654 = CARTESIAN_POINT('',(-24.16494731464,-13.75264214848,
    -23.55569307581));
#2655 = CARTESIAN_POINT('',(-24.16717903259,-13.75264214848,
    -23.55312007476));
#2656 = CARTESIAN_POINT('',(-24.16939865184,-13.75264214848,
    -23.5505365981));
#2657 = CARTESIAN_POINT('',(-24.17381660018,-13.75264214848,
    -23.54534546796));
#2658 = CARTESIAN_POINT('',(-24.17601487905,-13.75264214848,
    -23.54273780721));
#2659 = CARTESIAN_POINT('',(-24.17820094532,-13.75264214848,
    -23.54011993038));
#2660 = ORIENTED_EDGE('',*,*,#2661,.F.);
#2661 = EDGE_CURVE('',#2662,#2651,#2664,.T.);
#2662 = VERTEX_POINT('',#2663);
#2663 = CARTESIAN_POINT('',(-22.62820698767,-13.75264214848,
    -23.56976542424));
#2664 = B_SPLINE_CURVE_WITH_KNOTS('',3,(#2665,#2666,#2667,#2668,#2669,
    #2670,#2671,#2672,#2673,#2674,#2675,#2676),.UNSPECIFIED.,.F.,.F.,(4,
    2,2,2,2,4),(-0.178616798368,-0.1471357558,-0.116678234802,
    -8.043634152732E-02,-4.249255572231E-02,0.),.UNSPECIFIED.);
#2665 = CARTESIAN_POINT('',(-22.62820692237,-13.75264214848,
    -23.56976549519));
#2666 = CARTESIAN_POINT('',(-22.694874999,-13.75264214848,
    -23.65063623176));
#2667 = CARTESIAN_POINT('',(-22.77230390919,-13.75264214848,
    -23.72200006944));
#2668 = CARTESIAN_POINT('',(-22.94328091749,-13.75264214848,
    -23.83696142669));
#2669 = CARTESIAN_POINT('',(-23.03506376231,-13.75264214848,
    -23.88058666519));
#2670 = CARTESIAN_POINT('',(-23.24798199767,-13.75264214848,
    -23.94244639654));
#2671 = CARTESIAN_POINT('',(-23.36832448124,-13.75264214848,
    -23.95337651161));
#2672 = CARTESIAN_POINT('',(-23.61348542298,-13.75264214848,
    -23.92731768382));
#2673 = CARTESIAN_POINT('',(-23.73408896962,-13.75264214848,
    -23.88851972061));
#2674 = CARTESIAN_POINT('',(-23.96867613451,-13.75264214848,
    -23.75982007971));
#2675 = CARTESIAN_POINT('',(-24.07657959406,-13.75264214848,
    -23.6663888766));
#2676 = CARTESIAN_POINT('',(-24.16494731464,-13.75264214848,
    -23.55569307581));
#2677 = ORIENTED_EDGE('',*,*,#2678,.F.);
#2678 = EDGE_CURVE('',#2679,#2662,#2681,.T.);
#2679 = VERTEX_POINT('',#2680);
#2680 = CARTESIAN_POINT('',(-20.39054687296,-13.75264214848,
    -20.78878743864));
#2681 = B_SPLINE_CURVE_WITH_KNOTS('',3,(#2682,#2683,#2684,#2685,#2686,
    #2687),.UNSPECIFIED.,.F.,.F.,(4,2,4),(-0.356696423965,
    -0.178221413398,0.),.UNSPECIFIED.);
#2682 = CARTESIAN_POINT('',(-20.39054687295,-13.75264214848,
    -20.78878743864));
#2683 = CARTESIAN_POINT('',(-20.75744036164,-13.75264214848,
    -21.25712745687));
#2684 = CARTESIAN_POINT('',(-21.12852312068,-13.75264214847,
    -21.7239020164));
#2685 = CARTESIAN_POINT('',(-21.87417619733,-13.75264214847,
    -22.65004032444));
#2686 = CARTESIAN_POINT('',(-22.25031976159,-13.75264214848,
    -23.11137469331));
#2687 = CARTESIAN_POINT('',(-22.62820705297,-13.75264214848,
    -23.5697653533));
#2688 = ORIENTED_EDGE('',*,*,#2689,.F.);
#2689 = EDGE_CURVE('',#2640,#2679,#2690,.T.);
#2690 = LINE('',#2691,#2692);
#2691 = CARTESIAN_POINT('',(-20.89095958679,-13.75264214848,
    -20.78878743864));
#2692 = VECTOR('',#2693,1.);
#2693 = DIRECTION('',(1.,-1.268317240911E-16,-2.355060590986E-14));
#2694 = PLANE('',#2695);
#2695 = AXIS2_PLACEMENT_3D('',#2696,#2697,#2698);
#2696 = CARTESIAN_POINT('',(-18.39105009819,-13.75264214848,
    -20.74381098474));
#2697 = DIRECTION('',(1.268316943126E-16,1.,2.204365984779E-13));
#2698 = DIRECTION('',(-2.331468351713E-14,2.204365984779E-13,-1.));
#2699 = ADVANCED_FACE('',(#2700),#2727,.T.);
#2700 = FACE_BOUND('',#2701,.T.);
#2701 = EDGE_LOOP('',(#2702,#2703,#2712,#2720));
#2702 = ORIENTED_EDGE('',*,*,#2584,.T.);
#2703 = ORIENTED_EDGE('',*,*,#2704,.T.);
#2704 = EDGE_CURVE('',#2572,#2705,#2707,.T.);
#2705 = VERTEX_POINT('',#2706);
#2706 = CARTESIAN_POINT('',(-26.41495480728,14.23966285332,
    -20.76814168227));
#2707 = CIRCLE('',#2708,529.40774489713);
#2708 = AXIS2_PLACEMENT_3D('',#2709,#2710,#2711);
#2709 = CARTESIAN_POINT('',(360.30429882195,-95.41324179883,
    323.75619668999));
#2710 = DIRECTION('',(6.87297441182E-15,0.952900584523,0.303282831719));
#2711 = DIRECTION('',(1.,2.192076202349E-16,-2.33506705313E-14));
#2712 = ORIENTED_EDGE('',*,*,#2713,.T.);
#2713 = EDGE_CURVE('',#2705,#2714,#2716,.T.);
#2714 = VERTEX_POINT('',#2715);
#2715 = CARTESIAN_POINT('',(-20.36678334349,14.23966285332,
    -20.76814168227));
#2716 = LINE('',#2717,#2718);
#2717 = CARTESIAN_POINT('',(-26.41495480728,14.23966285332,
    -20.76814168227));
#2718 = VECTOR('',#2719,1.);
#2719 = DIRECTION('',(1.,2.107933438639E-16,-2.338407245617E-14));
#2720 = ORIENTED_EDGE('',*,*,#2721,.T.);
#2721 = EDGE_CURVE('',#2714,#2585,#2722,.T.);
#2722 = CIRCLE('',#2723,569.15127742399);
#2723 = AXIS2_PLACEMENT_3D('',#2724,#2725,#2726);
#2724 = CARTESIAN_POINT('',(-436.0135404075,-103.6788511077,
    349.72635760314));
#2725 = DIRECTION('',(6.87297441182E-15,0.952900584523,0.303282831719));
#2726 = DIRECTION('',(1.,2.304833509696E-16,-2.338609835406E-14));
#2727 = PLANE('',#2728);
#2728 = AXIS2_PLACEMENT_3D('',#2729,#2730,#2731);
#2729 = CARTESIAN_POINT('',(-23.39086907539,14.653918710965,
    -22.06971436495));
#2730 = DIRECTION('',(6.87297441182E-15,0.952900584523,0.303282831719));
#2731 = DIRECTION('',(2.228772721935E-14,-0.303282831719,0.952900584523)
  );
#2732 = ADVANCED_FACE('',(#2733),#2761,.F.);
#2733 = FACE_BOUND('',#2734,.F.);
#2734 = EDGE_LOOP('',(#2735,#2742,#2743,#2752,#2759,#2760));
#2735 = ORIENTED_EDGE('',*,*,#2736,.T.);
#2736 = EDGE_CURVE('',#2593,#2662,#2737,.T.);
#2737 = CIRCLE('',#2738,24.732434565569);
#2738 = AXIS2_PLACEMENT_3D('',#2739,#2740,#2741);
#2739 = CARTESIAN_POINT('',(-22.62820698767,0.249601237307,
    -3.182747503394));
#2740 = DIRECTION('',(-1.,-2.107933438639E-16,2.338407245617E-14));
#2741 = DIRECTION('',(-1.891758133503E-14,0.595129839342,-0.803629562874
    ));
#2742 = ORIENTED_EDGE('',*,*,#2678,.F.);
#2743 = ORIENTED_EDGE('',*,*,#2744,.F.);
#2744 = EDGE_CURVE('',#2745,#2679,#2747,.T.);
#2745 = VERTEX_POINT('',#2746);
#2746 = CARTESIAN_POINT('',(-20.36678334349,-13.7307949491,
    -20.77582668008));
#2747 = CIRCLE('',#2748,569.15127742399);
#2748 = AXIS2_PLACEMENT_3D('',#2749,#2750,#2751);
#2749 = CARTESIAN_POINT('',(-436.0135404075,320.66081739749,
    177.60058201757));
#2750 = DIRECTION('',(-2.010891453352E-14,0.510218090061,-0.860045057293
    ));
#2751 = DIRECTION('',(1.,1.510345229394E-16,-2.329163317413E-14));
#2752 = ORIENTED_EDGE('',*,*,#2753,.F.);
#2753 = EDGE_CURVE('',#2714,#2745,#2754,.T.);
#2754 = CIRCLE('',#2755,22.471491104203);
#2755 = AXIS2_PLACEMENT_3D('',#2756,#2757,#2758);
#2756 = CARTESIAN_POINT('',(-20.3667833435,0.249601237307,
    -3.182747503394));
#2757 = DIRECTION('',(-1.,-2.107933438639E-16,2.338407245617E-14));
#2758 = DIRECTION('',(-1.843078154438E-14,0.622569350255,-0.782564632553
    ));
#2759 = ORIENTED_EDGE('',*,*,#2721,.T.);
#2760 = ORIENTED_EDGE('',*,*,#2592,.F.);
#2761 = ( BOUNDED_SURFACE() B_SPLINE_SURFACE(2,2,(
    (#2762,#2763,#2764)
    ,(#2765,#2766,#2767)
    ,(#2768,#2769,#2770
)),.UNSPECIFIED.,.F.,.F.,.F.) B_SPLINE_SURFACE_WITH_KNOTS((3,3),(3,3),(
    0.75204669225,0.757845066776),(0.,1.343493843534),
.PIECEWISE_BEZIER_KNOTS.) GEOMETRIC_REPRESENTATION_ITEM() 
RATIONAL_B_SPLINE_SURFACE((
    (1.,0.782735656487,1.)
    ,(0.99999579736,0.78273236693,0.99999579736)
,(1.,0.782735656487,1.))) REPRESENTATION_ITEM('') SURFACE() );
#2762 = CARTESIAN_POINT('',(-20.36678334349,14.23966285332,
    -20.76814168227));
#2763 = CARTESIAN_POINT('',(-20.3667833435,0.257489128845,
    -31.89166100412));
#2764 = CARTESIAN_POINT('',(-20.36678334349,-13.7307949491,
    -20.77582668008));
#2765 = CARTESIAN_POINT('',(-21.49401105247,14.605131148719,
    -21.91642610818));
#2766 = CARTESIAN_POINT('',(-21.49401105247,-0.290045273615,
    -33.33052982895));
#2767 = CARTESIAN_POINT('',(-21.49401105248,-14.76718464275,
    -21.39066047927));
#2768 = CARTESIAN_POINT('',(-22.62820705297,14.968611028103,
    -23.05846302324));
#2769 = CARTESIAN_POINT('',(-22.62820705297,-0.834600686686,
    -34.76157015031));
#2770 = CARTESIAN_POINT('',(-22.62820705297,-15.7979356151,
    -22.00214913092));
#2771 = ADVANCED_FACE('',(#2772),#2784,.F.);
#2772 = FACE_BOUND('',#2773,.F.);
#2773 = EDGE_LOOP('',(#2774,#2781,#2782,#2783));
#2774 = ORIENTED_EDGE('',*,*,#2775,.T.);
#2775 = EDGE_CURVE('',#2604,#2651,#2776,.T.);
#2776 = CIRCLE('',#2777,24.720835971538);
#2777 = AXIS2_PLACEMENT_3D('',#2778,#2779,#2780);
#2778 = CARTESIAN_POINT('',(-24.16494731464,0.249601237307,
    -3.182747503394));
#2779 = DIRECTION('',(-1.,-2.107933438639E-16,2.338407245617E-14));
#2780 = DIRECTION('',(-1.891537687506E-14,0.595258685494,-0.803534129545
    ));
#2781 = ORIENTED_EDGE('',*,*,#2661,.F.);
#2782 = ORIENTED_EDGE('',*,*,#2736,.F.);
#2783 = ORIENTED_EDGE('',*,*,#2603,.F.);
#2784 = ( BOUNDED_SURFACE() B_SPLINE_SURFACE(2,2,(
    (#2785,#2786,#2787)
    ,(#2788,#2789,#2790)
    ,(#2791,#2792,#2793)
    ,(#2794,#2795,#2796)
    ,(#2797,#2798,#2799
)),.UNSPECIFIED.,.F.,.F.,.F.) B_SPLINE_SURFACE_WITH_KNOTS((3,2,3),(3,3),
  (0.757845066776,1.578772486615,2.399699906454),(0.,1.343493843534),
.UNSPECIFIED.) GEOMETRIC_REPRESENTATION_ITEM() RATIONAL_B_SPLINE_SURFACE
((
    (1.,0.782735656487,1.)
    ,(0.916935885121,0.717718411997,0.916935885121)
    ,(1.,0.782735656487,1.)
    ,(0.916935885121,0.717718411996,0.916935885121)
,(1.,0.782735656487,1.))) REPRESENTATION_ITEM('') SURFACE() );
#2785 = CARTESIAN_POINT('',(-22.62820692237,14.968611065587,
    -23.05846314102));
#2786 = CARTESIAN_POINT('',(-22.62820692237,-0.834600742844,
    -34.76157029789));
#2787 = CARTESIAN_POINT('',(-22.62820692237,-15.79793572139,
    -22.00214919398));
#2788 = CARTESIAN_POINT('',(-22.94230067822,15.069269823369,
    -23.37472828726));
#2789 = CARTESIAN_POINT('',(-22.94230067822,-0.985404885059,
    -35.15786937592));
#2790 = CARTESIAN_POINT('',(-22.94230067822,-16.08338236739,
    -22.17148920855));
#2791 = CARTESIAN_POINT('',(-23.39924425421,15.068164438641,
    -23.37125521974));
#2792 = CARTESIAN_POINT('',(-23.39924425421,-0.983748828504,
    -35.15351741532));
#2793 = CARTESIAN_POINT('',(-23.39924425421,-16.08024773341,
    -22.16962960021));
#2794 = CARTESIAN_POINT('',(-23.8561878302,15.067059053914,
    -23.36778215222));
#2795 = CARTESIAN_POINT('',(-23.8561878302,-0.982092771949,
    -35.14916545471));
#2796 = CARTESIAN_POINT('',(-23.8561878302,-16.07711309942,
    -22.16776999186));
#2797 = CARTESIAN_POINT('',(-24.16494731464,14.96489356205,
    -23.0467829174));
#2798 = CARTESIAN_POINT('',(-24.16494731464,-0.829031282775,
    -34.74693428154));
#2799 = CARTESIAN_POINT('',(-24.16494731464,-15.78739367876,
    -21.9958951718));
#2800 = ADVANCED_FACE('',(#2801),#2820,.F.);
#2801 = FACE_BOUND('',#2802,.F.);
#2802 = EDGE_LOOP('',(#2803,#2804,#2812,#2819));
#2803 = ORIENTED_EDGE('',*,*,#2753,.T.);
#2804 = ORIENTED_EDGE('',*,*,#2805,.F.);
#2805 = EDGE_CURVE('',#2806,#2745,#2808,.T.);
#2806 = VERTEX_POINT('',#2807);
#2807 = CARTESIAN_POINT('',(-26.41495480728,-13.7307949491,
    -20.77582668008));
#2808 = LINE('',#2809,#2810);
#2809 = CARTESIAN_POINT('',(-26.41495480728,-13.7307949491,
    -20.77582668008));
#2810 = VECTOR('',#2811,1.);
#2811 = DIRECTION('',(1.,2.107933438639E-16,-2.338407245617E-14));
#2812 = ORIENTED_EDGE('',*,*,#2813,.F.);
#2813 = EDGE_CURVE('',#2705,#2806,#2814,.T.);
#2814 = CIRCLE('',#2815,22.471491104203);
#2815 = AXIS2_PLACEMENT_3D('',#2816,#2817,#2818);
#2816 = CARTESIAN_POINT('',(-26.41495480729,0.249601237307,
    -3.182747503394));
#2817 = DIRECTION('',(-1.,-2.107933438639E-16,2.338407245617E-14));
#2818 = DIRECTION('',(-1.843078154438E-14,0.622569350255,-0.782564632553
    ));
#2819 = ORIENTED_EDGE('',*,*,#2713,.T.);
#2820 = CYLINDRICAL_SURFACE('',#2821,22.471491104203);
#2821 = AXIS2_PLACEMENT_3D('',#2822,#2823,#2824);
#2822 = CARTESIAN_POINT('',(-23.39086907539,0.249601237307,
    -3.182747503394));
#2823 = DIRECTION('',(-1.,-2.107933438639E-16,2.338407245617E-14));
#2824 = DIRECTION('',(-2.107933438639E-16,1.,1.948036565047E-15));
#2825 = ADVANCED_FACE('',(#2826),#2846,.F.);
#2826 = FACE_BOUND('',#2827,.F.);
#2827 = EDGE_LOOP('',(#2828,#2829,#2830,#2837,#2838,#2845));
#2828 = ORIENTED_EDGE('',*,*,#2704,.T.);
#2829 = ORIENTED_EDGE('',*,*,#2813,.T.);
#2830 = ORIENTED_EDGE('',*,*,#2831,.F.);
#2831 = EDGE_CURVE('',#2640,#2806,#2832,.T.);
#2832 = CIRCLE('',#2833,529.40774489713);
#2833 = AXIS2_PLACEMENT_3D('',#2834,#2835,#2836);
#2834 = CARTESIAN_POINT('',(360.30429882195,297.2213223513,
    163.69520079008));
#2835 = DIRECTION('',(-2.010891453352E-14,0.510218090061,-0.860045057293
    ));
#2836 = DIRECTION('',(1.,1.681554139849E-16,-2.328147627798E-14));
#2837 = ORIENTED_EDGE('',*,*,#2637,.F.);
#2838 = ORIENTED_EDGE('',*,*,#2839,.F.);
#2839 = EDGE_CURVE('',#2574,#2638,#2840,.T.);
#2840 = CIRCLE('',#2841,24.708003399031);
#2841 = AXIS2_PLACEMENT_3D('',#2842,#2843,#2844);
#2842 = CARTESIAN_POINT('',(-24.17820094533,0.249601237307,
    -3.182747503394));
#2843 = DIRECTION('',(-1.,-2.107933438639E-16,2.338407245617E-14));
#2844 = DIRECTION('',(-1.891293476155E-14,0.595401370974,-0.803428408411
    ));
#2845 = ORIENTED_EDGE('',*,*,#2571,.F.);
#2846 = ( BOUNDED_SURFACE() B_SPLINE_SURFACE(2,2,(
    (#2847,#2848,#2849)
    ,(#2850,#2851,#2852)
    ,(#2853,#2854,#2855
)),.UNSPECIFIED.,.F.,.F.,.F.) B_SPLINE_SURFACE_WITH_KNOTS((3,3),(3,3),(
    2.38364768758,2.389813904648),(0.,1.343493843534),
.PIECEWISE_BEZIER_KNOTS.) GEOMETRIC_REPRESENTATION_ITEM() 
RATIONAL_B_SPLINE_SURFACE((
    (1.,0.782735656487,1.)
    ,(0.999995247225,0.78273193632,0.999995247225)
,(1.,0.782735656487,1.))) REPRESENTATION_ITEM('') SURFACE() );
#2847 = CARTESIAN_POINT('',(-24.17820094533,14.960780335133,
    -23.03385934928));
#2848 = CARTESIAN_POINT('',(-24.17820094533,-0.822868960979,
    -34.73074028043));
#2849 = CARTESIAN_POINT('',(-24.17820094533,-15.7757294495,
    -21.98897541716));
#2850 = CARTESIAN_POINT('',(-25.30024325112,14.601267340236,
    -21.90428620121));
#2851 = CARTESIAN_POINT('',(-25.30024325112,-0.284256623559,
    -33.31531780196));
#2852 = CARTESIAN_POINT('',(-25.30024325112,-14.75622771067,
    -21.38416032569));
#2853 = CARTESIAN_POINT('',(-26.41495480728,14.23966285332,
    -20.76814168227));
#2854 = CARTESIAN_POINT('',(-26.41495480729,0.257489128845,
    -31.89166100412));
#2855 = CARTESIAN_POINT('',(-26.41495480728,-13.7307949491,
    -20.77582668008));
#2856 = ADVANCED_FACE('',(#2857),#2863,.F.);
#2857 = FACE_BOUND('',#2858,.F.);
#2858 = EDGE_LOOP('',(#2859,#2860,#2861,#2862));
#2859 = ORIENTED_EDGE('',*,*,#2839,.T.);
#2860 = ORIENTED_EDGE('',*,*,#2650,.F.);
#2861 = ORIENTED_EDGE('',*,*,#2775,.F.);
#2862 = ORIENTED_EDGE('',*,*,#2620,.F.);
#2863 = ( BOUNDED_SURFACE() B_SPLINE_SURFACE(2,2,(
    (#2864,#2865,#2866)
    ,(#2867,#2868,#2869)
    ,(#2870,#2871,#2872
)),.UNSPECIFIED.,.F.,.F.,.F.) B_SPLINE_SURFACE_WITH_KNOTS((3,3),(3,3),(
    2.35826595918,2.377146788922),(0.,1.343493843534),
.PIECEWISE_BEZIER_KNOTS.) GEOMETRIC_REPRESENTATION_ITEM() 
RATIONAL_B_SPLINE_SURFACE((
    (1.,0.782735656487,1.)
    ,(0.999955439614,0.782700777484,0.999955439614)
,(1.,0.782735656487,1.))) REPRESENTATION_ITEM('') SURFACE() );
#2864 = CARTESIAN_POINT('',(-24.16494731464,14.96489356205,
    -23.0467829174));
#2865 = CARTESIAN_POINT('',(-24.16494731464,-0.829031282775,
    -34.74693428154));
#2866 = CARTESIAN_POINT('',(-24.16494731464,-15.78739367876,
    -21.9958951718));
#2867 = CARTESIAN_POINT('',(-24.17163814897,14.962855922493,
    -23.04038074846));
#2868 = CARTESIAN_POINT('',(-24.17163814897,-0.825978548047,
    -34.73891198228));
#2869 = CARTESIAN_POINT('',(-24.17163814897,-15.78161537004,
    -21.99246721462));
#2870 = CARTESIAN_POINT('',(-24.17820094531,14.960780335129,
    -23.03385934927));
#2871 = CARTESIAN_POINT('',(-24.17820094532,-0.822868960974,
    -34.73074028042));
#2872 = CARTESIAN_POINT('',(-24.17820094532,-15.77572944949,
    -21.98897541716));
#2873 = ADVANCED_FACE('',(#2874),#2880,.F.);
#2874 = FACE_BOUND('',#2875,.T.);
#2875 = EDGE_LOOP('',(#2876,#2877,#2878,#2879));
#2876 = ORIENTED_EDGE('',*,*,#2689,.T.);
#2877 = ORIENTED_EDGE('',*,*,#2744,.F.);
#2878 = ORIENTED_EDGE('',*,*,#2805,.F.);
#2879 = ORIENTED_EDGE('',*,*,#2831,.F.);
#2880 = PLANE('',#2881);
#2881 = AXIS2_PLACEMENT_3D('',#2882,#2883,#2884);
#2882 = CARTESIAN_POINT('',(-23.39086907539,-14.90553570446,
    -21.47273666105));
#2883 = DIRECTION('',(-2.010891453352E-14,0.510218090061,-0.860045057293
    ));
#2884 = DIRECTION('',(1.169897512199E-14,0.860045057293,0.510218090061)
  );
#2885 = ( GEOMETRIC_REPRESENTATION_CONTEXT(3) 
GLOBAL_UNCERTAINTY_ASSIGNED_CONTEXT((#2889)) 
GLOBAL_UNIT_ASSIGNED_CONTEXT((#2886,#2887,#2888)) REPRESENTATION_CONTEXT
('Context #1','3D Context with UNIT and UNCERTAINTY') );
#2886 = ( LENGTH_UNIT() NAMED_UNIT(*) SI_UNIT(.MILLI.,.METRE.) );
#2887 = ( NAMED_UNIT(*) PLANE_ANGLE_UNIT() SI_UNIT($,.RADIAN.) );
#2888 = ( NAMED_UNIT(*) SI_UNIT($,.STERADIAN.) SOLID_ANGLE_UNIT() );
#2889 = UNCERTAINTY_MEASURE_WITH_UNIT(LENGTH_MEASURE(2.E-06),#2886,
  'distance_accuracy_value','confusion accuracy');
#2890 = SHAPE_DEFINITION_REPRESENTATION(#2891,#1556);
#2891 = PRODUCT_DEFINITION_SHAPE('','',#2892);
#2892 = PRODUCT_DEFINITION('design','',#2893,#2896);
#2893 = PRODUCT_DEFINITION_FORMATION('','',#2894);
#2894 = PRODUCT('宇树L6连接处','宇树L6连接处','',(#2895));
#2895 = MECHANICAL_CONTEXT('',#2,'mechanical');
#2896 = PRODUCT_DEFINITION_CONTEXT('part definition',#2,'design');
#2897 = CONTEXT_DEPENDENT_SHAPE_REPRESENTATION(#2898,#2900);
#2898 = ( REPRESENTATION_RELATIONSHIP('','',#1556,#10) 
REPRESENTATION_RELATIONSHIP_WITH_TRANSFORMATION(#2899) 
SHAPE_REPRESENTATION_RELATIONSHIP() );
#2899 = ITEM_DEFINED_TRANSFORMATION('','',#11,#19);
#2900 = PRODUCT_DEFINITION_SHAPE('Placement','Placement of an item',
  #2901);
#2901 = NEXT_ASSEMBLY_USAGE_OCCURRENCE('2','宇树L6连接处:1','',#5,
  #2892,$);
#2902 = PRODUCT_TYPE('part',$,(#2894));
#2903 = REPRESENTATION('material name',(#2904),#1538);
#2904 = DESCRIPTIVE_REPRESENTATION_ITEM('ABS 塑料','ABS 塑料');
#2905 = DERIVED_UNIT((#2906,#2908));
#2906 = DERIVED_UNIT_ELEMENT(#2907,3.);
#2907 = ( MASS_UNIT() NAMED_UNIT(*) SI_UNIT($,.GRAM.) );
#2908 = DERIVED_UNIT_ELEMENT(#2909,2.);
#2909 = ( LENGTH_UNIT() NAMED_UNIT(*) SI_UNIT(.CENTI.,.METRE.) );
#2910 = REPRESENTATION('density',(#2911),#1538);
#2911 = MEASURE_REPRESENTATION_ITEM('density measure',
  POSITIVE_RATIO_MEASURE(1.06),#2905);
#2912 = PROPERTY_DEFINITION('material property','material name',#1545);
#2913 = PROPERTY_DEFINITION_REPRESENTATION(#2912,#2903);
#2914 = PROPERTY_DEFINITION('material property','density',#1545);
#2915 = PROPERTY_DEFINITION_REPRESENTATION(#2914,#2910);
#2916 = MECHANICAL_DESIGN_GEOMETRIC_PRESENTATION_REPRESENTATION('',(
    #2917,#2925,#2933,#2940,#2947,#2954,#2961,#2968,#2975,#2982,#2989,
    #2996,#3003,#3010,#3017,#3024),#2885);
#2917 = STYLED_ITEM('color',(#2918),#1557);
#2918 = PRESENTATION_STYLE_ASSIGNMENT((#2919));
#2919 = SURFACE_STYLE_USAGE(.BOTH.,#2920);
#2920 = SURFACE_SIDE_STYLE('',(#2921));
#2921 = SURFACE_STYLE_FILL_AREA(#2922);
#2922 = FILL_AREA_STYLE('',(#2923));
#2923 = FILL_AREA_STYLE_COLOUR('',#2924);
#2924 = COLOUR_RGB('',0.921568637116,0.921568637116,0.921568637116);
#2925 = OVER_RIDING_STYLED_ITEM('overriding color',(#2926),#1972,#2917);
#2926 = PRESENTATION_STYLE_ASSIGNMENT((#2927));
#2927 = SURFACE_STYLE_USAGE(.BOTH.,#2928);
#2928 = SURFACE_SIDE_STYLE('',(#2929));
#2929 = SURFACE_STYLE_FILL_AREA(#2930);
#2930 = FILL_AREA_STYLE('',(#2931));
#2931 = FILL_AREA_STYLE_COLOUR('',#2932);
#2932 = COLOUR_RGB('',0.737254912529,0.313725489865,0.184313727102);
#2933 = OVER_RIDING_STYLED_ITEM('overriding color',(#2934),#2058,#2917);
#2934 = PRESENTATION_STYLE_ASSIGNMENT((#2935));
#2935 = SURFACE_STYLE_USAGE(.BOTH.,#2936);
#2936 = SURFACE_SIDE_STYLE('',(#2937));
#2937 = SURFACE_STYLE_FILL_AREA(#2938);
#2938 = FILL_AREA_STYLE('',(#2939));
#2939 = FILL_AREA_STYLE_COLOUR('',#2932);
#2940 = OVER_RIDING_STYLED_ITEM('overriding color',(#2941),#2111,#2917);
#2941 = PRESENTATION_STYLE_ASSIGNMENT((#2942));
#2942 = SURFACE_STYLE_USAGE(.BOTH.,#2943);
#2943 = SURFACE_SIDE_STYLE('',(#2944));
#2944 = SURFACE_STYLE_FILL_AREA(#2945);
#2945 = FILL_AREA_STYLE('',(#2946));
#2946 = FILL_AREA_STYLE_COLOUR('',#2932);
#2947 = OVER_RIDING_STYLED_ITEM('overriding color',(#2948),#2291,#2917);
#2948 = PRESENTATION_STYLE_ASSIGNMENT((#2949));
#2949 = SURFACE_STYLE_USAGE(.BOTH.,#2950);
#2950 = SURFACE_SIDE_STYLE('',(#2951));
#2951 = SURFACE_STYLE_FILL_AREA(#2952);
#2952 = FILL_AREA_STYLE('',(#2953));
#2953 = FILL_AREA_STYLE_COLOUR('',#2932);
#2954 = OVER_RIDING_STYLED_ITEM('overriding color',(#2955),#2461,#2917);
#2955 = PRESENTATION_STYLE_ASSIGNMENT((#2956));
#2956 = SURFACE_STYLE_USAGE(.BOTH.,#2957);
#2957 = SURFACE_SIDE_STYLE('',(#2958));
#2958 = SURFACE_STYLE_FILL_AREA(#2959);
#2959 = FILL_AREA_STYLE('',(#2960));
#2960 = FILL_AREA_STYLE_COLOUR('',#2932);
#2961 = OVER_RIDING_STYLED_ITEM('overriding color',(#2962),#2473,#2917);
#2962 = PRESENTATION_STYLE_ASSIGNMENT((#2963));
#2963 = SURFACE_STYLE_USAGE(.BOTH.,#2964);
#2964 = SURFACE_SIDE_STYLE('',(#2965));
#2965 = SURFACE_STYLE_FILL_AREA(#2966);
#2966 = FILL_AREA_STYLE('',(#2967));
#2967 = FILL_AREA_STYLE_COLOUR('',#2932);
#2968 = OVER_RIDING_STYLED_ITEM('overriding color',(#2969),#2536,#2917);
#2969 = PRESENTATION_STYLE_ASSIGNMENT((#2970));
#2970 = SURFACE_STYLE_USAGE(.BOTH.,#2971);
#2971 = SURFACE_SIDE_STYLE('',(#2972));
#2972 = SURFACE_STYLE_FILL_AREA(#2973);
#2973 = FILL_AREA_STYLE('',(#2974));
#2974 = FILL_AREA_STYLE_COLOUR('',#2932);
#2975 = STYLED_ITEM('color',(#2976),#2565);
#2976 = PRESENTATION_STYLE_ASSIGNMENT((#2977));
#2977 = SURFACE_STYLE_USAGE(.BOTH.,#2978);
#2978 = SURFACE_SIDE_STYLE('',(#2979));
#2979 = SURFACE_STYLE_FILL_AREA(#2980);
#2980 = FILL_AREA_STYLE('',(#2981));
#2981 = FILL_AREA_STYLE_COLOUR('',#2924);
#2982 = OVER_RIDING_STYLED_ITEM('overriding color',(#2983),#2699,#2975);
#2983 = PRESENTATION_STYLE_ASSIGNMENT((#2984));
#2984 = SURFACE_STYLE_USAGE(.BOTH.,#2985);
#2985 = SURFACE_SIDE_STYLE('',(#2986));
#2986 = SURFACE_STYLE_FILL_AREA(#2987);
#2987 = FILL_AREA_STYLE('',(#2988));
#2988 = FILL_AREA_STYLE_COLOUR('',#2932);
#2989 = OVER_RIDING_STYLED_ITEM('overriding color',(#2990),#2732,#2975);
#2990 = PRESENTATION_STYLE_ASSIGNMENT((#2991));
#2991 = SURFACE_STYLE_USAGE(.BOTH.,#2992);
#2992 = SURFACE_SIDE_STYLE('',(#2993));
#2993 = SURFACE_STYLE_FILL_AREA(#2994);
#2994 = FILL_AREA_STYLE('',(#2995));
#2995 = FILL_AREA_STYLE_COLOUR('',#2932);
#2996 = OVER_RIDING_STYLED_ITEM('overriding color',(#2997),#2771,#2975);
#2997 = PRESENTATION_STYLE_ASSIGNMENT((#2998));
#2998 = SURFACE_STYLE_USAGE(.BOTH.,#2999);
#2999 = SURFACE_SIDE_STYLE('',(#3000));
#3000 = SURFACE_STYLE_FILL_AREA(#3001);
#3001 = FILL_AREA_STYLE('',(#3002));
#3002 = FILL_AREA_STYLE_COLOUR('',#2932);
#3003 = OVER_RIDING_STYLED_ITEM('overriding color',(#3004),#2800,#2975);
#3004 = PRESENTATION_STYLE_ASSIGNMENT((#3005));
#3005 = SURFACE_STYLE_USAGE(.BOTH.,#3006);
#3006 = SURFACE_SIDE_STYLE('',(#3007));
#3007 = SURFACE_STYLE_FILL_AREA(#3008);
#3008 = FILL_AREA_STYLE('',(#3009));
#3009 = FILL_AREA_STYLE_COLOUR('',#2932);
#3010 = OVER_RIDING_STYLED_ITEM('overriding color',(#3011),#2825,#2975);
#3011 = PRESENTATION_STYLE_ASSIGNMENT((#3012));
#3012 = SURFACE_STYLE_USAGE(.BOTH.,#3013);
#3013 = SURFACE_SIDE_STYLE('',(#3014));
#3014 = SURFACE_STYLE_FILL_AREA(#3015);
#3015 = FILL_AREA_STYLE('',(#3016));
#3016 = FILL_AREA_STYLE_COLOUR('',#2932);
#3017 = OVER_RIDING_STYLED_ITEM('overriding color',(#3018),#2856,#2975);
#3018 = PRESENTATION_STYLE_ASSIGNMENT((#3019));
#3019 = SURFACE_STYLE_USAGE(.BOTH.,#3020);
#3020 = SURFACE_SIDE_STYLE('',(#3021));
#3021 = SURFACE_STYLE_FILL_AREA(#3022);
#3022 = FILL_AREA_STYLE('',(#3023));
#3023 = FILL_AREA_STYLE_COLOUR('',#2932);
#3024 = OVER_RIDING_STYLED_ITEM('overriding color',(#3025),#2873,#2975);
#3025 = PRESENTATION_STYLE_ASSIGNMENT((#3026));
#3026 = SURFACE_STYLE_USAGE(.BOTH.,#3027);
#3027 = SURFACE_SIDE_STYLE('',(#3028));
#3028 = SURFACE_STYLE_FILL_AREA(#3029);
#3029 = FILL_AREA_STYLE('',(#3030));
#3030 = FILL_AREA_STYLE_COLOUR('',#2932);
#3031 = MECHANICAL_DESIGN_GEOMETRIC_PRESENTATION_REPRESENTATION('',(
    #3032,#3039,#3047,#3055,#3063,#3070,#3077,#3084,#3091,#3098,#3105,
    #3112,#3119,#3126,#3133,#3140,#3147,#3154,#3161,#3168,#3175,#3182,
    #3189),#1538);
#3032 = STYLED_ITEM('color',(#3033),#30);
#3033 = PRESENTATION_STYLE_ASSIGNMENT((#3034));
#3034 = SURFACE_STYLE_USAGE(.BOTH.,#3035);
#3035 = SURFACE_SIDE_STYLE('',(#3036));
#3036 = SURFACE_STYLE_FILL_AREA(#3037);
#3037 = FILL_AREA_STYLE('',(#3038));
#3038 = FILL_AREA_STYLE_COLOUR('',#2924);
#3039 = OVER_RIDING_STYLED_ITEM('overriding color',(#3040),#427,#3032);
#3040 = PRESENTATION_STYLE_ASSIGNMENT((#3041));
#3041 = SURFACE_STYLE_USAGE(.BOTH.,#3042);
#3042 = SURFACE_SIDE_STYLE('',(#3043));
#3043 = SURFACE_STYLE_FILL_AREA(#3044);
#3044 = FILL_AREA_STYLE('',(#3045));
#3045 = FILL_AREA_STYLE_COLOUR('',#3046);
#3046 = COLOUR_RGB('',0.501960785193,0.,0.501960785193);
#3047 = OVER_RIDING_STYLED_ITEM('overriding color',(#3048),#469,#3032);
#3048 = PRESENTATION_STYLE_ASSIGNMENT((#3049));
#3049 = SURFACE_STYLE_USAGE(.BOTH.,#3050);
#3050 = SURFACE_SIDE_STYLE('',(#3051));
#3051 = SURFACE_STYLE_FILL_AREA(#3052);
#3052 = FILL_AREA_STYLE('',(#3053));
#3053 = FILL_AREA_STYLE_COLOUR('',#3054);
#3054 = COLOUR_RGB('',0.184313727102,0.623529419466,0.764705876202);
#3055 = OVER_RIDING_STYLED_ITEM('overriding color',(#3056),#518,#3032);
#3056 = PRESENTATION_STYLE_ASSIGNMENT((#3057));
#3057 = SURFACE_STYLE_USAGE(.BOTH.,#3058);
#3058 = SURFACE_SIDE_STYLE('',(#3059));
#3059 = SURFACE_STYLE_FILL_AREA(#3060);
#3060 = FILL_AREA_STYLE('',(#3061));
#3061 = FILL_AREA_STYLE_COLOUR('',#3062);
#3062 = COLOUR_RGB('',5.098039223325E-02,0.615686284538,
  5.098039223325E-02);
#3063 = OVER_RIDING_STYLED_ITEM('overriding color',(#3064),#727,#3032);
#3064 = PRESENTATION_STYLE_ASSIGNMENT((#3065));
#3065 = SURFACE_STYLE_USAGE(.BOTH.,#3066);
#3066 = SURFACE_SIDE_STYLE('',(#3067));
#3067 = SURFACE_STYLE_FILL_AREA(#3068);
#3068 = FILL_AREA_STYLE('',(#3069));
#3069 = FILL_AREA_STYLE_COLOUR('',#3054);
#3070 = OVER_RIDING_STYLED_ITEM('overriding color',(#3071),#760,#3032);
#3071 = PRESENTATION_STYLE_ASSIGNMENT((#3072));
#3072 = SURFACE_STYLE_USAGE(.BOTH.,#3073);
#3073 = SURFACE_SIDE_STYLE('',(#3074));
#3074 = SURFACE_STYLE_FILL_AREA(#3075);
#3075 = FILL_AREA_STYLE('',(#3076));
#3076 = FILL_AREA_STYLE_COLOUR('',#3054);
#3077 = OVER_RIDING_STYLED_ITEM('overriding color',(#3078),#910,#3032);
#3078 = PRESENTATION_STYLE_ASSIGNMENT((#3079));
#3079 = SURFACE_STYLE_USAGE(.BOTH.,#3080);
#3080 = SURFACE_SIDE_STYLE('',(#3081));
#3081 = SURFACE_STYLE_FILL_AREA(#3082);
#3082 = FILL_AREA_STYLE('',(#3083));
#3083 = FILL_AREA_STYLE_COLOUR('',#3062);
#3084 = OVER_RIDING_STYLED_ITEM('overriding color',(#3085),#971,#3032);
#3085 = PRESENTATION_STYLE_ASSIGNMENT((#3086));
#3086 = SURFACE_STYLE_USAGE(.BOTH.,#3087);
#3087 = SURFACE_SIDE_STYLE('',(#3088));
#3088 = SURFACE_STYLE_FILL_AREA(#3089);
#3089 = FILL_AREA_STYLE('',(#3090));
#3090 = FILL_AREA_STYLE_COLOUR('',#3046);
#3091 = OVER_RIDING_STYLED_ITEM('overriding color',(#3092),#1069,#3032);
#3092 = PRESENTATION_STYLE_ASSIGNMENT((#3093));
#3093 = SURFACE_STYLE_USAGE(.BOTH.,#3094);
#3094 = SURFACE_SIDE_STYLE('',(#3095));
#3095 = SURFACE_STYLE_FILL_AREA(#3096);
#3096 = FILL_AREA_STYLE('',(#3097));
#3097 = FILL_AREA_STYLE_COLOUR('',#3054);
#3098 = OVER_RIDING_STYLED_ITEM('overriding color',(#3099),#1140,#3032);
#3099 = PRESENTATION_STYLE_ASSIGNMENT((#3100));
#3100 = SURFACE_STYLE_USAGE(.BOTH.,#3101);
#3101 = SURFACE_SIDE_STYLE('',(#3102));
#3102 = SURFACE_STYLE_FILL_AREA(#3103);
#3103 = FILL_AREA_STYLE('',(#3104));
#3104 = FILL_AREA_STYLE_COLOUR('',#3046);
#3105 = OVER_RIDING_STYLED_ITEM('overriding color',(#3106),#1169,#3032);
#3106 = PRESENTATION_STYLE_ASSIGNMENT((#3107));
#3107 = SURFACE_STYLE_USAGE(.BOTH.,#3108);
#3108 = SURFACE_SIDE_STYLE('',(#3109));
#3109 = SURFACE_STYLE_FILL_AREA(#3110);
#3110 = FILL_AREA_STYLE('',(#3111));
#3111 = FILL_AREA_STYLE_COLOUR('',#3046);
#3112 = OVER_RIDING_STYLED_ITEM('overriding color',(#3113),#1187,#3032);
#3113 = PRESENTATION_STYLE_ASSIGNMENT((#3114));
#3114 = SURFACE_STYLE_USAGE(.BOTH.,#3115);
#3115 = SURFACE_SIDE_STYLE('',(#3116));
#3116 = SURFACE_STYLE_FILL_AREA(#3117);
#3117 = FILL_AREA_STYLE('',(#3118));
#3118 = FILL_AREA_STYLE_COLOUR('',#3046);
#3119 = OVER_RIDING_STYLED_ITEM('overriding color',(#3120),#1211,#3032);
#3120 = PRESENTATION_STYLE_ASSIGNMENT((#3121));
#3121 = SURFACE_STYLE_USAGE(.BOTH.,#3122);
#3122 = SURFACE_SIDE_STYLE('',(#3123));
#3123 = SURFACE_STYLE_FILL_AREA(#3124);
#3124 = FILL_AREA_STYLE('',(#3125));
#3125 = FILL_AREA_STYLE_COLOUR('',#3046);
#3126 = OVER_RIDING_STYLED_ITEM('overriding color',(#3127),#1232,#3032);
#3127 = PRESENTATION_STYLE_ASSIGNMENT((#3128));
#3128 = SURFACE_STYLE_USAGE(.BOTH.,#3129);
#3129 = SURFACE_SIDE_STYLE('',(#3130));
#3130 = SURFACE_STYLE_FILL_AREA(#3131);
#3131 = FILL_AREA_STYLE('',(#3132));
#3132 = FILL_AREA_STYLE_COLOUR('',#3054);
#3133 = OVER_RIDING_STYLED_ITEM('overriding color',(#3134),#1327,#3032);
#3134 = PRESENTATION_STYLE_ASSIGNMENT((#3135));
#3135 = SURFACE_STYLE_USAGE(.BOTH.,#3136);
#3136 = SURFACE_SIDE_STYLE('',(#3137));
#3137 = SURFACE_STYLE_FILL_AREA(#3138);
#3138 = FILL_AREA_STYLE('',(#3139));
#3139 = FILL_AREA_STYLE_COLOUR('',#3054);
#3140 = OVER_RIDING_STYLED_ITEM('overriding color',(#3141),#1339,#3032);
#3141 = PRESENTATION_STYLE_ASSIGNMENT((#3142));
#3142 = SURFACE_STYLE_USAGE(.BOTH.,#3143);
#3143 = SURFACE_SIDE_STYLE('',(#3144));
#3144 = SURFACE_STYLE_FILL_AREA(#3145);
#3145 = FILL_AREA_STYLE('',(#3146));
#3146 = FILL_AREA_STYLE_COLOUR('',#3054);
#3147 = OVER_RIDING_STYLED_ITEM('overriding color',(#3148),#1360,#3032);
#3148 = PRESENTATION_STYLE_ASSIGNMENT((#3149));
#3149 = SURFACE_STYLE_USAGE(.BOTH.,#3150);
#3150 = SURFACE_SIDE_STYLE('',(#3151));
#3151 = SURFACE_STYLE_FILL_AREA(#3152);
#3152 = FILL_AREA_STYLE('',(#3153));
#3153 = FILL_AREA_STYLE_COLOUR('',#3054);
#3154 = OVER_RIDING_STYLED_ITEM('overriding color',(#3155),#1385,#3032);
#3155 = PRESENTATION_STYLE_ASSIGNMENT((#3156));
#3156 = SURFACE_STYLE_USAGE(.BOTH.,#3157);
#3157 = SURFACE_SIDE_STYLE('',(#3158));
#3158 = SURFACE_STYLE_FILL_AREA(#3159);
#3159 = FILL_AREA_STYLE('',(#3160));
#3160 = FILL_AREA_STYLE_COLOUR('',#3054);
#3161 = OVER_RIDING_STYLED_ITEM('overriding color',(#3162),#1410,#3032);
#3162 = PRESENTATION_STYLE_ASSIGNMENT((#3163));
#3163 = SURFACE_STYLE_USAGE(.BOTH.,#3164);
#3164 = SURFACE_SIDE_STYLE('',(#3165));
#3165 = SURFACE_STYLE_FILL_AREA(#3166);
#3166 = FILL_AREA_STYLE('',(#3167));
#3167 = FILL_AREA_STYLE_COLOUR('',#3054);
#3168 = OVER_RIDING_STYLED_ITEM('overriding color',(#3169),#1435,#3032);
#3169 = PRESENTATION_STYLE_ASSIGNMENT((#3170));
#3170 = SURFACE_STYLE_USAGE(.BOTH.,#3171);
#3171 = SURFACE_SIDE_STYLE('',(#3172));
#3172 = SURFACE_STYLE_FILL_AREA(#3173);
#3173 = FILL_AREA_STYLE('',(#3174));
#3174 = FILL_AREA_STYLE_COLOUR('',#3054);
#3175 = OVER_RIDING_STYLED_ITEM('overriding color',(#3176),#1460,#3032);
#3176 = PRESENTATION_STYLE_ASSIGNMENT((#3177));
#3177 = SURFACE_STYLE_USAGE(.BOTH.,#3178);
#3178 = SURFACE_SIDE_STYLE('',(#3179));
#3179 = SURFACE_STYLE_FILL_AREA(#3180);
#3180 = FILL_AREA_STYLE('',(#3181));
#3181 = FILL_AREA_STYLE_COLOUR('',#3054);
#3182 = OVER_RIDING_STYLED_ITEM('overriding color',(#3183),#1501,#3032);
#3183 = PRESENTATION_STYLE_ASSIGNMENT((#3184));
#3184 = SURFACE_STYLE_USAGE(.BOTH.,#3185);
#3185 = SURFACE_SIDE_STYLE('',(#3186));
#3186 = SURFACE_STYLE_FILL_AREA(#3187);
#3187 = FILL_AREA_STYLE('',(#3188));
#3188 = FILL_AREA_STYLE_COLOUR('',#3062);
#3189 = OVER_RIDING_STYLED_ITEM('overriding color',(#3190),#1526,#3032);
#3190 = PRESENTATION_STYLE_ASSIGNMENT((#3191));
#3191 = SURFACE_STYLE_USAGE(.BOTH.,#3192);
#3192 = SURFACE_SIDE_STYLE('',(#3193));
#3193 = SURFACE_STYLE_FILL_AREA(#3194);
#3194 = FILL_AREA_STYLE('',(#3195));
#3195 = FILL_AREA_STYLE_COLOUR('',#3062);
ENDSEC;
END-ISO-10303-21;
