ISO-10303-21;
HEADER;
FILE_DESCRIPTION((''),'2;1');
FILE_NAME('Open CASCADE Shape Model','2026-06-12T15:18:41',('xzc'),(''),
  'Open CASCADE STEP processor 7.6','Autodesk Inventor 2025','Unknown');
FILE_SCHEMA(('AUTOMOTIVE_DESIGN_CC2 { 1 2 10303 214 -1 1 5 4 }'));
ENDSEC;
DATA;
#1 = APPLICATION_PROTOCOL_DEFINITION('committee draft',
  'automotive_design',1997,#2);
#2 = APPLICATION_CONTEXT(
  'core data for automotive mechanical design processes');
#3 = SHAPE_DEFINITION_REPRESENTATION(#4,#10);
#4 = PRODUCT_DEFINITION_SHAPE('','',#5);
#5 = PRODUCT_DEFINITION('design','',#6,#9);
#6 = PRODUCT_DEFINITION_FORMATION('','',#7);
#7 = PRODUCT('宇树L6连接','宇树L6连接','',(#8));
#8 = MECHANICAL_CONTEXT('',#2,'mechanical');
#9 = PRODUCT_DEFINITION_CONTEXT('part definition',#2,'design');
#10 = SHAPE_REPRESENTATION('',(#11,#15,#19),#23);
#11 = AXIS2_PLACEMENT_3D('',#12,#13,#14);
#12 = CARTESIAN_POINT('',(0.,0.,0.));
#13 = DIRECTION('',(0.,0.,1.));
#14 = DIRECTION('',(1.,0.,-0.));
#15 = AXIS2_PLACEMENT_3D('',#16,#17,#18);
#16 = CARTESIAN_POINT('',(8.341317008774E+03,985.08882000163,
    -315.3102645499));
#17 = DIRECTION('',(7.875600934935E-02,1.178802608933E-07,0.996893921634
    ));
#18 = DIRECTION('',(-0.996893921634,-9.197887939799E-09,
    7.875600934936E-02));
#19 = AXIS2_PLACEMENT_3D('',#20,#21,#22);
#20 = CARTESIAN_POINT('',(8.349327204758E+03,985.15353973147,
    -321.9002441998));
#21 = DIRECTION('',(-7.875600934935E-02,-1.17880262895E-07,
    -0.996893921634));
#22 = DIRECTION('',(-0.996893921634,-9.197895279245E-09,
    7.875600934935E-02));
#23 = ( GEOMETRIC_REPRESENTATION_CONTEXT(3) 
GLOBAL_UNCERTAINTY_ASSIGNED_CONTEXT((#27)) GLOBAL_UNIT_ASSIGNED_CONTEXT(
(#24,#25,#26)) REPRESENTATION_CONTEXT('Context #1',
  '3D Context with UNIT and UNCERTAINTY') );
#24 = ( LENGTH_UNIT() NAMED_UNIT(*) SI_UNIT(.MILLI.,.METRE.) );
#25 = ( NAMED_UNIT(*) PLANE_ANGLE_UNIT() SI_UNIT($,.RADIAN.) );
#26 = ( NAMED_UNIT(*) SI_UNIT($,.STERADIAN.) SOLID_ANGLE_UNIT() );
#27 = UNCERTAINTY_MEASURE_WITH_UNIT(LENGTH_MEASURE(1.E-04),#24,
  'distance_accuracy_value','confusion accuracy');
#28 = PRODUCT_TYPE('part',$,(#7));
#29 = ADVANCED_BREP_SHAPE_REPRESENTATION('',(#11,#30),#1336);
#30 = MANIFOLD_SOLID_BREP('',#31);
#31 = CLOSED_SHELL('',(#32,#72,#105,#146,#171,#196,#227,#251,#293,#342,
    #384,#426,#482,#515,#548,#589,#636,#683,#726,#750,#773,#806,#848,
    #895,#919,#948,#966,#990,#1011,#1067,#1094,#1106,#1124,#1145,#1170,
    #1195,#1220,#1245,#1286,#1299,#1324));
#32 = ADVANCED_FACE('',(#33),#67,.F.);
#33 = FACE_BOUND('',#34,.T.);
#34 = EDGE_LOOP('',(#35,#45,#53,#61));
#35 = ORIENTED_EDGE('',*,*,#36,.F.);
#36 = EDGE_CURVE('',#37,#39,#41,.T.);
#37 = VERTEX_POINT('',#38);
#38 = CARTESIAN_POINT('',(-38.79521742131,-5.246440220038,7.440645967186
    ));
#39 = VERTEX_POINT('',#40);
#40 = CARTESIAN_POINT('',(-38.79521742131,-5.166585282865,
    -13.24691621877));
#41 = LINE('',#42,#43);
#42 = CARTESIAN_POINT('',(-38.79521742131,-5.226477108349,2.268916715331
    ));
#43 = VECTOR('',#44,1.);
#44 = DIRECTION('',(1.706967900361E-14,3.860017025906E-03,
    -0.999992550107));
#45 = ORIENTED_EDGE('',*,*,#46,.T.);
#46 = EDGE_CURVE('',#37,#47,#49,.T.);
#47 = VERTEX_POINT('',#48);
#48 = CARTESIAN_POINT('',(-40.64536628606,-5.246440220038,7.440645967186
    ));
#49 = LINE('',#50,#51);
#50 = CARTESIAN_POINT('',(-26.89536628606,-5.246440220037,7.440645967186
    ));
#51 = VECTOR('',#52,1.);
#52 = DIRECTION('',(-1.,-7.286733719368E-15,-8.076872504148E-15));
#53 = ORIENTED_EDGE('',*,*,#54,.T.);
#54 = EDGE_CURVE('',#47,#55,#57,.T.);
#55 = VERTEX_POINT('',#56);
#56 = CARTESIAN_POINT('',(-40.64536628606,-5.166585282865,
    -13.24691621877));
#57 = LINE('',#58,#59);
#58 = CARTESIAN_POINT('',(-40.64536628606,-5.166585282864,
    -13.24691621877));
#59 = VECTOR('',#60,1.);
#60 = DIRECTION('',(8.326672684689E-15,3.860017025906E-03,
    -0.999992550107));
#61 = ORIENTED_EDGE('',*,*,#62,.F.);
#62 = EDGE_CURVE('',#39,#55,#63,.T.);
#63 = LINE('',#64,#65);
#64 = CARTESIAN_POINT('',(-26.89536628606,-5.166585282864,
    -13.24691621877));
#65 = VECTOR('',#66,1.);
#66 = DIRECTION('',(-1.,-7.286733719368E-15,-8.076872504148E-15));
#67 = PLANE('',#68);
#68 = AXIS2_PLACEMENT_3D('',#69,#70,#71);
#69 = CARTESIAN_POINT('',(-26.89536628606,-5.246440220037,7.440645967186
    ));
#70 = DIRECTION('',(-7.317714142974E-15,0.999992550107,
    3.860017025906E-03));
#71 = DIRECTION('',(8.326672684689E-15,3.860017025906E-03,
    -0.999992550107));
#72 = ADVANCED_FACE('',(#73),#100,.T.);
#73 = FACE_BOUND('',#74,.T.);
#74 = EDGE_LOOP('',(#75,#85,#92,#93));
#75 = ORIENTED_EDGE('',*,*,#76,.F.);
#76 = EDGE_CURVE('',#77,#79,#81,.T.);
#77 = VERTEX_POINT('',#78);
#78 = CARTESIAN_POINT('',(-40.64536628606,-5.798506354376,-11.9082959963
    ));
#79 = VERTEX_POINT('',#80);
#80 = CARTESIAN_POINT('',(-40.64536628606,-5.798861051487,6.350977446603
    ));
#81 = LINE('',#82,#83);
#82 = CARTESIAN_POINT('',(-40.64536628606,-5.798584009383,
    -7.910733112486));
#83 = VECTOR('',#84,1.);
#84 = DIRECTION('',(-8.354428260304E-15,-1.942558731978E-05,
    0.999999999811));
#85 = ORIENTED_EDGE('',*,*,#86,.F.);
#86 = EDGE_CURVE('',#55,#77,#87,.T.);
#87 = CIRCLE('',#88,4.66469001599);
#88 = AXIS2_PLACEMENT_3D('',#89,#90,#91);
#89 = CARTESIAN_POINT('',(-40.64536628606,-9.647397297635,
    -14.54370326126));
#90 = DIRECTION('',(1.,6.949487644063E-15,8.409939411536E-15));
#91 = DIRECTION('',(-8.784583139804E-15,5.579464265092E-02,
    0.998442265658));
#92 = ORIENTED_EDGE('',*,*,#54,.F.);
#93 = ORIENTED_EDGE('',*,*,#94,.F.);
#94 = EDGE_CURVE('',#79,#47,#95,.T.);
#95 = CIRCLE('',#96,4.66469001599);
#96 = AXIS2_PLACEMENT_3D('',#97,#98,#99);
#97 = CARTESIAN_POINT('',(-40.64536628606,-9.647397297635,8.986902655587
    ));
#98 = DIRECTION('',(1.,6.949108649758E-15,8.409939411536E-15));
#99 = DIRECTION('',(-8.409939411535E-15,-3.601390884473E-14,1.));
#100 = PLANE('',#101);
#101 = AXIS2_PLACEMENT_3D('',#102,#103,#104);
#102 = CARTESIAN_POINT('',(-40.64536628606,-9.739336114444,
    -2.903134591463));
#103 = DIRECTION('',(1.,6.949108648104E-15,8.409939411536E-15));
#104 = DIRECTION('',(-8.409940230698E-15,1.178802604359E-07,1.));
#105 = ADVANCED_FACE('',(#106),#141,.T.);
#106 = FACE_BOUND('',#107,.T.);
#107 = EDGE_LOOP('',(#108,#119,#127,#135));
#108 = ORIENTED_EDGE('',*,*,#109,.F.);
#109 = EDGE_CURVE('',#110,#112,#114,.T.);
#110 = VERTEX_POINT('',#111);
#111 = CARTESIAN_POINT('',(-40.64536628606,-13.55669330052,
    4.322212639597));
#112 = VERTEX_POINT('',#113);
#113 = CARTESIAN_POINT('',(-40.64536628606,-13.36802865601,
    4.108802676084));
#114 = CIRCLE('',#115,4.382186146969);
#115 = AXIS2_PLACEMENT_3D('',#116,#117,#118);
#116 = CARTESIAN_POINT('',(-40.64536628606,-10.1809287267,7.116451170714
    ));
#117 = DIRECTION('',(1.,6.949108648104E-15,8.409939411536E-15));
#118 = DIRECTION('',(-6.949108648104E-15,1.,6.41091743908E-16));
#119 = ORIENTED_EDGE('',*,*,#120,.F.);
#120 = EDGE_CURVE('',#121,#110,#123,.T.);
#121 = VERTEX_POINT('',#122);
#122 = CARTESIAN_POINT('',(-40.64536628606,-14.31208731362,
    4.322212639597));
#123 = LINE('',#124,#125);
#124 = CARTESIAN_POINT('',(-40.64536628606,-9.647397297635,
    4.322212639597));
#125 = VECTOR('',#126,1.);
#126 = DIRECTION('',(-6.949108641486E-15,1.,5.124627668201E-14));
#127 = ORIENTED_EDGE('',*,*,#128,.F.);
#128 = EDGE_CURVE('',#129,#121,#131,.T.);
#129 = VERTEX_POINT('',#130);
#130 = CARTESIAN_POINT('',(-40.64536628606,-14.31208731362,
    4.108802676084));
#131 = LINE('',#132,#133);
#132 = CARTESIAN_POINT('',(-40.64536628606,-14.31208731362,
    4.322212639597));
#133 = VECTOR('',#134,1.);
#134 = DIRECTION('',(-8.340550472496E-15,4.457606824642E-15,1.));
#135 = ORIENTED_EDGE('',*,*,#136,.F.);
#136 = EDGE_CURVE('',#112,#129,#137,.T.);
#137 = LINE('',#138,#139);
#138 = CARTESIAN_POINT('',(-40.64536628606,-9.525007309818,
    4.108802676084));
#139 = VECTOR('',#140,1.);
#140 = DIRECTION('',(6.949108638178E-15,-1.,-4.57394707788E-16));
#141 = PLANE('',#142);
#142 = AXIS2_PLACEMENT_3D('',#143,#144,#145);
#143 = CARTESIAN_POINT('',(-40.64536628606,-9.739336114444,
    -2.903134591463));
#144 = DIRECTION('',(1.,6.949108648104E-15,8.409939411536E-15));
#145 = DIRECTION('',(-8.409940230698E-15,1.178802604359E-07,1.));
#146 = ADVANCED_FACE('',(#147),#166,.T.);
#147 = FACE_BOUND('',#148,.T.);
#148 = EDGE_LOOP('',(#149,#158,#159,#160));
#149 = ORIENTED_EDGE('',*,*,#150,.F.);
#150 = EDGE_CURVE('',#39,#151,#153,.T.);
#151 = VERTEX_POINT('',#152);
#152 = CARTESIAN_POINT('',(-38.79521742131,-5.798506354376,
    -11.9082959963));
#153 = CIRCLE('',#154,4.66469001599);
#154 = AXIS2_PLACEMENT_3D('',#155,#156,#157);
#155 = CARTESIAN_POINT('',(-38.79521742131,-9.647397297635,
    -14.54370326126));
#156 = DIRECTION('',(1.,-3.903365172153E-16,1.709743457923E-14));
#157 = DIRECTION('',(-1.704902263172E-14,5.579464265092E-02,
    0.998442265658));
#158 = ORIENTED_EDGE('',*,*,#62,.T.);
#159 = ORIENTED_EDGE('',*,*,#86,.T.);
#160 = ORIENTED_EDGE('',*,*,#161,.F.);
#161 = EDGE_CURVE('',#151,#77,#162,.T.);
#162 = LINE('',#163,#164);
#163 = CARTESIAN_POINT('',(-26.89536628606,-5.798506354376,
    -11.9082959963));
#164 = VECTOR('',#165,1.);
#165 = DIRECTION('',(-1.,-7.286733719368E-15,-8.076872504148E-15));
#166 = CYLINDRICAL_SURFACE('',#167,4.66469001599);
#167 = AXIS2_PLACEMENT_3D('',#168,#169,#170);
#168 = CARTESIAN_POINT('',(-26.89536628606,-9.647397297636,
    -14.54370326126));
#169 = DIRECTION('',(-1.,-7.286733719368E-15,-8.076872504148E-15));
#170 = DIRECTION('',(-8.470851586434E-15,5.579464265092E-02,
    0.998442265658));
#171 = ADVANCED_FACE('',(#172),#191,.T.);
#172 = FACE_BOUND('',#173,.T.);
#173 = EDGE_LOOP('',(#174,#183,#189,#190));
#174 = ORIENTED_EDGE('',*,*,#175,.F.);
#175 = EDGE_CURVE('',#176,#37,#178,.T.);
#176 = VERTEX_POINT('',#177);
#177 = CARTESIAN_POINT('',(-38.79521742131,-5.798861051487,
    6.350977446604));
#178 = CIRCLE('',#179,4.66469001599);
#179 = AXIS2_PLACEMENT_3D('',#180,#181,#182);
#180 = CARTESIAN_POINT('',(-38.79521742131,-9.647397297636,
    8.986902655587));
#181 = DIRECTION('',(1.,-3.903365172153E-16,1.709743457923E-14));
#182 = DIRECTION('',(-1.709743457923E-14,-3.601390890147E-14,1.));
#183 = ORIENTED_EDGE('',*,*,#184,.F.);
#184 = EDGE_CURVE('',#79,#176,#185,.T.);
#185 = LINE('',#186,#187);
#186 = CARTESIAN_POINT('',(-26.89536628606,-5.798861051487,
    6.350977446603));
#187 = VECTOR('',#188,1.);
#188 = DIRECTION('',(1.,7.286733722676E-15,8.090750291956E-15));
#189 = ORIENTED_EDGE('',*,*,#94,.T.);
#190 = ORIENTED_EDGE('',*,*,#46,.F.);
#191 = CYLINDRICAL_SURFACE('',#192,4.66469001599);
#192 = AXIS2_PLACEMENT_3D('',#193,#194,#195);
#193 = CARTESIAN_POINT('',(-26.89536628606,-9.647397297635,
    8.986902655587));
#194 = DIRECTION('',(-1.,-7.286733719368E-15,-8.076872504148E-15));
#195 = DIRECTION('',(-8.076872504148E-15,-3.601390890147E-14,1.));
#196 = ADVANCED_FACE('',(#197),#222,.F.);
#197 = FACE_BOUND('',#198,.T.);
#198 = EDGE_LOOP('',(#199,#207,#215,#221));
#199 = ORIENTED_EDGE('',*,*,#200,.F.);
#200 = EDGE_CURVE('',#201,#110,#203,.T.);
#201 = VERTEX_POINT('',#202);
#202 = CARTESIAN_POINT('',(-38.79521742131,-13.55669330052,
    4.322212639597));
#203 = LINE('',#204,#205);
#204 = CARTESIAN_POINT('',(-38.79521742131,-13.55669330052,
    4.322212639597));
#205 = VECTOR('',#206,1.);
#206 = DIRECTION('',(-1.,3.903365172153E-16,-1.709743457923E-14));
#207 = ORIENTED_EDGE('',*,*,#208,.F.);
#208 = EDGE_CURVE('',#209,#201,#211,.T.);
#209 = VERTEX_POINT('',#210);
#210 = CARTESIAN_POINT('',(-38.79521742131,-14.31208731362,
    4.322212639597));
#211 = LINE('',#212,#213);
#212 = CARTESIAN_POINT('',(-38.79521742131,-7.246237614888,
    4.322212639598));
#213 = VECTOR('',#214,1.);
#214 = DIRECTION('',(3.903365287958E-16,1.,5.124627662907E-14));
#215 = ORIENTED_EDGE('',*,*,#216,.T.);
#216 = EDGE_CURVE('',#209,#121,#217,.T.);
#217 = LINE('',#218,#219);
#218 = CARTESIAN_POINT('',(-26.89536628606,-14.31208731362,
    4.322212639597));
#219 = VECTOR('',#220,1.);
#220 = DIRECTION('',(-1.,-7.286733719368E-15,-8.076872504148E-15));
#221 = ORIENTED_EDGE('',*,*,#120,.T.);
#222 = PLANE('',#223);
#223 = AXIS2_PLACEMENT_3D('',#224,#225,#226);
#224 = CARTESIAN_POINT('',(-26.89536628606,-14.31208731362,
    4.322212639597));
#225 = DIRECTION('',(-8.021361352917E-15,-5.124627662907E-14,1.));
#226 = DIRECTION('',(-6.949108639832E-15,1.,5.124627662907E-14));
#227 = ADVANCED_FACE('',(#228),#246,.F.);
#228 = FACE_BOUND('',#229,.T.);
#229 = EDGE_LOOP('',(#230,#238,#244,#245));
#230 = ORIENTED_EDGE('',*,*,#231,.F.);
#231 = EDGE_CURVE('',#232,#209,#234,.T.);
#232 = VERTEX_POINT('',#233);
#233 = CARTESIAN_POINT('',(-38.79521742131,-14.31208731362,
    4.108802676084));
#234 = LINE('',#235,#236);
#235 = CARTESIAN_POINT('',(-38.79521742131,-14.31208731362,
    -6.381212352507));
#236 = VECTOR('',#237,1.);
#237 = DIRECTION('',(-1.7041923428E-14,4.457606824642E-15,1.));
#238 = ORIENTED_EDGE('',*,*,#239,.F.);
#239 = EDGE_CURVE('',#129,#232,#240,.T.);
#240 = LINE('',#241,#242);
#241 = CARTESIAN_POINT('',(-35.85579185368,-14.31208731362,
    4.108802676084));
#242 = VECTOR('',#243,1.);
#243 = DIRECTION('',(1.,7.286733717713E-15,1.711131236704E-14));
#244 = ORIENTED_EDGE('',*,*,#128,.T.);
#245 = ORIENTED_EDGE('',*,*,#216,.F.);
#246 = PLANE('',#247);
#247 = AXIS2_PLACEMENT_3D('',#248,#249,#250);
#248 = CARTESIAN_POINT('',(-26.89536628606,-14.31208731362,
    -9.879013245273));
#249 = DIRECTION('',(7.286733711096E-15,-1.,4.457606771702E-15));
#250 = DIRECTION('',(-8.354428260304E-15,4.457606771702E-15,1.));
#251 = ADVANCED_FACE('',(#252),#288,.F.);
#252 = FACE_BOUND('',#253,.F.);
#253 = EDGE_LOOP('',(#254,#263,#271,#280,#286,#287));
#254 = ORIENTED_EDGE('',*,*,#255,.T.);
#255 = EDGE_CURVE('',#201,#256,#258,.T.);
#256 = VERTEX_POINT('',#257);
#257 = CARTESIAN_POINT('',(-38.79521742131,-5.798876586989,
    7.150721734609));
#258 = CIRCLE('',#259,4.382186146969);
#259 = AXIS2_PLACEMENT_3D('',#260,#261,#262);
#260 = CARTESIAN_POINT('',(-38.79521742131,-10.1809287267,7.116451170714
    ));
#261 = DIRECTION('',(-1.,3.903365172153E-16,-1.709743457923E-14));
#262 = DIRECTION('',(3.903365172153E-16,1.,6.410917439081E-16));
#263 = ORIENTED_EDGE('',*,*,#264,.T.);
#264 = EDGE_CURVE('',#256,#265,#267,.T.);
#265 = VERTEX_POINT('',#266);
#266 = CARTESIAN_POINT('',(-56.79521742131,-5.798876586989,
    7.150721734609));
#267 = LINE('',#268,#269);
#268 = CARTESIAN_POINT('',(-38.79521742131,-5.798876586989,
    7.150721734609));
#269 = VECTOR('',#270,1.);
#270 = DIRECTION('',(-1.,3.903365172153E-16,-1.709743457923E-14));
#271 = ORIENTED_EDGE('',*,*,#272,.F.);
#272 = EDGE_CURVE('',#273,#265,#275,.T.);
#273 = VERTEX_POINT('',#274);
#274 = CARTESIAN_POINT('',(-56.79521742131,-13.36802865601,
    4.108802676083));
#275 = CIRCLE('',#276,4.382186146969);
#276 = AXIS2_PLACEMENT_3D('',#277,#278,#279);
#277 = CARTESIAN_POINT('',(-56.79521742131,-10.1809287267,7.116451170714
    ));
#278 = DIRECTION('',(-1.,3.903365172153E-16,-1.709743457923E-14));
#279 = DIRECTION('',(3.903365172153E-16,1.,6.410917439081E-16));
#280 = ORIENTED_EDGE('',*,*,#281,.T.);
#281 = EDGE_CURVE('',#273,#112,#282,.T.);
#282 = LINE('',#283,#284);
#283 = CARTESIAN_POINT('',(-38.79521742131,-13.36802865601,
    4.108802676084));
#284 = VECTOR('',#285,1.);
#285 = DIRECTION('',(1.,-3.903365172153E-16,1.709743457923E-14));
#286 = ORIENTED_EDGE('',*,*,#109,.F.);
#287 = ORIENTED_EDGE('',*,*,#200,.F.);
#288 = CYLINDRICAL_SURFACE('',#289,4.382186146969);
#289 = AXIS2_PLACEMENT_3D('',#290,#291,#292);
#290 = CARTESIAN_POINT('',(-38.79521742131,-10.1809287267,7.116451170714
    ));
#291 = DIRECTION('',(-1.,3.903365172153E-16,-1.709743457923E-14));
#292 = DIRECTION('',(-1.600979907367E-14,-0.372896963834,0.927872757636)
  );
#293 = ADVANCED_FACE('',(#294),#337,.T.);
#294 = FACE_BOUND('',#295,.T.);
#295 = EDGE_LOOP('',(#296,#297,#298,#306,#314,#322,#330,#336));
#296 = ORIENTED_EDGE('',*,*,#136,.T.);
#297 = ORIENTED_EDGE('',*,*,#239,.T.);
#298 = ORIENTED_EDGE('',*,*,#299,.F.);
#299 = EDGE_CURVE('',#300,#232,#302,.T.);
#300 = VERTEX_POINT('',#301);
#301 = CARTESIAN_POINT('',(-38.79521742131,-15.89645375013,
    4.108802676084));
#302 = LINE('',#303,#304);
#303 = CARTESIAN_POINT('',(-38.79521742131,-9.295053481892,
    4.108802676084));
#304 = VECTOR('',#305,1.);
#305 = DIRECTION('',(3.903365254871E-16,1.,4.573946945531E-16));
#306 = ORIENTED_EDGE('',*,*,#307,.F.);
#307 = EDGE_CURVE('',#308,#300,#310,.T.);
#308 = VERTEX_POINT('',#309);
#309 = CARTESIAN_POINT('',(-62.79521742131,-15.89645375013,
    4.108802676084));
#310 = LINE('',#311,#312);
#311 = CARTESIAN_POINT('',(-44.81621742131,-15.89645375013,
    4.108802676084));
#312 = VECTOR('',#313,1.);
#313 = DIRECTION('',(1.,-3.903365172153E-16,1.709743457923E-14));
#314 = ORIENTED_EDGE('',*,*,#315,.F.);
#315 = EDGE_CURVE('',#316,#308,#318,.T.);
#316 = VERTEX_POINT('',#317);
#317 = CARTESIAN_POINT('',(-62.79521742131,-9.359917643277,
    4.108802676084));
#318 = LINE('',#319,#320);
#319 = CARTESIAN_POINT('',(-62.79521742131,-9.295053481892,
    4.108802676083));
#320 = VECTOR('',#321,1.);
#321 = DIRECTION('',(-3.903365254871E-16,-1.,-4.573946945531E-16));
#322 = ORIENTED_EDGE('',*,*,#323,.F.);
#323 = EDGE_CURVE('',#324,#316,#326,.T.);
#324 = VERTEX_POINT('',#325);
#325 = CARTESIAN_POINT('',(-56.79521742131,-9.359917643277,
    4.108802676084));
#326 = LINE('',#327,#328);
#327 = CARTESIAN_POINT('',(-44.81621742131,-9.359917643277,
    4.108802676084));
#328 = VECTOR('',#329,1.);
#329 = DIRECTION('',(-1.,3.903365172153E-16,-1.709743457923E-14));
#330 = ORIENTED_EDGE('',*,*,#331,.T.);
#331 = EDGE_CURVE('',#324,#273,#332,.T.);
#332 = LINE('',#333,#334);
#333 = CARTESIAN_POINT('',(-56.79521742131,-9.745803615945,
    4.108802676083));
#334 = VECTOR('',#335,1.);
#335 = DIRECTION('',(-3.903365254871E-16,-1.,-4.573946945531E-16));
#336 = ORIENTED_EDGE('',*,*,#281,.T.);
#337 = PLANE('',#338);
#338 = AXIS2_PLACEMENT_3D('',#339,#340,#341);
#339 = CARTESIAN_POINT('',(-44.81621742131,-9.310678505191,
    4.108802676084));
#340 = DIRECTION('',(1.7041923428E-14,4.573946680833E-16,-1.));
#341 = DIRECTION('',(-3.903365254871E-16,-1.,-4.573946680833E-16));
#342 = ADVANCED_FACE('',(#343),#379,.T.);
#343 = FACE_BOUND('',#344,.T.);
#344 = EDGE_LOOP('',(#345,#355,#364,#372));
#345 = ORIENTED_EDGE('',*,*,#346,.T.);
#346 = EDGE_CURVE('',#347,#349,#351,.T.);
#347 = VERTEX_POINT('',#348);
#348 = CARTESIAN_POINT('',(-38.79521742131,9.854031224036,2.734797068133
    ));
#349 = VERTEX_POINT('',#350);
#350 = CARTESIAN_POINT('',(-56.79521742131,9.854031224036,2.734797068133
    ));
#351 = LINE('',#352,#353);
#352 = CARTESIAN_POINT('',(-38.79521742131,9.854031224036,2.734797068133
    ));
#353 = VECTOR('',#354,1.);
#354 = DIRECTION('',(-1.,3.903365172153E-16,-1.709743457923E-14));
#355 = ORIENTED_EDGE('',*,*,#356,.T.);
#356 = EDGE_CURVE('',#349,#357,#359,.T.);
#357 = VERTEX_POINT('',#358);
#358 = CARTESIAN_POINT('',(-56.79521742131,5.437140116661,7.151250299953
    ));
#359 = CIRCLE('',#360,11.500331546502);
#360 = AXIS2_PLACEMENT_3D('',#361,#362,#363);
#361 = CARTESIAN_POINT('',(-56.79521742131,-0.180396181283,
    -2.883734085723));
#362 = DIRECTION('',(1.,-3.903365172153E-16,1.709743457923E-14));
#363 = DIRECTION('',(3.903365172153E-16,1.,4.573947093187E-16));
#364 = ORIENTED_EDGE('',*,*,#365,.T.);
#365 = EDGE_CURVE('',#357,#366,#368,.T.);
#366 = VERTEX_POINT('',#367);
#367 = CARTESIAN_POINT('',(-38.79521742131,5.437140116661,7.151250299953
    ));
#368 = LINE('',#369,#370);
#369 = CARTESIAN_POINT('',(-38.79521742131,5.437140116661,7.151250299953
    ));
#370 = VECTOR('',#371,1.);
#371 = DIRECTION('',(1.,-3.903365172153E-16,1.709743457923E-14));
#372 = ORIENTED_EDGE('',*,*,#373,.F.);
#373 = EDGE_CURVE('',#347,#366,#374,.T.);
#374 = CIRCLE('',#375,11.500331546502);
#375 = AXIS2_PLACEMENT_3D('',#376,#377,#378);
#376 = CARTESIAN_POINT('',(-38.79521742131,-0.180396181283,
    -2.883734085722));
#377 = DIRECTION('',(1.,-3.903365172153E-16,1.709743457923E-14));
#378 = DIRECTION('',(1.472777000549E-14,-0.48851552917,-0.872555200408)
  );
#379 = CYLINDRICAL_SURFACE('',#380,11.500331546502);
#380 = AXIS2_PLACEMENT_3D('',#381,#382,#383);
#381 = CARTESIAN_POINT('',(-38.79521742131,-0.180396181283,
    -2.883734085722));
#382 = DIRECTION('',(-1.,3.903365172153E-16,-1.709743457923E-14));
#383 = DIRECTION('',(-1.181431529724E-14,0.7070717285,0.707141832135));
#384 = ADVANCED_FACE('',(#385),#421,.T.);
#385 = FACE_BOUND('',#386,.T.);
#386 = EDGE_LOOP('',(#387,#397,#406,#414));
#387 = ORIENTED_EDGE('',*,*,#388,.T.);
#388 = EDGE_CURVE('',#389,#391,#393,.T.);
#389 = VERTEX_POINT('',#390);
#390 = CARTESIAN_POINT('',(-56.79521742131,9.854611344907,
    -8.501229046003));
#391 = VERTEX_POINT('',#392);
#392 = CARTESIAN_POINT('',(-38.79521742131,9.854611344907,
    -8.501229046003));
#393 = LINE('',#394,#395);
#394 = CARTESIAN_POINT('',(-38.79521742131,9.854611344907,
    -8.501229046003));
#395 = VECTOR('',#396,1.);
#396 = DIRECTION('',(1.,-3.903365172153E-16,1.709743457923E-14));
#397 = ORIENTED_EDGE('',*,*,#398,.F.);
#398 = EDGE_CURVE('',#399,#391,#401,.T.);
#399 = VERTEX_POINT('',#400);
#400 = CARTESIAN_POINT('',(-38.79521742131,5.437540127888,
    -12.91849453655));
#401 = CIRCLE('',#402,11.500331546502);
#402 = AXIS2_PLACEMENT_3D('',#403,#404,#405);
#403 = CARTESIAN_POINT('',(-38.79521742131,-0.180396181283,
    -2.883734085722));
#404 = DIRECTION('',(1.,-3.903365172153E-16,1.709743457923E-14));
#405 = DIRECTION('',(1.472777000549E-14,-0.48851552917,-0.872555200408)
  );
#406 = ORIENTED_EDGE('',*,*,#407,.T.);
#407 = EDGE_CURVE('',#399,#408,#410,.T.);
#408 = VERTEX_POINT('',#409);
#409 = CARTESIAN_POINT('',(-56.79521742131,5.437540127888,
    -12.91849453655));
#410 = LINE('',#411,#412);
#411 = CARTESIAN_POINT('',(-38.79521742131,5.437540127888,
    -12.91849453655));
#412 = VECTOR('',#413,1.);
#413 = DIRECTION('',(-1.,3.903365172153E-16,-1.709743457923E-14));
#414 = ORIENTED_EDGE('',*,*,#415,.T.);
#415 = EDGE_CURVE('',#408,#389,#416,.T.);
#416 = CIRCLE('',#417,11.500331546502);
#417 = AXIS2_PLACEMENT_3D('',#418,#419,#420);
#418 = CARTESIAN_POINT('',(-56.79521742131,-0.180396181283,
    -2.883734085723));
#419 = DIRECTION('',(1.,-3.903365172153E-16,1.709743457923E-14));
#420 = DIRECTION('',(3.903365172153E-16,1.,4.573947093187E-16));
#421 = CYLINDRICAL_SURFACE('',#422,11.500331546502);
#422 = AXIS2_PLACEMENT_3D('',#423,#424,#425);
#423 = CARTESIAN_POINT('',(-38.79521742131,-0.180396181283,
    -2.883734085722));
#424 = DIRECTION('',(-1.,3.903365172153E-16,-1.709743457923E-14));
#425 = DIRECTION('',(1.472777000549E-14,-0.48851552917,-0.872555200408)
  );
#426 = ADVANCED_FACE('',(#427),#477,.T.);
#427 = FACE_BOUND('',#428,.T.);
#428 = EDGE_LOOP('',(#429,#430,#436,#437,#445,#453,#461,#469,#475,#476)
  );
#429 = ORIENTED_EDGE('',*,*,#184,.T.);
#430 = ORIENTED_EDGE('',*,*,#431,.F.);
#431 = EDGE_CURVE('',#256,#176,#432,.T.);
#432 = LINE('',#433,#434);
#433 = CARTESIAN_POINT('',(-38.79521742131,-5.798876586989,
    7.150721734609));
#434 = VECTOR('',#435,1.);
#435 = DIRECTION('',(1.7041923428E-14,1.942558731978E-05,-0.999999999811
    ));
#436 = ORIENTED_EDGE('',*,*,#264,.T.);
#437 = ORIENTED_EDGE('',*,*,#438,.F.);
#438 = EDGE_CURVE('',#439,#265,#441,.T.);
#439 = VERTEX_POINT('',#440);
#440 = CARTESIAN_POINT('',(-62.79521742131,-5.798876586989,
    7.150721734608));
#441 = LINE('',#442,#443);
#442 = CARTESIAN_POINT('',(-44.81621742131,-5.798876586989,
    7.150721734609));
#443 = VECTOR('',#444,1.);
#444 = DIRECTION('',(1.,-3.903365172153E-16,1.709743457923E-14));
#445 = ORIENTED_EDGE('',*,*,#446,.T.);
#446 = EDGE_CURVE('',#439,#447,#449,.T.);
#447 = VERTEX_POINT('',#448);
#448 = CARTESIAN_POINT('',(-62.79521742131,-5.798486732353,
    -12.91840818304));
#449 = LINE('',#450,#451);
#450 = CARTESIAN_POINT('',(-62.79521742131,-5.798584195458,
    -7.901154268235));
#451 = VECTOR('',#452,1.);
#452 = DIRECTION('',(1.7041923428E-14,1.942558731978E-05,-0.999999999811
    ));
#453 = ORIENTED_EDGE('',*,*,#454,.F.);
#454 = EDGE_CURVE('',#455,#447,#457,.T.);
#455 = VERTEX_POINT('',#456);
#456 = CARTESIAN_POINT('',(-56.79521742131,-5.798486732353,
    -12.91840818304));
#457 = LINE('',#458,#459);
#458 = CARTESIAN_POINT('',(-44.81621742131,-5.798486732353,
    -12.91840818304));
#459 = VECTOR('',#460,1.);
#460 = DIRECTION('',(-1.,3.903365172153E-16,-1.709743457923E-14));
#461 = ORIENTED_EDGE('',*,*,#462,.T.);
#462 = EDGE_CURVE('',#455,#463,#465,.T.);
#463 = VERTEX_POINT('',#464);
#464 = CARTESIAN_POINT('',(-38.79521742131,-5.798486732353,
    -12.91840818304));
#465 = LINE('',#466,#467);
#466 = CARTESIAN_POINT('',(-38.79521742131,-5.798486732353,
    -12.91840818304));
#467 = VECTOR('',#468,1.);
#468 = DIRECTION('',(1.,-3.903365172153E-16,1.709743457923E-14));
#469 = ORIENTED_EDGE('',*,*,#470,.F.);
#470 = EDGE_CURVE('',#151,#463,#471,.T.);
#471 = LINE('',#472,#473);
#472 = CARTESIAN_POINT('',(-38.79521742131,-5.798876586989,
    7.150721734609));
#473 = VECTOR('',#474,1.);
#474 = DIRECTION('',(1.7041923428E-14,1.942558731978E-05,-0.999999999811
    ));
#475 = ORIENTED_EDGE('',*,*,#161,.T.);
#476 = ORIENTED_EDGE('',*,*,#76,.T.);
#477 = PLANE('',#478);
#478 = AXIS2_PLACEMENT_3D('',#479,#480,#481);
#479 = CARTESIAN_POINT('',(-38.79521742131,-5.798486732353,
    -12.91840818304));
#480 = DIRECTION('',(-3.900053091349E-16,-0.999999999811,
    -1.942558731978E-05));
#481 = DIRECTION('',(-1.7041923428E-14,-1.942558731978E-05,
    0.999999999811));
#482 = ADVANCED_FACE('',(#483),#510,.F.);
#483 = FACE_BOUND('',#484,.F.);
#484 = EDGE_LOOP('',(#485,#494,#502,#509));
#485 = ORIENTED_EDGE('',*,*,#486,.T.);
#486 = EDGE_CURVE('',#439,#487,#489,.T.);
#487 = VERTEX_POINT('',#488);
#488 = CARTESIAN_POINT('',(-62.79521742131,-9.280786099276,
    4.147661865294));
#489 = CIRCLE('',#490,11.500331546502);
#490 = AXIS2_PLACEMENT_3D('',#491,#492,#493);
#491 = CARTESIAN_POINT('',(-62.79521742131,-0.180396181283,
    -2.883734085723));
#492 = DIRECTION('',(1.,-3.903365172153E-16,1.709743457923E-14));
#493 = DIRECTION('',(3.903365172153E-16,1.,4.573947093187E-16));
#494 = ORIENTED_EDGE('',*,*,#495,.T.);
#495 = EDGE_CURVE('',#487,#496,#498,.T.);
#496 = VERTEX_POINT('',#497);
#497 = CARTESIAN_POINT('',(-56.79521742131,-9.280786099276,
    4.147661865294));
#498 = LINE('',#499,#500);
#499 = CARTESIAN_POINT('',(-44.81621742131,-9.280786099276,
    4.147661865294));
#500 = VECTOR('',#501,1.);
#501 = DIRECTION('',(1.,-3.903365172153E-16,1.709743457923E-14));
#502 = ORIENTED_EDGE('',*,*,#503,.F.);
#503 = EDGE_CURVE('',#265,#496,#504,.T.);
#504 = CIRCLE('',#505,11.500331546502);
#505 = AXIS2_PLACEMENT_3D('',#506,#507,#508);
#506 = CARTESIAN_POINT('',(-56.79521742131,-0.180396181283,
    -2.883734085723));
#507 = DIRECTION('',(1.,-3.903365172153E-16,1.709743457923E-14));
#508 = DIRECTION('',(3.903365172153E-16,1.,4.573947093187E-16));
#509 = ORIENTED_EDGE('',*,*,#438,.F.);
#510 = CYLINDRICAL_SURFACE('',#511,11.500331546502);
#511 = AXIS2_PLACEMENT_3D('',#512,#513,#514);
#512 = CARTESIAN_POINT('',(-44.81621742131,-0.180396181283,
    -2.883734085723));
#513 = DIRECTION('',(-1.,3.903365172153E-16,-1.709743457923E-14));
#514 = DIRECTION('',(3.903365172153E-16,1.,4.573947093187E-16));
#515 = ADVANCED_FACE('',(#516),#543,.F.);
#516 = FACE_BOUND('',#517,.F.);
#517 = EDGE_LOOP('',(#518,#527,#535,#542));
#518 = ORIENTED_EDGE('',*,*,#519,.F.);
#519 = EDGE_CURVE('',#520,#455,#522,.T.);
#520 = VERTEX_POINT('',#521);
#521 = CARTESIAN_POINT('',(-56.79521742131,-9.211915727402,
    -10.00337455189));
#522 = CIRCLE('',#523,11.500331546502);
#523 = AXIS2_PLACEMENT_3D('',#524,#525,#526);
#524 = CARTESIAN_POINT('',(-56.79521742131,-0.180396181283,
    -2.883734085723));
#525 = DIRECTION('',(1.,-3.903365172153E-16,1.709743457923E-14));
#526 = DIRECTION('',(3.903365172153E-16,1.,4.573947093187E-16));
#527 = ORIENTED_EDGE('',*,*,#528,.T.);
#528 = EDGE_CURVE('',#520,#529,#531,.T.);
#529 = VERTEX_POINT('',#530);
#530 = CARTESIAN_POINT('',(-62.79521742131,-9.211915727402,
    -10.00337455189));
#531 = LINE('',#532,#533);
#532 = CARTESIAN_POINT('',(-44.81621742131,-9.211915727402,
    -10.00337455189));
#533 = VECTOR('',#534,1.);
#534 = DIRECTION('',(-1.,3.903365172153E-16,-1.709743457923E-14));
#535 = ORIENTED_EDGE('',*,*,#536,.T.);
#536 = EDGE_CURVE('',#529,#447,#537,.T.);
#537 = CIRCLE('',#538,11.500331546502);
#538 = AXIS2_PLACEMENT_3D('',#539,#540,#541);
#539 = CARTESIAN_POINT('',(-62.79521742131,-0.180396181283,
    -2.883734085723));
#540 = DIRECTION('',(1.,-3.903365172153E-16,1.709743457923E-14));
#541 = DIRECTION('',(3.903365172153E-16,1.,4.573947093187E-16));
#542 = ORIENTED_EDGE('',*,*,#454,.F.);
#543 = CYLINDRICAL_SURFACE('',#544,11.500331546502);
#544 = AXIS2_PLACEMENT_3D('',#545,#546,#547);
#545 = CARTESIAN_POINT('',(-44.81621742131,-0.180396181283,
    -2.883734085723));
#546 = DIRECTION('',(-1.,3.903365172153E-16,-1.709743457923E-14));
#547 = DIRECTION('',(3.903365172153E-16,1.,4.573947093187E-16));
#548 = ADVANCED_FACE('',(#549),#584,.F.);
#549 = FACE_BOUND('',#550,.T.);
#550 = EDGE_LOOP('',(#551,#562,#570,#578));
#551 = ORIENTED_EDGE('',*,*,#552,.F.);
#552 = EDGE_CURVE('',#553,#555,#557,.T.);
#553 = VERTEX_POINT('',#554);
#554 = CARTESIAN_POINT('',(-51.79521742131,-22.26677970333,
    -7.178240306697));
#555 = VERTEX_POINT('',#556);
#556 = CARTESIAN_POINT('',(-51.79521742131,-22.28402546461,
    1.321759693303));
#557 = CIRCLE('',#558,22.499815641693);
#558 = AXIS2_PLACEMENT_3D('',#559,#560,#561);
#559 = CARTESIAN_POINT('',(-51.79521742131,-0.180671990895,
    -2.883412018536));
#560 = DIRECTION('',(-1.,3.903365172153E-16,-1.709743457923E-14));
#561 = DIRECTION('',(-3.903365172153E-16,-1.,-4.573946688948E-16));
#562 = ORIENTED_EDGE('',*,*,#563,.F.);
#563 = EDGE_CURVE('',#564,#553,#566,.T.);
#564 = VERTEX_POINT('',#565);
#565 = CARTESIAN_POINT('',(-51.79521742131,-15.99645243471,
    -7.178240306697));
#566 = LINE('',#567,#568);
#567 = CARTESIAN_POINT('',(-51.79521742131,-24.62140123636,
    -7.178240306697));
#568 = VECTOR('',#569,1.);
#569 = DIRECTION('',(-3.903365254871E-16,-1.,-4.573946945531E-16));
#570 = ORIENTED_EDGE('',*,*,#571,.F.);
#571 = EDGE_CURVE('',#572,#564,#574,.T.);
#572 = VERTEX_POINT('',#573);
#573 = CARTESIAN_POINT('',(-51.79521742131,-15.99645343417,
    1.321759693303));
#574 = LINE('',#575,#576);
#575 = CARTESIAN_POINT('',(-51.79521742131,-15.99645334816,
    0.590281438233));
#576 = VECTOR('',#577,1.);
#577 = DIRECTION('',(1.708355679142E-14,1.175842139385E-07,-1.));
#578 = ORIENTED_EDGE('',*,*,#579,.F.);
#579 = EDGE_CURVE('',#555,#572,#580,.T.);
#580 = LINE('',#581,#582);
#581 = CARTESIAN_POINT('',(-51.79521742131,-7.37150463253,1.321759693303
    ));
#582 = VECTOR('',#583,1.);
#583 = DIRECTION('',(3.903365254871E-16,1.,2.643112842952E-16));
#584 = PLANE('',#585);
#585 = AXIS2_PLACEMENT_3D('',#586,#587,#588);
#586 = CARTESIAN_POINT('',(-51.79521742131,-20.30892683553,
    -2.928240306697));
#587 = DIRECTION('',(-1.,3.903365172153E-16,-1.709743457923E-14));
#588 = DIRECTION('',(-1.709743457923E-14,-4.573946680833E-16,1.));
#589 = ADVANCED_FACE('',(#590),#631,.F.);
#590 = FACE_BOUND('',#591,.T.);
#591 = EDGE_LOOP('',(#592,#600,#601,#609,#617,#625));
#592 = ORIENTED_EDGE('',*,*,#593,.F.);
#593 = EDGE_CURVE('',#555,#594,#596,.T.);
#594 = VERTEX_POINT('',#595);
#595 = CARTESIAN_POINT('',(-38.79536628606,-22.28402546461,
    1.321759693303));
#596 = LINE('',#597,#598);
#597 = CARTESIAN_POINT('',(-48.79536628606,-22.28402546461,
    1.321759693303));
#598 = VECTOR('',#599,1.);
#599 = DIRECTION('',(1.,-3.903365172153E-16,1.709743457923E-14));
#600 = ORIENTED_EDGE('',*,*,#579,.T.);
#601 = ORIENTED_EDGE('',*,*,#602,.F.);
#602 = EDGE_CURVE('',#603,#572,#605,.T.);
#603 = VERTEX_POINT('',#604);
#604 = CARTESIAN_POINT('',(-38.79521742131,-15.99645343417,
    1.321759693303));
#605 = LINE('',#606,#607);
#606 = CARTESIAN_POINT('',(-41.80571742131,-15.99645343417,
    1.321759693303));
#607 = VECTOR('',#608,1.);
#608 = DIRECTION('',(-1.,3.903365172153E-16,-1.709743457923E-14));
#609 = ORIENTED_EDGE('',*,*,#610,.F.);
#610 = EDGE_CURVE('',#611,#603,#613,.T.);
#611 = VERTEX_POINT('',#612);
#612 = CARTESIAN_POINT('',(-38.79521742131,-18.49313302668,
    1.321759693303));
#613 = LINE('',#614,#615);
#614 = CARTESIAN_POINT('',(-38.79521742131,-8.088420675164,
    1.321759693303));
#615 = VECTOR('',#616,1.);
#616 = DIRECTION('',(3.903365254871E-16,1.,2.643112842952E-16));
#617 = ORIENTED_EDGE('',*,*,#618,.F.);
#618 = EDGE_CURVE('',#619,#611,#621,.T.);
#619 = VERTEX_POINT('',#620);
#620 = CARTESIAN_POINT('',(-38.79536628606,-18.49313302668,
    1.321759693303));
#621 = LINE('',#622,#623);
#622 = CARTESIAN_POINT('',(-44.81621742131,-18.49313302668,
    1.321759693303));
#623 = VECTOR('',#624,1.);
#624 = DIRECTION('',(1.,-3.903365172153E-16,1.709743457923E-14));
#625 = ORIENTED_EDGE('',*,*,#626,.F.);
#626 = EDGE_CURVE('',#594,#619,#627,.T.);
#627 = LINE('',#628,#629);
#628 = CARTESIAN_POINT('',(-38.79536628606,-8.088562712536,
    1.321759693303));
#629 = VECTOR('',#630,1.);
#630 = DIRECTION('',(3.903365254871E-16,1.,2.643112842952E-16));
#631 = PLANE('',#632);
#632 = AXIS2_PLACEMENT_3D('',#633,#634,#635);
#633 = CARTESIAN_POINT('',(-38.79521742131,-15.99645343417,
    1.321759693303));
#634 = DIRECTION('',(-1.7041923428E-14,-2.643112445906E-16,1.));
#635 = DIRECTION('',(-3.903365254871E-16,-1.,-2.643112445906E-16));
#636 = ADVANCED_FACE('',(#637),#678,.F.);
#637 = FACE_BOUND('',#638,.T.);
#638 = EDGE_LOOP('',(#639,#647,#655,#663,#671,#677));
#639 = ORIENTED_EDGE('',*,*,#640,.F.);
#640 = EDGE_CURVE('',#641,#553,#643,.T.);
#641 = VERTEX_POINT('',#642);
#642 = CARTESIAN_POINT('',(-38.79536628606,-22.26677970333,
    -7.178240306697));
#643 = LINE('',#644,#645);
#644 = CARTESIAN_POINT('',(-48.79536628606,-22.26677970333,
    -7.178240306697));
#645 = VECTOR('',#646,1.);
#646 = DIRECTION('',(-1.,3.903365172153E-16,-1.709743457923E-14));
#647 = ORIENTED_EDGE('',*,*,#648,.F.);
#648 = EDGE_CURVE('',#649,#641,#651,.T.);
#649 = VERTEX_POINT('',#650);
#650 = CARTESIAN_POINT('',(-38.79536628606,-18.47231354155,
    -7.178240306697));
#651 = LINE('',#652,#653);
#652 = CARTESIAN_POINT('',(-38.79536628606,-12.40103661362,
    -7.178240306697));
#653 = VECTOR('',#654,1.);
#654 = DIRECTION('',(-3.903365254871E-16,-1.,-4.573946945531E-16));
#655 = ORIENTED_EDGE('',*,*,#656,.F.);
#656 = EDGE_CURVE('',#657,#649,#659,.T.);
#657 = VERTEX_POINT('',#658);
#658 = CARTESIAN_POINT('',(-38.79521742131,-18.47231354155,
    -7.178240306697));
#659 = LINE('',#660,#661);
#660 = CARTESIAN_POINT('',(-44.81621742131,-18.47231354155,
    -7.178240306697));
#661 = VECTOR('',#662,1.);
#662 = DIRECTION('',(-1.,3.903365172153E-16,-1.709743457923E-14));
#663 = ORIENTED_EDGE('',*,*,#664,.F.);
#664 = EDGE_CURVE('',#665,#657,#667,.T.);
#665 = VERTEX_POINT('',#666);
#666 = CARTESIAN_POINT('',(-38.79521742131,-15.99645243471,
    -7.178240306697));
#667 = LINE('',#668,#669);
#668 = CARTESIAN_POINT('',(-38.79521742131,-12.40089457625,
    -7.178240306697));
#669 = VECTOR('',#670,1.);
#670 = DIRECTION('',(-3.903365254871E-16,-1.,-4.573946945531E-16));
#671 = ORIENTED_EDGE('',*,*,#672,.F.);
#672 = EDGE_CURVE('',#564,#665,#673,.T.);
#673 = LINE('',#674,#675);
#674 = CARTESIAN_POINT('',(-41.80571742131,-15.99645243471,
    -7.178240306697));
#675 = VECTOR('',#676,1.);
#676 = DIRECTION('',(1.,-3.903365172153E-16,1.709743457923E-14));
#677 = ORIENTED_EDGE('',*,*,#563,.T.);
#678 = PLANE('',#679);
#679 = AXIS2_PLACEMENT_3D('',#680,#681,#682);
#680 = CARTESIAN_POINT('',(-38.79521742131,-24.62140123636,
    -7.178240306697));
#681 = DIRECTION('',(1.7041923428E-14,4.573946680833E-16,-1.));
#682 = DIRECTION('',(3.903365254871E-16,1.,4.573946680833E-16));
#683 = ADVANCED_FACE('',(#684),#721,.T.);
#684 = FACE_BOUND('',#685,.T.);
#685 = EDGE_LOOP('',(#686,#695,#703,#710,#711,#712,#713,#720));
#686 = ORIENTED_EDGE('',*,*,#687,.F.);
#687 = EDGE_CURVE('',#688,#688,#690,.T.);
#688 = VERTEX_POINT('',#689);
#689 = CARTESIAN_POINT('',(-66.79536628606,22.319143650799,
    -2.883412018536));
#690 = CIRCLE('',#691,22.499815641693);
#691 = AXIS2_PLACEMENT_3D('',#692,#693,#694);
#692 = CARTESIAN_POINT('',(-66.79536628606,-0.180671990895,
    -2.883412018536));
#693 = DIRECTION('',(-1.,3.903365172153E-16,-1.709743457923E-14));
#694 = DIRECTION('',(-3.903365172153E-16,-1.,-4.573946688948E-16));
#695 = ORIENTED_EDGE('',*,*,#696,.T.);
#696 = EDGE_CURVE('',#688,#697,#699,.T.);
#697 = VERTEX_POINT('',#698);
#698 = CARTESIAN_POINT('',(-38.79536628606,22.319143650799,
    -2.883412018535));
#699 = LINE('',#700,#701);
#700 = CARTESIAN_POINT('',(-48.79536628606,22.319143650799,
    -2.883412018535));
#701 = VECTOR('',#702,1.);
#702 = DIRECTION('',(1.,-3.903365172153E-16,1.709743457923E-14));
#703 = ORIENTED_EDGE('',*,*,#704,.F.);
#704 = EDGE_CURVE('',#641,#697,#705,.T.);
#705 = CIRCLE('',#706,22.499815641693);
#706 = AXIS2_PLACEMENT_3D('',#707,#708,#709);
#707 = CARTESIAN_POINT('',(-38.79536628606,-0.180671990895,
    -2.883412018535));
#708 = DIRECTION('',(1.,-3.903365172153E-16,1.709743457923E-14));
#709 = DIRECTION('',(-3.903365172153E-16,-1.,-4.573946688948E-16));
#710 = ORIENTED_EDGE('',*,*,#640,.T.);
#711 = ORIENTED_EDGE('',*,*,#552,.T.);
#712 = ORIENTED_EDGE('',*,*,#593,.T.);
#713 = ORIENTED_EDGE('',*,*,#714,.F.);
#714 = EDGE_CURVE('',#697,#594,#715,.T.);
#715 = CIRCLE('',#716,22.499815641693);
#716 = AXIS2_PLACEMENT_3D('',#717,#718,#719);
#717 = CARTESIAN_POINT('',(-38.79536628606,-0.180671990895,
    -2.883412018535));
#718 = DIRECTION('',(1.,-3.903365172153E-16,1.709743457923E-14));
#719 = DIRECTION('',(-3.903365172153E-16,-1.,-4.573946688948E-16));
#720 = ORIENTED_EDGE('',*,*,#696,.F.);
#721 = CYLINDRICAL_SURFACE('',#722,22.499815641693);
#722 = AXIS2_PLACEMENT_3D('',#723,#724,#725);
#723 = CARTESIAN_POINT('',(-48.79536628606,-0.180671990895,
    -2.883412018535));
#724 = DIRECTION('',(-1.,3.903365172153E-16,-1.709743457923E-14));
#725 = DIRECTION('',(-3.903365172153E-16,-1.,-4.573946688948E-16));
#726 = ADVANCED_FACE('',(#727),#745,.T.);
#727 = FACE_BOUND('',#728,.T.);
#728 = EDGE_LOOP('',(#729,#736,#737,#744));
#729 = ORIENTED_EDGE('',*,*,#730,.T.);
#730 = EDGE_CURVE('',#316,#487,#731,.T.);
#731 = CIRCLE('',#732,0.1);
#732 = AXIS2_PLACEMENT_3D('',#733,#734,#735);
#733 = CARTESIAN_POINT('',(-62.79521742131,-9.359917643277,
    4.208802676084));
#734 = DIRECTION('',(1.,-3.903365172153E-16,1.709743457923E-14));
#735 = DIRECTION('',(1.551888799579E-14,0.440790138334,-0.897610190421)
  );
#736 = ORIENTED_EDGE('',*,*,#495,.T.);
#737 = ORIENTED_EDGE('',*,*,#738,.T.);
#738 = EDGE_CURVE('',#496,#324,#739,.T.);
#739 = CIRCLE('',#740,0.1);
#740 = AXIS2_PLACEMENT_3D('',#741,#742,#743);
#741 = CARTESIAN_POINT('',(-56.79521742131,-9.359917643277,
    4.208802676084));
#742 = DIRECTION('',(-1.,3.903365172153E-16,-1.709743457923E-14));
#743 = DIRECTION('',(1.551888799579E-14,0.440790138334,-0.897610190421)
  );
#744 = ORIENTED_EDGE('',*,*,#323,.T.);
#745 = CYLINDRICAL_SURFACE('',#746,0.1);
#746 = AXIS2_PLACEMENT_3D('',#747,#748,#749);
#747 = CARTESIAN_POINT('',(-44.81621742131,-9.359917643277,
    4.208802676084));
#748 = DIRECTION('',(-1.,3.903365172153E-16,-1.709743457923E-14));
#749 = DIRECTION('',(1.551888799579E-14,0.440790138334,-0.897610190421)
  );
#750 = ADVANCED_FACE('',(#751,#757),#768,.T.);
#751 = FACE_BOUND('',#752,.T.);
#752 = EDGE_LOOP('',(#753,#754,#755,#756));
#753 = ORIENTED_EDGE('',*,*,#738,.F.);
#754 = ORIENTED_EDGE('',*,*,#503,.F.);
#755 = ORIENTED_EDGE('',*,*,#272,.F.);
#756 = ORIENTED_EDGE('',*,*,#331,.F.);
#757 = FACE_BOUND('',#758,.T.);
#758 = EDGE_LOOP('',(#759));
#759 = ORIENTED_EDGE('',*,*,#760,.F.);
#760 = EDGE_CURVE('',#761,#761,#763,.T.);
#761 = VERTEX_POINT('',#762);
#762 = CARTESIAN_POINT('',(-56.79521742131,-11.93074491551,
    7.116462508671));
#763 = CIRCLE('',#764,1.750158420199);
#764 = AXIS2_PLACEMENT_3D('',#765,#766,#767);
#765 = CARTESIAN_POINT('',(-56.79521742131,-10.18058649531,
    7.116462508671));
#766 = DIRECTION('',(1.,-3.903365172153E-16,1.709743457923E-14));
#767 = DIRECTION('',(3.903365172153E-16,1.,4.573946910366E-16));
#768 = PLANE('',#769);
#769 = AXIS2_PLACEMENT_3D('',#770,#771,#772);
#770 = CARTESIAN_POINT('',(-56.79521742131,-10.1809287267,7.116451170714
    ));
#771 = DIRECTION('',(1.,-3.903365172153E-16,1.709743457923E-14));
#772 = DIRECTION('',(3.903365172153E-16,1.,6.410917224409E-16));
#773 = ADVANCED_FACE('',(#774),#801,.F.);
#774 = FACE_BOUND('',#775,.F.);
#775 = EDGE_LOOP('',(#776,#786,#793,#794));
#776 = ORIENTED_EDGE('',*,*,#777,.F.);
#777 = EDGE_CURVE('',#778,#780,#782,.T.);
#778 = VERTEX_POINT('',#779);
#779 = CARTESIAN_POINT('',(-38.79521742131,-15.99645375013,
    4.008802664325));
#780 = VERTEX_POINT('',#781);
#781 = CARTESIAN_POINT('',(-62.79521742131,-15.99645375013,
    4.008802664325));
#782 = LINE('',#783,#784);
#783 = CARTESIAN_POINT('',(-44.81621742131,-15.99645375013,
    4.008802664325));
#784 = VECTOR('',#785,1.);
#785 = DIRECTION('',(-1.,3.903365172153E-16,-1.709743457923E-14));
#786 = ORIENTED_EDGE('',*,*,#787,.F.);
#787 = EDGE_CURVE('',#300,#778,#788,.T.);
#788 = CIRCLE('',#789,0.1);
#789 = AXIS2_PLACEMENT_3D('',#790,#791,#792);
#790 = CARTESIAN_POINT('',(-38.79521742131,-15.89645375013,
    4.008802676084));
#791 = DIRECTION('',(1.,-3.903365172153E-16,1.709743457923E-14));
#792 = DIRECTION('',(-1.236572083558E-14,-0.707106822759,0.707106739614)
  );
#793 = ORIENTED_EDGE('',*,*,#307,.F.);
#794 = ORIENTED_EDGE('',*,*,#795,.F.);
#795 = EDGE_CURVE('',#780,#308,#796,.T.);
#796 = CIRCLE('',#797,0.1);
#797 = AXIS2_PLACEMENT_3D('',#798,#799,#800);
#798 = CARTESIAN_POINT('',(-62.79521742131,-15.89645375013,
    4.008802676084));
#799 = DIRECTION('',(-1.,3.903365172153E-16,-1.709743457923E-14));
#800 = DIRECTION('',(-1.236572083558E-14,-0.707106822759,0.707106739614)
  );
#801 = CYLINDRICAL_SURFACE('',#802,0.1);
#802 = AXIS2_PLACEMENT_3D('',#803,#804,#805);
#803 = CARTESIAN_POINT('',(-44.81621742131,-15.89645375013,
    4.008802676084));
#804 = DIRECTION('',(1.,-3.903365172153E-16,1.709743457923E-14));
#805 = DIRECTION('',(-1.236572083558E-14,-0.707106822759,0.707106739614)
  );
#806 = ADVANCED_FACE('',(#807),#843,.F.);
#807 = FACE_BOUND('',#808,.F.);
#808 = EDGE_LOOP('',(#809,#819,#828,#836));
#809 = ORIENTED_EDGE('',*,*,#810,.F.);
#810 = EDGE_CURVE('',#811,#813,#815,.T.);
#811 = VERTEX_POINT('',#812);
#812 = CARTESIAN_POINT('',(-62.79521742131,-15.99645211875,
    -9.865283277719));
#813 = VERTEX_POINT('',#814);
#814 = CARTESIAN_POINT('',(-38.79521742131,-15.99645211875,
    -9.865283277719));
#815 = LINE('',#816,#817);
#816 = CARTESIAN_POINT('',(-44.81621742131,-15.99645211875,
    -9.865283277719));
#817 = VECTOR('',#818,1.);
#818 = DIRECTION('',(1.,-3.903365172153E-16,1.709743457923E-14));
#819 = ORIENTED_EDGE('',*,*,#820,.F.);
#820 = EDGE_CURVE('',#821,#811,#823,.T.);
#821 = VERTEX_POINT('',#822);
#822 = CARTESIAN_POINT('',(-62.79521742131,-15.89645210995,
    -9.965283265961));
#823 = CIRCLE('',#824,0.1);
#824 = AXIS2_PLACEMENT_3D('',#825,#826,#827);
#825 = CARTESIAN_POINT('',(-62.79521742131,-15.89645211875,
    -9.865283265961));
#826 = DIRECTION('',(-1.,3.903365172153E-16,-1.709743457923E-14));
#827 = DIRECTION('',(1.181370360513E-14,-0.707106708477,-0.707106853896)
  );
#828 = ORIENTED_EDGE('',*,*,#829,.F.);
#829 = EDGE_CURVE('',#830,#821,#832,.T.);
#830 = VERTEX_POINT('',#831);
#831 = CARTESIAN_POINT('',(-38.79521742131,-15.89645210995,
    -9.96528326596));
#832 = LINE('',#833,#834);
#833 = CARTESIAN_POINT('',(-44.81621742131,-15.89645210995,
    -9.96528326596));
#834 = VECTOR('',#835,1.);
#835 = DIRECTION('',(-1.,3.903365172153E-16,-1.709743457923E-14));
#836 = ORIENTED_EDGE('',*,*,#837,.F.);
#837 = EDGE_CURVE('',#813,#830,#838,.T.);
#838 = CIRCLE('',#839,0.1);
#839 = AXIS2_PLACEMENT_3D('',#840,#841,#842);
#840 = CARTESIAN_POINT('',(-38.79521742131,-15.89645211875,
    -9.86528326596));
#841 = DIRECTION('',(1.,-3.903365172153E-16,1.709743457923E-14));
#842 = DIRECTION('',(1.181370360513E-14,-0.707106708477,-0.707106853896)
  );
#843 = CYLINDRICAL_SURFACE('',#844,0.1);
#844 = AXIS2_PLACEMENT_3D('',#845,#846,#847);
#845 = CARTESIAN_POINT('',(-44.81621742131,-15.89645211875,
    -9.865283265961));
#846 = DIRECTION('',(-1.,3.903365172153E-16,-1.709743457923E-14));
#847 = DIRECTION('',(1.181370360513E-14,-0.707106708477,-0.707106853896)
  );
#848 = ADVANCED_FACE('',(#849),#890,.T.);
#849 = FACE_BOUND('',#850,.T.);
#850 = EDGE_LOOP('',(#851,#852,#860,#868,#876,#884));
#851 = ORIENTED_EDGE('',*,*,#829,.F.);
#852 = ORIENTED_EDGE('',*,*,#853,.F.);
#853 = EDGE_CURVE('',#854,#830,#856,.T.);
#854 = VERTEX_POINT('',#855);
#855 = CARTESIAN_POINT('',(-38.79521742131,-13.44956872388,
    -9.965283050464));
#856 = LINE('',#857,#858);
#857 = CARTESIAN_POINT('',(-38.79521742131,-15.996452107,-9.965283274767
    ));
#858 = VECTOR('',#859,1.);
#859 = DIRECTION('',(-3.903350266358E-16,-1.,-8.806970580337E-08));
#860 = ORIENTED_EDGE('',*,*,#861,.T.);
#861 = EDGE_CURVE('',#854,#862,#864,.T.);
#862 = VERTEX_POINT('',#863);
#863 = CARTESIAN_POINT('',(-56.79521742131,-13.44956872388,
    -9.965283050464));
#864 = LINE('',#865,#866);
#865 = CARTESIAN_POINT('',(-38.79521742131,-13.44956872388,
    -9.965283050464));
#866 = VECTOR('',#867,1.);
#867 = DIRECTION('',(-1.,3.903365172153E-16,-1.709743457923E-14));
#868 = ORIENTED_EDGE('',*,*,#869,.T.);
#869 = EDGE_CURVE('',#862,#870,#872,.T.);
#870 = VERTEX_POINT('',#871);
#871 = CARTESIAN_POINT('',(-56.79521742131,-9.290448424677,
    -9.965282684172));
#872 = LINE('',#873,#874);
#873 = CARTESIAN_POINT('',(-56.79521742131,-13.08849377208,
    -9.965283018665));
#874 = VECTOR('',#875,1.);
#875 = DIRECTION('',(3.903350266358E-16,1.,8.806970580337E-08));
#876 = ORIENTED_EDGE('',*,*,#877,.F.);
#877 = EDGE_CURVE('',#878,#870,#880,.T.);
#878 = VERTEX_POINT('',#879);
#879 = CARTESIAN_POINT('',(-62.79521742131,-9.290448424677,
    -9.965282684172));
#880 = LINE('',#881,#882);
#881 = CARTESIAN_POINT('',(-44.81621742131,-9.290448424677,
    -9.965282684172));
#882 = VECTOR('',#883,1.);
#883 = DIRECTION('',(1.,-3.903365172153E-16,1.709743457923E-14));
#884 = ORIENTED_EDGE('',*,*,#885,.F.);
#885 = EDGE_CURVE('',#821,#878,#886,.T.);
#886 = LINE('',#887,#888);
#887 = CARTESIAN_POINT('',(-62.79521742131,-15.996452107,-9.965283274768
    ));
#888 = VECTOR('',#889,1.);
#889 = DIRECTION('',(3.903350266358E-16,1.,8.806970580337E-08));
#890 = PLANE('',#891);
#891 = AXIS2_PLACEMENT_3D('',#892,#893,#894);
#892 = CARTESIAN_POINT('',(-44.81621742131,-15.996452107,-9.965283274767
    ));
#893 = DIRECTION('',(-1.706967900361E-14,-8.806970580337E-08,1.));
#894 = DIRECTION('',(3.903350266358E-16,1.,8.806970580337E-08));
#895 = ADVANCED_FACE('',(#896),#914,.T.);
#896 = FACE_BOUND('',#897,.T.);
#897 = EDGE_LOOP('',(#898,#905,#906,#913));
#898 = ORIENTED_EDGE('',*,*,#899,.T.);
#899 = EDGE_CURVE('',#529,#878,#900,.T.);
#900 = CIRCLE('',#901,0.1);
#901 = AXIS2_PLACEMENT_3D('',#902,#903,#904);
#902 = CARTESIAN_POINT('',(-62.79521742131,-9.29044841587,
    -10.06528268417));
#903 = DIRECTION('',(1.,-3.903365172153E-16,1.709743457923E-14));
#904 = DIRECTION('',(-1.521297849802E-14,0.436416434189,0.899744794911)
  );
#905 = ORIENTED_EDGE('',*,*,#877,.T.);
#906 = ORIENTED_EDGE('',*,*,#907,.T.);
#907 = EDGE_CURVE('',#870,#520,#908,.T.);
#908 = CIRCLE('',#909,0.1);
#909 = AXIS2_PLACEMENT_3D('',#910,#911,#912);
#910 = CARTESIAN_POINT('',(-56.79521742131,-9.29044841587,
    -10.06528268417));
#911 = DIRECTION('',(-1.,3.903365172153E-16,-1.709743457923E-14));
#912 = DIRECTION('',(-1.521297849802E-14,0.436416434189,0.899744794911)
  );
#913 = ORIENTED_EDGE('',*,*,#528,.T.);
#914 = CYLINDRICAL_SURFACE('',#915,0.1);
#915 = AXIS2_PLACEMENT_3D('',#916,#917,#918);
#916 = CARTESIAN_POINT('',(-44.81621742131,-9.29044841587,
    -10.06528268417));
#917 = DIRECTION('',(-1.,3.903365172153E-16,-1.709743457923E-14));
#918 = DIRECTION('',(-1.521297849802E-14,0.436416434189,0.899744794911)
  );
#919 = ADVANCED_FACE('',(#920,#932),#943,.T.);
#920 = FACE_BOUND('',#921,.T.);
#921 = EDGE_LOOP('',(#922,#923,#924,#931));
#922 = ORIENTED_EDGE('',*,*,#907,.F.);
#923 = ORIENTED_EDGE('',*,*,#869,.F.);
#924 = ORIENTED_EDGE('',*,*,#925,.F.);
#925 = EDGE_CURVE('',#455,#862,#926,.T.);
#926 = CIRCLE('',#927,4.382186146969);
#927 = AXIS2_PLACEMENT_3D('',#928,#929,#930);
#928 = CARTESIAN_POINT('',(-56.79521742131,-10.18053518014,
    -12.88366875434));
#929 = DIRECTION('',(-1.,3.903365172153E-16,-1.709743457923E-14));
#930 = DIRECTION('',(-1.709743457923E-14,-5.798593157926E-16,1.));
#931 = ORIENTED_EDGE('',*,*,#519,.F.);
#932 = FACE_BOUND('',#933,.T.);
#933 = EDGE_LOOP('',(#934));
#934 = ORIENTED_EDGE('',*,*,#935,.F.);
#935 = EDGE_CURVE('',#936,#936,#938,.T.);
#936 = VERTEX_POINT('',#937);
#937 = CARTESIAN_POINT('',(-56.79521742131,-11.93050158784,
    -12.88346925704));
#938 = CIRCLE('',#939,1.750114294093);
#939 = AXIS2_PLACEMENT_3D('',#940,#941,#942);
#940 = CARTESIAN_POINT('',(-56.79521742131,-10.18038729375,
    -12.88346925703));
#941 = DIRECTION('',(1.,-3.903365172153E-16,1.709743457923E-14));
#942 = DIRECTION('',(3.903365172153E-16,1.,4.573947287567E-16));
#943 = PLANE('',#944);
#944 = AXIS2_PLACEMENT_3D('',#945,#946,#947);
#945 = CARTESIAN_POINT('',(-56.79521742131,-10.18053518014,
    -12.88366875434));
#946 = DIRECTION('',(1.,-3.903365172153E-16,1.709743457923E-14));
#947 = DIRECTION('',(-1.709743457923E-14,-5.798593533418E-16,1.));
#948 = ADVANCED_FACE('',(#949),#961,.F.);
#949 = FACE_BOUND('',#950,.F.);
#950 = EDGE_LOOP('',(#951,#952,#953,#960));
#951 = ORIENTED_EDGE('',*,*,#925,.F.);
#952 = ORIENTED_EDGE('',*,*,#462,.T.);
#953 = ORIENTED_EDGE('',*,*,#954,.T.);
#954 = EDGE_CURVE('',#463,#854,#955,.T.);
#955 = CIRCLE('',#956,4.382186146969);
#956 = AXIS2_PLACEMENT_3D('',#957,#958,#959);
#957 = CARTESIAN_POINT('',(-38.79521742131,-10.18053518014,
    -12.88366875434));
#958 = DIRECTION('',(-1.,3.903365172153E-16,-1.709743457923E-14));
#959 = DIRECTION('',(-1.709743457923E-14,-5.798593157926E-16,1.));
#960 = ORIENTED_EDGE('',*,*,#861,.T.);
#961 = CYLINDRICAL_SURFACE('',#962,4.382186146969);
#962 = AXIS2_PLACEMENT_3D('',#963,#964,#965);
#963 = CARTESIAN_POINT('',(-38.79521742131,-10.18053518014,
    -12.88366875434));
#964 = DIRECTION('',(-1.,3.903365172153E-16,-1.709743457923E-14));
#965 = DIRECTION('',(1.580998519982E-14,-0.360083653393,-0.93292001938)
  );
#966 = ADVANCED_FACE('',(#967),#985,.F.);
#967 = FACE_BOUND('',#968,.F.);
#968 = EDGE_LOOP('',(#969,#976,#977,#984));
#969 = ORIENTED_EDGE('',*,*,#970,.T.);
#970 = EDGE_CURVE('',#391,#399,#971,.T.);
#971 = CIRCLE('',#972,4.382186146969);
#972 = AXIS2_PLACEMENT_3D('',#973,#974,#975);
#973 = CARTESIAN_POINT('',(-38.79521742131,9.81958474491,-12.88327520778
    ));
#974 = DIRECTION('',(-1.,3.903365172153E-16,-1.709743457923E-14));
#975 = DIRECTION('',(-3.903365172153E-16,-1.,-5.186270537858E-16));
#976 = ORIENTED_EDGE('',*,*,#407,.T.);
#977 = ORIENTED_EDGE('',*,*,#978,.F.);
#978 = EDGE_CURVE('',#389,#408,#979,.T.);
#979 = CIRCLE('',#980,4.382186146969);
#980 = AXIS2_PLACEMENT_3D('',#981,#982,#983);
#981 = CARTESIAN_POINT('',(-56.79521742131,9.81958474491,-12.88327520778
    ));
#982 = DIRECTION('',(-1.,3.903365172153E-16,-1.709743457923E-14));
#983 = DIRECTION('',(-3.903365172153E-16,-1.,-5.186270537858E-16));
#984 = ORIENTED_EDGE('',*,*,#388,.T.);
#985 = CYLINDRICAL_SURFACE('',#986,4.382186146969);
#986 = AXIS2_PLACEMENT_3D('',#987,#988,#989);
#987 = CARTESIAN_POINT('',(-38.79521742131,9.81958474491,-12.88327520778
    ));
#988 = DIRECTION('',(-1.,3.903365172153E-16,-1.709743457923E-14));
#989 = DIRECTION('',(1.236546173518E-14,0.707122330811,-0.70709123122));
#990 = ADVANCED_FACE('',(#991,#995),#1006,.T.);
#991 = FACE_BOUND('',#992,.T.);
#992 = EDGE_LOOP('',(#993,#994));
#993 = ORIENTED_EDGE('',*,*,#415,.F.);
#994 = ORIENTED_EDGE('',*,*,#978,.F.);
#995 = FACE_BOUND('',#996,.T.);
#996 = EDGE_LOOP('',(#997));
#997 = ORIENTED_EDGE('',*,*,#998,.F.);
#998 = EDGE_CURVE('',#999,#999,#1001,.T.);
#999 = VERTEX_POINT('',#1000);
#1000 = CARTESIAN_POINT('',(-56.79521742131,8.069227788651,
    -12.88362800536));
#1001 = CIRCLE('',#1002,1.750224959175);
#1002 = AXIS2_PLACEMENT_3D('',#1003,#1004,#1005);
#1003 = CARTESIAN_POINT('',(-56.79521742131,9.819452747827,
    -12.88362800536));
#1004 = DIRECTION('',(1.,-3.903365172153E-16,1.709743457923E-14));
#1005 = DIRECTION('',(3.903365172153E-16,1.,4.573947320865E-16));
#1006 = PLANE('',#1007);
#1007 = AXIS2_PLACEMENT_3D('',#1008,#1009,#1010);
#1008 = CARTESIAN_POINT('',(-56.79521742131,9.81958474491,
    -12.88327520778));
#1009 = DIRECTION('',(1.,-3.903365172153E-16,1.709743457923E-14));
#1010 = DIRECTION('',(-3.903365172153E-16,-1.,-5.186270504173E-16));
#1011 = ADVANCED_FACE('',(#1012,#1048,#1052),#1062,.F.);
#1012 = FACE_BOUND('',#1013,.T.);
#1013 = EDGE_LOOP('',(#1014,#1015,#1016,#1017,#1018,#1019,#1020,#1021,
    #1022,#1023,#1024,#1030,#1031,#1038,#1039,#1045,#1046,#1047));
#1014 = ORIENTED_EDGE('',*,*,#208,.T.);
#1015 = ORIENTED_EDGE('',*,*,#255,.T.);
#1016 = ORIENTED_EDGE('',*,*,#431,.T.);
#1017 = ORIENTED_EDGE('',*,*,#175,.T.);
#1018 = ORIENTED_EDGE('',*,*,#36,.T.);
#1019 = ORIENTED_EDGE('',*,*,#150,.T.);
#1020 = ORIENTED_EDGE('',*,*,#470,.T.);
#1021 = ORIENTED_EDGE('',*,*,#954,.T.);
#1022 = ORIENTED_EDGE('',*,*,#853,.T.);
#1023 = ORIENTED_EDGE('',*,*,#837,.F.);
#1024 = ORIENTED_EDGE('',*,*,#1025,.T.);
#1025 = EDGE_CURVE('',#813,#665,#1026,.T.);
#1026 = LINE('',#1027,#1028);
#1027 = CARTESIAN_POINT('',(-38.79521742131,-15.99645376189,
    4.108802676084));
#1028 = VECTOR('',#1029,1.);
#1029 = DIRECTION('',(-1.708355679142E-14,-1.175842139385E-07,1.));
#1030 = ORIENTED_EDGE('',*,*,#664,.T.);
#1031 = ORIENTED_EDGE('',*,*,#1032,.T.);
#1032 = EDGE_CURVE('',#657,#611,#1033,.T.);
#1033 = CIRCLE('',#1034,18.789361295952);
#1034 = AXIS2_PLACEMENT_3D('',#1035,#1036,#1037);
#1035 = CARTESIAN_POINT('',(-38.79521742131,-0.18038791615,
    -2.883411459742));
#1036 = DIRECTION('',(1.,-3.903365172153E-16,1.709743457923E-14));
#1037 = DIRECTION('',(-3.903365172153E-16,-1.,-4.573947159117E-16));
#1038 = ORIENTED_EDGE('',*,*,#610,.T.);
#1039 = ORIENTED_EDGE('',*,*,#1040,.T.);
#1040 = EDGE_CURVE('',#603,#778,#1041,.T.);
#1041 = LINE('',#1042,#1043);
#1042 = CARTESIAN_POINT('',(-38.79521742131,-15.99645376189,
    4.108802676084));
#1043 = VECTOR('',#1044,1.);
#1044 = DIRECTION('',(-1.708355679142E-14,-1.175842139385E-07,1.));
#1045 = ORIENTED_EDGE('',*,*,#787,.F.);
#1046 = ORIENTED_EDGE('',*,*,#299,.T.);
#1047 = ORIENTED_EDGE('',*,*,#231,.T.);
#1048 = FACE_BOUND('',#1049,.T.);
#1049 = EDGE_LOOP('',(#1050,#1051));
#1050 = ORIENTED_EDGE('',*,*,#970,.T.);
#1051 = ORIENTED_EDGE('',*,*,#398,.T.);
#1052 = FACE_BOUND('',#1053,.T.);
#1053 = EDGE_LOOP('',(#1054,#1055));
#1054 = ORIENTED_EDGE('',*,*,#373,.T.);
#1055 = ORIENTED_EDGE('',*,*,#1056,.T.);
#1056 = EDGE_CURVE('',#366,#347,#1057,.T.);
#1057 = CIRCLE('',#1058,4.382186146969);
#1058 = AXIS2_PLACEMENT_3D('',#1059,#1060,#1061);
#1059 = CARTESIAN_POINT('',(-38.79521742131,9.819191198355,7.11684471727
    ));
#1060 = DIRECTION('',(-1.,3.903365172153E-16,-1.709743457923E-14));
#1061 = DIRECTION('',(1.709743457923E-14,4.573946407711E-16,-1.));
#1062 = PLANE('',#1063);
#1063 = AXIS2_PLACEMENT_3D('',#1064,#1065,#1066);
#1064 = CARTESIAN_POINT('',(-38.79521742131,-0.18038791615,
    -2.883411459742));
#1065 = DIRECTION('',(-1.,3.903365172153E-16,-1.709743457923E-14));
#1066 = DIRECTION('',(-1.709743457923E-14,-4.573946680833E-16,1.));
#1067 = ADVANCED_FACE('',(#1068,#1078),#1089,.T.);
#1068 = FACE_BOUND('',#1069,.T.);
#1069 = EDGE_LOOP('',(#1070,#1071));
#1070 = ORIENTED_EDGE('',*,*,#356,.F.);
#1071 = ORIENTED_EDGE('',*,*,#1072,.F.);
#1072 = EDGE_CURVE('',#357,#349,#1073,.T.);
#1073 = CIRCLE('',#1074,4.382186146969);
#1074 = AXIS2_PLACEMENT_3D('',#1075,#1076,#1077);
#1075 = CARTESIAN_POINT('',(-56.79521742131,9.819191198354,
    7.116844717269));
#1076 = DIRECTION('',(-1.,3.903365172153E-16,-1.709743457923E-14));
#1077 = DIRECTION('',(1.709743457923E-14,4.573946407711E-16,-1.));
#1078 = FACE_BOUND('',#1079,.T.);
#1079 = EDGE_LOOP('',(#1080));
#1080 = ORIENTED_EDGE('',*,*,#1081,.F.);
#1081 = EDGE_CURVE('',#1082,#1082,#1084,.T.);
#1082 = VERTEX_POINT('',#1083);
#1083 = CARTESIAN_POINT('',(-56.79521742131,8.069521509719,
    7.116639987824));
#1084 = CIRCLE('',#1085,1.74986403402);
#1085 = AXIS2_PLACEMENT_3D('',#1086,#1087,#1088);
#1086 = CARTESIAN_POINT('',(-56.79521742131,9.819385543738,
    7.116639987824));
#1087 = DIRECTION('',(1.,-3.903365172153E-16,1.709743457923E-14));
#1088 = DIRECTION('',(3.903365172153E-16,1.,4.573947395738E-16));
#1089 = PLANE('',#1090);
#1090 = AXIS2_PLACEMENT_3D('',#1091,#1092,#1093);
#1091 = CARTESIAN_POINT('',(-56.79521742131,9.819191198354,
    7.116844717269));
#1092 = DIRECTION('',(1.,-3.903365172153E-16,1.709743457923E-14));
#1093 = DIRECTION('',(1.709743457923E-14,4.573946680833E-16,-1.));
#1094 = ADVANCED_FACE('',(#1095),#1101,.F.);
#1095 = FACE_BOUND('',#1096,.F.);
#1096 = EDGE_LOOP('',(#1097,#1098,#1099,#1100));
#1097 = ORIENTED_EDGE('',*,*,#1072,.F.);
#1098 = ORIENTED_EDGE('',*,*,#365,.T.);
#1099 = ORIENTED_EDGE('',*,*,#1056,.T.);
#1100 = ORIENTED_EDGE('',*,*,#346,.T.);
#1101 = CYLINDRICAL_SURFACE('',#1102,4.382186146969);
#1102 = AXIS2_PLACEMENT_3D('',#1103,#1104,#1105);
#1103 = CARTESIAN_POINT('',(-38.79521742131,9.819191198355,7.11684471727
    ));
#1104 = DIRECTION('',(-1.,3.903365172153E-16,-1.709743457923E-14));
#1105 = DIRECTION('',(-1.181431529724E-14,0.7070717285,0.707141832135));
#1106 = ADVANCED_FACE('',(#1107),#1119,.T.);
#1107 = FACE_BOUND('',#1108,.T.);
#1108 = EDGE_LOOP('',(#1109,#1110,#1117,#1118));
#1109 = ORIENTED_EDGE('',*,*,#656,.T.);
#1110 = ORIENTED_EDGE('',*,*,#1111,.F.);
#1111 = EDGE_CURVE('',#619,#649,#1112,.T.);
#1112 = CIRCLE('',#1113,18.789361295952);
#1113 = AXIS2_PLACEMENT_3D('',#1114,#1115,#1116);
#1114 = CARTESIAN_POINT('',(-38.79536628606,-0.18038791615,
    -2.883411459742));
#1115 = DIRECTION('',(-1.,3.903365172153E-16,-1.709743457923E-14));
#1116 = DIRECTION('',(3.903365172153E-16,1.,4.573947159117E-16));
#1117 = ORIENTED_EDGE('',*,*,#618,.T.);
#1118 = ORIENTED_EDGE('',*,*,#1032,.F.);
#1119 = CYLINDRICAL_SURFACE('',#1120,18.789361295952);
#1120 = AXIS2_PLACEMENT_3D('',#1121,#1122,#1123);
#1121 = CARTESIAN_POINT('',(-44.81621742131,-0.18038791615,
    -2.883411459742));
#1122 = DIRECTION('',(-1.,3.903365172153E-16,-1.709743457923E-14));
#1123 = DIRECTION('',(3.4845785019E-16,0.999997000353,2.44934384509E-03)
  );
#1124 = ADVANCED_FACE('',(#1125),#1140,.T.);
#1125 = FACE_BOUND('',#1126,.T.);
#1126 = EDGE_LOOP('',(#1127,#1128,#1129,#1130,#1136,#1137,#1138,#1139));
#1127 = ORIENTED_EDGE('',*,*,#672,.T.);
#1128 = ORIENTED_EDGE('',*,*,#1025,.F.);
#1129 = ORIENTED_EDGE('',*,*,#810,.F.);
#1130 = ORIENTED_EDGE('',*,*,#1131,.F.);
#1131 = EDGE_CURVE('',#780,#811,#1132,.T.);
#1132 = LINE('',#1133,#1134);
#1133 = CARTESIAN_POINT('',(-62.79521742131,-15.99645376189,
    4.108802676083));
#1134 = VECTOR('',#1135,1.);
#1135 = DIRECTION('',(1.708355679142E-14,1.175842139385E-07,-1.));
#1136 = ORIENTED_EDGE('',*,*,#777,.F.);
#1137 = ORIENTED_EDGE('',*,*,#1040,.F.);
#1138 = ORIENTED_EDGE('',*,*,#602,.T.);
#1139 = ORIENTED_EDGE('',*,*,#571,.T.);
#1140 = PLANE('',#1141);
#1141 = AXIS2_PLACEMENT_3D('',#1142,#1143,#1144);
#1142 = CARTESIAN_POINT('',(-44.81621742131,-15.99645376189,
    4.108802676084));
#1143 = DIRECTION('',(3.903345204013E-16,1.,1.175842139385E-07));
#1144 = DIRECTION('',(1.708355679142E-14,1.175842139385E-07,-1.));
#1145 = ADVANCED_FACE('',(#1146),#1165,.F.);
#1146 = FACE_BOUND('',#1147,.F.);
#1147 = EDGE_LOOP('',(#1148,#1156,#1157,#1158));
#1148 = ORIENTED_EDGE('',*,*,#1149,.T.);
#1149 = EDGE_CURVE('',#1150,#936,#1152,.T.);
#1150 = VERTEX_POINT('',#1151);
#1151 = CARTESIAN_POINT('',(-62.79521742131,-11.93050158784,
    -12.88346925703));
#1152 = LINE('',#1153,#1154);
#1153 = CARTESIAN_POINT('',(-44.81621742131,-11.93050158784,
    -12.88346925703));
#1154 = VECTOR('',#1155,1.);
#1155 = DIRECTION('',(1.,-3.903365172153E-16,1.709743457923E-14));
#1156 = ORIENTED_EDGE('',*,*,#935,.F.);
#1157 = ORIENTED_EDGE('',*,*,#1149,.F.);
#1158 = ORIENTED_EDGE('',*,*,#1159,.T.);
#1159 = EDGE_CURVE('',#1150,#1150,#1160,.T.);
#1160 = CIRCLE('',#1161,1.750114294093);
#1161 = AXIS2_PLACEMENT_3D('',#1162,#1163,#1164);
#1162 = CARTESIAN_POINT('',(-62.79521742131,-10.18038729375,
    -12.88346925703));
#1163 = DIRECTION('',(1.,-3.903365172153E-16,1.709743457923E-14));
#1164 = DIRECTION('',(3.903365172153E-16,1.,4.573947287567E-16));
#1165 = CYLINDRICAL_SURFACE('',#1166,1.750114294093);
#1166 = AXIS2_PLACEMENT_3D('',#1167,#1168,#1169);
#1167 = CARTESIAN_POINT('',(-44.81621742131,-10.18038729375,
    -12.88346925703));
#1168 = DIRECTION('',(-1.,3.903365172153E-16,-1.709743457923E-14));
#1169 = DIRECTION('',(3.903365172153E-16,1.,4.573947287567E-16));
#1170 = ADVANCED_FACE('',(#1171),#1190,.F.);
#1171 = FACE_BOUND('',#1172,.F.);
#1172 = EDGE_LOOP('',(#1173,#1181,#1182,#1183));
#1173 = ORIENTED_EDGE('',*,*,#1174,.T.);
#1174 = EDGE_CURVE('',#1175,#999,#1177,.T.);
#1175 = VERTEX_POINT('',#1176);
#1176 = CARTESIAN_POINT('',(-62.79521742131,8.069227788652,
    -12.88362800536));
#1177 = LINE('',#1178,#1179);
#1178 = CARTESIAN_POINT('',(-44.81621742131,8.069227788652,
    -12.88362800536));
#1179 = VECTOR('',#1180,1.);
#1180 = DIRECTION('',(1.,-3.903365172153E-16,1.709743457923E-14));
#1181 = ORIENTED_EDGE('',*,*,#998,.F.);
#1182 = ORIENTED_EDGE('',*,*,#1174,.F.);
#1183 = ORIENTED_EDGE('',*,*,#1184,.T.);
#1184 = EDGE_CURVE('',#1175,#1175,#1185,.T.);
#1185 = CIRCLE('',#1186,1.750224959175);
#1186 = AXIS2_PLACEMENT_3D('',#1187,#1188,#1189);
#1187 = CARTESIAN_POINT('',(-62.79521742131,9.819452747827,
    -12.88362800536));
#1188 = DIRECTION('',(1.,-3.903365172153E-16,1.709743457923E-14));
#1189 = DIRECTION('',(3.903365172153E-16,1.,4.573947320865E-16));
#1190 = CYLINDRICAL_SURFACE('',#1191,1.750224959175);
#1191 = AXIS2_PLACEMENT_3D('',#1192,#1193,#1194);
#1192 = CARTESIAN_POINT('',(-44.81621742131,9.819452747827,
    -12.88362800536));
#1193 = DIRECTION('',(-1.,3.903365172153E-16,-1.709743457923E-14));
#1194 = DIRECTION('',(3.903365172153E-16,1.,4.573947320865E-16));
#1195 = ADVANCED_FACE('',(#1196),#1215,.F.);
#1196 = FACE_BOUND('',#1197,.F.);
#1197 = EDGE_LOOP('',(#1198,#1206,#1207,#1208));
#1198 = ORIENTED_EDGE('',*,*,#1199,.T.);
#1199 = EDGE_CURVE('',#1200,#1082,#1202,.T.);
#1200 = VERTEX_POINT('',#1201);
#1201 = CARTESIAN_POINT('',(-62.79521742131,8.069521509719,
    7.116639987824));
#1202 = LINE('',#1203,#1204);
#1203 = CARTESIAN_POINT('',(-44.81621742131,8.069521509719,
    7.116639987824));
#1204 = VECTOR('',#1205,1.);
#1205 = DIRECTION('',(1.,-3.903365172153E-16,1.709743457923E-14));
#1206 = ORIENTED_EDGE('',*,*,#1081,.F.);
#1207 = ORIENTED_EDGE('',*,*,#1199,.F.);
#1208 = ORIENTED_EDGE('',*,*,#1209,.T.);
#1209 = EDGE_CURVE('',#1200,#1200,#1210,.T.);
#1210 = CIRCLE('',#1211,1.74986403402);
#1211 = AXIS2_PLACEMENT_3D('',#1212,#1213,#1214);
#1212 = CARTESIAN_POINT('',(-62.79521742131,9.819385543739,
    7.116639987824));
#1213 = DIRECTION('',(1.,-3.903365172153E-16,1.709743457923E-14));
#1214 = DIRECTION('',(3.903365172153E-16,1.,4.573947395738E-16));
#1215 = CYLINDRICAL_SURFACE('',#1216,1.74986403402);
#1216 = AXIS2_PLACEMENT_3D('',#1217,#1218,#1219);
#1217 = CARTESIAN_POINT('',(-44.81621742131,9.819385543739,
    7.116639987824));
#1218 = DIRECTION('',(-1.,3.903365172153E-16,-1.709743457923E-14));
#1219 = DIRECTION('',(3.903365172153E-16,1.,4.573947395738E-16));
#1220 = ADVANCED_FACE('',(#1221),#1240,.F.);
#1221 = FACE_BOUND('',#1222,.F.);
#1222 = EDGE_LOOP('',(#1223,#1231,#1232,#1233));
#1223 = ORIENTED_EDGE('',*,*,#1224,.T.);
#1224 = EDGE_CURVE('',#1225,#761,#1227,.T.);
#1225 = VERTEX_POINT('',#1226);
#1226 = CARTESIAN_POINT('',(-62.79521742131,-11.93074491551,
    7.116462508671));
#1227 = LINE('',#1228,#1229);
#1228 = CARTESIAN_POINT('',(-44.81621742131,-11.93074491551,
    7.116462508671));
#1229 = VECTOR('',#1230,1.);
#1230 = DIRECTION('',(1.,-3.903365172153E-16,1.709743457923E-14));
#1231 = ORIENTED_EDGE('',*,*,#760,.F.);
#1232 = ORIENTED_EDGE('',*,*,#1224,.F.);
#1233 = ORIENTED_EDGE('',*,*,#1234,.T.);
#1234 = EDGE_CURVE('',#1225,#1225,#1235,.T.);
#1235 = CIRCLE('',#1236,1.750158420199);
#1236 = AXIS2_PLACEMENT_3D('',#1237,#1238,#1239);
#1237 = CARTESIAN_POINT('',(-62.79521742131,-10.18058649531,
    7.116462508671));
#1238 = DIRECTION('',(1.,-3.903365172153E-16,1.709743457923E-14));
#1239 = DIRECTION('',(3.903365172153E-16,1.,4.573946910366E-16));
#1240 = CYLINDRICAL_SURFACE('',#1241,1.750158420199);
#1241 = AXIS2_PLACEMENT_3D('',#1242,#1243,#1244);
#1242 = CARTESIAN_POINT('',(-44.81621742131,-10.18058649531,
    7.116462508671));
#1243 = DIRECTION('',(-1.,3.903365172153E-16,-1.709743457923E-14));
#1244 = DIRECTION('',(3.903365172153E-16,1.,4.573946910366E-16));
#1245 = ADVANCED_FACE('',(#1246,#1257,#1269,#1272,#1275,#1278),#1281,.T.
  );
#1246 = FACE_BOUND('',#1247,.T.);
#1247 = EDGE_LOOP('',(#1248));
#1248 = ORIENTED_EDGE('',*,*,#1249,.F.);
#1249 = EDGE_CURVE('',#1250,#1250,#1252,.T.);
#1250 = VERTEX_POINT('',#1251);
#1251 = CARTESIAN_POINT('',(-62.79521742131,-18.9697492121,
    -2.883411459742));
#1252 = CIRCLE('',#1253,18.789361295952);
#1253 = AXIS2_PLACEMENT_3D('',#1254,#1255,#1256);
#1254 = CARTESIAN_POINT('',(-62.79521742131,-0.18038791615,
    -2.883411459742));
#1255 = DIRECTION('',(1.,-3.903365172153E-16,1.709743457923E-14));
#1256 = DIRECTION('',(3.903365172153E-16,1.,4.573947159117E-16));
#1257 = FACE_BOUND('',#1258,.T.);
#1258 = EDGE_LOOP('',(#1259,#1260,#1261,#1262,#1263,#1264,#1265,#1266,
    #1267,#1268));
#1259 = ORIENTED_EDGE('',*,*,#730,.F.);
#1260 = ORIENTED_EDGE('',*,*,#315,.T.);
#1261 = ORIENTED_EDGE('',*,*,#795,.F.);
#1262 = ORIENTED_EDGE('',*,*,#1131,.T.);
#1263 = ORIENTED_EDGE('',*,*,#820,.F.);
#1264 = ORIENTED_EDGE('',*,*,#885,.T.);
#1265 = ORIENTED_EDGE('',*,*,#899,.F.);
#1266 = ORIENTED_EDGE('',*,*,#536,.T.);
#1267 = ORIENTED_EDGE('',*,*,#446,.F.);
#1268 = ORIENTED_EDGE('',*,*,#486,.T.);
#1269 = FACE_BOUND('',#1270,.T.);
#1270 = EDGE_LOOP('',(#1271));
#1271 = ORIENTED_EDGE('',*,*,#1234,.T.);
#1272 = FACE_BOUND('',#1273,.T.);
#1273 = EDGE_LOOP('',(#1274));
#1274 = ORIENTED_EDGE('',*,*,#1209,.T.);
#1275 = FACE_BOUND('',#1276,.T.);
#1276 = EDGE_LOOP('',(#1277));
#1277 = ORIENTED_EDGE('',*,*,#1184,.T.);
#1278 = FACE_BOUND('',#1279,.T.);
#1279 = EDGE_LOOP('',(#1280));
#1280 = ORIENTED_EDGE('',*,*,#1159,.T.);
#1281 = PLANE('',#1282);
#1282 = AXIS2_PLACEMENT_3D('',#1283,#1284,#1285);
#1283 = CARTESIAN_POINT('',(-62.79521742131,-0.18038791615,
    -2.883411459742));
#1284 = DIRECTION('',(-1.,3.903365172153E-16,-1.709743457923E-14));
#1285 = DIRECTION('',(-1.709743457923E-14,-4.573946680833E-16,1.));
#1286 = ADVANCED_FACE('',(#1287),#1294,.F.);
#1287 = FACE_BOUND('',#1288,.T.);
#1288 = EDGE_LOOP('',(#1289,#1290,#1291,#1292,#1293));
#1289 = ORIENTED_EDGE('',*,*,#648,.T.);
#1290 = ORIENTED_EDGE('',*,*,#704,.T.);
#1291 = ORIENTED_EDGE('',*,*,#714,.T.);
#1292 = ORIENTED_EDGE('',*,*,#626,.T.);
#1293 = ORIENTED_EDGE('',*,*,#1111,.T.);
#1294 = PLANE('',#1295);
#1295 = AXIS2_PLACEMENT_3D('',#1296,#1297,#1298);
#1296 = CARTESIAN_POINT('',(-38.79536628606,-0.180671990895,
    -2.883412018535));
#1297 = DIRECTION('',(-1.,3.903365172153E-16,-1.709743457923E-14));
#1298 = DIRECTION('',(-1.709743457923E-14,-4.573946680833E-16,1.));
#1299 = ADVANCED_FACE('',(#1300),#1319,.F.);
#1300 = FACE_BOUND('',#1301,.F.);
#1301 = EDGE_LOOP('',(#1302,#1310,#1311,#1312));
#1302 = ORIENTED_EDGE('',*,*,#1303,.T.);
#1303 = EDGE_CURVE('',#1304,#1250,#1306,.T.);
#1304 = VERTEX_POINT('',#1305);
#1305 = CARTESIAN_POINT('',(-66.79536628606,-18.9697492121,
    -2.883411459742));
#1306 = LINE('',#1307,#1308);
#1307 = CARTESIAN_POINT('',(-48.79536628606,-18.9697492121,
    -2.883411459742));
#1308 = VECTOR('',#1309,1.);
#1309 = DIRECTION('',(1.,-3.903365172153E-16,1.709743457923E-14));
#1310 = ORIENTED_EDGE('',*,*,#1249,.F.);
#1311 = ORIENTED_EDGE('',*,*,#1303,.F.);
#1312 = ORIENTED_EDGE('',*,*,#1313,.T.);
#1313 = EDGE_CURVE('',#1304,#1304,#1314,.T.);
#1314 = CIRCLE('',#1315,18.789361295952);
#1315 = AXIS2_PLACEMENT_3D('',#1316,#1317,#1318);
#1316 = CARTESIAN_POINT('',(-66.79536628606,-0.18038791615,
    -2.883411459742));
#1317 = DIRECTION('',(1.,-3.903365172153E-16,1.709743457923E-14));
#1318 = DIRECTION('',(3.903365172153E-16,1.,4.573947159117E-16));
#1319 = CYLINDRICAL_SURFACE('',#1320,18.789361295952);
#1320 = AXIS2_PLACEMENT_3D('',#1321,#1322,#1323);
#1321 = CARTESIAN_POINT('',(-48.79536628606,-0.18038791615,
    -2.883411459742));
#1322 = DIRECTION('',(-1.,3.903365172153E-16,-1.709743457923E-14));
#1323 = DIRECTION('',(3.903365172153E-16,1.,4.573947159117E-16));
#1324 = ADVANCED_FACE('',(#1325,#1328),#1331,.T.);
#1325 = FACE_BOUND('',#1326,.T.);
#1326 = EDGE_LOOP('',(#1327));
#1327 = ORIENTED_EDGE('',*,*,#687,.T.);
#1328 = FACE_BOUND('',#1329,.T.);
#1329 = EDGE_LOOP('',(#1330));
#1330 = ORIENTED_EDGE('',*,*,#1313,.T.);
#1331 = PLANE('',#1332);
#1332 = AXIS2_PLACEMENT_3D('',#1333,#1334,#1335);
#1333 = CARTESIAN_POINT('',(-66.79536628606,-0.180671990895,
    -2.883412018536));
#1334 = DIRECTION('',(-1.,3.903365172153E-16,-1.709743457923E-14));
#1335 = DIRECTION('',(-1.709743457923E-14,-4.573946680833E-16,1.));
#1336 = ( GEOMETRIC_REPRESENTATION_CONTEXT(3) 
GLOBAL_UNCERTAINTY_ASSIGNED_CONTEXT((#1340)) 
GLOBAL_UNIT_ASSIGNED_CONTEXT((#1337,#1338,#1339)) REPRESENTATION_CONTEXT
('Context #1','3D Context with UNIT and UNCERTAINTY') );
#1337 = ( LENGTH_UNIT() NAMED_UNIT(*) SI_UNIT(.MILLI.,.METRE.) );
#1338 = ( NAMED_UNIT(*) PLANE_ANGLE_UNIT() SI_UNIT($,.RADIAN.) );
#1339 = ( NAMED_UNIT(*) SI_UNIT($,.STERADIAN.) SOLID_ANGLE_UNIT() );
#1340 = UNCERTAINTY_MEASURE_WITH_UNIT(LENGTH_MEASURE(1.E-07),#1337,
  'distance_accuracy_value','confusion accuracy');
#1341 = SHAPE_DEFINITION_REPRESENTATION(#1342,#29);
#1342 = PRODUCT_DEFINITION_SHAPE('','',#1343);
#1343 = PRODUCT_DEFINITION('design','',#1344,#1347);
#1344 = PRODUCT_DEFINITION_FORMATION('','',#1345);
#1345 = PRODUCT('宇树L6法兰','宇树L6法兰','',(#1346));
#1346 = MECHANICAL_CONTEXT('',#2,'mechanical');
#1347 = PRODUCT_DEFINITION_CONTEXT('part definition',#2,'design');
#1348 = CONTEXT_DEPENDENT_SHAPE_REPRESENTATION(#1349,#1351);
#1349 = ( REPRESENTATION_RELATIONSHIP('','',#29,#10) 
REPRESENTATION_RELATIONSHIP_WITH_TRANSFORMATION(#1350) 
SHAPE_REPRESENTATION_RELATIONSHIP() );
#1350 = ITEM_DEFINED_TRANSFORMATION('','',#11,#15);
#1351 = PRODUCT_DEFINITION_SHAPE('Placement','Placement of an item',
  #1352);
#1352 = NEXT_ASSEMBLY_USAGE_OCCURRENCE('1','宇树L6法兰:1','',#5,
  #1343,$);
#1353 = PRODUCT_TYPE('part',$,(#1345));
#1354 = SHAPE_REPRESENTATION('',(#11,#1355,#2365),#2587);
#1355 = MANIFOLD_SOLID_BREP('',#1356);
#1356 = CLOSED_SHELL('',(#1357,#1399,#1432,#1474,#1507,#1540,#1573,#1715
    ,#1746,#1771,#1795,#1819,#1843,#1867,#1964,#1981,#1998,#2010,#2027,
    #2060,#2082,#2094,#2127,#2170,#2213,#2258,#2293,#2316,#2329,#2341,
    #2353));
#1357 = ADVANCED_FACE('',(#1358),#1394,.T.);
#1358 = FACE_BOUND('',#1359,.T.);
#1359 = EDGE_LOOP('',(#1360,#1371,#1379,#1388));
#1360 = ORIENTED_EDGE('',*,*,#1361,.F.);
#1361 = EDGE_CURVE('',#1362,#1364,#1366,.T.);
#1362 = VERTEX_POINT('',#1363);
#1363 = CARTESIAN_POINT('',(-30.39105009819,-8.792517186113,
    -10.3282825503));
#1364 = VERTEX_POINT('',#1365);
#1365 = CARTESIAN_POINT('',(-30.39105009819,-9.918751575702,
    -8.67345664748));
#1366 = CIRCLE('',#1367,11.500331546502);
#1367 = AXIS2_PLACEMENT_3D('',#1368,#1369,#1370);
#1368 = CARTESIAN_POINT('',(-30.39105009819,0.115675829618,
    -3.054925493624));
#1369 = DIRECTION('',(-1.,-2.107933438639E-16,2.338407245617E-14));
#1370 = DIRECTION('',(1.124045411819E-14,0.872533749548,0.488553841351)
  );
#1371 = ORIENTED_EDGE('',*,*,#1372,.F.);
#1372 = EDGE_CURVE('',#1373,#1362,#1375,.T.);
#1373 = VERTEX_POINT('',#1374);
#1374 = CARTESIAN_POINT('',(-18.3910500989,-8.792517186113,
    -10.3282825503));
#1375 = LINE('',#1376,#1377);
#1376 = CARTESIAN_POINT('',(-18.3910500989,-8.792517186158,
    -10.32828255025));
#1377 = VECTOR('',#1378,1.);
#1378 = DIRECTION('',(-1.,-3.936774226161E-15,1.600108934241E-14));
#1379 = ORIENTED_EDGE('',*,*,#1380,.F.);
#1380 = EDGE_CURVE('',#1381,#1373,#1383,.T.);
#1381 = VERTEX_POINT('',#1382);
#1382 = CARTESIAN_POINT('',(-18.3910500989,-9.918751575702,
    -8.67345664748));
#1383 = CIRCLE('',#1384,11.500331546502);
#1384 = AXIS2_PLACEMENT_3D('',#1385,#1386,#1387);
#1385 = CARTESIAN_POINT('',(-18.39105009819,0.115675829618,
    -3.054925493625));
#1386 = DIRECTION('',(1.,2.107933438639E-16,-2.338407245617E-14));
#1387 = DIRECTION('',(1.124045411819E-14,0.872533749548,0.488553841351)
  );
#1388 = ORIENTED_EDGE('',*,*,#1389,.T.);
#1389 = EDGE_CURVE('',#1381,#1364,#1390,.T.);
#1390 = LINE('',#1391,#1392);
#1391 = CARTESIAN_POINT('',(-18.3910500989,-9.918751575702,
    -8.67345664748));
#1392 = VECTOR('',#1393,1.);
#1393 = DIRECTION('',(-1.,-3.936774226161E-15,1.600108934241E-14));
#1394 = CYLINDRICAL_SURFACE('',#1395,11.500331546502);
#1395 = AXIS2_PLACEMENT_3D('',#1396,#1397,#1398);
#1396 = CARTESIAN_POINT('',(-18.3910500989,0.115675829618,
    -3.054925493625));
#1397 = DIRECTION('',(-1.,-3.936774226161E-15,1.600108934241E-14));
#1398 = DIRECTION('',(4.38242528736E-15,0.872533749548,0.488553841351));
#1399 = ADVANCED_FACE('',(#1400),#1427,.F.);
#1400 = FACE_BOUND('',#1401,.F.);
#1401 = EDGE_LOOP('',(#1402,#1412,#1419,#1420));
#1402 = ORIENTED_EDGE('',*,*,#1403,.T.);
#1403 = EDGE_CURVE('',#1404,#1406,#1408,.T.);
#1404 = VERTEX_POINT('',#1405);
#1405 = CARTESIAN_POINT('',(-30.39105009819,-13.25935033292,
    -10.26087221894));
#1406 = VERTEX_POINT('',#1407);
#1407 = CARTESIAN_POINT('',(-18.3910500989,-13.25935033292,
    -10.26087221894));
#1408 = LINE('',#1409,#1410);
#1409 = CARTESIAN_POINT('',(-18.3910500989,-13.25935033287,
    -10.26087221888));
#1410 = VECTOR('',#1411,1.);
#1411 = DIRECTION('',(1.,3.936774227816E-15,-1.600108934241E-14));
#1412 = ORIENTED_EDGE('',*,*,#1413,.T.);
#1413 = EDGE_CURVE('',#1406,#1381,#1414,.T.);
#1414 = CIRCLE('',#1415,4.382186146969);
#1415 = AXIS2_PLACEMENT_3D('',#1416,#1417,#1418);
#1416 = CARTESIAN_POINT('',(-18.39105009819,-9.88391155002,
    -13.05550429661));
#1417 = DIRECTION('',(-1.,-2.107933438639E-16,2.338407245617E-14));
#1418 = DIRECTION('',(2.3385009295E-14,-7.950375568944E-03,
    0.999968395265));
#1419 = ORIENTED_EDGE('',*,*,#1389,.T.);
#1420 = ORIENTED_EDGE('',*,*,#1421,.T.);
#1421 = EDGE_CURVE('',#1364,#1404,#1422,.T.);
#1422 = CIRCLE('',#1423,4.382186146969);
#1423 = AXIS2_PLACEMENT_3D('',#1424,#1425,#1426);
#1424 = CARTESIAN_POINT('',(-30.39105009819,-9.88391155002,
    -13.05550429661));
#1425 = DIRECTION('',(1.,2.107933438639E-16,-2.338407245617E-14));
#1426 = DIRECTION('',(2.3385009295E-14,-7.950375568944E-03,
    0.999968395265));
#1427 = CYLINDRICAL_SURFACE('',#1428,4.382186146969);
#1428 = AXIS2_PLACEMENT_3D('',#1429,#1430,#1431);
#1429 = CARTESIAN_POINT('',(-18.3910500989,-9.88391155002,
    -13.05550429661));
#1430 = DIRECTION('',(-1.,-3.936774226161E-15,1.600108934241E-14));
#1431 = DIRECTION('',(1.603188246585E-14,-7.950375568944E-03,
    0.999968395265));
#1432 = ADVANCED_FACE('',(#1433),#1469,.T.);
#1433 = FACE_BOUND('',#1434,.T.);
#1434 = EDGE_LOOP('',(#1435,#1446,#1454,#1463));
#1435 = ORIENTED_EDGE('',*,*,#1436,.F.);
#1436 = EDGE_CURVE('',#1437,#1439,#1441,.T.);
#1437 = VERTEX_POINT('',#1438);
#1438 = CARTESIAN_POINT('',(-30.39105009819,-9.919331696573,
    2.562569466657));
#1439 = VERTEX_POINT('',#1440);
#1440 = CARTESIAN_POINT('',(-30.39105009819,-8.982680265532,
    3.979101947702));
#1441 = CIRCLE('',#1442,11.500331546502);
#1442 = AXIS2_PLACEMENT_3D('',#1443,#1444,#1445);
#1443 = CARTESIAN_POINT('',(-30.39105009819,0.115675829618,
    -3.054925493624));
#1444 = DIRECTION('',(-1.,-2.107933438639E-16,2.338407245617E-14));
#1445 = DIRECTION('',(-2.050704260909E-14,0.488502117218,-0.872562709193
    ));
#1446 = ORIENTED_EDGE('',*,*,#1447,.F.);
#1447 = EDGE_CURVE('',#1448,#1437,#1450,.T.);
#1448 = VERTEX_POINT('',#1449);
#1449 = CARTESIAN_POINT('',(-18.3910500989,-9.919331696573,
    2.562569466657));
#1450 = LINE('',#1451,#1452);
#1451 = CARTESIAN_POINT('',(-18.3910500989,-9.919331696573,
    2.562569466657));
#1452 = VECTOR('',#1453,1.);
#1453 = DIRECTION('',(-1.,-3.936774507403E-15,1.360023205166E-14));
#1454 = ORIENTED_EDGE('',*,*,#1455,.F.);
#1455 = EDGE_CURVE('',#1456,#1448,#1458,.T.);
#1456 = VERTEX_POINT('',#1457);
#1457 = CARTESIAN_POINT('',(-18.3910500989,-8.982680265532,
    3.979101947702));
#1458 = CIRCLE('',#1459,11.500331546502);
#1459 = AXIS2_PLACEMENT_3D('',#1460,#1461,#1462);
#1460 = CARTESIAN_POINT('',(-18.39105009819,0.115675829618,
    -3.054925493625));
#1461 = DIRECTION('',(1.,2.107933438639E-16,-2.338407245617E-14));
#1462 = DIRECTION('',(-2.050704260909E-14,0.488502117218,-0.872562709193
    ));
#1463 = ORIENTED_EDGE('',*,*,#1464,.F.);
#1464 = EDGE_CURVE('',#1439,#1456,#1465,.T.);
#1465 = LINE('',#1466,#1467);
#1466 = CARTESIAN_POINT('',(-18.3910500989,-8.98268026547,3.979101947781
    ));
#1467 = VECTOR('',#1468,1.);
#1468 = DIRECTION('',(1.,3.936774507403E-15,-1.360023205166E-14));
#1469 = CYLINDRICAL_SURFACE('',#1470,11.500331546502);
#1470 = AXIS2_PLACEMENT_3D('',#1471,#1472,#1473);
#1471 = CARTESIAN_POINT('',(-18.3910500989,0.115675829618,
    -3.054925493625));
#1472 = DIRECTION('',(-1.,-3.936774507403E-15,1.360023205166E-14));
#1473 = DIRECTION('',(-1.379017800652E-14,0.488502117218,-0.872562709193
    ));
#1474 = ADVANCED_FACE('',(#1475),#1502,.F.);
#1475 = FACE_BOUND('',#1476,.F.);
#1476 = EDGE_LOOP('',(#1477,#1478,#1487,#1495));
#1477 = ORIENTED_EDGE('',*,*,#1447,.F.);
#1478 = ORIENTED_EDGE('',*,*,#1479,.T.);
#1479 = EDGE_CURVE('',#1448,#1480,#1482,.T.);
#1480 = VERTEX_POINT('',#1481);
#1481 = CARTESIAN_POINT('',(-18.3910500989,-13.0745974793,3.940353665928
    ));
#1482 = CIRCLE('',#1483,4.382186146969);
#1483 = AXIS2_PLACEMENT_3D('',#1484,#1485,#1486);
#1484 = CARTESIAN_POINT('',(-18.39105009819,-9.884305096575,
    6.944615628438));
#1485 = DIRECTION('',(-1.,-2.107933438639E-16,2.338407245617E-14));
#1486 = DIRECTION('',(-2.285035336765E-17,0.999967703347,
    8.036931245786E-03));
#1487 = ORIENTED_EDGE('',*,*,#1488,.T.);
#1488 = EDGE_CURVE('',#1480,#1489,#1491,.T.);
#1489 = VERTEX_POINT('',#1490);
#1490 = CARTESIAN_POINT('',(-30.39105009819,-13.0745974793,
    3.940353665928));
#1491 = LINE('',#1492,#1493);
#1492 = CARTESIAN_POINT('',(-18.3910500989,-13.07459747936,
    3.940353665989));
#1493 = VECTOR('',#1494,1.);
#1494 = DIRECTION('',(-1.,-3.936774505749E-15,1.360023205166E-14));
#1495 = ORIENTED_EDGE('',*,*,#1496,.T.);
#1496 = EDGE_CURVE('',#1489,#1437,#1497,.T.);
#1497 = CIRCLE('',#1498,4.382186146969);
#1498 = AXIS2_PLACEMENT_3D('',#1499,#1500,#1501);
#1499 = CARTESIAN_POINT('',(-30.39105009819,-9.884305096576,
    6.944615628438));
#1500 = DIRECTION('',(1.,2.107933438639E-16,-2.338407245617E-14));
#1501 = DIRECTION('',(-2.285035336765E-17,0.999967703347,
    8.036931245786E-03));
#1502 = CYLINDRICAL_SURFACE('',#1503,4.382186146969);
#1503 = AXIS2_PLACEMENT_3D('',#1504,#1505,#1506);
#1504 = CARTESIAN_POINT('',(-18.3910500989,-9.884305096575,
    6.944615628437));
#1505 = DIRECTION('',(-1.,-3.936774507403E-15,1.360023205166E-14));
#1506 = DIRECTION('',(-3.827343232835E-15,0.999967703347,
    8.036931245786E-03));
#1507 = ADVANCED_FACE('',(#1508),#1535,.F.);
#1508 = FACE_BOUND('',#1509,.F.);
#1509 = EDGE_LOOP('',(#1510,#1519,#1527,#1534));
#1510 = ORIENTED_EDGE('',*,*,#1511,.T.);
#1511 = EDGE_CURVE('',#1373,#1512,#1514,.T.);
#1512 = VERTEX_POINT('',#1513);
#1513 = CARTESIAN_POINT('',(-18.39105009819,-9.842941658886,
    -19.58298590302));
#1514 = CIRCLE('',#1515,4.66469001599);
#1515 = AXIS2_PLACEMENT_3D('',#1516,#1517,#1518);
#1516 = CARTESIAN_POINT('',(-18.39105009819,-9.582676946366,
    -14.92556223487));
#1517 = DIRECTION('',(-1.,-2.107933438639E-16,2.338407245617E-14));
#1518 = DIRECTION('',(2.338407245617E-14,-1.94803656803E-15,1.));
#1519 = ORIENTED_EDGE('',*,*,#1520,.T.);
#1520 = EDGE_CURVE('',#1512,#1521,#1523,.T.);
#1521 = VERTEX_POINT('',#1522);
#1522 = CARTESIAN_POINT('',(-30.39105009819,-9.842941658886,
    -19.58298590302));
#1523 = LINE('',#1524,#1525);
#1524 = CARTESIAN_POINT('',(-18.39105009819,-9.842941658886,
    -19.58298590302));
#1525 = VECTOR('',#1526,1.);
#1526 = DIRECTION('',(-1.,-2.107933438639E-16,2.338407245617E-14));
#1527 = ORIENTED_EDGE('',*,*,#1528,.T.);
#1528 = EDGE_CURVE('',#1521,#1362,#1529,.T.);
#1529 = CIRCLE('',#1530,4.66469001599);
#1530 = AXIS2_PLACEMENT_3D('',#1531,#1532,#1533);
#1531 = CARTESIAN_POINT('',(-30.39105009819,-9.582676946366,
    -14.92556223487));
#1532 = DIRECTION('',(1.,2.107933438639E-16,-2.338407245617E-14));
#1533 = DIRECTION('',(2.338407245617E-14,-1.94803656803E-15,1.));
#1534 = ORIENTED_EDGE('',*,*,#1372,.F.);
#1535 = CYLINDRICAL_SURFACE('',#1536,4.66469001599);
#1536 = AXIS2_PLACEMENT_3D('',#1537,#1538,#1539);
#1537 = CARTESIAN_POINT('',(-18.39105009819,-9.582676946366,
    -14.92556223487));
#1538 = DIRECTION('',(-1.,-2.107933438639E-16,2.338407245617E-14));
#1539 = DIRECTION('',(-2.846647609092E-15,0.993620258317,-0.112777578724
    ));
#1540 = ADVANCED_FACE('',(#1541),#1568,.F.);
#1541 = FACE_BOUND('',#1542,.F.);
#1542 = EDGE_LOOP('',(#1543,#1552,#1560,#1567));
#1543 = ORIENTED_EDGE('',*,*,#1544,.T.);
#1544 = EDGE_CURVE('',#1439,#1545,#1547,.T.);
#1545 = VERTEX_POINT('',#1546);
#1546 = CARTESIAN_POINT('',(-30.39105009819,-9.842941658886,
    13.262467350135));
#1547 = CIRCLE('',#1548,4.66469001599);
#1548 = AXIS2_PLACEMENT_3D('',#1549,#1550,#1551);
#1549 = CARTESIAN_POINT('',(-30.39105009819,-9.582676946366,
    8.605043681979));
#1550 = DIRECTION('',(1.,2.107933438639E-16,-2.338407245617E-14));
#1551 = DIRECTION('',(-2.338407245617E-14,1.94803656803E-15,-1.));
#1552 = ORIENTED_EDGE('',*,*,#1553,.F.);
#1553 = EDGE_CURVE('',#1554,#1545,#1556,.T.);
#1554 = VERTEX_POINT('',#1555);
#1555 = CARTESIAN_POINT('',(-18.39105009818,-9.842941658886,
    13.262467350135));
#1556 = LINE('',#1557,#1558);
#1557 = CARTESIAN_POINT('',(-18.39105009818,-9.842941658886,
    13.262467350135));
#1558 = VECTOR('',#1559,1.);
#1559 = DIRECTION('',(-1.,-2.107933438639E-16,2.338407245617E-14));
#1560 = ORIENTED_EDGE('',*,*,#1561,.T.);
#1561 = EDGE_CURVE('',#1554,#1456,#1562,.T.);
#1562 = CIRCLE('',#1563,4.66469001599);
#1563 = AXIS2_PLACEMENT_3D('',#1564,#1565,#1566);
#1564 = CARTESIAN_POINT('',(-18.39105009819,-9.582676946366,
    8.605043681979));
#1565 = DIRECTION('',(-1.,-2.107933438639E-16,2.338407245617E-14));
#1566 = DIRECTION('',(-2.338407245617E-14,1.94803656803E-15,-1.));
#1567 = ORIENTED_EDGE('',*,*,#1464,.F.);
#1568 = CYLINDRICAL_SURFACE('',#1569,4.66469001599);
#1569 = AXIS2_PLACEMENT_3D('',#1570,#1571,#1572);
#1570 = CARTESIAN_POINT('',(-18.39105009819,-9.582676946366,
    8.605043681979));
#1571 = DIRECTION('',(1.,2.107933438639E-16,-2.338407245617E-14));
#1572 = DIRECTION('',(1.947792787826E-15,0.995733871729,
    9.227164619382E-02));
#1573 = ADVANCED_FACE('',(#1574),#1710,.F.);
#1574 = FACE_BOUND('',#1575,.T.);
#1575 = EDGE_LOOP('',(#1576,#1577,#1578,#1586,#1594,#1600,#1601,#1602,
    #1603,#1611,#1619,#1628,#1636,#1644,#1653,#1661,#1670,#1678,#1686,
    #1695,#1703,#1709));
#1576 = ORIENTED_EDGE('',*,*,#1361,.T.);
#1577 = ORIENTED_EDGE('',*,*,#1421,.T.);
#1578 = ORIENTED_EDGE('',*,*,#1579,.T.);
#1579 = EDGE_CURVE('',#1404,#1580,#1582,.T.);
#1580 = VERTEX_POINT('',#1581);
#1581 = CARTESIAN_POINT('',(-30.39105009819,-13.75264214848,
    -10.26087221888));
#1582 = LINE('',#1583,#1584);
#1583 = CARTESIAN_POINT('',(-30.39105009819,-6.998882862524,
    -10.26087221888));
#1584 = VECTOR('',#1585,1.);
#1585 = DIRECTION('',(2.107933752968E-16,-1.,-9.960135754101E-16));
#1586 = ORIENTED_EDGE('',*,*,#1587,.T.);
#1587 = EDGE_CURVE('',#1580,#1588,#1590,.T.);
#1588 = VERTEX_POINT('',#1589);
#1589 = CARTESIAN_POINT('',(-30.39105009819,-13.75264214848,
    3.940353665989));
#1590 = LINE('',#1591,#1592);
#1591 = CARTESIAN_POINT('',(-30.39105009819,-13.75264214848,
    14.468268885752));
#1592 = VECTOR('',#1593,1.);
#1593 = DIRECTION('',(2.331468351713E-14,-1.948036587349E-15,1.));
#1594 = ORIENTED_EDGE('',*,*,#1595,.T.);
#1595 = EDGE_CURVE('',#1588,#1489,#1596,.T.);
#1596 = LINE('',#1597,#1598);
#1597 = CARTESIAN_POINT('',(-30.39105009819,-6.998882862524,
    3.940353665989));
#1598 = VECTOR('',#1599,1.);
#1599 = DIRECTION('',(-2.107933769511E-16,1.,2.900059546348E-15));
#1600 = ORIENTED_EDGE('',*,*,#1496,.T.);
#1601 = ORIENTED_EDGE('',*,*,#1436,.T.);
#1602 = ORIENTED_EDGE('',*,*,#1544,.T.);
#1603 = ORIENTED_EDGE('',*,*,#1604,.T.);
#1604 = EDGE_CURVE('',#1545,#1605,#1607,.T.);
#1605 = VERTEX_POINT('',#1606);
#1606 = CARTESIAN_POINT('',(-30.39105009819,-13.75264214848,
    13.262467350135));
#1607 = LINE('',#1608,#1609);
#1608 = CARTESIAN_POINT('',(-30.39105009819,-4.796670210789,
    13.262467350135));
#1609 = VECTOR('',#1610,1.);
#1610 = DIRECTION('',(2.107933703337E-16,-1.,-1.44389677818E-15));
#1611 = ORIENTED_EDGE('',*,*,#1612,.T.);
#1612 = EDGE_CURVE('',#1605,#1613,#1615,.T.);
#1613 = VERTEX_POINT('',#1614);
#1614 = CARTESIAN_POINT('',(-30.39105009819,-13.75264214848,
    14.468268885752));
#1615 = LINE('',#1616,#1617);
#1616 = CARTESIAN_POINT('',(-30.39105009819,-13.75264214848,
    14.468268885752));
#1617 = VECTOR('',#1618,1.);
#1618 = DIRECTION('',(2.331468351713E-14,-1.948036587349E-15,1.));
#1619 = ORIENTED_EDGE('',*,*,#1620,.T.);
#1620 = EDGE_CURVE('',#1613,#1621,#1623,.T.);
#1621 = VERTEX_POINT('',#1622);
#1622 = CARTESIAN_POINT('',(-30.39105009819,14.247366961885,
    14.47182908101));
#1623 = CIRCLE('',#1624,22.495231984501);
#1624 = AXIS2_PLACEMENT_3D('',#1625,#1626,#1627);
#1625 = CARTESIAN_POINT('',(-30.39105009819,0.249601237308,
    -3.137771049497));
#1626 = DIRECTION('',(-1.,-2.107933438639E-16,2.338407245617E-14));
#1627 = DIRECTION('',(-2.107933438639E-16,1.,1.94803653689E-15));
#1628 = ORIENTED_EDGE('',*,*,#1629,.T.);
#1629 = EDGE_CURVE('',#1621,#1630,#1632,.T.);
#1630 = VERTEX_POINT('',#1631);
#1631 = CARTESIAN_POINT('',(-30.39105009819,14.247366961885,
    13.262467350135));
#1632 = LINE('',#1633,#1634);
#1633 = CARTESIAN_POINT('',(-30.39105009819,14.247366961885,
    -33.61787079981));
#1634 = VECTOR('',#1635,1.);
#1635 = DIRECTION('',(-2.331468351713E-14,1.948036587349E-15,-1.));
#1636 = ORIENTED_EDGE('',*,*,#1637,.T.);
#1637 = EDGE_CURVE('',#1630,#1638,#1640,.T.);
#1638 = VERTEX_POINT('',#1639);
#1639 = CARTESIAN_POINT('',(-30.39105009819,9.842941658414,
    13.262467350135));
#1640 = LINE('',#1641,#1642);
#1641 = CARTESIAN_POINT('',(-30.39105009819,5.046271447861,
    13.262467350135));
#1642 = VECTOR('',#1643,1.);
#1643 = DIRECTION('',(2.107933769511E-16,-1.,-2.452176356813E-15));
#1644 = ORIENTED_EDGE('',*,*,#1645,.T.);
#1645 = EDGE_CURVE('',#1638,#1646,#1648,.T.);
#1646 = VERTEX_POINT('',#1647);
#1647 = CARTESIAN_POINT('',(-30.39105009819,5.101864931123,
    7.308256639489));
#1648 = CIRCLE('',#1649,4.66469001599);
#1649 = AXIS2_PLACEMENT_3D('',#1650,#1651,#1652);
#1650 = CARTESIAN_POINT('',(-30.39105009819,9.582676945895,
    8.605043681979));
#1651 = DIRECTION('',(1.,2.107933438639E-16,-2.338407245617E-14));
#1652 = DIRECTION('',(-2.338407245617E-14,1.94803656803E-15,-1.));
#1653 = ORIENTED_EDGE('',*,*,#1654,.T.);
#1654 = EDGE_CURVE('',#1646,#1655,#1657,.T.);
#1655 = VERTEX_POINT('',#1656);
#1656 = CARTESIAN_POINT('',(-30.39105009819,5.181719868297,
    -13.37930554647));
#1657 = LINE('',#1658,#1659);
#1658 = CARTESIAN_POINT('',(-30.39105009819,5.120913331424,
    2.373496439188));
#1659 = VECTOR('',#1660,1.);
#1660 = DIRECTION('',(-2.330080572932E-14,3.860017025905E-03,
    -0.999992550107));
#1661 = ORIENTED_EDGE('',*,*,#1662,.T.);
#1662 = EDGE_CURVE('',#1655,#1663,#1665,.T.);
#1663 = VERTEX_POINT('',#1664);
#1664 = CARTESIAN_POINT('',(-30.39105009819,9.842941658414,
    -19.58298590302));
#1665 = CIRCLE('',#1666,4.66469001599);
#1666 = AXIS2_PLACEMENT_3D('',#1667,#1668,#1669);
#1667 = CARTESIAN_POINT('',(-30.39105009819,9.582676945895,
    -14.92556223487));
#1668 = DIRECTION('',(1.,2.107933438639E-16,-2.338407245617E-14));
#1669 = DIRECTION('',(2.338407245617E-14,-1.94803656803E-15,1.));
#1670 = ORIENTED_EDGE('',*,*,#1671,.T.);
#1671 = EDGE_CURVE('',#1663,#1672,#1674,.T.);
#1672 = VERTEX_POINT('',#1673);
#1673 = CARTESIAN_POINT('',(-30.39105009819,14.247366961885,
    -19.58298590302));
#1674 = LINE('',#1675,#1676);
#1675 = CARTESIAN_POINT('',(-30.39105009819,5.046271447861,
    -19.58298590302));
#1676 = VECTOR('',#1677,1.);
#1677 = DIRECTION('',(-2.107933703337E-16,1.,1.44389677818E-15));
#1678 = ORIENTED_EDGE('',*,*,#1679,.T.);
#1679 = EDGE_CURVE('',#1672,#1680,#1682,.T.);
#1680 = VERTEX_POINT('',#1681);
#1681 = CARTESIAN_POINT('',(-30.39105009819,14.247366961885,-20.74737118
    ));
#1682 = LINE('',#1683,#1684);
#1683 = CARTESIAN_POINT('',(-30.39105009819,14.247366961885,
    -33.61787079981));
#1684 = VECTOR('',#1685,1.);
#1685 = DIRECTION('',(-2.331468351713E-14,1.948036587349E-15,-1.));
#1686 = ORIENTED_EDGE('',*,*,#1687,.T.);
#1687 = EDGE_CURVE('',#1680,#1688,#1690,.T.);
#1688 = VERTEX_POINT('',#1689);
#1689 = CARTESIAN_POINT('',(-30.39105009819,-13.75264214848,
    -20.74381098474));
#1690 = CIRCLE('',#1691,22.495231984501);
#1691 = AXIS2_PLACEMENT_3D('',#1692,#1693,#1694);
#1692 = CARTESIAN_POINT('',(-30.39105009819,0.249601237308,
    -3.137771049497));
#1693 = DIRECTION('',(-1.,-2.107933438639E-16,2.338407245617E-14));
#1694 = DIRECTION('',(-2.107933438639E-16,1.,1.94803653689E-15));
#1695 = ORIENTED_EDGE('',*,*,#1696,.T.);
#1696 = EDGE_CURVE('',#1688,#1697,#1699,.T.);
#1697 = VERTEX_POINT('',#1698);
#1698 = CARTESIAN_POINT('',(-30.39105009819,-13.75264214848,
    -19.58298590302));
#1699 = LINE('',#1700,#1701);
#1700 = CARTESIAN_POINT('',(-30.39105009819,-13.75264214848,
    14.468268885752));
#1701 = VECTOR('',#1702,1.);
#1702 = DIRECTION('',(2.331468351713E-14,-1.948036587349E-15,1.));
#1703 = ORIENTED_EDGE('',*,*,#1704,.T.);
#1704 = EDGE_CURVE('',#1697,#1521,#1705,.T.);
#1705 = LINE('',#1706,#1707);
#1706 = CARTESIAN_POINT('',(-30.39105009819,-4.796670210789,
    -19.58298590302));
#1707 = VECTOR('',#1708,1.);
#1708 = DIRECTION('',(-2.107933769511E-16,1.,2.452176356813E-15));
#1709 = ORIENTED_EDGE('',*,*,#1528,.T.);
#1710 = PLANE('',#1711);
#1711 = AXIS2_PLACEMENT_3D('',#1712,#1713,#1714);
#1712 = CARTESIAN_POINT('',(-30.39105009819,0.249601237307,
    18.107729653156));
#1713 = DIRECTION('',(1.,2.107933438639E-16,-2.338407245617E-14));
#1714 = DIRECTION('',(-2.338407245617E-14,1.948036587349E-15,-1.));
#1715 = ADVANCED_FACE('',(#1716),#1741,.F.);
#1716 = FACE_BOUND('',#1717,.T.);
#1717 = EDGE_LOOP('',(#1718,#1719,#1727,#1735));
#1718 = ORIENTED_EDGE('',*,*,#1654,.F.);
#1719 = ORIENTED_EDGE('',*,*,#1720,.F.);
#1720 = EDGE_CURVE('',#1721,#1646,#1723,.T.);
#1721 = VERTEX_POINT('',#1722);
#1722 = CARTESIAN_POINT('',(-18.39105009819,5.101864931124,
    7.308256639489));
#1723 = LINE('',#1724,#1725);
#1724 = CARTESIAN_POINT('',(-18.39105009819,5.101864931124,
    7.308256639492));
#1725 = VECTOR('',#1726,1.);
#1726 = DIRECTION('',(-1.,-2.107933438639E-16,2.338407245617E-14));
#1727 = ORIENTED_EDGE('',*,*,#1728,.F.);
#1728 = EDGE_CURVE('',#1729,#1721,#1731,.T.);
#1729 = VERTEX_POINT('',#1730);
#1730 = CARTESIAN_POINT('',(-18.39105009819,5.181719868297,
    -13.37930554646));
#1731 = LINE('',#1732,#1733);
#1732 = CARTESIAN_POINT('',(-18.39105009819,5.120913331424,
    2.373496439188));
#1733 = VECTOR('',#1734,1.);
#1734 = DIRECTION('',(2.330080572932E-14,-3.860017025905E-03,
    0.999992550107));
#1735 = ORIENTED_EDGE('',*,*,#1736,.F.);
#1736 = EDGE_CURVE('',#1655,#1729,#1737,.T.);
#1737 = LINE('',#1738,#1739);
#1738 = CARTESIAN_POINT('',(-18.39105009819,5.181719868297,
    -13.37930554647));
#1739 = VECTOR('',#1740,1.);
#1740 = DIRECTION('',(1.,2.107933438639E-16,-2.338407245617E-14));
#1741 = PLANE('',#1742);
#1742 = AXIS2_PLACEMENT_3D('',#1743,#1744,#1745);
#1743 = CARTESIAN_POINT('',(-18.39105009819,5.181719868297,
    -13.37930554646));
#1744 = DIRECTION('',(-2.156478121074E-16,-0.999992550107,
    -3.860017025905E-03));
#1745 = DIRECTION('',(2.331468351713E-14,-3.860017025905E-03,
    0.999992550107));
#1746 = ADVANCED_FACE('',(#1747),#1766,.F.);
#1747 = FACE_BOUND('',#1748,.F.);
#1748 = EDGE_LOOP('',(#1749,#1750,#1758,#1765));
#1749 = ORIENTED_EDGE('',*,*,#1662,.T.);
#1750 = ORIENTED_EDGE('',*,*,#1751,.F.);
#1751 = EDGE_CURVE('',#1752,#1663,#1754,.T.);
#1752 = VERTEX_POINT('',#1753);
#1753 = CARTESIAN_POINT('',(-18.39105009819,9.842941658415,
    -19.58298590302));
#1754 = LINE('',#1755,#1756);
#1755 = CARTESIAN_POINT('',(-18.39105009819,9.842941658415,
    -19.58298590302));
#1756 = VECTOR('',#1757,1.);
#1757 = DIRECTION('',(-1.,-2.107933438639E-16,2.338407245617E-14));
#1758 = ORIENTED_EDGE('',*,*,#1759,.T.);
#1759 = EDGE_CURVE('',#1752,#1729,#1760,.T.);
#1760 = CIRCLE('',#1761,4.66469001599);
#1761 = AXIS2_PLACEMENT_3D('',#1762,#1763,#1764);
#1762 = CARTESIAN_POINT('',(-18.39105009819,9.582676945895,
    -14.92556223487));
#1763 = DIRECTION('',(-1.,-2.107933438639E-16,2.338407245617E-14));
#1764 = DIRECTION('',(2.338407245617E-14,-1.94803656803E-15,1.));
#1765 = ORIENTED_EDGE('',*,*,#1736,.F.);
#1766 = CYLINDRICAL_SURFACE('',#1767,4.66469001599);
#1767 = AXIS2_PLACEMENT_3D('',#1768,#1769,#1770);
#1768 = CARTESIAN_POINT('',(-18.39105009819,9.582676945895,
    -14.92556223487));
#1769 = DIRECTION('',(1.,2.107933438639E-16,-2.338407245617E-14));
#1770 = DIRECTION('',(-1.387823328011E-14,-0.799476280877,-0.60069765799
    ));
#1771 = ADVANCED_FACE('',(#1772),#1790,.F.);
#1772 = FACE_BOUND('',#1773,.T.);
#1773 = EDGE_LOOP('',(#1774,#1775,#1783,#1789));
#1774 = ORIENTED_EDGE('',*,*,#1403,.T.);
#1775 = ORIENTED_EDGE('',*,*,#1776,.F.);
#1776 = EDGE_CURVE('',#1777,#1406,#1779,.T.);
#1777 = VERTEX_POINT('',#1778);
#1778 = CARTESIAN_POINT('',(-18.39105009819,-13.75264214848,
    -10.26087221888));
#1779 = LINE('',#1780,#1781);
#1780 = CARTESIAN_POINT('',(-18.39105009819,-6.998882862524,
    -10.26087221888));
#1781 = VECTOR('',#1782,1.);
#1782 = DIRECTION('',(-2.107933752968E-16,1.,9.960135754101E-16));
#1783 = ORIENTED_EDGE('',*,*,#1784,.F.);
#1784 = EDGE_CURVE('',#1580,#1777,#1785,.T.);
#1785 = LINE('',#1786,#1787);
#1786 = CARTESIAN_POINT('',(-18.39105009819,-13.75264214848,
    -10.26087221888));
#1787 = VECTOR('',#1788,1.);
#1788 = DIRECTION('',(1.,2.107933438639E-16,-2.338407245617E-14));
#1789 = ORIENTED_EDGE('',*,*,#1579,.F.);
#1790 = PLANE('',#1791);
#1791 = AXIS2_PLACEMENT_3D('',#1792,#1793,#1794);
#1792 = CARTESIAN_POINT('',(-18.39105009819,-14.24736696235,
    -10.26087221888));
#1793 = DIRECTION('',(2.331468351713E-14,-9.960136018799E-16,1.));
#1794 = DIRECTION('',(-2.107933752968E-16,1.,9.960136018799E-16));
#1795 = ADVANCED_FACE('',(#1796),#1814,.F.);
#1796 = FACE_BOUND('',#1797,.T.);
#1797 = EDGE_LOOP('',(#1798,#1799,#1807,#1813));
#1798 = ORIENTED_EDGE('',*,*,#1704,.F.);
#1799 = ORIENTED_EDGE('',*,*,#1800,.F.);
#1800 = EDGE_CURVE('',#1801,#1697,#1803,.T.);
#1801 = VERTEX_POINT('',#1802);
#1802 = CARTESIAN_POINT('',(-18.39105009819,-13.75264214848,
    -19.58298590302));
#1803 = LINE('',#1804,#1805);
#1804 = CARTESIAN_POINT('',(-18.39105009819,-13.75264214848,
    -19.58298590302));
#1805 = VECTOR('',#1806,1.);
#1806 = DIRECTION('',(-1.,-2.107933438639E-16,2.338407245617E-14));
#1807 = ORIENTED_EDGE('',*,*,#1808,.F.);
#1808 = EDGE_CURVE('',#1512,#1801,#1809,.T.);
#1809 = LINE('',#1810,#1811);
#1810 = CARTESIAN_POINT('',(-18.39105009819,-4.796670210789,
    -19.58298590302));
#1811 = VECTOR('',#1812,1.);
#1812 = DIRECTION('',(2.107933769511E-16,-1.,-2.452176356813E-15));
#1813 = ORIENTED_EDGE('',*,*,#1520,.T.);
#1814 = PLANE('',#1815);
#1815 = AXIS2_PLACEMENT_3D('',#1816,#1817,#1818);
#1816 = CARTESIAN_POINT('',(-18.39105009819,-9.842941658886,
    -19.58298590302));
#1817 = DIRECTION('',(-2.331468351713E-14,2.452176383283E-15,-1.));
#1818 = DIRECTION('',(2.107933769511E-16,-1.,-2.452176383283E-15));
#1819 = ADVANCED_FACE('',(#1820),#1838,.T.);
#1820 = FACE_BOUND('',#1821,.T.);
#1821 = EDGE_LOOP('',(#1822,#1823,#1824,#1832));
#1822 = ORIENTED_EDGE('',*,*,#1800,.T.);
#1823 = ORIENTED_EDGE('',*,*,#1696,.F.);
#1824 = ORIENTED_EDGE('',*,*,#1825,.F.);
#1825 = EDGE_CURVE('',#1826,#1688,#1828,.T.);
#1826 = VERTEX_POINT('',#1827);
#1827 = CARTESIAN_POINT('',(-18.39105009819,-13.75264214848,
    -20.74381098474));
#1828 = LINE('',#1829,#1830);
#1829 = CARTESIAN_POINT('',(-18.39105009819,-13.75264214848,
    -20.74381098474));
#1830 = VECTOR('',#1831,1.);
#1831 = DIRECTION('',(-1.,-2.107933438639E-16,2.338407245617E-14));
#1832 = ORIENTED_EDGE('',*,*,#1833,.F.);
#1833 = EDGE_CURVE('',#1801,#1826,#1834,.T.);
#1834 = LINE('',#1835,#1836);
#1835 = CARTESIAN_POINT('',(-18.39105009819,-13.75264214848,
    14.468268885752));
#1836 = VECTOR('',#1837,1.);
#1837 = DIRECTION('',(-2.331468351713E-14,1.948036587349E-15,-1.));
#1838 = PLANE('',#1839);
#1839 = AXIS2_PLACEMENT_3D('',#1840,#1841,#1842);
#1840 = CARTESIAN_POINT('',(-18.39105009819,-13.75264214848,
    -20.74381098474));
#1841 = DIRECTION('',(2.107933703337E-16,-1.,-1.948036560879E-15));
#1842 = DIRECTION('',(2.331468351713E-14,-1.948036560879E-15,1.));
#1843 = ADVANCED_FACE('',(#1844),#1862,.T.);
#1844 = FACE_BOUND('',#1845,.T.);
#1845 = EDGE_LOOP('',(#1846,#1847,#1855,#1861));
#1846 = ORIENTED_EDGE('',*,*,#1784,.T.);
#1847 = ORIENTED_EDGE('',*,*,#1848,.F.);
#1848 = EDGE_CURVE('',#1849,#1777,#1851,.T.);
#1849 = VERTEX_POINT('',#1850);
#1850 = CARTESIAN_POINT('',(-18.39105009819,-13.75264214848,
    3.940353665989));
#1851 = LINE('',#1852,#1853);
#1852 = CARTESIAN_POINT('',(-18.39105009819,-13.75264214848,
    14.468268885752));
#1853 = VECTOR('',#1854,1.);
#1854 = DIRECTION('',(-2.331468351713E-14,1.948036587349E-15,-1.));
#1855 = ORIENTED_EDGE('',*,*,#1856,.T.);
#1856 = EDGE_CURVE('',#1849,#1588,#1857,.T.);
#1857 = LINE('',#1858,#1859);
#1858 = CARTESIAN_POINT('',(-18.39105009819,-13.75264214848,
    3.940353665989));
#1859 = VECTOR('',#1860,1.);
#1860 = DIRECTION('',(-1.,-2.107933438639E-16,2.338407245617E-14));
#1861 = ORIENTED_EDGE('',*,*,#1587,.F.);
#1862 = PLANE('',#1863);
#1863 = AXIS2_PLACEMENT_3D('',#1864,#1865,#1866);
#1864 = CARTESIAN_POINT('',(-18.39105009819,-13.75264214848,
    -20.74381098474));
#1865 = DIRECTION('',(2.107933703337E-16,-1.,-1.948036560879E-15));
#1866 = DIRECTION('',(2.331468351713E-14,-1.948036560879E-15,1.));
#1867 = ADVANCED_FACE('',(#1868),#1959,.T.);
#1868 = FACE_BOUND('',#1869,.T.);
#1869 = EDGE_LOOP('',(#1870,#1871,#1872,#1873,#1874,#1883,#1891,#1897,
    #1898,#1899,#1908,#1916,#1924,#1933,#1941,#1947,#1948,#1949,#1950,
    #1956,#1957,#1958));
#1870 = ORIENTED_EDGE('',*,*,#1380,.T.);
#1871 = ORIENTED_EDGE('',*,*,#1511,.T.);
#1872 = ORIENTED_EDGE('',*,*,#1808,.T.);
#1873 = ORIENTED_EDGE('',*,*,#1833,.T.);
#1874 = ORIENTED_EDGE('',*,*,#1875,.T.);
#1875 = EDGE_CURVE('',#1826,#1876,#1878,.T.);
#1876 = VERTEX_POINT('',#1877);
#1877 = CARTESIAN_POINT('',(-18.39105009819,14.247366961885,-20.74737118
    ));
#1878 = CIRCLE('',#1879,22.495231984501);
#1879 = AXIS2_PLACEMENT_3D('',#1880,#1881,#1882);
#1880 = CARTESIAN_POINT('',(-18.39105009819,0.249601237307,
    -3.137771049497));
#1881 = DIRECTION('',(1.,2.107933438639E-16,-2.338407245617E-14));
#1882 = DIRECTION('',(-2.107933438639E-16,1.,1.94803653689E-15));
#1883 = ORIENTED_EDGE('',*,*,#1884,.T.);
#1884 = EDGE_CURVE('',#1876,#1885,#1887,.T.);
#1885 = VERTEX_POINT('',#1886);
#1886 = CARTESIAN_POINT('',(-18.39105009819,14.247366961885,
    -19.58298590302));
#1887 = LINE('',#1888,#1889);
#1888 = CARTESIAN_POINT('',(-18.39105009819,14.247366961885,
    -33.61787079981));
#1889 = VECTOR('',#1890,1.);
#1890 = DIRECTION('',(2.331468351713E-14,-1.948036587349E-15,1.));
#1891 = ORIENTED_EDGE('',*,*,#1892,.T.);
#1892 = EDGE_CURVE('',#1885,#1752,#1893,.T.);
#1893 = LINE('',#1894,#1895);
#1894 = CARTESIAN_POINT('',(-18.39105009819,5.046271447861,
    -19.58298590302));
#1895 = VECTOR('',#1896,1.);
#1896 = DIRECTION('',(2.107933703337E-16,-1.,-1.44389677818E-15));
#1897 = ORIENTED_EDGE('',*,*,#1759,.T.);
#1898 = ORIENTED_EDGE('',*,*,#1728,.T.);
#1899 = ORIENTED_EDGE('',*,*,#1900,.T.);
#1900 = EDGE_CURVE('',#1721,#1901,#1903,.T.);
#1901 = VERTEX_POINT('',#1902);
#1902 = CARTESIAN_POINT('',(-18.39105009819,9.842941658414,
    13.262467350135));
#1903 = CIRCLE('',#1904,4.66469001599);
#1904 = AXIS2_PLACEMENT_3D('',#1905,#1906,#1907);
#1905 = CARTESIAN_POINT('',(-18.39105009819,9.582676945895,
    8.605043681979));
#1906 = DIRECTION('',(-1.,-2.107933438639E-16,2.338407245617E-14));
#1907 = DIRECTION('',(-2.338407245617E-14,1.94803656803E-15,-1.));
#1908 = ORIENTED_EDGE('',*,*,#1909,.T.);
#1909 = EDGE_CURVE('',#1901,#1910,#1912,.T.);
#1910 = VERTEX_POINT('',#1911);
#1911 = CARTESIAN_POINT('',(-18.39105009819,14.247366961885,
    13.262467350135));
#1912 = LINE('',#1913,#1914);
#1913 = CARTESIAN_POINT('',(-18.39105009819,5.046271447861,
    13.262467350135));
#1914 = VECTOR('',#1915,1.);
#1915 = DIRECTION('',(-2.107933769511E-16,1.,2.452176356813E-15));
#1916 = ORIENTED_EDGE('',*,*,#1917,.T.);
#1917 = EDGE_CURVE('',#1910,#1918,#1920,.T.);
#1918 = VERTEX_POINT('',#1919);
#1919 = CARTESIAN_POINT('',(-18.39105009819,14.247366961885,
    14.47182908101));
#1920 = LINE('',#1921,#1922);
#1921 = CARTESIAN_POINT('',(-18.39105009819,14.247366961885,
    -33.61787079981));
#1922 = VECTOR('',#1923,1.);
#1923 = DIRECTION('',(2.331468351713E-14,-1.948036587349E-15,1.));
#1924 = ORIENTED_EDGE('',*,*,#1925,.T.);
#1925 = EDGE_CURVE('',#1918,#1926,#1928,.T.);
#1926 = VERTEX_POINT('',#1927);
#1927 = CARTESIAN_POINT('',(-18.39105009819,-13.75264214848,
    14.468268885752));
#1928 = CIRCLE('',#1929,22.495231984501);
#1929 = AXIS2_PLACEMENT_3D('',#1930,#1931,#1932);
#1930 = CARTESIAN_POINT('',(-18.39105009819,0.249601237307,
    -3.137771049497));
#1931 = DIRECTION('',(1.,2.107933438639E-16,-2.338407245617E-14));
#1932 = DIRECTION('',(-2.107933438639E-16,1.,1.94803653689E-15));
#1933 = ORIENTED_EDGE('',*,*,#1934,.T.);
#1934 = EDGE_CURVE('',#1926,#1935,#1937,.T.);
#1935 = VERTEX_POINT('',#1936);
#1936 = CARTESIAN_POINT('',(-18.39105009819,-13.75264214848,
    13.262467350135));
#1937 = LINE('',#1938,#1939);
#1938 = CARTESIAN_POINT('',(-18.39105009819,-13.75264214848,
    14.468268885752));
#1939 = VECTOR('',#1940,1.);
#1940 = DIRECTION('',(-2.331468351713E-14,1.948036587349E-15,-1.));
#1941 = ORIENTED_EDGE('',*,*,#1942,.T.);
#1942 = EDGE_CURVE('',#1935,#1554,#1943,.T.);
#1943 = LINE('',#1944,#1945);
#1944 = CARTESIAN_POINT('',(-18.39105009819,-4.796670210789,
    13.262467350135));
#1945 = VECTOR('',#1946,1.);
#1946 = DIRECTION('',(-2.107933703337E-16,1.,1.44389677818E-15));
#1947 = ORIENTED_EDGE('',*,*,#1561,.T.);
#1948 = ORIENTED_EDGE('',*,*,#1455,.T.);
#1949 = ORIENTED_EDGE('',*,*,#1479,.T.);
#1950 = ORIENTED_EDGE('',*,*,#1951,.T.);
#1951 = EDGE_CURVE('',#1480,#1849,#1952,.T.);
#1952 = LINE('',#1953,#1954);
#1953 = CARTESIAN_POINT('',(-18.39105009819,-6.998882862524,
    3.940353665989));
#1954 = VECTOR('',#1955,1.);
#1955 = DIRECTION('',(2.107933769511E-16,-1.,-2.900059546348E-15));
#1956 = ORIENTED_EDGE('',*,*,#1848,.T.);
#1957 = ORIENTED_EDGE('',*,*,#1776,.T.);
#1958 = ORIENTED_EDGE('',*,*,#1413,.T.);
#1959 = PLANE('',#1960);
#1960 = AXIS2_PLACEMENT_3D('',#1961,#1962,#1963);
#1961 = CARTESIAN_POINT('',(-18.39105009819,0.249601237307,
    18.107729653155));
#1962 = DIRECTION('',(1.,2.107933438639E-16,-2.338407245617E-14));
#1963 = DIRECTION('',(-2.338407245617E-14,1.948036587349E-15,-1.));
#1964 = ADVANCED_FACE('',(#1965),#1976,.T.);
#1965 = FACE_BOUND('',#1966,.T.);
#1966 = EDGE_LOOP('',(#1967,#1968,#1969,#1970));
#1967 = ORIENTED_EDGE('',*,*,#1671,.F.);
#1968 = ORIENTED_EDGE('',*,*,#1751,.F.);
#1969 = ORIENTED_EDGE('',*,*,#1892,.F.);
#1970 = ORIENTED_EDGE('',*,*,#1971,.F.);
#1971 = EDGE_CURVE('',#1672,#1885,#1972,.T.);
#1972 = LINE('',#1973,#1974);
#1973 = CARTESIAN_POINT('',(-18.39105009819,14.247366961885,
    -19.58298590302));
#1974 = VECTOR('',#1975,1.);
#1975 = DIRECTION('',(1.,2.107933438639E-16,-2.338407245617E-14));
#1976 = PLANE('',#1977);
#1977 = AXIS2_PLACEMENT_3D('',#1978,#1979,#1980);
#1978 = CARTESIAN_POINT('',(-18.39105009819,9.842941658415,
    -19.58298590302));
#1979 = DIRECTION('',(2.331468351713E-14,-1.443896791415E-15,1.));
#1980 = DIRECTION('',(-2.107933703337E-16,1.,1.443896791415E-15));
#1981 = ADVANCED_FACE('',(#1982),#1993,.T.);
#1982 = FACE_BOUND('',#1983,.T.);
#1983 = EDGE_LOOP('',(#1984,#1985,#1986,#1992));
#1984 = ORIENTED_EDGE('',*,*,#1971,.T.);
#1985 = ORIENTED_EDGE('',*,*,#1884,.F.);
#1986 = ORIENTED_EDGE('',*,*,#1987,.T.);
#1987 = EDGE_CURVE('',#1876,#1680,#1988,.T.);
#1988 = LINE('',#1989,#1990);
#1989 = CARTESIAN_POINT('',(-18.39105009819,14.247366961885,-20.74737118
    ));
#1990 = VECTOR('',#1991,1.);
#1991 = DIRECTION('',(-1.,-2.107933438639E-16,2.338407245617E-14));
#1992 = ORIENTED_EDGE('',*,*,#1679,.F.);
#1993 = PLANE('',#1994);
#1994 = AXIS2_PLACEMENT_3D('',#1995,#1996,#1997);
#1995 = CARTESIAN_POINT('',(-18.39105009819,14.247366961885,
    14.47182908101));
#1996 = DIRECTION('',(-2.107933703337E-16,1.,1.948036560879E-15));
#1997 = DIRECTION('',(-2.331468351713E-14,1.948036560879E-15,-1.));
#1998 = ADVANCED_FACE('',(#1999),#2005,.T.);
#1999 = FACE_BOUND('',#2000,.T.);
#2000 = EDGE_LOOP('',(#2001,#2002,#2003,#2004));
#2001 = ORIENTED_EDGE('',*,*,#1488,.T.);
#2002 = ORIENTED_EDGE('',*,*,#1595,.F.);
#2003 = ORIENTED_EDGE('',*,*,#1856,.F.);
#2004 = ORIENTED_EDGE('',*,*,#1951,.F.);
#2005 = PLANE('',#2006);
#2006 = AXIS2_PLACEMENT_3D('',#2007,#2008,#2009);
#2007 = CARTESIAN_POINT('',(-18.39105009819,-14.24736696235,
    3.940353665989));
#2008 = DIRECTION('',(2.331468351713E-14,-2.900059572818E-15,1.));
#2009 = DIRECTION('',(-2.107933769511E-16,1.,2.900059572818E-15));
#2010 = ADVANCED_FACE('',(#2011),#2022,.T.);
#2011 = FACE_BOUND('',#2012,.T.);
#2012 = EDGE_LOOP('',(#2013,#2019,#2020,#2021));
#2013 = ORIENTED_EDGE('',*,*,#2014,.F.);
#2014 = EDGE_CURVE('',#1605,#1935,#2015,.T.);
#2015 = LINE('',#2016,#2017);
#2016 = CARTESIAN_POINT('',(-18.39105009819,-13.75264214848,
    13.262467350135));
#2017 = VECTOR('',#2018,1.);
#2018 = DIRECTION('',(1.,2.107933438639E-16,-2.338407245617E-14));
#2019 = ORIENTED_EDGE('',*,*,#1604,.F.);
#2020 = ORIENTED_EDGE('',*,*,#1553,.F.);
#2021 = ORIENTED_EDGE('',*,*,#1942,.F.);
#2022 = PLANE('',#2023);
#2023 = AXIS2_PLACEMENT_3D('',#2024,#2025,#2026);
#2024 = CARTESIAN_POINT('',(-18.39105009818,-9.842941658886,
    13.262467350135));
#2025 = DIRECTION('',(-2.331468351713E-14,1.443896791415E-15,-1.));
#2026 = DIRECTION('',(2.107933703337E-16,-1.,-1.443896791415E-15));
#2027 = ADVANCED_FACE('',(#2028),#2055,.T.);
#2028 = FACE_BOUND('',#2029,.T.);
#2029 = EDGE_LOOP('',(#2030,#2031,#2032,#2040,#2048,#2054));
#2030 = ORIENTED_EDGE('',*,*,#2014,.T.);
#2031 = ORIENTED_EDGE('',*,*,#1934,.F.);
#2032 = ORIENTED_EDGE('',*,*,#2033,.T.);
#2033 = EDGE_CURVE('',#1926,#2034,#2036,.T.);
#2034 = VERTEX_POINT('',#2035);
#2035 = CARTESIAN_POINT('',(-20.39054687295,-13.75264214848,
    14.468268885752));
#2036 = LINE('',#2037,#2038);
#2037 = CARTESIAN_POINT('',(-18.39105009819,-13.75264214848,
    14.468268885752));
#2038 = VECTOR('',#2039,1.);
#2039 = DIRECTION('',(-1.,-2.107933438639E-16,2.338407245617E-14));
#2040 = ORIENTED_EDGE('',*,*,#2041,.T.);
#2041 = EDGE_CURVE('',#2034,#2042,#2044,.T.);
#2042 = VERTEX_POINT('',#2043);
#2043 = CARTESIAN_POINT('',(-26.39120392869,-13.75264214848,
    14.468268885752));
#2044 = LINE('',#2045,#2046);
#2045 = CARTESIAN_POINT('',(-18.39105009819,-13.75264214848,
    14.468268885752));
#2046 = VECTOR('',#2047,1.);
#2047 = DIRECTION('',(-1.,-2.107933438639E-16,2.338407245617E-14));
#2048 = ORIENTED_EDGE('',*,*,#2049,.T.);
#2049 = EDGE_CURVE('',#2042,#1613,#2050,.T.);
#2050 = LINE('',#2051,#2052);
#2051 = CARTESIAN_POINT('',(-18.39105009819,-13.75264214848,
    14.468268885752));
#2052 = VECTOR('',#2053,1.);
#2053 = DIRECTION('',(-1.,-2.107933438639E-16,2.338407245617E-14));
#2054 = ORIENTED_EDGE('',*,*,#1612,.F.);
#2055 = PLANE('',#2056);
#2056 = AXIS2_PLACEMENT_3D('',#2057,#2058,#2059);
#2057 = CARTESIAN_POINT('',(-18.39105009819,-13.75264214848,
    -20.74381098474));
#2058 = DIRECTION('',(2.107933703337E-16,-1.,-1.948036560879E-15));
#2059 = DIRECTION('',(2.331468351713E-14,-1.948036560879E-15,1.));
#2060 = ADVANCED_FACE('',(#2061),#2077,.F.);
#2061 = FACE_BOUND('',#2062,.T.);
#2062 = EDGE_LOOP('',(#2063,#2064,#2070,#2071));
#2063 = ORIENTED_EDGE('',*,*,#1637,.F.);
#2064 = ORIENTED_EDGE('',*,*,#2065,.F.);
#2065 = EDGE_CURVE('',#1910,#1630,#2066,.T.);
#2066 = LINE('',#2067,#2068);
#2067 = CARTESIAN_POINT('',(-18.39105009819,14.247366961885,
    13.262467350135));
#2068 = VECTOR('',#2069,1.);
#2069 = DIRECTION('',(-1.,-2.107933438639E-16,2.338407245617E-14));
#2070 = ORIENTED_EDGE('',*,*,#1909,.F.);
#2071 = ORIENTED_EDGE('',*,*,#2072,.T.);
#2072 = EDGE_CURVE('',#1901,#1638,#2073,.T.);
#2073 = LINE('',#2074,#2075);
#2074 = CARTESIAN_POINT('',(-18.39105009819,9.842941658414,
    13.262467350135));
#2075 = VECTOR('',#2076,1.);
#2076 = DIRECTION('',(-1.,-2.107933438639E-16,2.338407245617E-14));
#2077 = PLANE('',#2078);
#2078 = AXIS2_PLACEMENT_3D('',#2079,#2080,#2081);
#2079 = CARTESIAN_POINT('',(-18.39105009819,9.842941658414,
    13.262467350135));
#2080 = DIRECTION('',(2.331468351713E-14,-2.452176383283E-15,1.));
#2081 = DIRECTION('',(-2.107933769511E-16,1.,2.452176383283E-15));
#2082 = ADVANCED_FACE('',(#2083),#2089,.F.);
#2083 = FACE_BOUND('',#2084,.F.);
#2084 = EDGE_LOOP('',(#2085,#2086,#2087,#2088));
#2085 = ORIENTED_EDGE('',*,*,#1900,.T.);
#2086 = ORIENTED_EDGE('',*,*,#2072,.T.);
#2087 = ORIENTED_EDGE('',*,*,#1645,.T.);
#2088 = ORIENTED_EDGE('',*,*,#1720,.F.);
#2089 = CYLINDRICAL_SURFACE('',#2090,4.66469001599);
#2090 = AXIS2_PLACEMENT_3D('',#2091,#2092,#2093);
#2091 = CARTESIAN_POINT('',(-18.39105009819,9.582676945895,
    8.605043681979));
#2092 = DIRECTION('',(-1.,-2.107933438639E-16,2.338407245617E-14));
#2093 = DIRECTION('',(1.473101792362E-14,-0.782295459536,0.622907548509)
  );
#2094 = ADVANCED_FACE('',(#2095),#2122,.T.);
#2095 = FACE_BOUND('',#2096,.T.);
#2096 = EDGE_LOOP('',(#2097,#2098,#2099,#2107,#2115,#2121));
#2097 = ORIENTED_EDGE('',*,*,#2065,.T.);
#2098 = ORIENTED_EDGE('',*,*,#1629,.F.);
#2099 = ORIENTED_EDGE('',*,*,#2100,.F.);
#2100 = EDGE_CURVE('',#2101,#1621,#2103,.T.);
#2101 = VERTEX_POINT('',#2102);
#2102 = CARTESIAN_POINT('',(-26.39120392868,14.247366961885,
    14.47182908101));
#2103 = LINE('',#2104,#2105);
#2104 = CARTESIAN_POINT('',(-18.39105009819,14.247366961885,
    14.47182908101));
#2105 = VECTOR('',#2106,1.);
#2106 = DIRECTION('',(-1.,-2.107933438639E-16,2.338407245617E-14));
#2107 = ORIENTED_EDGE('',*,*,#2108,.F.);
#2108 = EDGE_CURVE('',#2109,#2101,#2111,.T.);
#2109 = VERTEX_POINT('',#2110);
#2110 = CARTESIAN_POINT('',(-20.39054687295,14.247366961885,
    14.47182908101));
#2111 = LINE('',#2112,#2113);
#2112 = CARTESIAN_POINT('',(-18.39105009819,14.247366961885,
    14.47182908101));
#2113 = VECTOR('',#2114,1.);
#2114 = DIRECTION('',(-1.,-2.107933438639E-16,2.338407245617E-14));
#2115 = ORIENTED_EDGE('',*,*,#2116,.F.);
#2116 = EDGE_CURVE('',#1918,#2109,#2117,.T.);
#2117 = LINE('',#2118,#2119);
#2118 = CARTESIAN_POINT('',(-18.39105009819,14.247366961885,
    14.47182908101));
#2119 = VECTOR('',#2120,1.);
#2120 = DIRECTION('',(-1.,-2.107933438639E-16,2.338407245617E-14));
#2121 = ORIENTED_EDGE('',*,*,#1917,.F.);
#2122 = PLANE('',#2123);
#2123 = AXIS2_PLACEMENT_3D('',#2124,#2125,#2126);
#2124 = CARTESIAN_POINT('',(-18.39105009819,14.247366961885,
    14.47182908101));
#2125 = DIRECTION('',(-2.107933703337E-16,1.,1.948036560879E-15));
#2126 = DIRECTION('',(-2.331468351713E-14,1.948036560879E-15,-1.));
#2127 = ADVANCED_FACE('',(#2128),#2165,.F.);
#2128 = FACE_BOUND('',#2129,.T.);
#2129 = EDGE_LOOP('',(#2130,#2131,#2140,#2149,#2158));
#2130 = ORIENTED_EDGE('',*,*,#2108,.T.);
#2131 = ORIENTED_EDGE('',*,*,#2132,.F.);
#2132 = EDGE_CURVE('',#2133,#2101,#2135,.T.);
#2133 = VERTEX_POINT('',#2134);
#2134 = CARTESIAN_POINT('',(-24.17820094533,14.960780335133,
    16.713340796398));
#2135 = CIRCLE('',#2136,529.40774489713);
#2136 = AXIS2_PLACEMENT_3D('',#2137,#2138,#2139);
#2137 = CARTESIAN_POINT('',(360.30429882194,-95.41324179883,
    -330.0767152429));
#2138 = DIRECTION('',(7.275430258247E-15,-0.952900584523,0.303282831719)
  );
#2139 = DIRECTION('',(1.,2.030705358667E-16,-2.335089060524E-14));
#2140 = ORIENTED_EDGE('',*,*,#2141,.F.);
#2141 = EDGE_CURVE('',#2142,#2133,#2144,.T.);
#2142 = VERTEX_POINT('',#2143);
#2143 = CARTESIAN_POINT('',(-24.16494731464,14.96489356205,
    16.726264364513));
#2144 = CIRCLE('',#2145,1.004367811543);
#2145 = AXIS2_PLACEMENT_3D('',#2146,#2147,#2148);
#2146 = CARTESIAN_POINT('',(-23.45328240154,14.749950158904,
    16.050922165496));
#2147 = DIRECTION('',(7.275430258247E-15,-0.952900584523,0.303282831719)
  );
#2148 = DIRECTION('',(1.,2.086059459582E-16,-2.333349860358E-14));
#2149 = ORIENTED_EDGE('',*,*,#2150,.F.);
#2150 = EDGE_CURVE('',#2151,#2142,#2153,.T.);
#2151 = VERTEX_POINT('',#2152);
#2152 = CARTESIAN_POINT('',(-22.62820698767,14.968611046845,
    16.737944529242));
#2153 = CIRCLE('',#2154,1.050037588686);
#2154 = AXIS2_PLACEMENT_3D('',#2155,#2156,#2157);
#2155 = CARTESIAN_POINT('',(-23.39086907539,14.749716195301,
    16.050187062712));
#2156 = DIRECTION('',(7.275430258247E-15,-0.952900584523,0.303282831719)
  );
#2157 = DIRECTION('',(1.,1.915686465851E-16,-2.338702900766E-14));
#2158 = ORIENTED_EDGE('',*,*,#2159,.F.);
#2159 = EDGE_CURVE('',#2109,#2151,#2160,.T.);
#2160 = CIRCLE('',#2161,569.15127742399);
#2161 = AXIS2_PLACEMENT_3D('',#2162,#2163,#2164);
#2162 = CARTESIAN_POINT('',(-436.0135404075,-103.6788511077,
    -356.046876156));
#2163 = DIRECTION('',(7.275430258247E-15,-0.952900584523,0.303282831719)
  );
#2164 = DIRECTION('',(1.,1.917948048852E-16,-2.338631842877E-14));
#2165 = PLANE('',#2166);
#2166 = AXIS2_PLACEMENT_3D('',#2167,#2168,#2169);
#2167 = CARTESIAN_POINT('',(-23.39086907539,14.653918710965,
    15.74919581206));
#2168 = DIRECTION('',(7.275430258247E-15,-0.952900584523,0.303282831719)
  );
#2169 = DIRECTION('',(-2.210731597785E-14,-0.303282831719,
    -0.952900584523));
#2170 = ADVANCED_FACE('',(#2171),#2203,.T.);
#2171 = FACE_BOUND('',#2172,.T.);
#2172 = EDGE_LOOP('',(#2173,#2186,#2195,#2202));
#2173 = ORIENTED_EDGE('',*,*,#2174,.F.);
#2174 = EDGE_CURVE('',#2042,#2101,#2175,.T.);
#2175 = B_SPLINE_CURVE_WITH_KNOTS('',3,(#2176,#2177,#2178,#2179,#2180,
    #2181,#2182,#2183,#2184,#2185),.UNSPECIFIED.,.F.,.F.,(4,2,2,2,4),(0.
    ,0.87876380523,1.75752761046,2.393685105022,3.029842599585),
  .UNSPECIFIED.);
#2176 = CARTESIAN_POINT('',(-26.39120392868,-13.75264214848,
    14.468268885752));
#2177 = CARTESIAN_POINT('',(-26.39120392868,-11.46007474883,
    16.291568550311));
#2178 = CARTESIAN_POINT('',(-26.39120392868,-8.833294574436,
    17.649647084033));
#2179 = CARTESIAN_POINT('',(-26.39120392869,-3.207015834969,
    19.282477553069));
#2180 = CARTESIAN_POINT('',(-26.39120392868,-0.261307561213,
    19.541618739137));
#2181 = CARTESIAN_POINT('',(-26.39120392869,4.759570609818,
    19.002514958012));
#2182 = CARTESIAN_POINT('',(-26.39120392869,6.825414492073,
    18.479138264133));
#2183 = CARTESIAN_POINT('',(-26.39120392869,10.749141921193,
    16.869520962734));
#2184 = CARTESIAN_POINT('',(-26.39120392868,12.587388659671,
    15.791335896047));
#2185 = CARTESIAN_POINT('',(-26.39120392868,14.247366961885,
    14.47182908101));
#2186 = ORIENTED_EDGE('',*,*,#2187,.F.);
#2187 = EDGE_CURVE('',#2188,#2042,#2190,.T.);
#2188 = VERTEX_POINT('',#2189);
#2189 = CARTESIAN_POINT('',(-24.17820094533,-15.7757294495,
    15.668456864278));
#2190 = CIRCLE('',#2191,529.40774489713);
#2191 = AXIS2_PLACEMENT_3D('',#2192,#2193,#2194);
#2192 = CARTESIAN_POINT('',(360.30429882194,297.2213223513,
    -170.0157193429));
#2193 = DIRECTION('',(-1.991462550421E-14,-0.510218090061,
    -0.860045057293));
#2194 = DIRECTION('',(1.,2.428125555696E-16,-2.329937564623E-14));
#2195 = ORIENTED_EDGE('',*,*,#2196,.F.);
#2196 = EDGE_CURVE('',#2133,#2188,#2197,.T.);
#2197 = CIRCLE('',#2198,24.708003399031);
#2198 = AXIS2_PLACEMENT_3D('',#2199,#2200,#2201);
#2199 = CARTESIAN_POINT('',(-24.17820094533,0.249601237307,
    -3.137771049497));
#2200 = DIRECTION('',(1.,2.107933438639E-16,-2.338407245617E-14));
#2201 = DIRECTION('',(1.86619214697E-14,0.595401370974,0.803428408411));
#2202 = ORIENTED_EDGE('',*,*,#2132,.T.);
#2203 = ( BOUNDED_SURFACE() B_SPLINE_SURFACE(2,2,(
    (#2204,#2205,#2206)
    ,(#2207,#2208,#2209)
    ,(#2210,#2211,#2212
)),.UNSPECIFIED.,.F.,.F.,.F.) B_SPLINE_SURFACE_WITH_KNOTS((3,3),(3,3),(
    2.38364768758,2.389813904648),(0.,1.343493843534),
.PIECEWISE_BEZIER_KNOTS.) GEOMETRIC_REPRESENTATION_ITEM() 
RATIONAL_B_SPLINE_SURFACE((
    (1.,0.782735656487,1.)
    ,(0.999995247225,0.78273193632,0.999995247225)
,(1.,0.782735656487,1.))) REPRESENTATION_ITEM('') SURFACE() );
#2204 = CARTESIAN_POINT('',(-24.17820094533,14.960780335133,
    16.713340796398));
#2205 = CARTESIAN_POINT('',(-24.17820094533,-0.822868960979,
    28.410221727547));
#2206 = CARTESIAN_POINT('',(-24.17820094533,-15.7757294495,
    15.668456864278));
#2207 = CARTESIAN_POINT('',(-25.30024325112,14.601267340236,
    15.583767648327));
#2208 = CARTESIAN_POINT('',(-25.30024325112,-0.284256623559,
    26.994799249076));
#2209 = CARTESIAN_POINT('',(-25.30024325112,-14.75622771067,
    15.063641772805));
#2210 = CARTESIAN_POINT('',(-26.41495480728,14.23966285332,
    14.44762312938));
#2211 = CARTESIAN_POINT('',(-26.41495480728,0.257489128845,
    25.571142451235));
#2212 = CARTESIAN_POINT('',(-26.41495480728,-13.7307949491,
    14.455308127191));
#2213 = ADVANCED_FACE('',(#2214),#2242,.T.);
#2214 = FACE_BOUND('',#2215,.T.);
#2215 = EDGE_LOOP('',(#2216,#2217,#2226,#2235));
#2216 = ORIENTED_EDGE('',*,*,#2150,.T.);
#2217 = ORIENTED_EDGE('',*,*,#2218,.T.);
#2218 = EDGE_CURVE('',#2142,#2219,#2221,.T.);
#2219 = VERTEX_POINT('',#2220);
#2220 = CARTESIAN_POINT('',(-24.16494731464,-15.78739367876,
    15.675376618918));
#2221 = CIRCLE('',#2222,24.720835971538);
#2222 = AXIS2_PLACEMENT_3D('',#2223,#2224,#2225);
#2223 = CARTESIAN_POINT('',(-24.16494731464,0.249601237307,
    -3.137771049497));
#2224 = DIRECTION('',(1.,2.107933438639E-16,-2.338407245617E-14));
#2225 = DIRECTION('',(1.86644237375E-14,0.595258685494,0.803534129545));
#2226 = ORIENTED_EDGE('',*,*,#2227,.F.);
#2227 = EDGE_CURVE('',#2228,#2219,#2230,.T.);
#2228 = VERTEX_POINT('',#2229);
#2229 = CARTESIAN_POINT('',(-22.62820698767,-15.79793566825,
    15.681630609561));
#2230 = CIRCLE('',#2231,1.050037588686);
#2231 = AXIS2_PLACEMENT_3D('',#2232,#2233,#2234);
#2232 = CARTESIAN_POINT('',(-23.39086907539,-15.1771968217,
    15.313379916154));
#2233 = DIRECTION('',(-1.991462550421E-14,-0.510218090061,
    -0.860045057293));
#2234 = DIRECTION('',(1.,2.602768394839E-16,-2.330973625875E-14));
#2235 = ORIENTED_EDGE('',*,*,#2236,.F.);
#2236 = EDGE_CURVE('',#2151,#2228,#2237,.T.);
#2237 = CIRCLE('',#2238,24.732434565569);
#2238 = AXIS2_PLACEMENT_3D('',#2239,#2240,#2241);
#2239 = CARTESIAN_POINT('',(-22.62820698767,0.249601237307,
    -3.137771049497));
#2240 = DIRECTION('',(1.,2.107933438639E-16,-2.338407245617E-14));
#2241 = DIRECTION('',(1.86666825173E-14,0.595129839342,0.803629562874));
#2242 = ( BOUNDED_SURFACE() B_SPLINE_SURFACE(2,2,(
    (#2243,#2244,#2245)
    ,(#2246,#2247,#2248)
    ,(#2249,#2250,#2251)
    ,(#2252,#2253,#2254)
    ,(#2255,#2256,#2257
)),.UNSPECIFIED.,.F.,.F.,.F.) B_SPLINE_SURFACE_WITH_KNOTS((3,2,3),(3,3),
  (0.757845066776,1.578772486615,2.399699906454),(0.,1.343493843534),
.UNSPECIFIED.) GEOMETRIC_REPRESENTATION_ITEM() RATIONAL_B_SPLINE_SURFACE
((
    (1.,0.782735656487,1.)
    ,(0.916935885121,0.717718411997,0.916935885121)
    ,(1.,0.782735656487,1.)
    ,(0.916935885121,0.717718411996,0.916935885121)
,(1.,0.782735656487,1.))) REPRESENTATION_ITEM('') SURFACE() );
#2243 = CARTESIAN_POINT('',(-22.62820692237,14.968611065587,
    16.737944588129));
#2244 = CARTESIAN_POINT('',(-22.62820692237,-0.834600742844,
    28.441051745002));
#2245 = CARTESIAN_POINT('',(-22.62820692237,-15.79793572139,
    15.681630641091));
#2246 = CARTESIAN_POINT('',(-22.94230067822,15.069269823369,
    17.054209734375));
#2247 = CARTESIAN_POINT('',(-22.94230067822,-0.985404885059,
    28.837350823038));
#2248 = CARTESIAN_POINT('',(-22.94230067822,-16.08338236739,
    15.850970655665));
#2249 = CARTESIAN_POINT('',(-23.39924425421,15.068164438641,
    17.050736666853));
#2250 = CARTESIAN_POINT('',(-23.39924425421,-0.983748828505,
    28.832998862432));
#2251 = CARTESIAN_POINT('',(-23.39924425421,-16.08024773341,
    15.849111047321));
#2252 = CARTESIAN_POINT('',(-23.8561878302,15.067059053914,
    17.04726359933));
#2253 = CARTESIAN_POINT('',(-23.8561878302,-0.982092771949,
    28.828646901828));
#2254 = CARTESIAN_POINT('',(-23.8561878302,-16.07711309942,
    15.847251438977));
#2255 = CARTESIAN_POINT('',(-24.16494731464,14.96489356205,
    16.726264364513));
#2256 = CARTESIAN_POINT('',(-24.16494731464,-0.829031282775,
    28.426415728656));
#2257 = CARTESIAN_POINT('',(-24.16494731464,-15.78739367876,
    15.675376618918));
#2258 = ADVANCED_FACE('',(#2259),#2283,.T.);
#2259 = FACE_BOUND('',#2260,.T.);
#2260 = EDGE_LOOP('',(#2261,#2274,#2275,#2276));
#2261 = ORIENTED_EDGE('',*,*,#2262,.F.);
#2262 = EDGE_CURVE('',#2109,#2034,#2263,.T.);
#2263 = B_SPLINE_CURVE_WITH_KNOTS('',3,(#2264,#2265,#2266,#2267,#2268,
    #2269,#2270,#2271,#2272,#2273),.UNSPECIFIED.,.F.,.F.,(4,2,2,2,4),(0.
    ,0.87876380523,1.75752761046,2.393685105022,3.029842599585),
  .UNSPECIFIED.);
#2264 = CARTESIAN_POINT('',(-20.39054687295,14.247366961885,
    14.47182908101));
#2265 = CARTESIAN_POINT('',(-20.39054687295,11.954335972039,
    16.2945456877));
#2266 = CARTESIAN_POINT('',(-20.39054687295,9.327210523778,
    17.65195618843));
#2267 = CARTESIAN_POINT('',(-20.39054687295,3.700516738139,
    19.28335584438));
#2268 = CARTESIAN_POINT('',(-20.39054687295,0.754742660137,
    19.541747929709));
#2269 = CARTESIAN_POINT('',(-20.39054687295,-4.265998254687,
    19.001367358832));
#2270 = CARTESIAN_POINT('',(-20.39054687295,-6.331708975674,
    18.477465338657));
#2271 = CARTESIAN_POINT('',(-20.39054687295,-10.25502695293,
    16.866850287088));
#2272 = CARTESIAN_POINT('',(-20.39054687295,-12.09299944996,
    15.788197789899));
#2273 = CARTESIAN_POINT('',(-20.39054687295,-13.75264214848,
    14.468268885752));
#2274 = ORIENTED_EDGE('',*,*,#2159,.T.);
#2275 = ORIENTED_EDGE('',*,*,#2236,.T.);
#2276 = ORIENTED_EDGE('',*,*,#2277,.F.);
#2277 = EDGE_CURVE('',#2034,#2228,#2278,.T.);
#2278 = CIRCLE('',#2279,569.15127742399);
#2279 = AXIS2_PLACEMENT_3D('',#2280,#2281,#2282);
#2280 = CARTESIAN_POINT('',(-436.0135404075,320.66081739749,
    -183.9211005704));
#2281 = DIRECTION('',(-1.991462550421E-14,-0.510218090061,
    -0.860045057293));
#2282 = DIRECTION('',(1.,2.599334446307E-16,-2.330953254121E-14));
#2283 = ( BOUNDED_SURFACE() B_SPLINE_SURFACE(2,2,(
    (#2284,#2285,#2286)
    ,(#2287,#2288,#2289)
    ,(#2290,#2291,#2292
)),.UNSPECIFIED.,.F.,.F.,.F.) B_SPLINE_SURFACE_WITH_KNOTS((3,3),(3,3),(
    0.75204669225,0.757845066776),(0.,1.343493843534),
.PIECEWISE_BEZIER_KNOTS.) GEOMETRIC_REPRESENTATION_ITEM() 
RATIONAL_B_SPLINE_SURFACE((
    (1.,0.782735656487,1.)
    ,(0.99999579736,0.78273236693,0.99999579736)
,(1.,0.782735656487,1.))) REPRESENTATION_ITEM('') SURFACE() );
#2284 = CARTESIAN_POINT('',(-20.3667833435,14.23966285332,
    14.447623129379));
#2285 = CARTESIAN_POINT('',(-20.36678334349,0.257489128845,
    25.571142451235));
#2286 = CARTESIAN_POINT('',(-20.36678334349,-13.7307949491,
    14.455308127191));
#2287 = CARTESIAN_POINT('',(-21.49401105247,14.605131148718,
    15.595907555293));
#2288 = CARTESIAN_POINT('',(-21.49401105248,-0.290045273615,
    27.010011276059));
#2289 = CARTESIAN_POINT('',(-21.49401105247,-14.76718464275,
    15.070141926385));
#2290 = CARTESIAN_POINT('',(-22.62820705297,14.968611028103,
    16.737944470354));
#2291 = CARTESIAN_POINT('',(-22.62820705297,-0.834600686686,
    28.441051597423));
#2292 = CARTESIAN_POINT('',(-22.62820705297,-15.7979356151,
    15.68163057803));
#2293 = ADVANCED_FACE('',(#2294),#2306,.T.);
#2294 = FACE_BOUND('',#2295,.T.);
#2295 = EDGE_LOOP('',(#2296,#2297,#2298,#2305));
#2296 = ORIENTED_EDGE('',*,*,#2141,.T.);
#2297 = ORIENTED_EDGE('',*,*,#2196,.T.);
#2298 = ORIENTED_EDGE('',*,*,#2299,.F.);
#2299 = EDGE_CURVE('',#2219,#2188,#2300,.T.);
#2300 = CIRCLE('',#2301,1.004367811543);
#2301 = AXIS2_PLACEMENT_3D('',#2302,#2303,#2304);
#2302 = CARTESIAN_POINT('',(-23.45328240154,-15.1778602923,
    15.313773517275));
#2303 = DIRECTION('',(-1.991462550421E-14,-0.510218090061,
    -0.860045057293));
#2304 = DIRECTION('',(1.,2.344076773944E-16,-2.329438948783E-14));
#2305 = ORIENTED_EDGE('',*,*,#2218,.F.);
#2306 = ( BOUNDED_SURFACE() B_SPLINE_SURFACE(2,2,(
    (#2307,#2308,#2309)
    ,(#2310,#2311,#2312)
    ,(#2313,#2314,#2315
)),.UNSPECIFIED.,.F.,.F.,.F.) B_SPLINE_SURFACE_WITH_KNOTS((3,3),(3,3),(
    2.35826595918,2.377146788922),(0.,1.343493843534),
.PIECEWISE_BEZIER_KNOTS.) GEOMETRIC_REPRESENTATION_ITEM() 
RATIONAL_B_SPLINE_SURFACE((
    (1.,0.782735656487,1.)
    ,(0.999955439614,0.782700777484,0.999955439614)
,(1.,0.782735656487,1.))) REPRESENTATION_ITEM('') SURFACE() );
#2307 = CARTESIAN_POINT('',(-24.16494731464,14.96489356205,
    16.726264364513));
#2308 = CARTESIAN_POINT('',(-24.16494731464,-0.829031282775,
    28.426415728656));
#2309 = CARTESIAN_POINT('',(-24.16494731464,-15.78739367876,
    15.675376618918));
#2310 = CARTESIAN_POINT('',(-24.17163814897,14.962855922492,
    16.719862195573));
#2311 = CARTESIAN_POINT('',(-24.17163814897,-0.825978548047,
    28.418393429397));
#2312 = CARTESIAN_POINT('',(-24.17163814897,-15.78161537004,
    15.671948661729));
#2313 = CARTESIAN_POINT('',(-24.17820094531,14.960780335129,
    16.713340796386));
#2314 = CARTESIAN_POINT('',(-24.17820094531,-0.822868960974,
    28.410221727533));
#2315 = CARTESIAN_POINT('',(-24.17820094532,-15.77572944949,
    15.668456864272));
#2316 = ADVANCED_FACE('',(#2317),#2324,.T.);
#2317 = FACE_BOUND('',#2318,.T.);
#2318 = EDGE_LOOP('',(#2319,#2320,#2321,#2322,#2323));
#2319 = ORIENTED_EDGE('',*,*,#2041,.F.);
#2320 = ORIENTED_EDGE('',*,*,#2277,.T.);
#2321 = ORIENTED_EDGE('',*,*,#2227,.T.);
#2322 = ORIENTED_EDGE('',*,*,#2299,.T.);
#2323 = ORIENTED_EDGE('',*,*,#2187,.T.);
#2324 = PLANE('',#2325);
#2325 = AXIS2_PLACEMENT_3D('',#2326,#2327,#2328);
#2326 = CARTESIAN_POINT('',(-23.39086907539,-14.90553570446,
    15.152218108168));
#2327 = DIRECTION('',(-1.991462550421E-14,-0.510218090061,
    -0.860045057293));
#2328 = DIRECTION('',(-1.206673649889E-14,0.860045057293,-0.510218090061
    ));
#2329 = ADVANCED_FACE('',(#2330),#2336,.T.);
#2330 = FACE_BOUND('',#2331,.T.);
#2331 = EDGE_LOOP('',(#2332,#2333,#2334,#2335));
#2332 = ORIENTED_EDGE('',*,*,#2174,.T.);
#2333 = ORIENTED_EDGE('',*,*,#2100,.T.);
#2334 = ORIENTED_EDGE('',*,*,#1620,.F.);
#2335 = ORIENTED_EDGE('',*,*,#2049,.F.);
#2336 = CYLINDRICAL_SURFACE('',#2337,22.495231984501);
#2337 = AXIS2_PLACEMENT_3D('',#2338,#2339,#2340);
#2338 = CARTESIAN_POINT('',(-18.39105009819,0.249601237307,
    -3.137771049497));
#2339 = DIRECTION('',(-1.,-2.107933438639E-16,2.338407245617E-14));
#2340 = DIRECTION('',(-2.107933438639E-16,1.,1.94803653689E-15));
#2341 = ADVANCED_FACE('',(#2342),#2348,.T.);
#2342 = FACE_BOUND('',#2343,.T.);
#2343 = EDGE_LOOP('',(#2344,#2345,#2346,#2347));
#2344 = ORIENTED_EDGE('',*,*,#2262,.T.);
#2345 = ORIENTED_EDGE('',*,*,#2033,.F.);
#2346 = ORIENTED_EDGE('',*,*,#1925,.F.);
#2347 = ORIENTED_EDGE('',*,*,#2116,.T.);
#2348 = CYLINDRICAL_SURFACE('',#2349,22.495231984501);
#2349 = AXIS2_PLACEMENT_3D('',#2350,#2351,#2352);
#2350 = CARTESIAN_POINT('',(-18.39105009819,0.249601237307,
    -3.137771049497));
#2351 = DIRECTION('',(-1.,-2.107933438639E-16,2.338407245617E-14));
#2352 = DIRECTION('',(-2.107933438639E-16,1.,1.94803653689E-15));
#2353 = ADVANCED_FACE('',(#2354),#2360,.T.);
#2354 = FACE_BOUND('',#2355,.T.);
#2355 = EDGE_LOOP('',(#2356,#2357,#2358,#2359));
#2356 = ORIENTED_EDGE('',*,*,#1875,.F.);
#2357 = ORIENTED_EDGE('',*,*,#1825,.T.);
#2358 = ORIENTED_EDGE('',*,*,#1687,.F.);
#2359 = ORIENTED_EDGE('',*,*,#1987,.F.);
#2360 = CYLINDRICAL_SURFACE('',#2361,22.495231984501);
#2361 = AXIS2_PLACEMENT_3D('',#2362,#2363,#2364);
#2362 = CARTESIAN_POINT('',(-18.39105009819,0.249601237307,
    -3.137771049497));
#2363 = DIRECTION('',(-1.,-2.107933438639E-16,2.338407245617E-14));
#2364 = DIRECTION('',(-2.107933438639E-16,1.,1.94803653689E-15));
#2365 = MANIFOLD_SOLID_BREP('',#2366);
#2366 = CLOSED_SHELL('',(#2367,#2422,#2461,#2493,#2532,#2561,#2574));
#2367 = ADVANCED_FACE('',(#2368),#2406,.F.);
#2368 = FACE_BOUND('',#2369,.F.);
#2369 = EDGE_LOOP('',(#2370,#2381,#2390,#2399));
#2370 = ORIENTED_EDGE('',*,*,#2371,.T.);
#2371 = EDGE_CURVE('',#2372,#2374,#2376,.T.);
#2372 = VERTEX_POINT('',#2373);
#2373 = CARTESIAN_POINT('',(-24.16494731464,14.96489356205,
    -23.0467829174));
#2374 = VERTEX_POINT('',#2375);
#2375 = CARTESIAN_POINT('',(-24.16494731464,-15.78739367876,
    -21.9958951718));
#2376 = CIRCLE('',#2377,24.720835971538);
#2377 = AXIS2_PLACEMENT_3D('',#2378,#2379,#2380);
#2378 = CARTESIAN_POINT('',(-24.16494731464,0.249601237307,
    -3.182747503394));
#2379 = DIRECTION('',(-1.,-2.107933438639E-16,2.338407245617E-14));
#2380 = DIRECTION('',(-1.891537687506E-14,0.595258685494,-0.803534129545
    ));
#2381 = ORIENTED_EDGE('',*,*,#2382,.F.);
#2382 = EDGE_CURVE('',#2383,#2374,#2385,.T.);
#2383 = VERTEX_POINT('',#2384);
#2384 = CARTESIAN_POINT('',(-22.62820698767,-15.79793566825,
    -22.00214916245));
#2385 = CIRCLE('',#2386,1.050037588686);
#2386 = AXIS2_PLACEMENT_3D('',#2387,#2388,#2389);
#2387 = CARTESIAN_POINT('',(-23.39086907539,-15.1771968217,
    -21.63389846904));
#2388 = DIRECTION('',(-2.010891453352E-14,0.510218090061,-0.860045057293
    ));
#2389 = DIRECTION('',(1.,1.506911275719E-16,-2.329183689198E-14));
#2390 = ORIENTED_EDGE('',*,*,#2391,.F.);
#2391 = EDGE_CURVE('',#2392,#2383,#2394,.T.);
#2392 = VERTEX_POINT('',#2393);
#2393 = CARTESIAN_POINT('',(-22.62820698767,14.968611046845,
    -23.05846308213));
#2394 = CIRCLE('',#2395,24.732434565569);
#2395 = AXIS2_PLACEMENT_3D('',#2396,#2397,#2398);
#2396 = CARTESIAN_POINT('',(-22.62820698767,0.249601237307,
    -3.182747503394));
#2397 = DIRECTION('',(-1.,-2.107933438639E-16,2.338407245617E-14));
#2398 = DIRECTION('',(-1.891758133503E-14,0.595129839342,-0.803629562874
    ));
#2399 = ORIENTED_EDGE('',*,*,#2400,.T.);
#2400 = EDGE_CURVE('',#2392,#2372,#2401,.T.);
#2401 = CIRCLE('',#2402,1.050037588686);
#2402 = AXIS2_PLACEMENT_3D('',#2403,#2404,#2405);
#2403 = CARTESIAN_POINT('',(-23.39086907539,14.749716195301,
    -22.3707056156));
#2404 = DIRECTION('',(6.87297441182E-15,0.952900584523,0.303282831719));
#2405 = DIRECTION('',(1.,2.307095092057E-16,-2.338680893275E-14));
#2406 = ( BOUNDED_SURFACE() B_SPLINE_SURFACE(2,2,(
    (#2407,#2408,#2409)
    ,(#2410,#2411,#2412)
    ,(#2413,#2414,#2415)
    ,(#2416,#2417,#2418)
    ,(#2419,#2420,#2421
)),.UNSPECIFIED.,.F.,.F.,.F.) B_SPLINE_SURFACE_WITH_KNOTS((3,2,3),(3,3),
  (0.757845066776,1.578772486615,2.399699906454),(0.,1.343493843534),
.UNSPECIFIED.) GEOMETRIC_REPRESENTATION_ITEM() RATIONAL_B_SPLINE_SURFACE
((
    (1.,0.782735656487,1.)
    ,(0.916935885121,0.717718411997,0.916935885121)
    ,(1.,0.782735656487,1.)
    ,(0.916935885121,0.717718411996,0.916935885121)
,(1.,0.782735656487,1.))) REPRESENTATION_ITEM('') SURFACE() );
#2407 = CARTESIAN_POINT('',(-22.62820692237,14.968611065587,
    -23.05846314102));
#2408 = CARTESIAN_POINT('',(-22.62820692237,-0.834600742844,
    -34.76157029789));
#2409 = CARTESIAN_POINT('',(-22.62820692237,-15.79793572139,
    -22.00214919398));
#2410 = CARTESIAN_POINT('',(-22.94230067822,15.069269823369,
    -23.37472828726));
#2411 = CARTESIAN_POINT('',(-22.94230067822,-0.985404885059,
    -35.15786937592));
#2412 = CARTESIAN_POINT('',(-22.94230067822,-16.08338236739,
    -22.17148920855));
#2413 = CARTESIAN_POINT('',(-23.39924425421,15.068164438641,
    -23.37125521974));
#2414 = CARTESIAN_POINT('',(-23.39924425421,-0.983748828504,
    -35.15351741532));
#2415 = CARTESIAN_POINT('',(-23.39924425421,-16.08024773341,
    -22.16962960021));
#2416 = CARTESIAN_POINT('',(-23.8561878302,15.067059053914,
    -23.36778215222));
#2417 = CARTESIAN_POINT('',(-23.8561878302,-0.982092771949,
    -35.14916545471));
#2418 = CARTESIAN_POINT('',(-23.8561878302,-16.07711309942,
    -22.16776999186));
#2419 = CARTESIAN_POINT('',(-24.16494731464,14.96489356205,
    -23.0467829174));
#2420 = CARTESIAN_POINT('',(-24.16494731464,-0.829031282775,
    -34.74693428154));
#2421 = CARTESIAN_POINT('',(-24.16494731464,-15.78739367876,
    -21.9958951718));
#2422 = ADVANCED_FACE('',(#2423),#2451,.F.);
#2423 = FACE_BOUND('',#2424,.F.);
#2424 = EDGE_LOOP('',(#2425,#2426,#2435,#2444));
#2425 = ORIENTED_EDGE('',*,*,#2391,.T.);
#2426 = ORIENTED_EDGE('',*,*,#2427,.F.);
#2427 = EDGE_CURVE('',#2428,#2383,#2430,.T.);
#2428 = VERTEX_POINT('',#2429);
#2429 = CARTESIAN_POINT('',(-20.36678334349,-13.7307949491,
    -20.77582668008));
#2430 = CIRCLE('',#2431,569.15127742399);
#2431 = AXIS2_PLACEMENT_3D('',#2432,#2433,#2434);
#2432 = CARTESIAN_POINT('',(-436.0135404075,320.66081739749,
    177.60058201757));
#2433 = DIRECTION('',(-2.010891453352E-14,0.510218090061,-0.860045057293
    ));
#2434 = DIRECTION('',(1.,1.510345229394E-16,-2.329163317413E-14));
#2435 = ORIENTED_EDGE('',*,*,#2436,.F.);
#2436 = EDGE_CURVE('',#2437,#2428,#2439,.T.);
#2437 = VERTEX_POINT('',#2438);
#2438 = CARTESIAN_POINT('',(-20.36678334349,14.23966285332,
    -20.76814168227));
#2439 = CIRCLE('',#2440,22.471491104203);
#2440 = AXIS2_PLACEMENT_3D('',#2441,#2442,#2443);
#2441 = CARTESIAN_POINT('',(-20.3667833435,0.249601237307,
    -3.182747503394));
#2442 = DIRECTION('',(-1.,-2.107933438639E-16,2.338407245617E-14));
#2443 = DIRECTION('',(-1.843078154438E-14,0.622569350255,-0.782564632553
    ));
#2444 = ORIENTED_EDGE('',*,*,#2445,.T.);
#2445 = EDGE_CURVE('',#2437,#2392,#2446,.T.);
#2446 = CIRCLE('',#2447,569.15127742399);
#2447 = AXIS2_PLACEMENT_3D('',#2448,#2449,#2450);
#2448 = CARTESIAN_POINT('',(-436.0135404075,-103.6788511077,
    349.72635760314));
#2449 = DIRECTION('',(6.87297441182E-15,0.952900584523,0.303282831719));
#2450 = DIRECTION('',(1.,2.304833509696E-16,-2.338609835406E-14));
#2451 = ( BOUNDED_SURFACE() B_SPLINE_SURFACE(2,2,(
    (#2452,#2453,#2454)
    ,(#2455,#2456,#2457)
    ,(#2458,#2459,#2460
)),.UNSPECIFIED.,.F.,.F.,.F.) B_SPLINE_SURFACE_WITH_KNOTS((3,3),(3,3),(
    0.75204669225,0.757845066776),(0.,1.343493843534),
.PIECEWISE_BEZIER_KNOTS.) GEOMETRIC_REPRESENTATION_ITEM() 
RATIONAL_B_SPLINE_SURFACE((
    (1.,0.782735656487,1.)
    ,(0.99999579736,0.78273236693,0.99999579736)
,(1.,0.782735656487,1.))) REPRESENTATION_ITEM('') SURFACE() );
#2452 = CARTESIAN_POINT('',(-20.36678334349,14.23966285332,
    -20.76814168227));
#2453 = CARTESIAN_POINT('',(-20.3667833435,0.257489128845,
    -31.89166100412));
#2454 = CARTESIAN_POINT('',(-20.36678334349,-13.7307949491,
    -20.77582668008));
#2455 = CARTESIAN_POINT('',(-21.49401105247,14.605131148719,
    -21.91642610818));
#2456 = CARTESIAN_POINT('',(-21.49401105247,-0.290045273615,
    -33.33052982895));
#2457 = CARTESIAN_POINT('',(-21.49401105248,-14.76718464275,
    -21.39066047927));
#2458 = CARTESIAN_POINT('',(-22.62820705297,14.968611028103,
    -23.05846302324));
#2459 = CARTESIAN_POINT('',(-22.62820705297,-0.834600686686,
    -34.76157015031));
#2460 = CARTESIAN_POINT('',(-22.62820705297,-15.7979356151,
    -22.00214913092));
#2461 = ADVANCED_FACE('',(#2462),#2488,.F.);
#2462 = FACE_BOUND('',#2463,.F.);
#2463 = EDGE_LOOP('',(#2464,#2465,#2473,#2482));
#2464 = ORIENTED_EDGE('',*,*,#2436,.T.);
#2465 = ORIENTED_EDGE('',*,*,#2466,.F.);
#2466 = EDGE_CURVE('',#2467,#2428,#2469,.T.);
#2467 = VERTEX_POINT('',#2468);
#2468 = CARTESIAN_POINT('',(-26.41495480728,-13.7307949491,
    -20.77582668008));
#2469 = LINE('',#2470,#2471);
#2470 = CARTESIAN_POINT('',(-26.41495480728,-13.7307949491,
    -20.77582668008));
#2471 = VECTOR('',#2472,1.);
#2472 = DIRECTION('',(1.,2.107933438639E-16,-2.338407245617E-14));
#2473 = ORIENTED_EDGE('',*,*,#2474,.F.);
#2474 = EDGE_CURVE('',#2475,#2467,#2477,.T.);
#2475 = VERTEX_POINT('',#2476);
#2476 = CARTESIAN_POINT('',(-26.41495480728,14.23966285332,
    -20.76814168227));
#2477 = CIRCLE('',#2478,22.471491104203);
#2478 = AXIS2_PLACEMENT_3D('',#2479,#2480,#2481);
#2479 = CARTESIAN_POINT('',(-26.41495480729,0.249601237307,
    -3.182747503394));
#2480 = DIRECTION('',(-1.,-2.107933438639E-16,2.338407245617E-14));
#2481 = DIRECTION('',(-1.843078154438E-14,0.622569350255,-0.782564632553
    ));
#2482 = ORIENTED_EDGE('',*,*,#2483,.T.);
#2483 = EDGE_CURVE('',#2475,#2437,#2484,.T.);
#2484 = LINE('',#2485,#2486);
#2485 = CARTESIAN_POINT('',(-26.41495480728,14.23966285332,
    -20.76814168227));
#2486 = VECTOR('',#2487,1.);
#2487 = DIRECTION('',(1.,2.107933438639E-16,-2.338407245617E-14));
#2488 = CYLINDRICAL_SURFACE('',#2489,22.471491104203);
#2489 = AXIS2_PLACEMENT_3D('',#2490,#2491,#2492);
#2490 = CARTESIAN_POINT('',(-23.39086907539,0.249601237307,
    -3.182747503394));
#2491 = DIRECTION('',(-1.,-2.107933438639E-16,2.338407245617E-14));
#2492 = DIRECTION('',(-2.107933438639E-16,1.,1.948036565047E-15));
#2493 = ADVANCED_FACE('',(#2494),#2522,.F.);
#2494 = FACE_BOUND('',#2495,.F.);
#2495 = EDGE_LOOP('',(#2496,#2497,#2506,#2515));
#2496 = ORIENTED_EDGE('',*,*,#2474,.T.);
#2497 = ORIENTED_EDGE('',*,*,#2498,.F.);
#2498 = EDGE_CURVE('',#2499,#2467,#2501,.T.);
#2499 = VERTEX_POINT('',#2500);
#2500 = CARTESIAN_POINT('',(-24.17820094533,-15.7757294495,
    -21.98897541717));
#2501 = CIRCLE('',#2502,529.40774489713);
#2502 = AXIS2_PLACEMENT_3D('',#2503,#2504,#2505);
#2503 = CARTESIAN_POINT('',(360.30429882195,297.2213223513,
    163.69520079008));
#2504 = DIRECTION('',(-2.010891453352E-14,0.510218090061,-0.860045057293
    ));
#2505 = DIRECTION('',(1.,1.681554139849E-16,-2.328147627798E-14));
#2506 = ORIENTED_EDGE('',*,*,#2507,.F.);
#2507 = EDGE_CURVE('',#2508,#2499,#2510,.T.);
#2508 = VERTEX_POINT('',#2509);
#2509 = CARTESIAN_POINT('',(-24.17820094533,14.960780335133,
    -23.03385934929));
#2510 = CIRCLE('',#2511,24.708003399031);
#2511 = AXIS2_PLACEMENT_3D('',#2512,#2513,#2514);
#2512 = CARTESIAN_POINT('',(-24.17820094533,0.249601237307,
    -3.182747503394));
#2513 = DIRECTION('',(-1.,-2.107933438639E-16,2.338407245617E-14));
#2514 = DIRECTION('',(-1.891293476155E-14,0.595401370974,-0.803428408411
    ));
#2515 = ORIENTED_EDGE('',*,*,#2516,.T.);
#2516 = EDGE_CURVE('',#2508,#2475,#2517,.T.);
#2517 = CIRCLE('',#2518,529.40774489713);
#2518 = AXIS2_PLACEMENT_3D('',#2519,#2520,#2521);
#2519 = CARTESIAN_POINT('',(360.30429882195,-95.41324179883,
    323.75619668999));
#2520 = DIRECTION('',(6.87297441182E-15,0.952900584523,0.303282831719));
#2521 = DIRECTION('',(1.,2.192076202349E-16,-2.33506705313E-14));
#2522 = ( BOUNDED_SURFACE() B_SPLINE_SURFACE(2,2,(
    (#2523,#2524,#2525)
    ,(#2526,#2527,#2528)
    ,(#2529,#2530,#2531
)),.UNSPECIFIED.,.F.,.F.,.F.) B_SPLINE_SURFACE_WITH_KNOTS((3,3),(3,3),(
    2.38364768758,2.389813904648),(0.,1.343493843534),
.PIECEWISE_BEZIER_KNOTS.) GEOMETRIC_REPRESENTATION_ITEM() 
RATIONAL_B_SPLINE_SURFACE((
    (1.,0.782735656487,1.)
    ,(0.999995247225,0.78273193632,0.999995247225)
,(1.,0.782735656487,1.))) REPRESENTATION_ITEM('') SURFACE() );
#2523 = CARTESIAN_POINT('',(-24.17820094533,14.960780335133,
    -23.03385934928));
#2524 = CARTESIAN_POINT('',(-24.17820094533,-0.822868960979,
    -34.73074028043));
#2525 = CARTESIAN_POINT('',(-24.17820094533,-15.7757294495,
    -21.98897541716));
#2526 = CARTESIAN_POINT('',(-25.30024325112,14.601267340236,
    -21.90428620121));
#2527 = CARTESIAN_POINT('',(-25.30024325112,-0.284256623559,
    -33.31531780196));
#2528 = CARTESIAN_POINT('',(-25.30024325112,-14.75622771067,
    -21.38416032569));
#2529 = CARTESIAN_POINT('',(-26.41495480728,14.23966285332,
    -20.76814168227));
#2530 = CARTESIAN_POINT('',(-26.41495480729,0.257489128845,
    -31.89166100412));
#2531 = CARTESIAN_POINT('',(-26.41495480728,-13.7307949491,
    -20.77582668008));
#2532 = ADVANCED_FACE('',(#2533),#2551,.F.);
#2533 = FACE_BOUND('',#2534,.F.);
#2534 = EDGE_LOOP('',(#2535,#2536,#2543,#2544));
#2535 = ORIENTED_EDGE('',*,*,#2507,.T.);
#2536 = ORIENTED_EDGE('',*,*,#2537,.F.);
#2537 = EDGE_CURVE('',#2374,#2499,#2538,.T.);
#2538 = CIRCLE('',#2539,1.004367811543);
#2539 = AXIS2_PLACEMENT_3D('',#2540,#2541,#2542);
#2540 = CARTESIAN_POINT('',(-23.45328240154,-15.1778602923,
    -21.63429207016));
#2541 = DIRECTION('',(-2.010891453352E-14,0.510218090061,-0.860045057293
    ));
#2542 = DIRECTION('',(1.,1.765602926641E-16,-2.327649011928E-14));
#2543 = ORIENTED_EDGE('',*,*,#2371,.F.);
#2544 = ORIENTED_EDGE('',*,*,#2545,.T.);
#2545 = EDGE_CURVE('',#2372,#2508,#2546,.T.);
#2546 = CIRCLE('',#2547,1.004367811543);
#2547 = AXIS2_PLACEMENT_3D('',#2548,#2549,#2550);
#2548 = CARTESIAN_POINT('',(-23.45328240154,14.749950158904,
    -22.37144071838));
#2549 = DIRECTION('',(6.87297441182E-15,0.952900584523,0.303282831719));
#2550 = DIRECTION('',(1.,2.13672210206E-16,-2.333327852984E-14));
#2551 = ( BOUNDED_SURFACE() B_SPLINE_SURFACE(2,2,(
    (#2552,#2553,#2554)
    ,(#2555,#2556,#2557)
    ,(#2558,#2559,#2560
)),.UNSPECIFIED.,.F.,.F.,.F.) B_SPLINE_SURFACE_WITH_KNOTS((3,3),(3,3),(
    2.35826595918,2.377146788922),(0.,1.343493843534),
.PIECEWISE_BEZIER_KNOTS.) GEOMETRIC_REPRESENTATION_ITEM() 
RATIONAL_B_SPLINE_SURFACE((
    (1.,0.782735656487,1.)
    ,(0.999955439614,0.782700777484,0.999955439614)
,(1.,0.782735656487,1.))) REPRESENTATION_ITEM('') SURFACE() );
#2552 = CARTESIAN_POINT('',(-24.16494731464,14.96489356205,
    -23.0467829174));
#2553 = CARTESIAN_POINT('',(-24.16494731464,-0.829031282775,
    -34.74693428154));
#2554 = CARTESIAN_POINT('',(-24.16494731464,-15.78739367876,
    -21.9958951718));
#2555 = CARTESIAN_POINT('',(-24.17163814897,14.962855922493,
    -23.04038074846));
#2556 = CARTESIAN_POINT('',(-24.17163814897,-0.825978548047,
    -34.73891198228));
#2557 = CARTESIAN_POINT('',(-24.17163814897,-15.78161537004,
    -21.99246721462));
#2558 = CARTESIAN_POINT('',(-24.17820094531,14.960780335129,
    -23.03385934927));
#2559 = CARTESIAN_POINT('',(-24.17820094532,-0.822868960974,
    -34.73074028042));
#2560 = CARTESIAN_POINT('',(-24.17820094532,-15.77572944949,
    -21.98897541716));
#2561 = ADVANCED_FACE('',(#2562),#2569,.F.);
#2562 = FACE_BOUND('',#2563,.T.);
#2563 = EDGE_LOOP('',(#2564,#2565,#2566,#2567,#2568));
#2564 = ORIENTED_EDGE('',*,*,#2537,.F.);
#2565 = ORIENTED_EDGE('',*,*,#2382,.F.);
#2566 = ORIENTED_EDGE('',*,*,#2427,.F.);
#2567 = ORIENTED_EDGE('',*,*,#2466,.F.);
#2568 = ORIENTED_EDGE('',*,*,#2498,.F.);
#2569 = PLANE('',#2570);
#2570 = AXIS2_PLACEMENT_3D('',#2571,#2572,#2573);
#2571 = CARTESIAN_POINT('',(-23.39086907539,-14.90553570446,
    -21.47273666105));
#2572 = DIRECTION('',(-2.010891453352E-14,0.510218090061,-0.860045057293
    ));
#2573 = DIRECTION('',(1.169897512199E-14,0.860045057293,0.510218090061)
  );
#2574 = ADVANCED_FACE('',(#2575),#2582,.T.);
#2575 = FACE_BOUND('',#2576,.T.);
#2576 = EDGE_LOOP('',(#2577,#2578,#2579,#2580,#2581));
#2577 = ORIENTED_EDGE('',*,*,#2545,.T.);
#2578 = ORIENTED_EDGE('',*,*,#2516,.T.);
#2579 = ORIENTED_EDGE('',*,*,#2483,.T.);
#2580 = ORIENTED_EDGE('',*,*,#2445,.T.);
#2581 = ORIENTED_EDGE('',*,*,#2400,.T.);
#2582 = PLANE('',#2583);
#2583 = AXIS2_PLACEMENT_3D('',#2584,#2585,#2586);
#2584 = CARTESIAN_POINT('',(-23.39086907539,14.653918710965,
    -22.06971436495));
#2585 = DIRECTION('',(6.87297441182E-15,0.952900584523,0.303282831719));
#2586 = DIRECTION('',(2.228772721935E-14,-0.303282831719,0.952900584523)
  );
#2587 = ( GEOMETRIC_REPRESENTATION_CONTEXT(3) 
GLOBAL_UNCERTAINTY_ASSIGNED_CONTEXT((#2591)) 
GLOBAL_UNIT_ASSIGNED_CONTEXT((#2588,#2589,#2590)) REPRESENTATION_CONTEXT
('Context #1','3D Context with UNIT and UNCERTAINTY') );
#2588 = ( LENGTH_UNIT() NAMED_UNIT(*) SI_UNIT(.MILLI.,.METRE.) );
#2589 = ( NAMED_UNIT(*) PLANE_ANGLE_UNIT() SI_UNIT($,.RADIAN.) );
#2590 = ( NAMED_UNIT(*) SI_UNIT($,.STERADIAN.) SOLID_ANGLE_UNIT() );
#2591 = UNCERTAINTY_MEASURE_WITH_UNIT(LENGTH_MEASURE(2.E-04),#2588,
  'distance_accuracy_value','confusion accuracy');
#2592 = SHAPE_DEFINITION_REPRESENTATION(#2593,#1354);
#2593 = PRODUCT_DEFINITION_SHAPE('','',#2594);
#2594 = PRODUCT_DEFINITION('design','',#2595,#2598);
#2595 = PRODUCT_DEFINITION_FORMATION('','',#2596);
#2596 = PRODUCT('宇树L6连接处','宇树L6连接处','',(#2597));
#2597 = MECHANICAL_CONTEXT('',#2,'mechanical');
#2598 = PRODUCT_DEFINITION_CONTEXT('part definition',#2,'design');
#2599 = CONTEXT_DEPENDENT_SHAPE_REPRESENTATION(#2600,#2602);
#2600 = ( REPRESENTATION_RELATIONSHIP('','',#1354,#10) 
REPRESENTATION_RELATIONSHIP_WITH_TRANSFORMATION(#2601) 
SHAPE_REPRESENTATION_RELATIONSHIP() );
#2601 = ITEM_DEFINED_TRANSFORMATION('','',#11,#19);
#2602 = PRODUCT_DEFINITION_SHAPE('Placement','Placement of an item',
  #2603);
#2603 = NEXT_ASSEMBLY_USAGE_OCCURRENCE('2','宇树L6连接处:1','',#5,
  #2594,$);
#2604 = PRODUCT_TYPE('part',$,(#2596));
#2605 = REPRESENTATION('material name',(#2606),#1336);
#2606 = DESCRIPTIVE_REPRESENTATION_ITEM('ABS 塑料','ABS 塑料');
#2607 = DERIVED_UNIT((#2608,#2610));
#2608 = DERIVED_UNIT_ELEMENT(#2609,3.);
#2609 = ( MASS_UNIT() NAMED_UNIT(*) SI_UNIT($,.GRAM.) );
#2610 = DERIVED_UNIT_ELEMENT(#2611,2.);
#2611 = ( LENGTH_UNIT() NAMED_UNIT(*) SI_UNIT(.CENTI.,.METRE.) );
#2612 = REPRESENTATION('density',(#2613),#1336);
#2613 = MEASURE_REPRESENTATION_ITEM('density measure',
  POSITIVE_RATIO_MEASURE(1.06),#2607);
#2614 = PROPERTY_DEFINITION('material property','material name',#1343);
#2615 = PROPERTY_DEFINITION_REPRESENTATION(#2614,#2605);
#2616 = PROPERTY_DEFINITION('material property','density',#1343);
#2617 = PROPERTY_DEFINITION_REPRESENTATION(#2616,#2612);
#2618 = MECHANICAL_DESIGN_GEOMETRIC_PRESENTATION_REPRESENTATION('',(
    #2619,#2627,#2635,#2643,#2650,#2657,#2665,#2672,#2679,#2686,#2693,
    #2700,#2707,#2714,#2721,#2728,#2735,#2742,#2749,#2756,#2763,#2770,
    #2777),#1336);
#2619 = STYLED_ITEM('color',(#2620),#30);
#2620 = PRESENTATION_STYLE_ASSIGNMENT((#2621));
#2621 = SURFACE_STYLE_USAGE(.BOTH.,#2622);
#2622 = SURFACE_SIDE_STYLE('',(#2623));
#2623 = SURFACE_STYLE_FILL_AREA(#2624);
#2624 = FILL_AREA_STYLE('',(#2625));
#2625 = FILL_AREA_STYLE_COLOUR('',#2626);
#2626 = COLOUR_RGB('',0.921568637116,0.921568637116,0.921568637116);
#2627 = OVER_RIDING_STYLED_ITEM('overriding color',(#2628),#251,#2619);
#2628 = PRESENTATION_STYLE_ASSIGNMENT((#2629));
#2629 = SURFACE_STYLE_USAGE(.BOTH.,#2630);
#2630 = SURFACE_SIDE_STYLE('',(#2631));
#2631 = SURFACE_STYLE_FILL_AREA(#2632);
#2632 = FILL_AREA_STYLE('',(#2633));
#2633 = FILL_AREA_STYLE_COLOUR('',#2634);
#2634 = COLOUR_RGB('',0.501960785193,0.,0.501960785193);
#2635 = OVER_RIDING_STYLED_ITEM('overriding color',(#2636),#293,#2619);
#2636 = PRESENTATION_STYLE_ASSIGNMENT((#2637));
#2637 = SURFACE_STYLE_USAGE(.BOTH.,#2638);
#2638 = SURFACE_SIDE_STYLE('',(#2639));
#2639 = SURFACE_STYLE_FILL_AREA(#2640);
#2640 = FILL_AREA_STYLE('',(#2641));
#2641 = FILL_AREA_STYLE_COLOUR('',#2642);
#2642 = COLOUR_RGB('',0.184313727102,0.623529419466,0.764705876202);
#2643 = OVER_RIDING_STYLED_ITEM('overriding color',(#2644),#482,#2619);
#2644 = PRESENTATION_STYLE_ASSIGNMENT((#2645));
#2645 = SURFACE_STYLE_USAGE(.BOTH.,#2646);
#2646 = SURFACE_SIDE_STYLE('',(#2647));
#2647 = SURFACE_STYLE_FILL_AREA(#2648);
#2648 = FILL_AREA_STYLE('',(#2649));
#2649 = FILL_AREA_STYLE_COLOUR('',#2642);
#2650 = OVER_RIDING_STYLED_ITEM('overriding color',(#2651),#515,#2619);
#2651 = PRESENTATION_STYLE_ASSIGNMENT((#2652));
#2652 = SURFACE_STYLE_USAGE(.BOTH.,#2653);
#2653 = SURFACE_SIDE_STYLE('',(#2654));
#2654 = SURFACE_STYLE_FILL_AREA(#2655);
#2655 = FILL_AREA_STYLE('',(#2656));
#2656 = FILL_AREA_STYLE_COLOUR('',#2642);
#2657 = OVER_RIDING_STYLED_ITEM('overriding color',(#2658),#683,#2619);
#2658 = PRESENTATION_STYLE_ASSIGNMENT((#2659));
#2659 = SURFACE_STYLE_USAGE(.BOTH.,#2660);
#2660 = SURFACE_SIDE_STYLE('',(#2661));
#2661 = SURFACE_STYLE_FILL_AREA(#2662);
#2662 = FILL_AREA_STYLE('',(#2663));
#2663 = FILL_AREA_STYLE_COLOUR('',#2664);
#2664 = COLOUR_RGB('',5.098039223325E-02,0.615686284538,
  5.098039223325E-02);
#2665 = OVER_RIDING_STYLED_ITEM('overriding color',(#2666),#750,#2619);
#2666 = PRESENTATION_STYLE_ASSIGNMENT((#2667));
#2667 = SURFACE_STYLE_USAGE(.BOTH.,#2668);
#2668 = SURFACE_SIDE_STYLE('',(#2669));
#2669 = SURFACE_STYLE_FILL_AREA(#2670);
#2670 = FILL_AREA_STYLE('',(#2671));
#2671 = FILL_AREA_STYLE_COLOUR('',#2634);
#2672 = OVER_RIDING_STYLED_ITEM('overriding color',(#2673),#848,#2619);
#2673 = PRESENTATION_STYLE_ASSIGNMENT((#2674));
#2674 = SURFACE_STYLE_USAGE(.BOTH.,#2675);
#2675 = SURFACE_SIDE_STYLE('',(#2676));
#2676 = SURFACE_STYLE_FILL_AREA(#2677);
#2677 = FILL_AREA_STYLE('',(#2678));
#2678 = FILL_AREA_STYLE_COLOUR('',#2642);
#2679 = OVER_RIDING_STYLED_ITEM('overriding color',(#2680),#919,#2619);
#2680 = PRESENTATION_STYLE_ASSIGNMENT((#2681));
#2681 = SURFACE_STYLE_USAGE(.BOTH.,#2682);
#2682 = SURFACE_SIDE_STYLE('',(#2683));
#2683 = SURFACE_STYLE_FILL_AREA(#2684);
#2684 = FILL_AREA_STYLE('',(#2685));
#2685 = FILL_AREA_STYLE_COLOUR('',#2634);
#2686 = OVER_RIDING_STYLED_ITEM('overriding color',(#2687),#948,#2619);
#2687 = PRESENTATION_STYLE_ASSIGNMENT((#2688));
#2688 = SURFACE_STYLE_USAGE(.BOTH.,#2689);
#2689 = SURFACE_SIDE_STYLE('',(#2690));
#2690 = SURFACE_STYLE_FILL_AREA(#2691);
#2691 = FILL_AREA_STYLE('',(#2692));
#2692 = FILL_AREA_STYLE_COLOUR('',#2634);
#2693 = OVER_RIDING_STYLED_ITEM('overriding color',(#2694),#966,#2619);
#2694 = PRESENTATION_STYLE_ASSIGNMENT((#2695));
#2695 = SURFACE_STYLE_USAGE(.BOTH.,#2696);
#2696 = SURFACE_SIDE_STYLE('',(#2697));
#2697 = SURFACE_STYLE_FILL_AREA(#2698);
#2698 = FILL_AREA_STYLE('',(#2699));
#2699 = FILL_AREA_STYLE_COLOUR('',#2634);
#2700 = OVER_RIDING_STYLED_ITEM('overriding color',(#2701),#990,#2619);
#2701 = PRESENTATION_STYLE_ASSIGNMENT((#2702));
#2702 = SURFACE_STYLE_USAGE(.BOTH.,#2703);
#2703 = SURFACE_SIDE_STYLE('',(#2704));
#2704 = SURFACE_STYLE_FILL_AREA(#2705);
#2705 = FILL_AREA_STYLE('',(#2706));
#2706 = FILL_AREA_STYLE_COLOUR('',#2634);
#2707 = OVER_RIDING_STYLED_ITEM('overriding color',(#2708),#1011,#2619);
#2708 = PRESENTATION_STYLE_ASSIGNMENT((#2709));
#2709 = SURFACE_STYLE_USAGE(.BOTH.,#2710);
#2710 = SURFACE_SIDE_STYLE('',(#2711));
#2711 = SURFACE_STYLE_FILL_AREA(#2712);
#2712 = FILL_AREA_STYLE('',(#2713));
#2713 = FILL_AREA_STYLE_COLOUR('',#2642);
#2714 = OVER_RIDING_STYLED_ITEM('overriding color',(#2715),#1106,#2619);
#2715 = PRESENTATION_STYLE_ASSIGNMENT((#2716));
#2716 = SURFACE_STYLE_USAGE(.BOTH.,#2717);
#2717 = SURFACE_SIDE_STYLE('',(#2718));
#2718 = SURFACE_STYLE_FILL_AREA(#2719);
#2719 = FILL_AREA_STYLE('',(#2720));
#2720 = FILL_AREA_STYLE_COLOUR('',#2642);
#2721 = OVER_RIDING_STYLED_ITEM('overriding color',(#2722),#1124,#2619);
#2722 = PRESENTATION_STYLE_ASSIGNMENT((#2723));
#2723 = SURFACE_STYLE_USAGE(.BOTH.,#2724);
#2724 = SURFACE_SIDE_STYLE('',(#2725));
#2725 = SURFACE_STYLE_FILL_AREA(#2726);
#2726 = FILL_AREA_STYLE('',(#2727));
#2727 = FILL_AREA_STYLE_COLOUR('',#2642);
#2728 = OVER_RIDING_STYLED_ITEM('overriding color',(#2729),#1145,#2619);
#2729 = PRESENTATION_STYLE_ASSIGNMENT((#2730));
#2730 = SURFACE_STYLE_USAGE(.BOTH.,#2731);
#2731 = SURFACE_SIDE_STYLE('',(#2732));
#2732 = SURFACE_STYLE_FILL_AREA(#2733);
#2733 = FILL_AREA_STYLE('',(#2734));
#2734 = FILL_AREA_STYLE_COLOUR('',#2642);
#2735 = OVER_RIDING_STYLED_ITEM('overriding color',(#2736),#1170,#2619);
#2736 = PRESENTATION_STYLE_ASSIGNMENT((#2737));
#2737 = SURFACE_STYLE_USAGE(.BOTH.,#2738);
#2738 = SURFACE_SIDE_STYLE('',(#2739));
#2739 = SURFACE_STYLE_FILL_AREA(#2740);
#2740 = FILL_AREA_STYLE('',(#2741));
#2741 = FILL_AREA_STYLE_COLOUR('',#2642);
#2742 = OVER_RIDING_STYLED_ITEM('overriding color',(#2743),#1195,#2619);
#2743 = PRESENTATION_STYLE_ASSIGNMENT((#2744));
#2744 = SURFACE_STYLE_USAGE(.BOTH.,#2745);
#2745 = SURFACE_SIDE_STYLE('',(#2746));
#2746 = SURFACE_STYLE_FILL_AREA(#2747);
#2747 = FILL_AREA_STYLE('',(#2748));
#2748 = FILL_AREA_STYLE_COLOUR('',#2642);
#2749 = OVER_RIDING_STYLED_ITEM('overriding color',(#2750),#1220,#2619);
#2750 = PRESENTATION_STYLE_ASSIGNMENT((#2751));
#2751 = SURFACE_STYLE_USAGE(.BOTH.,#2752);
#2752 = SURFACE_SIDE_STYLE('',(#2753));
#2753 = SURFACE_STYLE_FILL_AREA(#2754);
#2754 = FILL_AREA_STYLE('',(#2755));
#2755 = FILL_AREA_STYLE_COLOUR('',#2642);
#2756 = OVER_RIDING_STYLED_ITEM('overriding color',(#2757),#1245,#2619);
#2757 = PRESENTATION_STYLE_ASSIGNMENT((#2758));
#2758 = SURFACE_STYLE_USAGE(.BOTH.,#2759);
#2759 = SURFACE_SIDE_STYLE('',(#2760));
#2760 = SURFACE_STYLE_FILL_AREA(#2761);
#2761 = FILL_AREA_STYLE('',(#2762));
#2762 = FILL_AREA_STYLE_COLOUR('',#2642);
#2763 = OVER_RIDING_STYLED_ITEM('overriding color',(#2764),#1286,#2619);
#2764 = PRESENTATION_STYLE_ASSIGNMENT((#2765));
#2765 = SURFACE_STYLE_USAGE(.BOTH.,#2766);
#2766 = SURFACE_SIDE_STYLE('',(#2767));
#2767 = SURFACE_STYLE_FILL_AREA(#2768);
#2768 = FILL_AREA_STYLE('',(#2769));
#2769 = FILL_AREA_STYLE_COLOUR('',#2664);
#2770 = OVER_RIDING_STYLED_ITEM('overriding color',(#2771),#1299,#2619);
#2771 = PRESENTATION_STYLE_ASSIGNMENT((#2772));
#2772 = SURFACE_STYLE_USAGE(.BOTH.,#2773);
#2773 = SURFACE_SIDE_STYLE('',(#2774));
#2774 = SURFACE_STYLE_FILL_AREA(#2775);
#2775 = FILL_AREA_STYLE('',(#2776));
#2776 = FILL_AREA_STYLE_COLOUR('',#2664);
#2777 = OVER_RIDING_STYLED_ITEM('overriding color',(#2778),#1324,#2619);
#2778 = PRESENTATION_STYLE_ASSIGNMENT((#2779));
#2779 = SURFACE_STYLE_USAGE(.BOTH.,#2780);
#2780 = SURFACE_SIDE_STYLE('',(#2781));
#2781 = SURFACE_STYLE_FILL_AREA(#2782);
#2782 = FILL_AREA_STYLE('',(#2783));
#2783 = FILL_AREA_STYLE_COLOUR('',#2664);
#2784 = MECHANICAL_DESIGN_GEOMETRIC_PRESENTATION_REPRESENTATION('',(
    #2785,#2792,#2800,#2807,#2814,#2821,#2828,#2835,#2842,#2849,#2856,
    #2863,#2870,#2877,#2884,#2891,#2898),#2587);
#2785 = STYLED_ITEM('color',(#2786),#1355);
#2786 = PRESENTATION_STYLE_ASSIGNMENT((#2787));
#2787 = SURFACE_STYLE_USAGE(.BOTH.,#2788);
#2788 = SURFACE_SIDE_STYLE('',(#2789));
#2789 = SURFACE_STYLE_FILL_AREA(#2790);
#2790 = FILL_AREA_STYLE('',(#2791));
#2791 = FILL_AREA_STYLE_COLOUR('',#2626);
#2792 = OVER_RIDING_STYLED_ITEM('overriding color',(#2793),#1819,#2785);
#2793 = PRESENTATION_STYLE_ASSIGNMENT((#2794));
#2794 = SURFACE_STYLE_USAGE(.BOTH.,#2795);
#2795 = SURFACE_SIDE_STYLE('',(#2796));
#2796 = SURFACE_STYLE_FILL_AREA(#2797);
#2797 = FILL_AREA_STYLE('',(#2798));
#2798 = FILL_AREA_STYLE_COLOUR('',#2799);
#2799 = COLOUR_RGB('',0.737254912529,0.313725489865,0.184313727102);
#2800 = OVER_RIDING_STYLED_ITEM('overriding color',(#2801),#1843,#2785);
#2801 = PRESENTATION_STYLE_ASSIGNMENT((#2802));
#2802 = SURFACE_STYLE_USAGE(.BOTH.,#2803);
#2803 = SURFACE_SIDE_STYLE('',(#2804));
#2804 = SURFACE_STYLE_FILL_AREA(#2805);
#2805 = FILL_AREA_STYLE('',(#2806));
#2806 = FILL_AREA_STYLE_COLOUR('',#2799);
#2807 = OVER_RIDING_STYLED_ITEM('overriding color',(#2808),#2027,#2785);
#2808 = PRESENTATION_STYLE_ASSIGNMENT((#2809));
#2809 = SURFACE_STYLE_USAGE(.BOTH.,#2810);
#2810 = SURFACE_SIDE_STYLE('',(#2811));
#2811 = SURFACE_STYLE_FILL_AREA(#2812);
#2812 = FILL_AREA_STYLE('',(#2813));
#2813 = FILL_AREA_STYLE_COLOUR('',#2799);
#2814 = OVER_RIDING_STYLED_ITEM('overriding color',(#2815),#2213,#2785);
#2815 = PRESENTATION_STYLE_ASSIGNMENT((#2816));
#2816 = SURFACE_STYLE_USAGE(.BOTH.,#2817);
#2817 = SURFACE_SIDE_STYLE('',(#2818));
#2818 = SURFACE_STYLE_FILL_AREA(#2819);
#2819 = FILL_AREA_STYLE('',(#2820));
#2820 = FILL_AREA_STYLE_COLOUR('',#2799);
#2821 = OVER_RIDING_STYLED_ITEM('overriding color',(#2822),#2258,#2785);
#2822 = PRESENTATION_STYLE_ASSIGNMENT((#2823));
#2823 = SURFACE_STYLE_USAGE(.BOTH.,#2824);
#2824 = SURFACE_SIDE_STYLE('',(#2825));
#2825 = SURFACE_STYLE_FILL_AREA(#2826);
#2826 = FILL_AREA_STYLE('',(#2827));
#2827 = FILL_AREA_STYLE_COLOUR('',#2799);
#2828 = OVER_RIDING_STYLED_ITEM('overriding color',(#2829),#2293,#2785);
#2829 = PRESENTATION_STYLE_ASSIGNMENT((#2830));
#2830 = SURFACE_STYLE_USAGE(.BOTH.,#2831);
#2831 = SURFACE_SIDE_STYLE('',(#2832));
#2832 = SURFACE_STYLE_FILL_AREA(#2833);
#2833 = FILL_AREA_STYLE('',(#2834));
#2834 = FILL_AREA_STYLE_COLOUR('',#2799);
#2835 = OVER_RIDING_STYLED_ITEM('overriding color',(#2836),#2316,#2785);
#2836 = PRESENTATION_STYLE_ASSIGNMENT((#2837));
#2837 = SURFACE_STYLE_USAGE(.BOTH.,#2838);
#2838 = SURFACE_SIDE_STYLE('',(#2839));
#2839 = SURFACE_STYLE_FILL_AREA(#2840);
#2840 = FILL_AREA_STYLE('',(#2841));
#2841 = FILL_AREA_STYLE_COLOUR('',#2799);
#2842 = OVER_RIDING_STYLED_ITEM('overriding color',(#2843),#2341,#2785);
#2843 = PRESENTATION_STYLE_ASSIGNMENT((#2844));
#2844 = SURFACE_STYLE_USAGE(.BOTH.,#2845);
#2845 = SURFACE_SIDE_STYLE('',(#2846));
#2846 = SURFACE_STYLE_FILL_AREA(#2847);
#2847 = FILL_AREA_STYLE('',(#2848));
#2848 = FILL_AREA_STYLE_COLOUR('',#2799);
#2849 = STYLED_ITEM('color',(#2850),#2365);
#2850 = PRESENTATION_STYLE_ASSIGNMENT((#2851));
#2851 = SURFACE_STYLE_USAGE(.BOTH.,#2852);
#2852 = SURFACE_SIDE_STYLE('',(#2853));
#2853 = SURFACE_STYLE_FILL_AREA(#2854);
#2854 = FILL_AREA_STYLE('',(#2855));
#2855 = FILL_AREA_STYLE_COLOUR('',#2626);
#2856 = OVER_RIDING_STYLED_ITEM('overriding color',(#2857),#2367,#2849);
#2857 = PRESENTATION_STYLE_ASSIGNMENT((#2858));
#2858 = SURFACE_STYLE_USAGE(.BOTH.,#2859);
#2859 = SURFACE_SIDE_STYLE('',(#2860));
#2860 = SURFACE_STYLE_FILL_AREA(#2861);
#2861 = FILL_AREA_STYLE('',(#2862));
#2862 = FILL_AREA_STYLE_COLOUR('',#2799);
#2863 = OVER_RIDING_STYLED_ITEM('overriding color',(#2864),#2422,#2849);
#2864 = PRESENTATION_STYLE_ASSIGNMENT((#2865));
#2865 = SURFACE_STYLE_USAGE(.BOTH.,#2866);
#2866 = SURFACE_SIDE_STYLE('',(#2867));
#2867 = SURFACE_STYLE_FILL_AREA(#2868);
#2868 = FILL_AREA_STYLE('',(#2869));
#2869 = FILL_AREA_STYLE_COLOUR('',#2799);
#2870 = OVER_RIDING_STYLED_ITEM('overriding color',(#2871),#2461,#2849);
#2871 = PRESENTATION_STYLE_ASSIGNMENT((#2872));
#2872 = SURFACE_STYLE_USAGE(.BOTH.,#2873);
#2873 = SURFACE_SIDE_STYLE('',(#2874));
#2874 = SURFACE_STYLE_FILL_AREA(#2875);
#2875 = FILL_AREA_STYLE('',(#2876));
#2876 = FILL_AREA_STYLE_COLOUR('',#2799);
#2877 = OVER_RIDING_STYLED_ITEM('overriding color',(#2878),#2493,#2849);
#2878 = PRESENTATION_STYLE_ASSIGNMENT((#2879));
#2879 = SURFACE_STYLE_USAGE(.BOTH.,#2880);
#2880 = SURFACE_SIDE_STYLE('',(#2881));
#2881 = SURFACE_STYLE_FILL_AREA(#2882);
#2882 = FILL_AREA_STYLE('',(#2883));
#2883 = FILL_AREA_STYLE_COLOUR('',#2799);
#2884 = OVER_RIDING_STYLED_ITEM('overriding color',(#2885),#2532,#2849);
#2885 = PRESENTATION_STYLE_ASSIGNMENT((#2886));
#2886 = SURFACE_STYLE_USAGE(.BOTH.,#2887);
#2887 = SURFACE_SIDE_STYLE('',(#2888));
#2888 = SURFACE_STYLE_FILL_AREA(#2889);
#2889 = FILL_AREA_STYLE('',(#2890));
#2890 = FILL_AREA_STYLE_COLOUR('',#2799);
#2891 = OVER_RIDING_STYLED_ITEM('overriding color',(#2892),#2561,#2849);
#2892 = PRESENTATION_STYLE_ASSIGNMENT((#2893));
#2893 = SURFACE_STYLE_USAGE(.BOTH.,#2894);
#2894 = SURFACE_SIDE_STYLE('',(#2895));
#2895 = SURFACE_STYLE_FILL_AREA(#2896);
#2896 = FILL_AREA_STYLE('',(#2897));
#2897 = FILL_AREA_STYLE_COLOUR('',#2799);
#2898 = OVER_RIDING_STYLED_ITEM('overriding color',(#2899),#2574,#2849);
#2899 = PRESENTATION_STYLE_ASSIGNMENT((#2900));
#2900 = SURFACE_STYLE_USAGE(.BOTH.,#2901);
#2901 = SURFACE_SIDE_STYLE('',(#2902));
#2902 = SURFACE_STYLE_FILL_AREA(#2903);
#2903 = FILL_AREA_STYLE('',(#2904));
#2904 = FILL_AREA_STYLE_COLOUR('',#2799);
ENDSEC;
END-ISO-10303-21;
